DBRep_DrawableShape

CASCADE Topology V1, (c) Matra-Datavision
Locations 0
Curve2ds 24
1 0 0 0 1 
8 0 2
1 2 0 -1 -0 
1 0 0 1 0 
1 0 2 1 0 
1 1 0 0 1 
8 0 2
1 1 2 -0 -1 
1 0 2 1 0 
1 0 0 0 1 
1 2 0 0 1 
8 0 1
1 2 1 -0 -1 
1 0 0 0 1 
8 0 2
1 0 1 1 0 
1 0 0 0 1 
8 0 2
1 0 1 1 0 
1 0 0 1 0 
1 1 0 0 1 
8 0 2
1 1 2 -0 -1 
1 0 0 1 0 
1 0 2 1 0 
1 0 0 1 0 
1 0 0 0 1 
1 0 0 0 1 
8 0 2
1 2 0 -1 -0 
1 0 2 1 0 
Curves 9
7 0 0  3 7 3  1.3786198870859401e-15 22.514571353075599 -16.7277747886721  -11.0666666666667 22.514571353075599 -16.7277747886721  -16.066666666666698 23.103384680683899 -18.925256043479699  -18.300000000000001 23.155148489704398 -19.118441208737501  -20.533333333333299 23.206912298724902 -19.311626373995299  -20 22.721626589157601 -17.5005154497033  -20 20.5734285148067 -9.4833310915040396 
 0 4 1 3 2 4
7 0 0  3 4 2  1.3786198870859401e-15 22.514571353075599 -16.7277747886721  1.8501580856993398e-15 30.215374538805701 -16.796521733073401  1.9664724154719701e-15 32.114931698528899 -4.1908623360790802  1.7223765567722699e-15 28.128543804980399 10.686539821321601 
 0 4 1 4
7 0 0  3 7 3  1.7223765567722699e-15 28.128543804980399 10.686539821321601  -6.18414678577677 28.160948727619999 10.6822116845079  -10.5220393014145 28.498199244841899 5.8076183995289803  -13.7482010188511 27.683259542084102 0.833866940272455  -17.170009178568101 26.675379519874198 -4.3227932860063403  -19.143494004846001 24.579611050537402 -9.5703357484577598  -20 20.5734285148067 -9.4833310915040396 
 0 4 1 3 2 4
7 0 0  1 2 2  1.3786198870859401e-15 22.514571353075599 -16.7277747886721  4.2773414165640802e-16 6.9854286469243796 41.2277747886721 
 0 2 1 2
7 0 0  3 7 3  -20 20.5734285148067 -9.4833310915040396  -20 18.425230440455799 -1.46614673330477  -17.074999999999999 15.0282304734852 11.2116297367392  -13.112500000000001 12.168280025102399 21.885110117233499  -9.1500000000000004 9.3083295767194993 32.5585904977277  -4.1500000000000004 6.9854286469243796 41.2277747886721  4.2773414165640802e-16 6.9854286469243796 41.2277747886721 
 0 4 1 3 2 4
7 0 0  3 7 3  20 20.5734285148067 -9.4833310915040396  20 22.721626589157601 -17.5005154497033  20.533333333333299 23.206912298724902 -19.311626373995299  18.300000000000001 23.155148489704398 -19.118441208737501  16.066666666666698 23.103384680683899 -18.925256043479699  11.0666666666667 22.514571353075599 -16.7277747886721  1.3786198870859401e-15 22.514571353075599 -16.7277747886721 
 0 4 1 3 2 4
7 0 0  3 7 3  1.7223765567722699e-15 28.128543804980399 10.686539821321601  6.1841467857767798 28.160948727619999 10.6822116845079  10.5220393014145 28.498199244841899 5.8076183995289803  13.7482010188511 27.683259542084102 0.833866940272455  17.170009178568101 26.675379519874198 -4.3227932860063403  19.143494004846001 24.579611050537402 -9.5703357484577598  20 20.5734285148067 -9.4833310915040396 
 0 4 1 3 2 4
7 0 0  3 4 2  4.2773414165640802e-16 6.9854286469243796 41.2277747886721  8.8753687832859198e-16 14.4945771947721 39.5190372622884  1.4782806980725699e-15 24.1421559114318 25.563941978722202  1.7223765567722699e-15 28.128543804980399 10.686539821321601 
 0 4 1 4
7 0 0  3 7 3  4.2773414165640802e-16 6.9854286469243796 41.2277747886721  4.1500000000000004 6.9854286469243796 41.2277747886721  9.1500000000000004 9.3083295767194993 32.5585904977277  13.112500000000001 12.168280025102399 21.885110117233499  17.074999999999999 15.0282304734852 11.2116297367392  20 18.425230440455799 -1.46614673330477  20 20.5734285148067 -9.4833310915040396 
 0 4 1 3 2 4
Polygon3D 0
PolygonOnTriangulations 24
25 1 2 3 4 5 6 7 8 9 10 11 12 13 14 15 16 17 18 19 20 21 22 23 24 25 
p 0.0242245720730567 1 0 0.08425423252908 0.16850846505816 0.260078281511998 0.357464496366373 0.463524857425993 0.584423898594129 0.791911178423223 0.930242995005727 1.02344139181993 1.08820102145918 1.13677074368861 1.17319803536068 1.20692700913112 1.23728308552452 1.26763916191792 1.29799523831131 1.32835131470471 1.36882608322924 1.41436019781933 1.48876013741402 1.56614057978631 1.66357671578652 1.78307028989315 2 
25 3 4 5 6 7 8 9 10 11 12 13 14 15 16 17 18 19 20 21 22 23 24 25 26 1 
p 0.0242245720730567 1 0 0.08425423252908 0.16850846505816 0.260078281511998 0.357464496366373 0.463524857425993 0.584423898594129 0.791911178423223 0.930242995005727 1.02344139181993 1.08820102145918 1.13677074368861 1.17319803536068 1.20692700913112 1.23728308552452 1.26763916191792 1.29799523831131 1.32835131470471 1.36882608322924 1.41436019781933 1.48876013741402 1.56614057978631 1.66357671578652 1.78307028989315 2 
24 1 26 27 28 29 30 31 32 33 34 35 36 37 38 39 40 41 42 43 44 45 46 47 48 
p 0.0242245720730567 1 0 0.0321928097772911 0.0643856195545821 0.0996753766809559 0.135034206524221 0.170721654957922 0.206998960431987 0.244116435570531 0.282302656454242 0.321756315654013 0.362640722504197 0.405080377075185 0.449158897310279 0.494917735514488 0.542355419684234 0.591427368457155 0.642046574881034 0.69408558463027 0.747380178716778 0.80173500088224 0.856931071785952 0.912734774270077 0.956367387135038 1 
24 25 56 57 58 59 60 61 62 63 64 65 66 67 68 69 70 71 72 73 74 75 76 77 27 
p 0.0242245720730567 1 0 0.0321928097772911 0.0643856195545821 0.0996753766809559 0.135034206524221 0.170721654957922 0.206998960431987 0.244116435570531 0.282302656454242 0.321756315654013 0.362640722504197 0.405080377075185 0.449158897310279 0.494917735514488 0.542355419684234 0.591427368457155 0.642046574881034 0.69408558463027 0.747380178716778 0.80173500088224 0.856931071785952 0.912734774270077 0.956367387135038 1 
30 48 49 50 51 52 53 54 55 56 57 58 59 60 61 62 63 64 65 66 67 68 69 70 71 72 73 74 75 76 77 
p 0.0242245720730567 1 0 0.0575171035646647 0.115034207129329 0.174471319439587 0.235387788633251 0.298169683867747 0.363237396962783 0.431049400207552 0.502107251159227 0.576959301149351 0.656195339002304 0.740411340519884 0.830093166670377 0.925313964543632 1.01514824008051 1.11214336788295 1.20030861955518 1.28682740908196 1.36974046641139 1.44796147941693 1.52120406995598 1.58966313707382 1.65376085855877 1.71401214435942 1.77096715645982 1.82518960188691 1.87724694865018 1.92770110899285 1.96385055449643 2 
30 31 32 33 34 35 36 37 38 39 40 41 42 43 44 45 46 47 48 49 50 51 52 53 54 55 56 57 58 59 30 
p 0.0242245720730567 1 0 0.0575171035646647 0.115034207129329 0.174471319439587 0.235387788633251 0.298169683867747 0.363237396962783 0.431049400207552 0.502107251159227 0.576959301149351 0.656195339002304 0.740411340519884 0.830093166670377 0.925313964543632 1.01514824008051 1.11214336788295 1.20030861955518 1.28682740908196 1.36974046641139 1.44796147941693 1.52120406995598 1.58966313707382 1.65376085855877 1.71401214435942 1.77096715645982 1.82518960188691 1.87724694865018 1.92770110899285 1.96385055449643 2 
2 25 77 
p 0.0242245720730567 1 0 1 
2 1 2 
p 0.0242245720730567 1 0 1 
2 3 27 
p 0.0242245720730567 1 0 1 
2 31 3 
p 0.0242245720730567 1 0 1 
29 2 28 29 30 31 32 33 34 35 36 37 38 39 40 41 42 43 44 45 46 47 48 49 50 51 52 53 54 27 
p 0.0242245720730567 1 0 0.0743052487255179 0.148610497451036 0.232265873014976 0.320539624019807 0.413086418175591 0.509363315798708 0.608612582507522 0.709870304729998 0.801796450357498 0.89350750419467 0.984130275311092 1.072860324775 1.15900797827694 1.24202455640105 1.32150843711875 1.3971955786064 1.46894113890095 1.53669827909275 1.60049845974343 1.66043567922067 1.71665571297383 1.76935056078237 1.8187577963636 1.86516402971343 1.90891089534585 1.95040063414397 1.97520031707198 2 
29 1 2 3 4 5 6 7 8 9 10 11 12 13 14 15 16 17 18 19 20 21 22 23 24 25 26 27 28 29 
p 0.0242245720730567 1 0 0.0743052487255179 0.148610497451036 0.232265873014976 0.320539624019807 0.413086418175591 0.509363315798708 0.608612582507522 0.709870304729998 0.801796450357498 0.89350750419467 0.984130275311092 1.072860324775 1.15900797827694 1.24202455640105 1.32150843711875 1.3971955786064 1.46894113890095 1.53669827909275 1.60049845974343 1.66043567922067 1.71665571297383 1.76935056078237 1.8187577963636 1.86516402971343 1.90891089534585 1.95040063414397 1.97520031707198 2 
25 1 2 3 4 5 6 7 8 9 10 11 12 13 14 15 16 17 18 19 20 21 22 23 24 25 
p 0.0242245720730567 1 0 0.174013548585513 0.382829806888129 0.496569716405343 0.543751067769353 0.589846001415541 0.658473533481479 0.704797117625986 0.743400104413076 0.779143610697418 0.814887116981761 0.850630623266103 0.886374129550445 0.922117635834788 0.969775644213911 1.0412626567826 1.14849317563562 1.35679199137375 1.48673533267342 1.60512025173291 1.70451697905423 1.79467136656926 1.87900376103806 1.93950188051903 2 
25 2 32 33 34 35 36 37 38 39 40 41 42 43 44 45 46 47 48 49 50 51 52 53 54 31 
p 0.0242245720730567 1 0 0.174013548585513 0.382829806888129 0.496569716405343 0.543751067769353 0.589846001415541 0.658473533481479 0.704797117625986 0.743400104413076 0.779143610697418 0.814887116981761 0.850630623266103 0.886374129550445 0.922117635834788 0.969775644213911 1.0412626567826 1.14849317563562 1.35679199137375 1.48673533267342 1.60512025173291 1.70451697905423 1.79467136656926 1.87900376103806 1.93950188051903 2 
2 1 26 
p 0.0242245720730567 1 0 1 
30 27 28 29 30 31 32 33 34 35 36 37 38 39 40 41 42 43 44 45 46 47 48 49 50 51 52 53 54 55 26 
p 0.0242245720730567 1 0 0.0575171035646647 0.115034207129329 0.174471319439587 0.235387788633251 0.298169683867747 0.363237396962783 0.431049400207552 0.502107251159227 0.576959301149351 0.656195339002303 0.740411340519883 0.830093166670377 0.925313964543632 1.01514824008051 1.11214336788295 1.20030861955518 1.28682740908196 1.36974046641139 1.44796147941693 1.52120406995598 1.58966313707382 1.65376085855877 1.71401214435942 1.77096715645982 1.82518960188691 1.87724694865018 1.92770110899285 1.96385055449643 2 
30 50 51 52 53 54 55 56 57 58 59 60 61 62 63 64 65 66 67 68 69 70 71 72 73 74 75 76 77 78 79 
p 0.0242245720730567 1 0 0.0575171035646647 0.115034207129329 0.174471319439587 0.235387788633251 0.298169683867747 0.363237396962783 0.431049400207552 0.502107251159227 0.576959301149351 0.656195339002303 0.740411340519883 0.830093166670377 0.925313964543632 1.01514824008051 1.11214336788295 1.20030861955518 1.28682740908196 1.36974046641139 1.44796147941693 1.52120406995598 1.58966313707382 1.65376085855877 1.71401214435942 1.77096715645982 1.82518960188691 1.87724694865018 1.92770110899285 1.96385055449643 2 
2 1 30 
p 0.0242245720730567 1 0 1 
22 29 60 61 62 63 64 65 66 67 68 69 70 71 72 73 74 75 76 77 78 79 31 
p 0.0242245720730567 1 0 0.0375288031316128 0.0750576062632255 0.115717401421144 0.158177300318824 0.202521156360093 0.248788838514356 0.296973370850724 0.347018000796603 0.398813866438831 0.452199226094991 0.506961324393797 0.5628418017929 0.619546054246136 0.676756173530734 0.728407241307898 0.779958823067553 0.831193108761514 0.881913394797752 0.93194876340836 0.96597438170418 1 
22 1 30 31 32 33 34 35 36 37 38 39 40 41 42 43 44 45 46 47 48 49 50 
p 0.0242245720730567 1 0 0.0375288031316128 0.0750576062632255 0.115717401421144 0.158177300318824 0.202521156360093 0.248788838514356 0.296973370850724 0.347018000796603 0.398813866438831 0.452199226094991 0.506961324393797 0.5628418017929 0.619546054246136 0.676756173530734 0.728407241307898 0.779958823067553 0.831193108761514 0.881913394797752 0.93194876340836 0.96597438170418 1 
2 1 2 
p 0.0242245720730567 1 0 1 
29 3 4 5 6 7 8 9 10 11 12 13 14 15 16 17 18 19 20 21 22 23 24 25 26 27 28 29 30 1 
p 0.0242245720730567 1 0 0.0381775195551215 0.076355039110243 0.114532558665364 0.152710078220486 0.202427835355321 0.255403326601771 0.312009513276008 0.372558328074956 0.437307822032711 0.50646387907978 0.580175408703725 0.658522310506593 0.741495809843933 0.828971476746599 0.920676825686259 1.01615817246716 1.11475517636876 1.21559483944411 1.3176168569801 1.40943415981694 1.50031202668539 1.58940744898439 1.67597594034222 1.75940746625066 1.83924140411996 1.91516326330565 1.95758163165282 2 
29 1 2 3 4 5 6 7 8 9 10 11 12 13 14 15 16 17 18 19 20 21 22 23 24 25 26 27 28 29 
p 0.0242245720730567 1 0 0.0381775195551215 0.076355039110243 0.114532558665364 0.152710078220486 0.202427835355321 0.255403326601771 0.312009513276008 0.372558328074956 0.437307822032711 0.50646387907978 0.580175408703725 0.658522310506593 0.741495809843933 0.828971476746599 0.920676825686259 1.01615817246716 1.11475517636876 1.21559483944411 1.3176168569801 1.40943415981694 1.50031202668539 1.58940744898439 1.67597594034222 1.75940746625066 1.83924140411996 1.91516326330565 1.95758163165282 2 
2 29 79 
p 0.0242245720730567 1 0 1 
Surfaces 6
9 0 0 0 0 3 3 4 7 2 3 1.3786198870859401e-15 22.514571353075599 -16.7277747886721  -11.0666666666667 22.514571353075599 -16.7277747886721  -16.066666666666698 23.103384680683899 -18.925256043479699  -18.300000000000001 23.155148489704398 -19.118441208737501  -20.533333333333299 23.206912298724902 -19.311626373995299  -20 22.721626589157601 -17.5005154497033  -20 20.5734285148067 -9.4833310915040396  
1.8501580856993398e-15 30.215374538805701 -16.796521733073401  -10.2302258275387 30.2283410419512 -16.796637488203  -14.992396446791499 30.08481757705 -18.9654424981352  -17.3139198162749 28.792541632454899 -19.1493580466535  -19.7056653468258 27.432358208114302 -19.333655193969701  -19.566782901676 24.9502362761834 -17.517888793961198  -20 20.5734285148067 -9.4833310915040396  
1.9664724154719701e-15 32.114931698528899 -4.1908623360790802  -7.9613252895710902 32.1510294890262 -4.2089724433632503  -12.3400923228783 32.124243815399304 -7.7249641683004899  -15.1366200437592 30.6238623758993 -10.140612240406901  -18.1068767725985 28.890996473306402 -12.5915883263262  -19.143494004846001 25.754852451186299 -13.956396366837801  -20 20.5734285148067 -9.4833310915040396  
1.7223765567722699e-15 28.128543804980399 10.686539821321601  -6.18414678577677 28.160948727619999 10.6822116845079  -10.5220393014145 28.498199244841899 5.8076183995289803  -13.7482010188511 27.683259542084102 0.833866940272455  -17.170009178568101 26.675379519874198 -4.3227932860063403  -19.143494004846001 24.579611050537402 -9.5703357484577598  -20 20.5734285148067 -9.4833310915040396  

0 4
1 4

0 4
1 3
2 4

9 0 0 0 0 3 1 7 2 3 2 -20 20.5734285148067 -9.4833310915040396  -20 20.5734285148067 -9.4833310915040396  
-20 22.721626589157601 -17.5005154497033  -20 18.425230440455799 -1.46614673330477  
-20.533333333333299 23.206912298724902 -19.311626373995299  -17.074999999999999 15.0282304734852 11.2116297367392  
-18.300000000000001 23.155148489704398 -19.118441208737501  -13.112500000000001 12.168280025102399 21.885110117233499  
-16.066666666666698 23.103384680683899 -18.925256043479699  -9.1500000000000004 9.3083295767194993 32.5585904977277  
-11.0666666666667 22.514571353075599 -16.7277747886721  -4.1500000000000004 6.9854286469243796 41.2277747886721  
1.3786198870859401e-15 22.514571353075599 -16.7277747886721  4.2773414165640802e-16 6.9854286469243796 41.2277747886721  

0 4
1 3
2 4

0 2
1 2

9 0 0 0 0 3 3 4 7 2 3 20 20.5734285148067 -9.4833310915040396  20 22.721626589157601 -17.5005154497033  20.533333333333299 23.206912298724902 -19.311626373995299  18.300000000000001 23.155148489704398 -19.118441208737501  16.066666666666698 23.103384680683899 -18.925256043479699  11.0666666666667 22.514571353075599 -16.7277747886721  1.3786198870859401e-15 22.514571353075599 -16.7277747886721  
20 20.5734285148067 -9.4833310915040396  19.566782901676 24.9502362761834 -17.517888793961198  19.7056653468258 27.432358208114302 -19.333655193969701  17.3139198162749 28.792541632454899 -19.1493580466535  14.992396446791499 30.08481757705 -18.9654424981352  10.2302258275387 30.2283410419512 -16.796637488203  1.8501580856993398e-15 30.215374538805701 -16.796521733073401  
20 20.5734285148067 -9.4833310915040396  19.143494004846001 25.754852451186299 -13.956396366837801  18.1068767725985 28.890996473306402 -12.5915883263262  15.1366200437592 30.6238623758993 -10.140612240406901  12.3400923228783 32.124243815399304 -7.7249641683004899  7.9613252895711 32.1510294890262 -4.2089724433632503  1.9664724154719701e-15 32.114931698528899 -4.1908623360790802  
20 20.5734285148067 -9.4833310915040396  19.143494004846001 24.579611050537402 -9.5703357484577598  17.170009178568101 26.675379519874198 -4.3227932860063403  13.7482010188511 27.683259542084102 0.833866940272455  10.5220393014145 28.498199244841899 5.8076183995289803  6.1841467857767798 28.160948727619999 10.6822116845079  1.7223765567722699e-15 28.128543804980399 10.686539821321601  

0 4
1 4

0 4
1 3
2 4

9 0 0 0 0 3 3 4 7 2 3 -20 20.5734285148067 -9.4833310915040396  -20 18.425230440455799 -1.46614673330477  -17.074999999999999 15.0282304734852 11.2116297367392  -13.112500000000001 12.168280025102399 21.885110117233499  -9.1500000000000004 9.3083295767194993 32.5585904977277  -4.1500000000000004 6.9854286469243796 41.2277747886721  4.2773414165640802e-16 6.9854286469243796 41.2277747886721  
-20 20.5734285148067 -9.4833310915040396  -19.484335965851599 20.634874592752499 -1.5451615963538801  -16.085019541827801 19.209219255722498 10.930232876029301  -11.9098527648756 17.733073934359201 21.3018264805016  -7.8749444549875598 16.169008867052501 31.462511223569201  -3.3678979343764399 14.5127774381496 39.514895722318798  8.8753687832859198e-16 14.4945771947721 39.5190372622884  
-20 20.5734285148067 -9.4833310915040396  -19.143494004846001 23.404369649888501 -5.1842751300777197  -16.233141584537599 24.459762566441999 3.9460017543135399  -12.359781993943001 24.7426567082689 11.8083461209518  -8.7039862799507102 24.872154674284499 19.340200967358399  -4.4069682819824498 24.170867966213802 25.573395812379101  1.4782806980725699e-15 24.1421559114318 25.563941978722202  
-20 20.5734285148067 -9.4833310915040396  -19.143494004846001 24.579611050537402 -9.5703357484577598  -17.170009178568101 26.675379519874198 -4.3227932860063403  -13.7482010188511 27.683259542084102 0.833866940272455  -10.5220393014145 28.498199244841899 5.8076183995289803  -6.18414678577677 28.160948727619999 10.6822116845079  1.7223765567722699e-15 28.128543804980399 10.686539821321601  

0 4
1 4

0 4
1 3
2 4

9 0 0 0 0 3 1 7 2 3 2 20 20.5734285148067 -9.4833310915040396  20 20.5734285148067 -9.4833310915040396  
20 18.425230440455799 -1.46614673330477  20 22.721626589157601 -17.5005154497033  
17.074999999999999 15.0282304734852 11.2116297367392  20.533333333333299 23.206912298724902 -19.311626373995299  
13.112500000000001 12.168280025102399 21.885110117233499  18.300000000000001 23.155148489704398 -19.118441208737501  
9.1500000000000004 9.3083295767194993 32.5585904977277  16.066666666666698 23.103384680683899 -18.925256043479699  
4.1500000000000004 6.9854286469243796 41.2277747886721  11.0666666666667 22.514571353075599 -16.7277747886721  
4.2773414165640802e-16 6.9854286469243796 41.2277747886721  1.3786198870859401e-15 22.514571353075599 -16.7277747886721  

0 4
1 3
2 4

0 2
1 2

9 0 0 0 0 3 3 4 7 2 3 4.2773414165640802e-16 6.9854286469243796 41.2277747886721  4.1500000000000004 6.9854286469243796 41.2277747886721  9.1500000000000004 9.3083295767194993 32.5585904977277  13.112500000000001 12.168280025102399 21.885110117233499  17.074999999999999 15.0282304734852 11.2116297367392  20 18.425230440455799 -1.46614673330477  20 20.5734285148067 -9.4833310915040396  
8.8753687832859198e-16 14.4945771947721 39.5190372622884  3.3678979343764501 14.5127774381496 39.514895722318798  7.8749444549875598 16.169008867052501 31.462511223569201  11.9098527648756 17.733073934359201 21.3018264805016  16.085019541827801 19.209219255722601 10.930232876029301  19.484335965851599 20.634874592752499 -1.5451615963538801  20 20.5734285148067 -9.4833310915040396  
1.4782806980725699e-15 24.1421559114318 25.563941978722202  4.4069682819824498 24.170867966213802 25.573395812379101  8.7039862799507208 24.872154674284499 19.340200967358399  12.359781993943001 24.7426567082689 11.8083461209518  16.233141584537599 24.459762566441999 3.9460017543135399  19.143494004846001 23.404369649888501 -5.1842751300777197  20 20.5734285148067 -9.4833310915040396  
1.7223765567722699e-15 28.128543804980399 10.686539821321601  6.1841467857767798 28.160948727619999 10.6822116845079  10.5220393014145 28.498199244841899 5.8076183995289803  13.7482010188511 27.683259542084102 0.833866940272455  17.170009178568101 26.675379519874198 -4.3227932860063403  19.143494004846001 24.579611050537402 -9.5703357484577598  20 20.5734285148067 -9.4833310915040396  

0 4
1 4

0 4
1 3
2 4

Triangulations 6
1188 2297 1 0.087172687977402
1.37861988708594e-15 22.5145713530756 -16.7277747886721 -2.67001653850728 22.5264375335939 -16.772059977258 -5.09348005915735 22.559342552326 -16.8948631789902 -7.46159118333343 22.6142485677357 -17.0997752181406 -9.69294402100123 22.6888624084341 -17.3782378625749 -11.8073084642932 22.7819747870115 -17.725737990239 -13.8453553328327 22.893166899622 -18.1407126039023 -16.5166724774771 23.0632143297795 -18.7753382529468 -17.7911197834643 23.1368580752311 -19.0501804526318 -18.4525389920937 23.1578889103537 -19.1286685978348 -18.8286419604915 23.155539036645 -19.1198987497626 -19.0695451585012 23.1433688063779 -19.0744788320661 -19.2285923040557 23.1278646940996 -19.0166166973169 -19.3602542279004 23.1083194991157 -18.9436730365934 -19.4665669720496 23.0862422824855 -18.8612797424395 -19.5619123148573 23.0597186982358 -18.7622923784209 -19.6468441190018 23.0285597847268 -18.6460057300967 -19.7219162471614 22.9925765803187 -18.5117145830265 -19.8076324378051 22.9367679215662 -18.3034338330602 -19.885922963158 22.8627723195402 -18.0272784867623 -19.9772372136832 22.7147134523953 -17.4747152720666 -20.0316729888676 22.5223724524381 -16.7568888878477 -20.0554362285816 22.2197807076136 -15.6276011222117 -20.0416059229101 21.7481832343332 -13.8675753912081 -20 20.5734285148067 -9.48333109150404 1.42305569509822e-15 23.2402631695768 -16.6953549441686 1.46528158980779e-15 23.9298643629816 -16.5862047600313 1.50902935381405e-15 24.644319568135 -16.3808660526612 1.55019676801488e-15 25.3166344630008 -16.0879138851801 1.58903948528998e-15 25.9509841759491 -15.7065261756784 1.62573513318354e-15 26.5502695849194 -15.2334934415555 1.66036872020634e-15 27.1158789842484 -14.6635438691745 1.69292418854619e-15 27.6475501299618 -13.9897843290482 1.72328238918842e-15 28.1433371709825 -13.204217463665 1.7512247547099e-15 28.5996706304081 -12.2983032197395 1.77644159480214e-15 29.0114928816858 -11.2635464041457 1.79854411189411e-15 29.3724543786229 -10.0921014304606 1.81707961561563e-15 29.675162126431 -8.77738702535746 1.83154972306817e-15 29.9114769147049 -7.31469707129682 1.84143140176212e-15 30.0728569746671 -5.70178134957727 1.84620049228509e-15 30.1507421334948 -3.93935554151365 1.84535687879887e-15 30.1369648797298 -2.03148822941139 1.83844987726584e-15 30.0241649844811 0.0141909966634941 1.82510186953307e-15 29.8061754753089 2.18650952758717 1.80502793946782e-15 29.4783433186539 4.47102041574964 1.7780494357193e-15 29.0377509165458 6.8505127350366 1.7522701558488e-15 28.6167433266276 8.75295902831968 1.72237655677227e-15 28.1285438049804 10.6865398213216 -1.04889896744421 28.1368835597532 10.6383651526151 -2.06198966073399 28.1496108266354 10.4989661650748 -3.07216848822281 28.1656054711927 10.2648573812037 -4.06970922434697 28.1830960964729 9.9361629656466 -5.05882203348699 28.2002130356937 9.5101695845012 -6.04335079783349 28.2146911380468 8.98271482209925 -7.02672466924665 28.2236776238512 8.34832517741772 -8.01190917066898 28.2234795097854 7.60042853469023 -9.00132051375934 28.2092282308788 6.73171289952342 -9.99661771699 28.1744388332525 5.73481220112375 -10.9981810424655 28.1104689538929 4.60375006235907 -12.0038760299044 28.0060122395259 3.3371004967918 -13.0064436157022 27.8471796237524 1.94462932136048 -13.9027082484687 27.6367049466925 0.599480253979078 -14.8452246687043 27.3019740332855 -0.896765989454262 -15.6327814805714 26.9400378437384 -2.23223841371638 -16.3429644349752 26.5280857026755 -3.49775279409249 -16.9664999402443 26.0775524729916 -4.64904754116441 -17.5045981405671 25.5999285769728 -5.66309658402728 -17.9651690117961 25.1042803857818 -6.53504514101262 -18.3585206951809 24.5969051792242 -7.27064861557704 -18.694863518839 24.0817910934591 -7.88036012334813 -18.9833287650153 23.5610737279281 -8.37595969736768 -19.2317382942669 23.0353143106034 -8.76880611639369 -19.4466513240091 22.503650348028 -9.06889147156808 -19.6334779897933 21.9639031731791 -9.2842588127419 -19.7965856994774 21.4127090776706 -9.4205993588329 -19.9027187522116 21.0004417157361 -9.47210961914347 -20 20.5734285148067 -9.48333109150404 -1.78300818723154 28.2822176835028 -12.9868987916753 -1.63262840776412 29.7085097618358 -8.66098632814897 -1.55173807841217 30.0569098846865 -6.0133753533989 -1.46864042336989 30.1616922326556 -3.09070812509816 -17.5694574190774 27.4067433725335 -11.2897531331918 -17.5158156710368 27.6981683095094 -12.6531950493059 -17.1975314613007 27.8026827248081 -10.9644540502975 -17.8570114941573 27.3086913202639 -12.857748617313 -17.9079738813506 26.9768841593892 -11.5569643045035 -18.1640793610144 26.8857523330191 -12.9999521454017 -18.6875090362096 25.9350788362445 -13.069865370201 -18.6685543479981 26.2315141218581 -14.2596960338962 -18.439938724176 26.4282489657033 -13.0729447056663 -18.8850890841049 25.7575254254578 -14.1364485088441 -18.2155553197049 26.5120174891694 -11.7590379742824 -19.6206745291682 23.3446790152271 -13.2018444582148 -19.7079897406946 23.1491178229275 -13.6161246241469 -19.6240675396495 23.6933924262003 -14.3401256761094 -19.5105518553543 23.9352858823913 -13.8268167681413 -18.9097097496831 25.4051395625709 -12.9838532110999 -19.0766988109407 25.2475106379793 -13.9269469949642 -19.3984733968375 24.1148671678529 -13.2224203998104 -19.3868961668467 24.4873738749313 -14.3430064967501 -19.2467160685151 24.7003358539389 -13.6245010920288 -18.4946762057247 26.0110557656681 -11.8889245525781 -19.7209724344141 22.7143715591628 -12.4615496512793 -19.7835030041202 22.5662294864354 -12.7748560227777 -19.1094603171641 24.8373287626106 -12.8080473004572 -19.5353033359173 23.4899706742374 -12.7140145180812 -18.7478110109948 25.4729113926792 -11.9395744494401 -19.2896801912204 24.2305440542919 -12.5355867103672 -18.9774342070998 24.8964967739969 -11.9039380749183 -19.4532888244196 23.5836830555429 -12.159610512924 -19.777511206387 22.1173586424833 -11.35146558518 -19.660538425764 22.8245124676088 -12.0925930466137 -19.8151538172176 22.043181799922 -11.5993924316433 -19.1860202656243 24.2807243134152 -11.7749658390621 -19.6032056693294 22.8956433842917 -11.673257780222 -19.8895542177959 21.3673752933772 -10.4839417335527 -19.9069269237043 21.3299280232287 -10.6088328836153 -19.3760436581528 23.6245064147281 -11.5456081519212 -19.54997885627 22.9267554817296 -11.2088154235453 -19.7103003315606 22.1863839182139 -10.7575380639841 -19.7423501785176 22.1653226584665 -11.0696675843551 -1.35613014531384 23.2431073872721 -16.7067562826308 -0.905771013969439 23.7271935318345 -16.6321784113229 -1.34996672617411 23.6254497842795 -16.6563332173643 -2.64910440952654 23.2736211364039 -16.7373726931103 -2.63784734651978 23.6328465101926 -16.6893433828756 -1.77216498007765 24.2198619008366 -16.5364306983006 -2.62529948848617 24.0046169000437 -16.616183903611 -1.75979512717611 24.6924454212501 -16.3852946529371 -2.61205635922499 24.3688355067296 -16.5196374607375 -1.24118945761151 27.3662249891911 -14.380620529741 -1.85996262798258 27.0153758830399 -14.8065294485848 -0.620658250067081 27.7049576537353 -13.912260180973 -0.925010057719731 27.7335438375147 -13.8754599190881 -1.83446579243139 27.4879166637077 -14.2415109678249 -2.72679564959801 27.2370700429104 -14.5920233798244 -1.81972328557697 27.7357367854838 -13.8966667313419 -2.70620887153122 27.4906969100377 -14.2751513282056 -1.80768062513 27.9256178046003 -13.6059512923438 -2.9632285632031 27.771646452072 -13.8971632943346 -3.45076028388091 28.2866695615381 -13.0708072133144 -1.17983436259635 28.6869647090614 -12.1189429652579 -0.881163813400066 28.8708986192477 -11.6587974783694 -1.71011668588436 29.1168322371069 -10.9975058680179 -1.74721170400092 28.7298708156015 -12.0378453557062 -2.32046972362431 28.5887826185959 -12.3874425508827 -2.5787591366559 28.7318760807877 -12.0749087463586 -2.83017385071865 28.8681551584318 -11.7541258831736 -3.3126714837479 29.1202188649411 -11.0886951746732 -3.38292734730743 28.7336806886384 -12.1252384044156 -3.93029588210387 28.5924912290442 -12.490724570294 -5.00735054627608 28.2901715710815 -13.2024452123901 -1.12818857822844 29.4198489388438 -9.93756156106428 -4.16021112912566 28.7350722875757 -12.1880442019991 -1.67187247357454 29.4430594013934 -9.87038472627674 -4.38365811194944 28.8707544891365 -11.8772384882343 -4.81147826665192 29.1213981232322 -11.23216889617 -4.91110527528075 28.7358385260214 -12.2625360112314 -2.74941948785623 29.3434061867245 -10.3117306960614 -2.4687794424608 29.4448625934788 -9.91076415028739 -2.1889993387311 29.5395395782072 -9.50181182001633 -3.16602857875304 29.7116624081228 -8.76060889959229 -5.91030962968928 28.5940363056908 -12.7005379245654 -6.45687323074501 28.2910507866484 -13.3755292807672 -5.63610457894284 28.7357670523976 -12.3479237042348 -5.3614702057223 28.8709305885017 -11.9855117048692 -6.21035090765771 29.1186421767804 -11.4215653495112 -3.24027709397291 29.4462306011884 -9.96565838582097 -3.76860036027431 29.3448931956712 -10.3929424975148 -6.33570383328209 28.7346455151264 -12.4434171531312 -3.98682307403072 29.4469434988177 -10.0342668076359 -1.59253382914577 29.9131407718087 -7.37381507130092 -7.27569526208619 28.5904548207204 -12.9037987120801 -7.80342259361569 28.2876342827539 -13.5837759103106 -7.01039783146865 28.7322615626298 -12.5482262300429 -4.19867905543335 29.5421315153249 -9.66870103567077 -4.60370106915189 29.7119192362596 -8.91784061747764 -6.74431935395306 28.8675942466705 -12.1825267120097 -7.51310327982659 29.1102231903863 -11.6505228516994 -4.70887502855412 29.4467813606622 -10.1157887904906 -2.62291518429015 29.8540978229799 -7.87273824899923 -2.35302097596452 29.9150663033096 -7.41794906796497 -2.08442962868012 29.9691928311207 -6.95627805798938 -3.01310677506106 30.060572277022 -6.12239528193986 -7.66068136667267 28.7284028433298 -12.6615608070921 -5.67486385061253 29.3432408948463 -10.6226041223088 -5.40689060346297 29.4455242610171 -10.2094237091434 -5.13894701292564 29.5410847184656 -9.78741331442608 -5.94914643514577 29.7074873098873 -9.12623098810172 -3.0902103388589 29.9164607964865 -7.47802757772074 -8.54299502980269 28.5809326655095 -13.1393939687347 -9.05109289121607 28.2782491339133 -13.8209015928853 -8.28704923206429 28.7228570056483 -12.782630756401 -8.03000226504118 28.8584189447178 -12.4154374925321 -8.72354925621983 29.0944133288502 -11.9126797197375 -6.08132744467717 29.4429522741782 -10.3143709383528 -4.07023540806993 29.8555404161343 -8.01580764526673 -3.80451846376271 29.9170957713655 -7.55323839154538 -3.53966493048554 29.9717935845821 -7.08330634168867 -4.38726301909231 30.0611828937495 -6.29501976259032 -1.51039049625599 30.139774553844 -4.58417157210921 -2.01274590311008 30.1204661738114 -5.09766995475595 -8.88999622081369 28.7154116980075 -12.9106459500916 -6.99330728682673 29.3359135657951 -10.8462282637244 -6.73264319811658 29.4388454744406 -10.4298298528771 -6.47164115016774 29.5351107382783 -10.0042163641889 -7.20586523291982 29.6965736926471 -9.3793295177612 -4.49636189660977 29.9167427479726 -7.642769300416 -2.23323281966944 30.1421079306976 -4.63241718256982 -9.71621354930893 28.5637800338784 -13.4010155499293 -10.2039783798741 28.261222414642 -14.0806228203561 -9.470017126091 28.7058545688293 -13.0448162602862 -9.22243006197969 28.8416965151935 -12.6779097955366 -9.84550270989877 29.0694847569725 -12.2016742706283 -7.36129550970109 29.4329839361 -10.5549998274748 -5.42687638596488 29.8527671190917 -8.21409384453828 -7.82135415363941 29.327158118815 -11.016226537282 -5.16615718333387 29.9151732463339 -7.74580809530975 -2.44721208339772 30.1569946076673 -4.16254585565863 -2.85618127883668 30.1665205575776 -3.20990121558422 -4.90589283150103 29.9707244135218 -7.26970108458507 -5.67736373965158 30.0568782065107 -6.52470274410456 -2.93500228813012 30.1439433604716 -4.69819287398317 -0.723704400225824 30.1216990005751 -1.55467681031348 -10.0276067410664 28.6939732665358 -13.184351559107 -7.96774202535056 29.4251477334517 -10.6890802369044 -1.4415381879019 30.1434421494964 -2.09433466488151 -5.81432086986881 29.9121587864755 -7.86154256720375 -3.87205637635531 30.124014628109 -5.29208419072012 -6.28260005046829 29.8476792590721 -8.37375976245304 -3.61607072278076 30.1450434163554 -4.78067425325355 -10.7993554370751 28.5373071196476 -13.6823553110641 -11.2661733159179 28.2348811994552 -14.3566560845879 -1.42796005388575 30.124777685937 -1.58718403465515 -3.36134120102766 30.159138838558 -4.26299218682036 -4.16540818178951 30.1686370792877 -3.39926571778552 -10.56325985891 28.6795554395489 -13.328461718676 -8.10912531890819 29.5161710870513 -10.3556051564583 -8.37735801865914 29.6773854481803 -9.67068571275278 -10.3255138677616 28.8157187906478 -12.9636093701236 -10.8827775139247 29.0337096395535 -12.5111448213746 -8.55244039098487 29.4151169407912 -10.8312704559241 -8.98980166144816 29.3069238214951 -11.2978636633131 -0.938921516558512 30.0537798583771 -0.349848909977387 -6.44126950214839 29.9074708884236 -7.98916050707513 -4.27680994476404 30.1451706715384 -4.87903692728526 -4.74642229318045 30.1232351063157 -5.43116532856658 -1.40049903401694 30.0676601031851 -0.54513596366772 -11.0774712727919 28.6623887362908 -13.4763566111156 -9.1158482525239 29.402671632414 -10.9807698592924 -6.59473401222586 29.960410390676 -7.59931700571227 -6.88656586588453 30.0457946869476 -6.80489817523688 -2.32971987564296 30.1207801924358 -1.48467128702393 -7.04741962610642 29.9008810722042 -8.12784970590101 -4.91759177522269 30.1440876992103 -4.9924565029826 -11.7964253095712 28.4998241166376 -13.9771051075394 -12.2417719556752 28.1975525628681 -14.6427178774456 -2.07308281805479 30.070895130834 -0.59917382358914 -11.5707357758824 28.6422608051833 -13.6272461085477 -9.23733511023024 29.4914406355363 -10.6575631397193 -9.46712534854887 29.6481296401281 -9.99384907937315 -11.3431648053801 28.7787776036305 -13.2662019653936 -11.8391875413589 28.9853601413937 -12.8347296889793 -9.65842325588753 29.3875918826154 -11.1367778217678 -7.8816776124269 29.8273084981734 -8.75038949761854 -7.63318778767669 29.8921608578434 -8.27679795465854 -1.35916629983363 29.93269544903 1.06513872524101 -5.08333560989809 30.1581742101945 -4.54955416394113 -5.39910674761753 30.1661068871926 -3.65215716508539 -7.38442514054993 29.9502175867999 -7.79453519138795 -8.01802632693682 30.0260688067022 -7.12906000474155 -5.53878803529939 30.1415570725604 -5.12010858724987 -5.99138960587337 30.1173007484805 -5.68664728443119 -2.03245644458606 29.9865950547603 0.480315442435328 -12.0435481613516 28.6189592946486 -13.7803400830947 -10.4160781808889 29.2639692222102 -11.7131668388765 -12.4152983600213 28.4678842597884 -14.1779398583541 -13.1348685554741 28.1475635793961 -14.9325246907941 -10.1806230469956 29.369657765691 -11.2984937181085 -9.94390667238533 29.4689578714452 -10.8735953424725 -10.4786677787741 29.6070133321315 -10.342369123919 -8.19899053279301 29.8810817653674 -8.43519304432484 -6.14077054613686 30.1373413647784 -5.26116878699137 -12.4964032223696 28.5922718531086 -13.9348484068786 -10.6829052717681 29.3486493559361 -11.4651169230731 -8.98661636515728 29.8009909961766 -9.07543537418978 -11.0752688251339 29.2344795073119 -11.9336098034071 -8.74524440738918 29.8674153148022 -8.60222276587703 -6.28524825296259 30.1506244130284 -4.83172278254084 -6.56006259170987 30.1569950706991 -3.96193109086715 -8.50327890327723 29.9271005756201 -8.11994717700381 -9.0749020519541 29.9958370374162 -7.49064218137286 -6.7239111288778 30.1312031490538 -5.41481270911139 -12.5738971151728 28.7095160244666 -13.6849887032856 -12.7185466652626 28.9227084272935 -13.1660671904451 -15.8174642413576 26.6409750171027 -17.4063455983892 -16.336222925221 25.8524400727481 -18.0895470138647 -15.6904371784781 25.8987176274406 -17.9092319014297 -12.9297957521065 28.5619861289854 -14.0899809520217 -11.1657275761248 29.3243467276463 -11.63584681142 -9.27236595739899 29.8509330261739 -8.77707491029226 -7.53178326882419 30.0975574050231 -6.10452877585491 -7.28858160466492 30.1229049985759 -5.58021596051424 -16.9669160168756 25.7838388088974 -18.2554241474027 -16.8623496832786 24.9979864108162 -18.5984876132805 -7.0454826440123 30.1412787397221 -5.04818453830761 -7.65106132945568 30.1393667192141 -4.32194302851414 -11.252497203076 29.4072419068678 -11.3324443301207 -11.41548586552 29.5522435878318 -10.709795352687 -11.6295476059855 29.2965299551169 -11.8098827579074 -10.0144328803294 29.7631932477408 -9.42977089929013 -9.78077172875626 29.8314064195086 -8.95893726854765 -9.54622397460235 29.8929549288823 -8.47867086523552 -10.060349970082 29.9532358507317 -7.88309865388509 -7.83515379464093 30.1122094865345 -5.75655414810422 -8.25276298978708 30.0813570508301 -6.34218607966588 -13.4074146164936 28.6403505515991 -14.0023651488728 -13.740172390418 28.4897704266774 -14.3989581948739 -14.2613676947241 28.7475870104734 -13.8265533629713 -12.291255569843 29.1568846761418 -12.3906113795135 -12.0748230072703 29.2649791126435 -11.986424137294 -0.749518241674496 28.9473780363258 7.28402038105892 -11.8566545375332 29.366959584159 -11.5714567011274 -12.2810801649717 29.4820274708702 -11.0896772719739 -10.2708782673948 29.8086070148324 -9.14699763162032 -8.36399951994852 30.0988791861189 -5.94300287878561 -12.5020114258989 29.2294742745214 -12.164670324338 -10.968516410025 29.7120991638054 -9.80691428430084 -0.548714817284288 28.6201743140022 8.74091909718426 -1.11222440813074 28.9013801627517 7.48678139339731 -10.7431021192484 29.7823063321715 -9.34044379048742 -8.47133680373062 30.1096890274784 -5.54033102856355 -8.6748885762441 30.1112869221444 -4.72554851140966 -10.5165350318722 29.8459409688274 -8.8641925669378 -10.9775270104663 29.8964017182906 -8.29988337103252 -8.8754906017304 30.0826766705186 -6.13873775946273 -9.27524127029283 30.0475727774928 -6.72908545727069 -14.4786364216472 28.4006133751006 -14.7009507886287 -14.6899326605087 28.0029128698585 -15.4982393464231 -14.0649366448538 28.3331914695593 -14.7806916872924 -13.1179821937126 29.0803600020083 -12.740008406427 -1.08726472140054 28.6246804103791 8.70627843928284 -1.67000551658862 28.9065943307373 7.42934662163418 -17.7982392946846 25.6319197500474 -18.4255474664075 -18.1758364296084 24.8464845526746 -18.8256101508818 -17.822568642052 24.9078905416943 -18.7897304713088 -17.4659079248895 25.7043779611841 -18.3681551530114 -11.1978598302508 29.7522758915518 -9.53846353612606 -4.15467167821586 29.6583909158413 2.9613431433629 -4.55631466555685 29.9366226814753 0.664760318313903 -3.59827157781316 29.6551589652676 3.09608157588761 -9.36999886112928 30.0633645129232 -6.34293439703987 -1.07438016467273 28.4695512833668 9.34709830404918 -13.3039578988671 29.1457229085131 -12.523074620432 -11.8522562063257 29.64589265531 -10.2003837406032 -18.0120836183245 25.5723743938769 -18.4506566630549 -1.80714180086723 28.6740041134071 8.4465839233807 -11.6355679463359 29.7182872129996 -9.74024465951338 -4.71144623912925 29.6608306420458 2.80455484717151 -5.67978766903042 29.9356953259889 0.338333203392274 -9.46133731343832 30.0724808013515 -5.95354748794911 -9.63432994746426 30.0708207688968 -5.16610307293705 -11.4174867524338 29.7842190176963 -9.26999859296531 -11.8295901022525 29.8234711117346 -8.73445028156944 -9.84789611928787 30.0407052865222 -6.55476839842132 -14.8611733675682 28.4503393764995 -14.6181203422 -15.1491461911553 28.2928161616312 -14.9896377102634 -15.5417515867995 28.4945227074963 -14.4417098749758 -3.77751507715938 29.2706851532129 5.332997681902 -13.4814050128814 29.202120521017 -12.3040188395489 -12.0566430134374 29.6801118165409 -9.94497495162651 -10.533151378659 29.9818880351474 -7.2914894335624 -5.25661159338317 29.6621302763561 2.62900091026559 -10.3095541973489 30.0144615645051 -6.77341537051139 -10.0851507839203 30.0401773106187 -6.24635516420858 -10.5321710585053 30.0160333488781 -5.63696224647963 -14.0390481922493 29.0435164514556 -12.8786906442568 -13.8125996267327 29.2880843735259 -11.861006207291 -5.78551930679068 29.6620195231515 2.4371153354868 -6.75544454477421 29.9278121772824 -0.0554680010885509 -10.755344916455 29.9843959200615 -6.99805092021438 -15.7556600443036 28.1646799736454 -15.2586979367554 -15.4290212435021 28.1296745002463 -15.3445642034617 -15.9641196816452 27.7875456669644 -16.0035319863942 -14.5682761194352 28.8726026748832 -13.428200489168 -18.5099288935617 25.3860022978038 -18.4498868478573 -18.7717574100825 24.6780353527459 -18.7848266170236 -18.6310165414033 24.7278658085052 -18.8116935030019 -4.84542681578571 29.2791506773206 4.99971919844151 -12.5165233477915 29.6758642956713 -9.83136845957776 -12.850560184425 29.5902869500084 -10.3600342059387 -13.3510021566134 29.6218663628461 -9.63074647782886 -11.4014739519057 29.9146984787949 -7.73966803591768 -6.32178253829273 29.6601373731917 2.22011947454007 -13.1780418353068 29.4970327212234 -10.8748414682228 -11.1856400977489 29.9502709263807 -7.22785065443458 -18.6013041961649 25.3416819815439 -18.4360210720616 -10.9687479456601 29.9790592727907 -6.70666426395791 -11.3711975247564 29.9449897514951 -6.13148156542073 -14.7109434734044 28.9210954977124 -13.2251133938796 -6.82333187171361 29.6563658248809 1.99602335939822 -7.78582090781155 29.9105216031818 -0.512912440547922 -11.6008115623734 29.9118491566523 -7.4619901800763 -18.7481412380655 25.2612276428516 -18.4002588293287 -18.9702847515966 24.5918607626407 -18.7178217455354 -16.0566379365067 28.1800334459138 -15.1663169324005 -16.3021363264532 28.0145059985193 -15.5018104450819 -16.5395890877273 27.8438149024131 -15.8190922500636 -5.88629357910568 29.283487240337 4.58290747018346 -18.8223333964636 25.2154412504791 -18.3744457584064 -19.1370473537641 24.4996538294356 -18.6236179616846 -14.8470260383714 28.9602775320157 -13.019922170246 -13.5829437106841 29.4809734521632 -10.7771436268797 -12.2087899678741 29.8300465946437 -8.20314461169496 -7.3527793213295 29.6497936410868 1.73652751014459 -15.3233049096915 28.7767006416472 -13.5559378673677 -15.1012306135382 29.0108405492282 -12.6047519802438 -18.9508245864431 25.1260951029188 -18.3140370999817 -18.4625856188891 25.9089701461643 -17.9568431674198 -7.82744118045788 29.6411742616399 1.48320258295733 -8.77325363776357 29.8810841666427 -1.03035349084316 -12.3872706261847 29.8211655818109 -7.93999103324146 -19.0091589996242 25.0805459902784 -18.2786127143962 -19.2096010246767 24.4518360710101 -18.5673795031647 -16.7925333829655 27.8405954236291 -15.7126542122203 -16.5902093259792 28.1496928367654 -14.9606432624808 -16.9901836695076 27.4880785668361 -16.3981345456263 -19.0649183851659 25.0335610841031 -18.2390897002322 -19.342873303834 24.3473652438997 -18.4301098692002 -13.9617758514225 29.4486342466544 -10.6855506923057 -6.90302644892438 29.2811171723939 4.0825727929766 -14.2571259596851 29.3503434832139 -11.1898055422666 -14.6498415663301 29.3335133772013 -10.5196188326976 -14.545577727727 29.2444913735386 -11.678034785356 -8.35190633602488 29.6280531425339 1.17980973257206 -12.5589777478079 29.8042289417147 -7.67899129601776 -18.7066940167579 25.7345294056061 -17.9005442912578 -15.6277350226985 28.7492747657207 -13.4625734049424 -15.8797936684695 28.6085724776234 -13.8647590627884 -19.1718904711772 24.9322162341287 -18.1444294426548 -16.1242726559112 28.4615726426158 -14.2486949482717 -13.1176966770305 29.7104457810533 -8.42545833494426 -12.8839489844452 29.7463943822637 -7.16492277303176 -19.2201782059019 24.8807132815494 -18.0918154374763 -19.4019811461871 24.2921252341649 -18.3506429524189 -8.80012206222543 29.6133029070151 0.900381620746057 -9.37224687192971 29.8550201616785 -1.38425280903231 -17.0355621578871 27.8028002739092 -15.5988463635473 -17.2453488930086 27.6227289241792 -15.8884300161866 -17.4333156710807 27.2863615142579 -16.5409252543442 -17.4465822586614 27.4386501539018 -16.1580827539619 -17.8235868205821 27.0597296475801 -16.6369736274542 -19.2661557736338 24.8276920850931 -18.0347407691479 -19.5175571268235 24.1617852414858 -18.1474350487725 -14.8764392988982 29.1965692033695 -11.5915222799163 -13.6525467465459 29.6008059759006 -9.14967675998504 -7.89818050331254 29.2689605769762 3.49820459672157 -9.2363483195868 29.5952795408412 0.610078131318911 -18.9516702084697 25.5074038589985 -17.774818979154 -19.3538221547487 24.7136595080671 -17.9028034460267 -16.3840709170975 28.4149516000046 -14.1451719782089 -16.1749775748692 28.6359525071064 -13.2693106412058 -17.0531486983335 27.9177993052768 -15.1725839840201 -13.7950642840526 29.5777903398956 -8.91179694041908 -19.4057858838557 24.6362495348818 -17.8067053596046 -19.5823601843609 24.0709248113636 -17.9946033994297 -9.7433547915008 29.5690253905161 0.249287674514452 -10.2824134918151 29.7998163485626 -1.98309972739621 -17.6464095143356 27.3790056275615 -16.0190643553896 -17.4654725947378 27.6592040419257 -15.3411412811561 -17.8274899060091 27.1915883852433 -16.2601451473842 -18.1650382011437 26.8069376105191 -16.6798682818838 -15.1863520822339 29.1306844855086 -11.5079662771492 -15.4442160957941 29.0178227728387 -11.9757961676459 -15.7513637645679 28.9435039279356 -11.34869893621 -15.6950047254251 28.8975999984841 -12.4255390001059 -19.4599527285918 24.5457450529898 -17.6882730696895 -13.9326701948605 29.5465308109347 -8.67618621136769 -19.156910349829 25.2541914362577 -17.5787445487658 -10.154098010814 29.5429035840482 -0.0619142606677112 -17.8287443561849 27.2470690601934 -16.0654307300504 -16.6383081083071 28.331718861204 -14.0405448110358 -16.8575276962962 28.1711596859775 -14.3963047313231 -17.0684487736281 28.0053561562773 -14.7318101793928 -9.15614694059298 29.232528230878 2.61690821449234 -19.5272914434205 24.4155040847457 -17.5073843426309 -19.6968241711841 23.8598564559977 -17.6108982803554 -14.4223480163925 29.4212998438537 -9.39241170490032 -14.1948692496439 29.459555376457 -8.21327096283675 -17.8296654480541 27.2956945979996 -15.8669271731927 -17.8308892613177 27.3727253324361 -15.4597752381972 -17.9995956132005 27.1082139493876 -16.0980844437352 -10.6587573602026 29.5038643754558 -0.468045849141754 -11.410292222464 29.6964300242268 -2.83306445804268 -15.963788717843 28.8122763518302 -12.3361295332724 -14.8887105518143 29.2790664448294 -10.0784560313716 -19.5975986703965 24.2511674105163 -17.2634186077789 -16.6592984961375 28.3823970947084 -13.5625098315739 -17.0953666280687 28.1007529296184 -13.8162878347078 -18.1594483311641 26.9622888470957 -16.1162163981823 -18.1531069441988 27.0571814625318 -15.521945939452 -18.4617108958977 26.5267400467912 -16.6631978345603 -19.3473184219916 24.9331595117826 -17.2628476856329 -17.2815377399338 27.8999210796267 -14.605962931885 -15.0025224431919 29.2390748784439 -9.86070748362236 -10.098240070365 29.1829823834896 1.84649745930117 -19.6490470827415 24.1050983785834 -17.0335116374324 -19.7962155787255 23.5785572219306 -17.0504516685385 -18.3087875558575 26.809142305269 -16.1190174951298 -11.4195018659604 29.4276164279047 -1.13113601154321 -17.4761019261421 27.7536480785588 -14.6931726583126 -17.4865145106721 27.7898861063527 -14.0239542503798 -16.2312507074488 28.6886986850601 -12.2522417961899 -16.459273707098 28.5510985598964 -12.6741168582509 -16.6793077880081 28.4070560299559 -13.0756166991104 -15.1131236948346 29.190674329478 -9.64535633785793 -18.4480983330624 26.6486228758592 -16.105678636316 -18.4358338895067 26.7113907179366 -15.5211134692292 -18.717645987976 26.2178916001128 -16.5805509024111 -19.704015079802 23.9138292884284 -16.7160556091011 -17.6596264567299 27.6000799784846 -14.7675340466264 -19.4908590265577 24.5955381568664 -16.8655601000974 -15.5385621335924 29.0292160291822 -10.3100891318196 -15.3262432434655 29.0689934493296 -9.22337040190228 -18.5778657085606 26.4805791108175 -16.0753907234793 -19.7420496120353 23.7507089962618 -16.432205330259 -16.2582659384186 28.6768511099687 -11.7340433848325 -17.8325520077874 27.4390723040956 -14.8282205301681 -17.8360746839573 27.4486627194276 -14.1788186783623 -16.9077209372874 28.2612957808548 -12.9748745167556 -16.7193623457352 28.38114582229 -12.0844815051599 -11.2699287419753 29.0828418549 0.749335207782192 -11.9084677837792 29.3652336899743 -1.59036784239629 -18.6985747281338 26.3048595620956 -16.0273446583578 -18.9368845605106 25.8791469142003 -16.4255161023636 -18.6827783433672 26.3341713843743 -15.4507379118373 -19.7750127721259 23.5796829856156 -16.1229922475337 -19.8844196629166 23.1203925077665 -16.0504673566526 -17.1152836195975 28.105311246217 -13.109175571714 -17.1375724390854 28.0552856828275 -12.3931523692863 -19.6059400803478 24.2171318177325 -16.3562865739599 -15.8210195888725 28.8704167240205 -10.2576908570907 -16.0570877993399 28.7592417733522 -10.7452069847971 -16.3435531728979 28.4971522315723 -10.1677905095628 -16.2855277522818 28.6404678519907 -11.2124243168886 -18.1483688756709 27.0941603311395 -14.9052625163005 -18.1473796879338 27.0759488633593 -14.2741907184277 -19.8176334762046 23.2968681307205 -15.5885025732702 -11.9328150844143 29.0007307399687 0.0581484846396698 -12.4090908796794 29.2882348282568 -2.087741213783 -19.6640199105748 23.9646853678939 -15.9849418625951 -13.0736680548077 29.1613184462776 -2.79065484597167 -13.0131705259435 29.4489110299726 -4.25845414731886 -18.9147578826323 25.9297873214165 -15.8747416782138 -18.8976485519057 25.9243417475688 -15.3042793515848 -19.1234676966335 25.5092606327702 -16.1916820513451 -17.499043572378 27.7704783368044 -13.3413888343097 -18.4270779385124 26.7177563572227 -14.9176860834416 -18.4237620626108 26.6706106326641 -14.3033799703482 -16.7521684868986 28.2988733531848 -11.334853084336 -16.7897215364357 28.165789812419 -10.588116645771 -19.1005281628122 25.5221945694335 -15.64139690979 -19.0841527612481 25.480720093244 -15.0751978727804 -19.2814364794769 25.1069873995387 -15.8726373662831 -19.7475585873313 23.4786440534605 -15.2101408455135 -19.8402125359444 23.1048042317803 -15.2108417028142 -17.8435915810124 27.4042302406716 -13.5194392355006 -13.0379716151852 28.8077325910859 -1.20890666068984 -13.5550705087717 29.0481835300586 -3.32987448864664 -18.6722046050316 26.3087045798775 -14.8588786983229 -14.1560022060299 28.8763952825817 -4.0371273837112 -14.1622970141684 29.157789864778 -5.43986275946115 -17.164355454662 27.9534292819589 -11.6757900765738 -19.2597659349273 25.0808697217584 -15.3208375669927 -19.4148319921727 24.6710818582223 -15.4619706641049 -19.2459992175199 25.0021247071235 -14.7569535597327 -18.1520579714684 27.0054508779738 -13.6365534973141 -18.8872742839483 25.8658491966362 -14.7222278276762 -19.3963515652319 24.6046011940027 -14.9065908637279 -19.5276953178529 24.2002986525374 -14.9532705617378 -14.0524982935393 28.5467311301388 -2.49524611261066 -14.5711302109331 28.7311000384084 -4.54418448472971 -18.4275730697136 26.5730241688662 -13.6859583417779 -15.1445091530249 28.4735647785688 -5.2572183820245 -15.1929847775726 28.753002447824 -6.5906916264889 -19.0758123839823 25.388034405031 -14.5011209382332 -19.51416541998 24.0921774017781 -14.3921840139017 -19.2413443138532 24.8741044025942 -14.1889454967254 -15.0280723622488 28.1577229578635 -3.81069626226408 -15.5630950862468 28.2535928244943 -5.79748163267062 -16.1694549401419 27.8756955246214 -6.60525132044194 -16.5215167995917 27.9278574280688 -8.17053668275719 -16.2127125722407 28.1556119774052 -7.7949138018626 -15.9242633159279 28.0379012677722 -6.27545979298525 -15.5663698154068 27.88206691732 -4.5765600423716 -19.9763429352686 20.8823194452385 -10.1766759456814 -19.9812894023759 20.8627627666049 -10.1910137377205 -19.964878081052 21.1418968386873 -10.8632587366024 -16.4058685504388 27.7056138899881 -6.92647628607866 -16.7190013301042 27.4569139145224 -7.35527164295113 -17.0083764487504 27.5097427695857 -8.76440956256672 -19.7937799934256 22.3258585944074 -12.1832747241166 -19.8546484130582 21.9434820604403 -11.8099084889293 -16.9352474395253 27.2674939636953 -7.65230218973609 -17.4454294491047 27.0573553919543 -9.28823028802262 -16.3656110564143 27.3732422525103 -5.76205264964434 -19.6351571696857 23.1040651056168 -12.6398825271307 -17.2095928318812 27.003305288513 -8.02808904110799 -17.4071943495637 26.7942545287668 -8.29639090947604 -17.6894388162662 26.7649911293409 -9.57036372918106 -16.925686665457 26.9237368203765 -6.6166088350903 -17.5970963444139 26.5765354561615 -8.55079102575977 -17.8242057886447 26.291627134769 -8.84816864745977 -18.0577485377725 26.2560135882355 -9.96985872900699 -17.9974633008077 26.0538831299432 -9.06784881158542 -17.5499477349308 26.2987247182524 -7.57185030378995 -19.6964899568248 22.5101607986656 -11.5669732175438 -18.1914973986791 25.7636598279464 -9.3036628678887 -18.3851079012901 25.7181811571832 -10.2811829667716 -18.3496064181553 25.5059328094294 -9.48536385719104 -19.8210864522245 21.7683764438631 -10.8308647162009 -19.8736418045519 21.3916184959954 -10.3419789974178 -17.9709290663243 25.7782531025127 -8.19957123276419 -18.5151368869491 25.2128167181505 -9.66258767636428 -18.6762670733374 25.1527327242217 -10.5020116875969 -18.6594755138357 24.935190551546 -9.80347133152821 -18.3379190362867 25.2374263713041 -8.71796024495224 -18.8009831498152 24.6403788969904 -9.92621310034665 -18.6581667698772 24.6792295858769 -9.13033092303636 -3.88093301244095 23.2976330250795 -16.7887328022559 -0.592237570283399 25.3330568587473 -16.0821483208718 -0.883729660144416 25.3415052492051 -16.0809772843663 -4.5902192778017 23.8580896478643 -16.7469529502982 -2.64772102052913 25.0149981690779 -16.2838053890443 -2.66432089521574 25.3237891563978 -16.1377040953306 -3.07675595733114 25.1730251477108 -16.2300907458339 -3.51573531124612 25.9171116155281 -15.8286182580978 -6.18083035612617 23.4050168024995 -16.9389137770476 -0.958150036439959 26.5018690458723 -15.2845088101902 -4.05543203744141 25.0833273996984 -16.3246484342237 -5.10625593259708 25.9057024196515 -15.948732532062 -2.6912379781101 26.4860845135575 -15.3513492877166 -7.95686976025013 23.8356744477639 -17.064065472102 -6.6933050822938 23.8086390073912 -16.9291357017781 -7.29038853023399 24.2011509871654 -16.9099251994019 -8.55066306510453 23.4609046360184 -17.1906457262547 -2.70390842045769 26.745911530382 -15.1150443941188 -5.50747254436386 25.4187929475952 -16.2709002828503 -6.25823612845922 25.9162004836893 -16.0518351737956 -5.90621777109294 24.9067588889817 -16.5424750278868 -3.11992821271099 26.6073612872401 -15.2652552511531 -3.79382807037943 26.3796980675263 -15.5011982070623 -6.08681152970368 25.4251543896043 -16.3220991664339 -3.92846542697262 26.6009370805307 -15.3201062585038 -6.47306195284759 25.4296624433778 -16.3595139391858 -7.00848923909433 25.9236723631805 -16.1320812228153 -9.05843021196625 23.8631588576434 -17.2045824582739 -4.76731508934753 26.673127645803 -15.3181476860201 -5.74387668391274 26.3747018260903 -15.6651718985993 -6.3444953454482 26.814996446133 -15.3419831106379 -4.59765846140259 27.0286805086373 -14.9508896344331 -7.71339484044185 25.4453855310479 -16.4980414638249 -7.73017597967825 25.9311601331889 -16.219447118123 -10.2141762854456 23.8957567477968 -17.3760646418805 -9.62709185263212 24.2530923476874 -17.2107768140101 -10.7615001559526 23.5307724306863 -17.5154218970104 -6.30392825608656 26.3790128856152 -15.7208626011339 -8.06817177767701 25.4501699990169 -16.5429843231562 -8.40260745000402 24.9449369906602 -16.8157063308286 -4.69419754803661 27.3119861755725 -14.6377815674879 -6.67735384452485 26.3819479497345 -15.7613500519792 -7.3105543886187 26.8206036973723 -15.4580052731358 -8.6069641204614 25.4576082437593 -16.6159143117252 -8.7991023717652 25.9423826289775 -16.3679445719682 -7.16424654333328 26.3858022680136 -15.818268201509 -8.94386284827018 25.462332945121 -16.6644345614933 -9.45029729414045 25.9489937021174 -16.4700115454852 -11.2532949992824 23.928060184342 -17.5520717918244 -7.52125076917808 26.3886159331412 -15.8630326511665 -4.80445644750707 27.6608987657066 -14.1956336463314 -5.67592103841956 27.6044270670519 -14.3621364947375 -12.1322676088509 23.9572219138676 -17.7174411582306 -11.659965821654 24.3074779335608 -17.5569546247632 -10.0705162183984 25.4781823672389 -16.8434677195068 -10.0749476610621 25.9549034778795 -16.5764520636724 -6.71176781977621 27.3557296780561 -14.8037709725563 -12.7282599157463 23.6062682444618 -17.8825971400637 -10.377086343438 25.4824016434933 -16.8967541071742 -10.674523833448 24.9868274761412 -17.1667210298107 -8.85799050682989 26.3985233662742 -16.054253755164 -8.90992348344646 26.8278526781999 -15.6942447204157 -5.94645210851651 27.8457657178155 -14.0495817860404 -6.41050431062019 27.6065581786749 -14.446132345439 -9.18155040038442 26.4006281615859 -16.1063243236912 -6.88522348928526 27.6075977066341 -14.5068393161702 -10.8824058725271 25.4891329209456 -16.9889434037199 -11.0758176175177 25.9627589739501 -16.7649095686596 -9.60274665565826 26.4030900099712 -16.1775942629837 -9.74411624199776 26.8295524083044 -15.8405790750676 -11.1715118691518 25.4928051286912 -17.044148881242 -11.6317109514056 25.9657725368587 -16.8792975980705 -8.02571044472181 27.3588214712882 -14.9877243264678 -9.91107191108494 26.4046452390656 -16.2323032796033 -7.57519234442494 27.6084329286847 -14.6043866720272 -7.20471929329756 27.8471613884683 -14.2139959881132 -10.4196527874169 26.4066356630116 -16.3273100508121 -11.1686647900748 26.8262412018828 -16.1292803150384 -8.35979744444492 27.6080437537986 -14.7292137713837 -12.0244391151779 25.5024591843681 -17.2175433151541 -12.6381502437271 25.9673185384317 -17.1042000651886 -9.24537059350778 27.3581041760213 -15.1950172771164 -11.1261223547797 26.407849683814 -16.4693007092481 -12.5289430235729 25.5069658117111 -17.3275031152926 -12.4084464345526 25.0186052687525 -17.5053711735056 -8.99349169905529 27.6063136911481 -14.8412514845619 -8.60070704473479 27.8443074932265 -14.4417397891593 -11.4021011736065 26.407700547945 -16.5279762375364 -12.7809432580513 25.5087557330443 -17.3844650899481 -9.40209172205297 27.6043391691296 -14.9189837239292 -13.0270344047895 25.510144714435 -17.4413805792548 -13.1239284925219 25.9655155826394 -17.2208581874741 -13.5869302254877 25.9616747121504 -17.3367715941651 -15.2781266841756 23.7139224107415 -18.4623395768292 -10.3920417707016 27.3520236955783 -15.4240682595671 -9.99459212778075 27.5999934155201 -15.0395650232175 -12.0974020199919 26.4053057575608 -16.6838651935451 -9.68271952449306 27.836777771009 -14.6534269362841 -12.584247839753 26.4014745912464 -16.7998865013368 -12.5251512517663 26.810619581908 -16.4514021783431 -10.6917805246395 27.5920805247068 -15.1936974851945 -12.8274859601431 26.3987379972205 -16.859953137407 -13.1547504801999 26.7967505260319 -16.6166546532088 -13.143008159675 26.3942317350046 -16.9399215910243 -11.231424420324 27.5833368529171 -15.3223279479716 -11.6723811595299 27.3351190429619 -15.7210982786967 -14.4189321688087 25.5083310414675 -17.7856893362578 -14.4468770080564 25.9470729856799 -17.563276949777 -10.8931927403678 27.8196023877738 -14.9290722726114 -13.3731441046532 26.3901761875349 -16.999682311588 -14.8252783590757 25.503279218822 -17.8923790654763 -11.9046469863762 27.5683479450193 -15.4944538731632 -13.8169904577494 26.3802177180587 -17.1182303626555 -14.0270266418252 26.7671118236594 -16.8613049018376 -12.6499722013618 27.311006606696 -15.9781744852728 -12.3923579252321 27.5539710822289 -15.6273232829585 -12.0236394841465 27.7908231532945 -15.2254177740585 -17.097594419257 23.7728052108204 -18.8998130849546 -15.4536989431868 25.4892175566603 -18.0608897736391 -15.1908709712825 25.0432015942082 -18.1708076737228 -12.7054736801342 27.542856203389 -15.7162524610359 -13.4527614833238 27.2803415568171 -16.2088289050108 -15.9581186730934 25.3275262626012 -18.2594513183716 -13.1575045973296 27.5237361794553 -15.8495928798377 -14.8947560504126 26.3403757199881 -17.4220186704638 -12.8571070830137 27.7579221844896 -15.4686560156856 -13.5888377659497 27.5014962084676 -15.9821760338999 -16.3002569594025 25.4526635056625 -18.2884908245179 -18.0435176415864 23.770793406625 -19.0701016690845 -17.8222411637428 24.0766016138296 -19.0034806847238 -17.5218512794758 24.3846726871977 -18.8992684452299 -13.9856458213858 27.6895871642771 -15.8309305601283 -3.71736630920959 30.1122623489973 -1.41176919360648 -3.49891348150481 30.048136532978 -0.385248126047502 -1.92054386636476 29.7844389114879 2.34641133647489 -4.71467917443464 30.138638414742 -2.16575108231556 -16.3907163367886 26.0997173144847 -17.9457430360439 -18.1520044421856 24.057188700417 -19.0435606917952 -17.2408844154595 25.2409910514578 -18.5790148661868 -2.24537560233525 29.8200627662103 2.03940810041538 -2.44093540488368 29.5985927375862 3.63297054651035 -4.37526749501233 30.1060379690006 -1.40717599862836 -1.24125140396651 29.5389050642631 4.09401752049213 -3.33668879611545 29.9639044889586 0.614564785782184 -16.4160301487122 26.2182726178782 -17.867794631929 -18.5011231190498 23.746232751585 -19.0997386728089 -18.3234808297268 24.0417096556183 -19.054813574125 -2.85085589687301 29.8428062756091 1.79584061719338 -18.1631115190547 24.3333315124461 -18.9883219123222 -1.0724522995735 29.3633398631546 5.14543468901776 -4.97167821772485 30.1056980808138 -1.54333353541886 -17.4123473821473 25.3490161673619 -18.5561941134063 -15.2677817417532 27.3597459801848 -16.5414730673787 -14.8908655784261 27.1862629547635 -16.6619304315713 -14.391541650728 27.4468342742269 -16.2419509373758 -16.6227089943661 26.3079139420901 -17.8382024892879 -16.9990342278078 26.4600622332943 -17.7580091012847 -17.4313455691862 25.4709560925796 -18.4975735231131 -18.5194527162761 24.0188719457274 -19.0564990653271 -5.88687780562021 30.1342670193098 -2.4621750083891 -5.55202386956078 30.1039088842401 -1.69542527937707 -1.58272114966298 29.3029754393133 5.45813467758141 -5.21815859542362 30.0608568749932 -0.918151226863895 -1.42324631125967 29.177548551516 6.13063337973979 -1.76382114217298 29.284010858764 5.54909475664152 -18.8534778792454 23.7063857407743 -19.0698409505972 -15.5187231265437 27.5227157390008 -16.3736607272737 -18.7382770192763 23.9848303028708 -19.0390670122072 -18.5616339739274 24.2721006829868 -18.9935011219288 -6.11487793270795 30.1004278637724 -1.86215482589934 -2.04701181558111 29.2865044033589 5.51283824952652 -1.7322006595553 29.1656722322339 6.17166587452809 -15.9066540856374 27.2696772786202 -16.7652984858294 -18.8608358549339 23.9605874451098 -19.0171955919634 -6.99570437322138 30.1224383331112 -2.8165202740994 -19.0329286289243 23.6746919279912 -19.0240272365779 -6.66881301369676 30.0949170288306 -2.04546877575519 -2.6386259299932 29.2813357148389 5.47560770884115 -18.9285334681093 23.9451980814957 -19.0003283551566 -17.4132489719209 26.0513112347557 -18.1250536780365 -6.33788955240623 30.054675664184 -1.2613363137646 -18.8328314399383 24.2098124663692 -18.9550997275703 -19.0115731711585 23.9240251403826 -18.9740524970159 -19.1945702644083 23.6360573434381 -18.9548860762859 -7.19918148819156 30.0872748661145 -2.23956586648899 -2.73028009133021 29.0963523431157 6.40953005867405 -16.4977425722776 27.1567859700936 -16.969348737159 -16.2902819783493 27.006548835597 -17.1297800039021 -18.197219930451 25.3022328248133 -18.5986404977299 -18.3812217245737 25.4422239738216 -18.4607045371439 -18.2865342741341 25.1662834019257 -18.6635197116364 -18.4057277335909 25.0200506609973 -18.7213711459203 -19.1064856780773 23.8961754543087 -18.9350142971692 -17.6080573319328 26.1059930773681 -18.0797578247164 -18.9997414361488 24.1587235896134 -18.9039855738213 -8.04381505371835 30.1010354080284 -3.22300201381402 -19.1746635910121 23.8733085615097 -18.8998131070466 -7.72825020652821 30.0768696274243 -2.4520092846326 -19.3281939052277 23.5938551126169 -18.8687936442136 -17.5098815405323 26.3321463635139 -17.8820687441392 -7.40339382636493 30.0401030374982 -1.66465396639515 -17.8853562460572 25.9192659684766 -18.2067841728602 -17.9607962818876 26.1686145706363 -17.9550444236678 -19.2549700346936 23.842671909375 -18.8489647862218 -16.6758903434162 27.2883748514397 -16.791115120556 -19.4198103008938 23.55745423494 -18.7883903053508 -8.22719029280297 30.0640211897235 -2.67023469469141 -19.1639598352593 24.0946842079878 -18.8228001534003 -2.88880508190701 28.740290491317 8.01719489428344 -19.3094131418648 23.8192042759064 -18.8075774683005 -17.0048506322788 27.0271300327737 -17.1331879462405 -19.3441985399144 23.8028831195353 -18.7777016959304 -17.3422681354096 26.7503264659549 -17.4466931801555 -9.03379779905092 30.0678484864264 -3.6758387127703 -19.3941622366423 23.7773706698054 -18.729396281952 -3.41633859825699 28.7731713474209 7.77120172414107 -19.2773466570341 24.0394391971229 -18.7412814085669 -8.73284733567101 30.0474361883795 -2.90977090233627 -19.5231893629728 23.5062445881858 -18.6682581419123 -8.41717498651576 30.0147573351832 -2.12331250831681 -19.4576411483033 23.7408485192521 -18.6572296864303 -4.23431590071124 28.9591643540833 6.73953140173301 -3.9334986598723 28.7798528788173 7.61694478802962 -19.596483868279 23.4610326646471 -18.5569678735603 -18.278465571889 25.8527421982678 -18.1475048540643 -19.3784739521137 23.9797114993656 -18.6438432147648 -9.20140546609968 30.0283054018634 -3.14883566829694 -19.5016040087625 23.7123431730917 -18.5987398282987 -3.64260396768338 28.5878204470367 8.4963862697167 -17.4968980568942 26.8534768686265 -17.2680417429448 -19.5295551500978 23.6926134547119 -18.5572651549225 -9.84994405409723 30.0275729448047 -4.10308812625023 -9.50577385954026 30.013651212939 -3.31321394012704 -19.5694963233951 23.661913031648 -18.4912655781363 -4.4493604107548 28.786269850444 7.43910160898001 -19.4693383566559 23.9146824923661 -18.5288767097107 -9.26124473055829 29.9818218224565 -2.56491280615218 -19.6880275023777 23.3895211669005 -18.3733571456454 -17.7034507570063 26.7613757673378 -17.3127514044374 -17.4767781244096 27.0088176925489 -17.0365775252745 -19.6238040516688 23.6145293799208 -18.3862725134484 -5.26628658977902 28.9690365496622 6.34747039637596 -9.95055461192449 29.9886360422664 -3.56666271705959 -4.95998730391447 28.7920964809554 7.23883949604106 -19.5533022084737 23.8414708828796 -18.3904013692103 -4.66008502632093 28.6021092706126 8.13381524391529 -19.6691128273993 23.5688057209715 -18.2817987644644 -18.0952320013999 26.415213450347 -17.5769834436092 -17.8965069661373 26.6633742218509 -17.3451971088924 -10.7323186856296 29.9664527888988 -4.62341944142269 -17.7467467795264 26.8764891208203 -17.0972380771553 -19.6989051059341 23.5349049646152 -18.2025699190282 -10.4094000854588 29.9577163320532 -3.84505855054316 -5.46479660038494 28.7970336465061 7.01652741190061 -10.0657020853959 29.9370573256433 -3.03952746338581 -19.7424573080353 23.4784316964861 -18.0676235171018 -6.27984627798641 28.9743176331627 5.86611587837082 -10.8259245469498 29.9244527800992 -4.11310302240029 -18.1541050953648 26.5100954711588 -17.3688617665726 -5.97091987419719 28.8008141595693 6.76869756854388 -5.66442060333484 28.6139390006966 7.6773319220477 -19.7937711410144 23.3978587798228 -17.8695005716127 -18.4516154718711 26.1796998509665 -17.5661325517488 -18.3162933497614 26.3969318352744 -17.3678636466251 -18.1589507912719 26.6221721092495 -17.1481322907325 -6.46597554010211 28.8030008596861 6.50148996539401 -11.3958099701231 29.8695381306939 -4.50417640782343 -11.0286512826777 29.8606259319732 -3.68073299633501 -11.905151152244 29.8462874361247 -5.414998020111 -19.8466349890345 23.2910240161502 -17.5983045386885 -18.4444538012925 26.296089931884 -17.3553261301366 -7.27790395722413 28.9721392872167 5.29359724079811 -6.96940116258068 28.8032569340196 6.20395817214838 -6.65895626588247 28.6207192382194 7.12382886733067 -18.7132078957716 25.952474465533 -17.497271960797 -18.5855107931413 26.1708708327738 -17.3260100020555 -19.8879950265822 23.1796210737129 -17.3069920159112 -18.4511991027282 26.3867674731291 -17.1329640575919 -7.45582756292591 28.8011525664204 5.89112470575915 -12.1535892842005 29.7760017100995 -5.06912477253742 -18.714683618974 26.0401833374658 -17.2807472818751 -7.95811958275687 28.7960031591388 5.54128808756846 -8.35900798670158 28.9569093775558 4.55691327909532 -18.9476342524163 25.6877896722114 -17.3594515829154 -7.64661771613422 28.6192124676044 6.46925184302174 -18.8349847234713 25.9013504346027 -17.2178804129077 -18.7161363961048 26.1130958584002 -17.0550615502893 -12.452953687855 29.6821439468278 -4.78437099524853 -12.9519644463514 29.6450257267039 -5.72139801211139 -19.9567063473688 22.863731671019 -16.4452218355865 -19.923466801778 23.0488190904045 -16.9558259048544 -18.9446386077301 25.7568610001148 -17.137832197387 -13.3783030754224 29.6003941748302 -6.58040314818992 -8.57807704948097 28.7845214212066 5.07097309188516 -12.239592578142 29.586539794781 -3.53799147320191 -19.046281899504 25.6037722806551 -17.0382753200772 -9.41848922654552 28.92277065168 3.71100505346184 -9.07671140875946 28.7702873924165 4.66103374995072 -8.72235869281161 28.6031475878639 5.63157225219134 -19.9776196906927 22.6650432010432 -15.8826969348627 -13.6095511369503 29.5046256430795 -6.30305510532442 -19.1504325413019 25.422625997965 -16.9027349811004 -9.54485676047536 28.7520522832977 4.24987472127419 -19.234469582185 25.2536064248337 -16.7605355530239 -13.799278696109 29.402545148914 -6.00503849977937 -14.17677512858 29.3532339672016 -6.83632842419033 -10.0445101279918 28.7264552464497 3.78241224425476 -9.69822280898859 28.569635128362 4.75417341838172 -10.4578128721333 28.8626982123795 2.75607381144374 -14.5737621359933 29.2767157324819 -7.66684022436006 -19.954098337243 22.6215770078873 -15.2781261511991 -19.3156713096618 25.065353997167 -16.5859203504328 -19.3849036072084 24.8801673311922 -16.3988962156151 -10.6314420242307 28.6867917055217 3.19485106767423 -19.8703789959943 23.0423227095789 -15.4535667416892 -19.8597471499993 22.9042036381009 -14.8050474490739 -14.7538550154015 29.1628805782416 -7.40694691869833 -19.9667493126085 22.3024156609201 -14.4252690692916 -19.8906879644582 22.4962694555375 -13.9480721221535 -19.7468892811088 23.6275814309147 -15.8150763376547 -19.4525049262528 24.6712081756164 -16.1712664970051 -11.3979472429341 28.7768040292337 1.78150025526465 -10.7548463787106 28.5044525356543 3.67330017112404 -11.1285266832656 28.6435901787142 2.66426412877656 -19.970436912755 22.1312466150489 -13.9580093547171 -19.9046012064633 22.2698011174856 -13.4559225217481 -14.8950865469302 29.0479129150558 -7.12089556063711 -19.5090993462851 24.4690319106608 -15.9356595018735 -19.9719066873164 22.0385631122756 -13.702455830217 -15.2545222975958 28.9526024956649 -7.91671495982164 -11.4616811305578 28.6089085715152 2.2915667052443 -19.9731575304581 21.9436814418747 -13.4391129442103 -19.9176979253819 22.0341025389259 -12.9325942196478 -15.6356200801076 28.8189857273752 -8.71058782469932 -19.5438727052301 24.3295799155059 -15.7649791494281 -14.6810649901739 28.9807769740702 -6.01405706630858 -19.5919906257625 24.1132801619204 -15.4879581582627 -11.9630394964412 28.5467497906506 1.70472807008494 -11.6443657344279 28.4176880063902 2.65520268264533 -12.3272436189733 28.651777872817 0.712531109733083 -19.829655374744 22.9831433780913 -14.6439565550382 -15.7848975488642 28.67233284054 -8.4675245974517 -19.9768455531582 21.5969660287031 -12.4632799897514 -19.6434368557953 23.8453952704614 -15.1256624440439 -12.5199250894633 28.4614484175834 1.01634834230228 -19.6826658044001 23.609885862289 -14.7909773984412 -15.9293717773613 28.5131389059299 -8.2322308788982 -16.2715193320891 28.3640340065429 -8.98620686989133 -19.7186727101775 23.3653320189524 -14.4286551386795 -12.6825161199773 28.2660150440898 1.34094375217915 -13.0143519304411 28.3688405922982 0.373259877975004 -13.367698938004 28.4473274632361 -0.608421352023706 -16.5017831816862 28.1973542519252 -9.23413062290176 -19.8029504444323 22.8375179326478 -13.8347875065259 -16.6500548211485 28.0818421293385 -9.39395353259829 -19.8288491847777 22.5780187403151 -13.3807241833651 -13.5312093438072 28.2520290295053 -0.330356934005883 -16.8648061500291 27.9018848438914 -9.6248332775025 -19.841329782528 22.4447022759437 -13.1422284816621 -19.9940600227962 20.7033036611806 -9.84955300961182 -19.9953177455086 20.6975810307106 -9.85139411481991 -19.9913334456959 20.8192392680452 -10.2104698448544 -19.8535879812309 22.3089803081994 -12.8959586967284 -19.9928073902984 20.7088455938658 -9.8473107554961 -13.6508489489463 28.0583877865795 -0.00470419890436347 -13.9643230904818 28.1358102178694 -0.943730142060968 -17.0963413956781 27.6890878582368 -9.87153009368049 -14.3292320950068 28.1647572892543 -1.93155578158295 -19.9303685896339 21.535657580656 -11.5999659703738 -19.9714702730292 20.9003762671308 -10.1594139583955 -19.8777075291974 22.0302370888832 -12.3797027077224 -17.2923770351301 27.4916282523396 -10.0770208093032 -14.4733684366575 27.9543420181304 -1.67557318819205 -17.4999780144209 27.2628007779604 -10.2892534420164 -14.5960256346826 27.7443052044367 -1.40153272808985 -17.678674911703 27.0473898292791 -10.4655723664061 -14.9276846743267 27.7665490138512 -2.35427765406779 -17.7934552800433 26.8989444944628 -10.5747132613965 -15.2059186392989 27.6381746142185 -2.7817957305768 -19.9197564267724 21.4122711768357 -11.0578155894496 -19.9254670506409 21.2796301886586 -10.7148706395289 -17.9592997478725 26.6689187663905 -10.725151790803 -15.5889518745019 27.4424956538243 -3.38444766435392 -18.1307566962021 26.409494977187 -10.8692875570064 -18.2815881413 26.1606651925004 -10.9838582447197 -19.9435942164417 21.1070987108695 -10.42003323142 -16.0027835388493 27.2028311228864 -4.05272298862588 -19.9366594863179 21.1271912348751 -10.3820530092867 -16.3442096310953 26.9794047786331 -4.61608047511472 -18.5708461642342 25.6195610366139 -11.1600829488753 -19.9785641735845 20.7607427570085 -9.79165979289871 -16.6361895197538 26.7669760957072 -5.10513901565813 -18.8306219105384 25.0456547528217 -11.2492258466192 -16.9358119312765 26.5254214607316 -5.6124187686014 -18.9497235984046 24.748421974664 -11.2598104494211 -17.2634856807771 26.229542287168 -6.1710328494187 -17.5188935014715 25.9721594841852 -6.60694046104625 -17.7414932736688 25.7256528689105 -6.98520883195522 -17.960052977771 25.460529258181 -7.35305157614979 -19.2751417299288 23.7076238544707 -10.8953431940891 -19.1683956350865 24.0361294923049 -10.935696532679 -19.1746974778224 23.729540168233 -10.1479935599963 -19.2796089357499 23.4315472519173 -10.1737772942305 -19.3221855174659 23.5545153038279 -10.8684572088551 -19.3726999915595 23.3840095276524 -10.8326892834536 -19.3896230307495 23.0946079830389 -10.1776719349266 -18.1541964659322 25.2030567845656 -7.67481549727885 -18.8656224787086 24.380626554783 -9.66944181578672 -18.9327981515915 24.3429371777688 -10.0237397636906 -19.4703687549931 23.0351115161372 -10.741044545602 -19.4808755858376 22.7937674660008 -10.1596661063458 -18.9322559303837 24.2316898167617 -9.7273970137683 -19.0542857249749 24.046739000379 -10.096166627874 -19.5577082028148 22.6997240413183 -10.6305969666551 -19.5813962402085 22.437049714532 -10.1134284630902 -18.5103357805329 24.6664284787549 -8.24469501039923 -19.8953275807534 21.1993273173093 -10.0217077422381 -19.900271097565 21.1965960614765 -10.0821376788722 -19.859482555609 21.4023041279749 -10.1847264832871 -19.6473427132082 22.3301492188838 -10.484823990051 -19.6614400231487 22.131703141897 -10.0534428248068 -19.8148610351706 21.6026556185673 -10.2351498719865 -18.8135762126795 24.1276466922927 -8.69585196825935 -19.0766907941762 23.6831125376451 -9.30678972005434 -19.1929941889377 23.4016423647733 -9.4212499164055 -19.2492110366409 23.2577327210264 -9.47095232334003 -19.7805675995851 21.6665441459787 -10.0084084597027 -19.8019701915204 21.5827128933277 -10.0113886265169 -19.73593571578 21.8285414594025 -9.97613647964471 -19.8241591757772 21.4430370152183 -9.85346725786164 -19.30943526283 23.0973556123434 -9.51957530514506 -19.8356932299902 21.4233085877715 -9.93876659317112 -19.9228391573507 20.9884554472551 -9.71974023061627 -19.9251529062166 20.9919312712025 -9.76484998123091 -19.4103371430744 22.8129303130734 -9.58889936589206 -19.8332088622613 21.4182995586619 -9.89100444301133 -19.8732055508967 21.2149813307575 -9.76858592850786 -19.9208452825975 20.9831667653046 -9.67327040396716 -19.5139259919144 22.497980383187 -9.64156716620821 -19.6848629759431 21.917683846909 -9.67663660188805 -19.9601722495815 20.7761536509376 -9.5584231672278 -19.8353140133313 21.3291056045492 -9.63645655779813 -19.9598637505454 20.7740216993414 -9.54625496456151 -19.9596011955358 20.7716556409742 -9.53395137304336 -4.84288425312634 23.2234692672137 -16.8532504591465 -5.31000262340098 23.1872890047888 -16.8891352373043 -5.51772227148619 23.7878383091624 -16.827498626016 -5.07157580327298 23.4142834816499 -16.8493166877174 -0.617836320626513 25.9445677486369 -15.7142195379465 -0.921890417982761 25.9415860978569 -15.7200193098922 -1.51056384565086 25.7397311728413 -15.8639734010364 -4.3233406955492 24.4868682998892 -16.5691476408919 -1.81483060524621 25.9326320709658 -15.7455106953584 -7.08016479384857 23.223279539918 -17.0419861210468 -2.1130175199819 26.1213456415439 -15.6205244190625 -2.67927406095132 25.924808089813 -15.7817439279492 -5.71649659507252 24.3609920315332 -16.7114448364835 -6.04565227672991 24.1791117478726 -16.7890195120767 -2.96118479703623 25.92214223799 -15.7962838962005 -7.71541324768827 23.238996247202 -17.1093201301344 -6.30174329539152 24.3699242272203 -16.7622675150997 -6.56297233480131 24.8568698222055 -16.6265553772935 -6.88398769104963 24.83212493897 -16.6702357011511 -9.3786417159062 23.2873728665664 -17.3187766878775 -8.18592937422631 24.4043087899779 -16.9656445079976 -7.16757564443211 25.0411136932369 -16.6191819455442 -7.50885299279707 24.8420415258507 -16.7386369163428 -9.96125153070554 23.3068199454472 -17.4039538366756 -8.73289019910108 24.4158101548242 -17.0365725385365 -8.99804808452352 24.897451057846 -16.9198276704973 -9.28837335776942 24.8738055931941 -16.9729120856782 -11.5336400658588 23.3657103659877 -17.6657636601106 -10.451865948642 24.4557333744953 -17.2963774510111 -9.55687596529742 25.0802637625938 -16.936019886545 -9.85738874928437 24.8848192022219 -17.0606861853004 -11.9760080428941 23.3839004650474 -17.7479743257356 -6.01049258142561 27.2225671055794 -14.8751710271113 -10.9667590085572 24.4685760567136 -17.3854487895232 -11.4188551815875 24.9158771466408 -17.3350875968341 -13.5021178448885 23.4514020865786 -18.0602461152092 -13.1478611951838 23.9922805187358 -17.9272509932559 -12.2763231471158 24.5020751686013 -17.6359629179343 -13.6409811586612 23.767414187527 -18.0664644219798 -13.9004980309162 24.3700320111256 -18.0326672210954 -12.7831169504879 24.5149529347283 -17.7421303090161 -13.8799498288016 23.6547242186835 -18.1316473833428 -14.1214272218539 23.7866239819067 -18.1756621091849 -14.5801017086218 24.0413411260548 -18.2547944495017 -13.4710956436518 24.9525009347828 -17.7717387681159 -14.3112943904225 24.6618147940729 -18.0632663063768 -13.8033804051682 25.1457045003853 -17.7831754808905 -14.1732326024126 24.9610200018964 -17.9398970512358 -15.0284773675475 24.2839673226957 -18.3268533083654 -14.5062411871482 24.8019164231684 -18.07280936356 -14.9002214757721 24.5605852171843 -18.2363102705592 -11.8872962422916 26.8863710666749 -16.2331893263943 -15.2403275232275 24.4001946856807 -18.3579824442707 -14.7428481547517 24.8849530950639 -18.1076159027176 -15.4598674881789 24.2930979773884 -18.4342717621476 -15.8818342759362 24.0787399454615 -18.5749200340498 -16.2064304783239 23.5767382686017 -18.7005341152894 -16.2205305470714 23.8628356676548 -18.6843397660047 -16.2409038114927 24.4105208977315 -18.6092171494489 -15.5431937620436 24.5679652806997 -18.3983525920323 -16.3840483047364 23.7548918991122 -18.7336102476204 -16.4977827884214 23.870125463269 -18.7516287037968 -16.7143489179178 24.0920065030315 -18.7780367786996 -14.8642868260883 25.9352789030693 -17.6776744034639 -16.1022441463393 24.8788553373649 -18.4567123436867 -15.1782405812786 25.9237407461144 -17.765129371963 -16.276349634838 24.9500001616086 -18.477609451805 -16.1716781564087 25.0767670410558 -18.4089779733857 -17.5748638932253 23.6186543345252 -19.0077244225885 -17.3478714776532 24.0901268287467 -18.9184269187853 -16.7941773532394 24.5601851852945 -18.7098725637594 -14.218155664889 27.1225693823979 -16.5684011364436 -17.1103024380483 24.550241404697 -18.7820622509137 -14.8973965616727 26.780881935808 -17.0674379497472 -14.0305190664183 28.0294823481212 -15.3270372825925 -16.3562611023718 26.6284579306963 -17.5226459605955 -15.4768040457908 27.8428279776755 -15.8795765598679 -19.867827713066 23.0964473959113 -17.8325722498403 -19.9509994638105 22.9012289456161 -17.2341605874761 -19.8848358640732 23.2146466245187 -16.7798443775134 -20.0128169972963 22.5329872053884 -16.0642452242863 -19.2038123094006 25.2696141003616 -17.1774244139286 -20.0076015241925 22.3041244519887 -15.0625347486022 -13.4361444466823 29.3153161763519 -4.4317552670191 -13.674252574711 29.2557168934813 -4.68059578639131 -20.0034866013104 21.7124655050471 -13.1954128932832 -19.6750816821136 23.7941592559972 -15.3757457277585 -19.9953731124121 21.0560564775746 -11.0706836512203 -19.9635300438974 21.405446758119 -11.6822928766625 -15.7433976802632 28.4099209143155 -7.03281414408161 -19.7725974334744 22.861708698378 -13.526941181128 -19.9944626852772 20.649226017688 -9.66191336678271 -19.8789696738907 21.5868030619464 -11.0346254278064 -19.0724083454634 24.5216858769156 -11.5476439060628 -19.1131588712398 24.1965390026309 -10.946483780977 -18.9057759014875 24.6905194156257 -10.7773309506887 -19.2763094352208 23.8404064913661 -11.2783477158094 -18.9637495390837 24.4351402421957 -10.4887231971879 -19.4652058910144 23.1640526371399 -11.0591600927862 -19.9543338994675 20.8837189224426 -9.8350413422835 -19.9447684787979 20.9759682018677 -10.0006904113453 -19.8095623061081 21.6996406890897 -10.4699569705852 -19.6376386344271 22.4503840534849 -10.7339029273511 -19.7344476475896 21.9729304209928 -10.394562845503 -19.9824787136656 20.6795911420893 -9.57305898448332 -19.5902596360454 22.3258853149125 -9.88414457538509 -19.8996393066742 21.0590765425 -9.62326895785326 -15.5014734500788 25.0405855856038 -18.2516667128558 -15.3015037200916 26.3494363547205 -17.5178261930409 -20.0116555428501 21.4564525293913 -12.5601958798345 -19.9950169660441 20.6192699018755 -9.56365758968987 -19.6654500154037 22.0833316043417 -9.9545453613044 -19.5033204663455 22.5771792496082 -9.7635340957142 -19.7965052958091 21.4986416721341 -9.68409653656233 -19.9777547623814 20.7466299524929 -9.72986597282713 0 0 0 0.08425423252908 0 0.16850846505816 0 0.260078281511998 0 0.357464496366373 0 0.463524857425993 0 0.584423898594129 0 0.791911178423223 0 0.930242995005727 0 1.02344139181993 0 1.08820102145918 0 1.13677074368861 0 1.17319803536068 0 1.20692700913112 0 1.23728308552452 0 1.26763916191792 0 1.29799523831131 0 1.32835131470471 0 1.36882608322924 0 1.41436019781933 0 1.48876013741402 0 1.56614057978631 0 1.66357671578652 0 1.78307028989315 0 2 0.0321928097772911 0 0.0643856195545821 0 0.0996753766809559 0 0.135034206524221 0 0.170721654957922 0 0.206998960431987 0 0.244116435570531 0 0.282302656454242 0 0.321756315654013 0 0.362640722504197 0 0.405080377075185 0 0.449158897310279 0 0.494917735514488 0 0.542355419684234 0 0.591427368457155 0 0.642046574881034 0 0.69408558463027 0 0.747380178716778 0 0.80173500088224 0 0.856931071785952 0 0.912734774270077 0 0.956367387135038 0 1 0 1 0.0575171035646647 1 0.115034207129329 1 0.174471319439587 1 0.235387788633251 1 0.298169683867747 1 0.363237396962783 1 0.431049400207552 1 0.502107251159227 1 0.576959301149351 1 0.656195339002304 1 0.740411340519884 1 0.830093166670377 1 0.925313964543632 1 1.01514824008051 1 1.11214336788295 1 1.20030861955518 1 1.28682740908196 1 1.36974046641139 1 1.44796147941693 1 1.52120406995598 1 1.58966313707382 1 1.65376085855877 1 1.71401214435942 1 1.77096715645982 1 1.82518960188691 1 1.87724694865018 1 1.92770110899285 1 1.96385055449643 1 2 0.333333333333333 0.0625 0.5 0.0625 0.583333333333333 0.0625 0.666666666666667 0.0625 0.666666666666667 1.3125 0.583333333333333 1.25 0.666666666666667 1.25 0.583333333333333 1.3125 0.666666666666667 1.375 0.583333333333333 1.375 0.583333333333333 1.5 0.5 1.4375 0.583333333333333 1.4375 0.5 1.5 0.666666666666667 1.4375 0.416666666666667 1.75 0.333333333333333 1.75 0.333333333333333 1.6875 0.416666666666667 1.6875 0.583333333333333 1.5625 0.5 1.5625 0.5 1.6875 0.416666666666667 1.625 0.5 1.625 0.666666666666667 1.5 0.416666666666667 1.8125 0.333333333333333 1.8125 0.583333333333333 1.625 0.5 1.75 0.666666666666667 1.5625 0.583333333333333 1.6875 0.666666666666667 1.625 0.583333333333333 1.75 0.5 1.875 0.5 1.8125 0.416666666666667 1.875 0.666666666666667 1.6875 0.583333333333333 1.8125 0.5 1.9375 0.416666666666667 1.9375 0.666666666666667 1.75 0.666666666666667 1.8125 0.666666666666667 1.875 0.583333333333333 1.875 0.0321928097772911 0.04212711626454 0.0546869987451793 0.02808474417636 0.0498376883404779 0.04212711626454 0.0332251255603186 0.08425423252908 0.0498376883404779 0.08425423252908 0.078236527735059 0.05616948835272 0.0675171032621106 0.08425423252908 0.101918620494048 0.05616948835272 0.0853608274789609 0.08425423252908 0.261482909778617 0.0416666666666667 0.237017982907747 0.0625 0.286584141786035 0.0208333333333333 0.288724884451932 0.03125 0.27016614688266 0.0625 0.252027494145628 0.09375 0.288724884451932 0.0625 0.27016614688266 0.09375 0.303594367412399 0.0625 0.291221875699551 0.104166666666667 0.333333333333333 0.125 0.370880240834732 0.0416666666666667 0.389653694585432 0.03125 0.416666666666667 0.0625 0.375 0.0625 0.361111111111111 0.0833333333333333 0.375 0.09375 0.388888888888889 0.104166666666667 0.416666666666667 0.125 0.375 0.125 0.361111111111111 0.145833333333333 0.333333333333333 0.1875 0.455275187992315 0.0416666666666667 0.375 0.15625 0.458333333333333 0.0625 0.388888888888889 0.166666666666667 0.416666666666667 0.1875 0.375 0.1875 0.444444444444444 0.104166666666667 0.458333333333333 0.09375 0.472222222222222 0.0833333333333333 0.5 0.125 0.361111111111111 0.229166666666667 0.333333333333333 0.25 0.375 0.21875 0.388888888888889 0.208333333333333 0.416666666666667 0.25 0.458333333333333 0.125 0.444444444444444 0.145833333333333 0.375 0.25 0.458333333333333 0.15625 0.541666666666667 0.0625 0.361111111111111 0.291666666666667 0.333333333333333 0.3125 0.375 0.28125 0.472222222222222 0.166666666666667 0.5 0.1875 0.388888888888889 0.270833333333333 0.416666666666667 0.3125 0.458333333333333 0.1875 0.527777777777778 0.104166666666667 0.541666666666667 0.09375 0.555555555555555 0.0833333333333333 0.583333333333333 0.125 0.375 0.3125 0.444444444444444 0.229166666666667 0.458333333333333 0.21875 0.472222222222222 0.208333333333333 0.5 0.25 0.541666666666667 0.125 0.361111111111111 0.354166666666667 0.333333333333333 0.375 0.375 0.34375 0.388888888888889 0.333333333333333 0.416666666666667 0.375 0.458333333333333 0.25 0.527777777777778 0.166666666666667 0.541666666666667 0.15625 0.555555555555555 0.145833333333333 0.583333333333333 0.1875 0.625 0.0625 0.611111111111111 0.0833333333333333 0.375 0.375 0.444444444444444 0.291666666666667 0.458333333333333 0.28125 0.472222222222222 0.270833333333333 0.5 0.3125 0.541666666666667 0.1875 0.625 0.09375 0.361111111111111 0.416666666666667 0.333333333333333 0.4375 0.375 0.40625 0.388888888888889 0.395833333333333 0.416666666666667 0.4375 0.458333333333333 0.3125 0.527777777777778 0.229166666666667 0.444444444444444 0.333333333333333 0.541666666666667 0.21875 0.638888888888889 0.104166666666667 0.666666666666667 0.125 0.555555555555555 0.208333333333333 0.583333333333333 0.25 0.625 0.125 0.707023422691722 0.03125 0.375 0.4375 0.458333333333333 0.34375 0.693571170683371 0.0625 0.541666666666667 0.25 0.611111111111111 0.166666666666667 0.527777777777778 0.270833333333333 0.625 0.15625 0.361111111111111 0.479166666666667 0.333333333333333 0.5 0.707023422691722 0.0625 0.638888888888889 0.145833333333333 0.666666666666667 0.1875 0.375 0.46875 0.472222222222222 0.354166666666667 0.5 0.375 0.388888888888889 0.458333333333333 0.416666666666667 0.5 0.458333333333333 0.375 0.444444444444444 0.395833333333333 0.738593948755228 0.0416666666666667 0.541666666666667 0.28125 0.625 0.1875 0.611111111111111 0.208333333333333 0.734200833774453 0.0625 0.375 0.5 0.458333333333333 0.40625 0.555555555555555 0.291666666666667 0.583333333333333 0.3125 0.711689444738524 0.104166666666667 0.541666666666667 0.3125 0.625 0.21875 0.361111111111111 0.541666666666667 0.333333333333333 0.5625 0.734200833774453 0.09375 0.375 0.53125 0.472222222222222 0.416666666666667 0.5 0.4375 0.388888888888889 0.520833333333333 0.416666666666667 0.5625 0.458333333333333 0.4375 0.527777777777778 0.354166666666667 0.541666666666667 0.34375 0.77511091311162 0.0625 0.638888888888889 0.229166666666667 0.666666666666667 0.25 0.555555555555555 0.333333333333333 0.583333333333333 0.375 0.625 0.25 0.611111111111111 0.270833333333333 0.761798869226309 0.09375 0.375 0.5625 0.444444444444444 0.479166666666667 0.361111111111111 0.583333333333333 0.333333333333333 0.625 0.458333333333333 0.46875 0.472222222222222 0.458333333333333 0.5 0.5 0.541666666666667 0.375 0.625 0.28125 0.375 0.59375 0.458333333333333 0.5 0.527777777777778 0.416666666666667 0.444444444444444 0.520833333333333 0.541666666666667 0.40625 0.638888888888889 0.291666666666667 0.666666666666667 0.3125 0.555555555555555 0.395833333333333 0.583333333333333 0.4375 0.625 0.3125 0.388888888888889 0.604166666666667 0.416666666666667 0.625 0.222222222222222 0.805637059474408 0.166666666666667 0.833455589211612 0.166666666666667 0.770955589211612 0.375 0.625 0.458333333333333 0.53125 0.541666666666667 0.4375 0.611111111111111 0.354166666666667 0.625 0.34375 0.166666666666667 0.902621497502864 0.111111111111111 0.86571805780965 0.638888888888889 0.333333333333333 0.666666666666667 0.375 0.472222222222222 0.541666666666667 0.5 0.5625 0.458333333333333 0.5625 0.527777777777778 0.479166666666667 0.541666666666667 0.46875 0.555555555555555 0.458333333333333 0.583333333333333 0.5 0.625 0.375 0.611111111111111 0.395833333333333 0.388888888888889 0.666666666666667 0.375 0.6875 0.416666666666667 0.75 0.444444444444444 0.604166666666667 0.458333333333333 0.59375 0.923221948685343 0.0383447357097765 0.472222222222222 0.583333333333333 0.5 0.625 0.541666666666667 0.5 0.625 0.40625 0.458333333333333 0.625 0.527777777777778 0.541666666666667 0.956367387135038 0.0287585517823324 0.928465535892976 0.0575171035646647 0.541666666666667 0.53125 0.638888888888889 0.416666666666667 0.666666666666667 0.4375 0.555555555555555 0.520833333333333 0.583333333333333 0.5625 0.625 0.4375 0.611111111111111 0.458333333333333 0.375 0.75 0.333333333333333 0.75 0.361111111111111 0.708333333333333 0.444444444444444 0.666666666666667 0.956367387135038 0.0575171035646647 0.928465535892976 0.0872356597197935 0.166666666666667 1.01172069590997 0.111111111111111 1.0372141377597 0.111111111111111 0.98456146227522 0.166666666666667 0.965121497502864 0.541666666666667 0.5625 0.833333333333333 0.211443894316626 0.777777777777778 0.224295929544417 0.833333333333333 0.180985659719793 0.625 0.46875 0.970911591423359 0.0575171035646647 0.458333333333333 0.6875 0.527777777777778 0.604166666666667 0.166666666666667 1.04410051072959 0.952310357261984 0.0965018421896388 0.541666666666667 0.59375 0.833333333333333 0.242693894316626 0.777777777777778 0.286889894622582 0.638888888888889 0.479166666666667 0.666666666666667 0.5 0.555555555555555 0.583333333333333 0.583333333333333 0.625 0.625 0.5 0.388888888888889 0.791666666666667 0.375 0.8125 0.416666666666667 0.875 0.888888888888889 0.199119702690946 0.472222222222222 0.708333333333333 0.541666666666667 0.625 0.611111111111111 0.541666666666667 0.833333333333333 0.274084841933874 0.625 0.53125 0.638888888888889 0.520833333333333 0.666666666666667 0.5625 0.458333333333333 0.75 0.5 0.75 0.833333333333333 0.305334841933874 0.777777777777778 0.350245798987594 0.625 0.5625 0.375 0.875 0.361111111111111 0.833333333333333 0.333333333333333 0.875 0.444444444444444 0.791666666666667 0.166666666666667 1.13088537184431 0.111111111111111 1.14498959301643 0.111111111111111 1.11665725504926 0.888888888888889 0.261185824166999 0.555555555555555 0.666666666666667 0.541666666666667 0.6875 0.583333333333333 0.75 0.611111111111111 0.604166666666667 0.833333333333333 0.337868698481392 0.527777777777778 0.708333333333333 0.625 0.59375 0.166666666666667 1.14909901768034 0.638888888888889 0.583333333333333 0.666666666666667 0.625 0.458333333333333 0.8125 0.833333333333333 0.369118698481392 0.777777777777778 0.414516466735851 0.625 0.625 0.166666666666667 1.18034901768034 0.111111111111111 1.18920834816394 0.388888888888889 0.916666666666667 0.375 0.9375 0.361111111111111 0.958333333333333 0.888888888888889 0.324635693610177 0.166666666666667 1.19721350456556 0.111111111111111 1.23140336488521 0.472222222222222 0.833333333333333 0.541666666666667 0.75 0.611111111111111 0.666666666666667 0.833333333333333 0.403024700103776 0.458333333333333 0.875 0.5 0.875 0.166666666666667 1.22846350456556 0.222222222222222 1.16189934512023 0.833333333333333 0.434274700103776 0.777777777777778 0.479869083719742 0.625 0.6875 0.166666666666667 1.24364154276226 0.111111111111111 1.25164074914748 0.375 1 0.416666666666667 1 0.333333333333333 1 0.166666666666667 1.25881958095896 0.111111111111111 1.29271146674308 0.555555555555555 0.791666666666667 0.888888888888889 0.389762265723445 0.541666666666667 0.8125 0.583333333333333 0.875 0.527777777777778 0.833333333333333 0.833333333333333 0.469803625579613 0.638888888888889 0.708333333333333 0.222222222222222 1.21480900304371 0.472222222222222 0.916666666666667 0.458333333333333 0.9375 0.166666666666667 1.29006958095896 0.444444444444444 0.958333333333333 0.625 0.75 0.666666666666667 0.75 0.166666666666667 1.30524761915566 0.111111111111111 1.31294885100534 0.833333333333333 0.501053625579613 0.777777777777778 0.521535750386409 0.388888888888889 1.04166666666667 0.375 1.0625 0.333333333333333 1.0625 0.361111111111111 1.08333333333333 0.333333333333333 1.125 0.166666666666667 1.32042565735235 0.111111111111111 1.35739246597798 0.541666666666667 0.875 0.611111111111111 0.791666666666667 0.888888888888889 0.456885550455593 0.833333333333333 0.532303625579613 0.222222222222222 1.27671305397264 0.166666666666667 1.35167565735235 0.458333333333333 1 0.5 1 0.416666666666667 1.0625 0.625 0.8125 0.166666666666667 1.37191304161462 0.111111111111111 1.38606209368285 0.833333333333333 0.569729650574675 0.777777777777778 0.588153100383117 0.375 1.125 0.416666666666667 1.125 0.361111111111111 1.14583333333333 0.333333333333333 1.1875 0.555555555555555 0.916666666666667 0.541666666666667 0.9375 0.583333333333333 1 0.527777777777778 0.958333333333333 0.166666666666667 1.39468009890966 0.638888888888889 0.833333333333333 0.222222222222222 1.33861710490157 0.833333333333333 0.600979650574676 0.375 1.15625 0.472222222222222 1.04166666666667 0.458333333333333 1.0625 0.444444444444444 1.08333333333333 0.888888888888889 0.547188850769526 0.166666666666667 1.42593009890966 0.111111111111111 1.44687344507778 0.625 0.875 0.666666666666667 0.875 0.388888888888889 1.16666666666667 0.416666666666667 1.1875 0.375 1.1875 0.833333333333333 0.640597669501152 0.777777777777778 0.677065113000768 0.541666666666667 1 0.611111111111111 0.916666666666667 0.166666666666667 1.46313006870701 0.5 1.0625 0.5 1.125 0.375 1.21875 0.416666666666667 1.25 0.333333333333333 1.25 0.222222222222222 1.40895339927311 0.458333333333333 1.125 0.625 0.9375 0.888888888888889 0.619384880050552 0.166666666666667 1.49438006870701 0.111111111111111 1.51830023906678 0.375 1.25 0.833333333333333 0.703097669501152 0.458333333333333 1.15625 0.5 1.1875 0.555555555555555 1.04166666666667 0.541666666666667 1.0625 0.527777777777778 1.08333333333333 0.638888888888889 0.958333333333333 0.375 1.28125 0.416666666666667 1.3125 0.333333333333333 1.3125 0.166666666666667 1.53307028989315 0.458333333333333 1.1875 0.222222222222222 1.47542004580467 0.625 1 0.666666666666667 1 0.375 1.3125 0.166666666666667 1.56432028989315 0.583333333333333 1.0625 0.458333333333333 1.21875 0.5 1.25 0.541666666666667 1.125 0.583333333333333 1.125 0.888888888888889 0.715535559840729 0.833333333333333 0.745205670259942 0.375 1.34375 0.333333333333333 1.375 0.416666666666667 1.375 0.166666666666667 1.59557028989315 0.111111111111111 1.61823909852428 0.541666666666667 1.15625 0.583333333333333 1.1875 0.222222222222222 1.5428801932621 0.638888888888889 1.04166666666667 0.625 1.0625 0.666666666666667 1.125 0.611111111111111 1.08333333333333 0.458333333333333 1.28125 0.5 1.3125 0.166666666666667 1.64428835789326 0.888888888888889 0.773501502396753 0.833333333333333 0.790046583335188 0.222222222222222 1.58454685992877 0.833333333333333 0.852546583335188 0.777777777777778 0.818364388890126 0.375 1.40625 0.416666666666667 1.4375 0.333333333333333 1.4375 0.541666666666667 1.21875 0.458333333333333 1.34375 0.5 1.375 0.625 1.15625 0.666666666666667 1.1875 0.375 1.46875 0.416666666666667 1.5 0.333333333333333 1.5 0.222222222222222 1.65869223859551 0.166666666666667 1.67553835789326 0.541666666666667 1.28125 0.888888888888889 0.876802377071336 0.833333333333333 0.900156982271816 0.458333333333333 1.40625 0.833333333333333 0.962656982271816 0.777777777777778 0.933437988181211 0.625 1.21875 0.375 1.53125 0.333333333333333 1.5625 0.416666666666667 1.5625 0.541666666666667 1.34375 0.458333333333333 1.46875 0.375 1.59375 0.333333333333333 1.625 0.888888888888889 0.980154068208048 0.833333333333333 1.00757412004026 0.541666666666667 1.40625 0.833333333333333 1.07007412004026 0.777777777777778 1.04671608002684 0.458333333333333 1.53125 0.375 1.65625 0.458333333333333 1.59375 0.888888888888889 1.08409720265449 0.833333333333333 1.11857168394148 0.833333333333333 1.19390430977759 0.777777777777778 1.21260287318506 0.777777777777778 1.17093620651839 0.833333333333333 1.16265430977759 0.888888888888889 1.14581732914605 0.208333333333333 1.96875 0.166666666666667 1.96875 0.166666666666667 1.9375 0.833333333333333 1.22515430977759 0.833333333333333 1.26841370454098 0.777777777777778 1.28310913636065 0.375 1.84375 0.333333333333333 1.875 0.833333333333333 1.29966370454098 0.777777777777778 1.3524134888038 0.888888888888889 1.24571200954571 0.458333333333333 1.78125 0.833333333333333 1.34112023320569 0.833333333333333 1.37237023320569 0.777777777777778 1.39408015547046 0.888888888888889 1.32302262516445 0.833333333333333 1.40362023320569 0.833333333333333 1.44273073970846 0.777777777777778 1.46182049313898 0.833333333333333 1.47398073970846 0.888888888888889 1.41840064860944 0.541666666666667 1.84375 0.833333333333333 1.51060203497799 0.777777777777778 1.52790135665199 0.833333333333333 1.54185203497799 0.541666666666667 1.90625 0.583333333333333 1.9375 0.888888888888889 1.48972184979097 0.833333333333333 1.57608156853691 0.777777777777778 1.59238771235794 0.833333333333333 1.60733156853691 0.888888888888889 1.55778906900993 0.833333333333333 1.63938042927939 0.888888888888889 1.6228079985442 0.0337585516310553 0.12638134879362 0.135891493992064 0.01872316278424 0.136320137725985 0.02808474417636 0.0595427381244072 0.15270831548132 0.118432592467809 0.0863644030781733 0.134968474962233 0.08741948835272 0.12668957845469 0.1014618604409 0.168018329430418 0.11866948835272 0.037037037037037 0.211316331808959 0.203869818932835 0.03125 0.12149675600683 0.136095323246173 0.166666666666667 0.17800423252908 0.202518156169083 0.09058474417636 0.0555555555555556 0.285046270402394 0.0555555555555556 0.232720265184359 0.0740740740740741 0.258484929887169 0.037037037037037 0.309185679057054 0.219021268827931 0.0916398294509067 0.138888888888889 0.1916832406929 0.166666666666667 0.223789140755999 0.111111111111111 0.205362248856719 0.210022911788023 0.10620974417636 0.195570830080904 0.130141240293933 0.138888888888889 0.214575694806359 0.209347080406147 0.13587711626454 0.138888888888889 0.230200694806359 0.166666666666667 0.255039140755999 0.0555555555555556 0.333739377829582 0.213638794344839 0.168093442122138 0.194444444444444 0.205265163183206 0.222222222222222 0.232526093837333 0.237124858183925 0.163138046918666 0.138888888888889 0.282526700024395 0.166666666666667 0.286289140755999 0.0555555555555556 0.388480473815248 0.0740740740740741 0.362325068974429 0.037037037037037 0.413495268352163 0.194444444444444 0.228157617296666 0.138888888888889 0.298151700024395 0.111111111111111 0.31001425929279 0.256722048960887 0.168346380252 0.194444444444444 0.243782617296666 0.222222222222222 0.274192760503999 0.138888888888889 0.322498253737989 0.166666666666667 0.334982248183187 0.194444444444444 0.264615950629999 0.138888888888889 0.338123253737989 0.166666666666667 0.366232248183187 0.0555555555555556 0.441510654345058 0.194444444444444 0.280240950629999 0.282259143751702 0.174730920168 0.277777777777778 0.210013046918666 0.0555555555555556 0.489753888049684 0.0740740740740741 0.466334742454497 0.138888888888889 0.392864349723654 0.166666666666667 0.397482248183187 0.259259259259259 0.252239618113777 0.037037037037037 0.521310558231165 0.138888888888889 0.408489349723654 0.111111111111111 0.419496451264122 0.194444444444444 0.341651873485989 0.222222222222222 0.348321498788791 0.296296296296296 0.223342031279111 0.277777777777778 0.241263046918666 0.194444444444444 0.357276873485989 0.277777777777778 0.262096380252 0.138888888888889 0.435004439988559 0.166666666666667 0.450512428712997 0.194444444444444 0.378110206819322 0.222222222222222 0.389988165455458 0.138888888888889 0.450629439988559 0.166666666666667 0.481762428712997 0.259259259259259 0.311671419764263 0.194444444444444 0.393735206819322 0.277777777777778 0.293346380252 0.296296296296296 0.278897586834666 0.194444444444444 0.420250297084227 0.222222222222222 0.467008285808664 0.277777777777778 0.330410749394396 0.138888888888889 0.498872673693185 0.166666666666667 0.542211949297065 0.259259259259259 0.37110322141475 0.194444444444444 0.458760357260831 0.138888888888889 0.529097433985219 0.111111111111111 0.515982918673374 0.277777777777778 0.361660749394396 0.296296296296296 0.345273832929597 0.194444444444444 0.474385357260831 0.138888888888889 0.544722433985219 0.277777777777778 0.382494082727729 0.138888888888889 0.560347433985219 0.166666666666667 0.573461949297065 0.166666666666667 0.604711949297065 0.037037037037037 0.695037812007712 0.259259259259259 0.431498817088041 0.277777777777778 0.413744082727729 0.194444444444444 0.515368530788853 0.296296296296296 0.400829388485153 0.194444444444444 0.545593291080887 0.222222222222222 0.54897463286471 0.277777777777778 0.452254142904332 0.194444444444444 0.561218291080887 0.222222222222222 0.590641299531376 0.194444444444444 0.58205162441422 0.277777777777778 0.483504142904332 0.259259259259259 0.505327639557791 0.138888888888889 0.656745154151424 0.166666666666667 0.667211949297065 0.296296296296296 0.468169428602888 0.194444444444444 0.59767662441422 0.138888888888889 0.687995154151424 0.277777777777778 0.524487316432355 0.194444444444444 0.62892662441422 0.222222222222222 0.653141299531376 0.259259259259259 0.567371977465362 0.277777777777778 0.555737316432355 0.296296296296296 0.537158210954903 0.037037037037037 0.862624077079534 0.138888888888889 0.739866974108698 0.111111111111111 0.708778359005784 0.277777777777778 0.576570649765688 0.259259259259259 0.622927533020918 0.12962962962963 0.781817335342348 0.277777777777778 0.607820649765688 0.194444444444444 0.712048444371494 0.296296296296296 0.592713766510459 0.277777777777778 0.639070649765688 0.138888888888889 0.818336823510631 0.037037037037037 0.979415283033626 0.0555555555555556 0.957402228640474 0.0740740740740741 0.926840838363532 0.296296296296296 0.676047099843792 0.718711296394323 0.171987532070361 0.744733611258151 0.164231298105542 0.808155079631246 0.0915785532399312 0.703703703703704 0.220598643181472 0.185185185185185 0.847238048729628 0.0555555555555556 1.00400142704758 0.12962962962963 0.917633672529245 0.801499057688591 0.107203553239931 0.841199246150873 0.120657106479862 0.722222222222222 0.205897964772209 0.849065158968412 0.0603285532399312 0.769788323502043 0.159022964772209 0.194444444444444 0.854129278488636 0.037037037037037 1.04961885034627 0.0555555555555556 1.03032776478982 0.797566101279821 0.137367829859897 0.0740740740740741 1.01507233061828 0.873784088874056 0.0530006140632129 0.722222222222222 0.237147964772209 0.138888888888889 0.943591479889042 0.277777777777778 0.777818529737204 0.259259259259259 0.736259453001928 0.277777777777778 0.701570649765688 0.203703703703704 0.881113185104171 0.222222222222222 0.935080998335242 0.148148148148148 0.950768152426982 0.0555555555555556 1.06270757960944 0.703703703703704 0.283129964874194 0.722222222222222 0.268444947311291 0.882210597418107 0.0795009210948194 0.740740740740741 0.253728608055666 0.897628910243064 0.0721729819181011 0.884832391021924 0.0890871050222635 0.037037037037037 1.11387634006568 0.296296296296296 0.810212353158136 0.0555555555555556 1.10242913825422 0.0740740740740741 1.08069080475605 0.722222222222222 0.299694947311291 0.884832391021924 0.103946383099828 0.899376772645608 0.0884699565881068 0.277777777777778 0.840318529737204 0.0555555555555556 1.12671399936894 0.703703703703704 0.345915266329198 0.037037037037037 1.15165279068858 0.722222222222222 0.331372899493797 0.886184556977579 0.135670822963534 0.0555555555555556 1.14088016835252 0.194444444444444 0.973400847122604 0.740740740740741 0.316545231203392 0.0740740740740741 1.1328058639181 0.0555555555555556 1.15909381418856 0.037037037037037 1.18977779755191 0.722222222222222 0.362622899493797 0.908677212390932 0.14317768120537 0.277777777777778 0.905040499167621 0.259259259259259 0.871906019269883 0.148148148148148 1.06263838640629 0.166666666666667 1.10660051072959 0.138888888888889 1.07190732424465 0.12962962962963 1.08682396784618 0.0555555555555556 1.18120319176231 0.203703703703704 1.00595623379942 0.0740740740740741 1.16913199218035 0.703703703703704 0.40900548891195 0.0555555555555556 1.19806767864753 0.722222222222222 0.394758233367925 0.037037037037037 1.22520448651362 0.222222222222222 1.00307400274415 0.740740740740741 0.379920755241148 0.194444444444444 1.04139385153151 0.222222222222222 1.07106700715306 0.0555555555555556 1.21916518700817 0.296296296296296 0.936693666111748 0.037037037037037 1.25218766552997 0.722222222222222 0.426008233367925 0.0740740740740741 1.20917957406009 0.947066415383624 0.156697621440057 0.0555555555555556 1.23434322520487 0.277777777777778 0.967540499167621 0.0555555555555556 1.244461917336 0.259259259259259 1.00204933516277 0.703703703703704 0.472456361239914 0.0555555555555556 1.2596399555327 0.944444444444444 0.186795511065266 0.0740740740740741 1.24010906651907 0.722222222222222 0.458684541859871 0.037037037037037 1.28611528899077 0.740740740740741 0.443961850151864 0.0555555555555556 1.2801753143305 0.925925925925926 0.231897771830399 0.944444444444444 0.217253745662099 0.037037037037037 1.31309846800712 0.203703703703704 1.11318895433429 0.0740740740740741 1.27066379260282 0.722222222222222 0.489934541859871 0.0555555555555556 1.29535335252719 0.962962962962963 0.202992936921261 0.277777777777778 1.03553350357653 0.0555555555555556 1.30547204465833 0.703703703703704 0.52801191679547 0.722222222222222 0.510767875193205 0.0555555555555556 1.32065008285502 0.944444444444444 0.248286806400125 0.0740740740740741 1.30121851868658 0.740740740740741 0.500468278035384 0.037037037037037 1.35152328797064 0.277777777777778 1.06678350357653 0.296296296296296 1.04452233571769 0.0555555555555556 1.34287189034134 0.925925925925926 0.294663733881641 0.722222222222222 0.542017875193205 0.944444444444444 0.279677754017373 0.0740740740740741 1.33289754389601 0.962962962962963 0.264914432222666 0.0555555555555556 1.36310927460361 0.259259259259259 1.11932211742443 0.277777777777778 1.09803350357653 0.703703703703704 0.591884366794372 0.296296296296296 1.08618900238435 0.0555555555555556 1.37744408845605 0.722222222222222 0.575326550191559 0.944444444444444 0.311402688738962 0.740740740740741 0.557396283589842 0.0555555555555556 1.40021114575109 0.925925925925926 0.359211785432135 0.722222222222222 0.606576550191559 0.277777777777778 1.14344967256011 0.944444444444444 0.34393654528648 0.962962962962963 0.328680924813569 0.0555555555555556 1.43061682144856 0.259259259259259 1.18806944938798 0.277777777777778 1.17469967256011 0.296296296296296 1.15813311504008 0.944444444444444 0.376499831343114 0.722222222222222 0.651032556500384 0.740740740740741 0.630072737794628 0.703703703703704 0.684021704333589 0.0555555555555556 1.4678167912459 0.277777777777778 1.20115450152185 0.925925925925926 0.425899072128864 0.944444444444444 0.410405832965499 0.962962962962963 0.394683020964594 0.259259259259259 1.24717401900545 0.277777777777778 1.23240450152185 0.0555555555555556 1.5035301882404 0.296296296296296 1.2174363343479 0.944444444444444 0.443967475331573 0.722222222222222 0.713532556500384 0.277777777777778 1.26335652698632 0.944444444444444 0.47949640080741 0.925925925925926 0.502060550794782 0.259259259259259 1.30927671962474 0.962962962962963 0.463347400607457 0.277777777777778 1.29460652698632 0.296296296296296 1.27973768465755 0.740740740740741 0.748476500630298 0.722222222222222 0.784182194445063 0.0555555555555556 1.59218983915529 0.0555555555555556 1.54222040942654 0.277777777777778 1.32555855245078 0.703703703703704 0.814454796296709 0.944444444444444 0.524648050964376 0.777777777777778 0.747714750945447 0.277777777777778 1.35680855245078 0.925925925925926 0.581177677323143 0.944444444444444 0.562074075959438 0.962962962962963 0.542085134359368 0.0555555555555556 1.6409079071554 0.722222222222222 0.846682194445063 0.277777777777778 1.39197669963656 0.944444444444444 0.598172090599951 0.277777777777778 1.42322669963656 0.740740740740741 0.875600792357112 0.722222222222222 0.904218994090605 0.944444444444444 0.637790109526428 0.962962962962963 0.617513173400735 0.925925925925926 0.663705259631195 0.703703703703704 0.936145996060404 0.0833333333333333 1.68518253683989 0.277777777777778 1.45646002290234 0.277777777777778 1.48771002290234 0.944444444444444 0.685865449421516 0.138888888888889 1.66251372820877 0.166666666666667 1.70678835789326 0.722222222222222 0.966718994090605 0.0833333333333333 1.74492932389321 0.166666666666667 1.76653514494658 0.194444444444444 1.61441760891101 0.277777777777778 1.52144009663105 0.925925925925926 0.743149467585789 0.962962962962963 0.704047413120972 0.944444444444444 0.727973450180306 0.0833333333333333 1.77480271741987 0.166666666666667 1.79778514494658 0.740740740740741 0.993384689402682 0.277777777777778 1.55269009663105 0.0833333333333333 1.79042771741987 0.722222222222222 1.02335804001342 0.944444444444444 0.756956421458318 0.0833333333333333 1.80605271741987 0.166666666666667 1.82903514494658 0.703703703703704 1.05723869334228 0.277777777777778 1.57352342996438 0.777777777777778 0.990077034104024 0.277777777777778 1.60477342996438 0.944444444444444 0.801797334533565 0.962962962962963 0.781335336529005 0.925925925925926 0.826799015379489 0.194444444444444 1.71261369177104 0.722222222222222 1.08585804001342 0.0833333333333333 1.86028514494658 0.277777777777778 1.64184611929775 0.944444444444444 0.853447771870857 0.277777777777778 1.67309611929775 0.740740740740741 1.11421742884841 0.722222222222222 1.1479681032592 0.277777777777778 1.70434611929775 0.962962962962963 0.877403169428448 0.944444444444444 0.901058170807484 0.925925925925926 0.927423469941005 0.722222222222222 1.1792181032592 0.25 1.75826757247329 0.722222222222222 1.20005143659253 0.25 1.78951757247329 0.944444444444444 0.95273401637584 0.722222222222222 1.23130143659253 0.25 1.80514257247329 0.104166666666667 1.984375 0.0833333333333333 1.984375 0.0833333333333333 1.96875 0.25 1.82076757247329 0.125 1.984375 0.962962962962963 0.97353875761073 0.944444444444444 0.997651154144279 0.722222222222222 1.26655456818033 0.925925925925926 1.02646650364768 0.208333333333333 1.89889257247329 0.25 1.96875 0.25 1.85201757247329 0.722222222222222 1.29780456818033 0.944444444444444 1.0496227213675 0.722222222222222 1.3324567444019 0.962962962962963 1.07046293687265 0.722222222222222 1.3637067444019 0.944444444444444 1.09812028526872 0.722222222222222 1.38454007773523 0.944444444444444 1.1289803485145 0.291666666666667 1.921875 0.333333333333333 1.9375 0.722222222222222 1.41579007773523 0.944444444444444 1.17306297435061 0.722222222222222 1.44966024656949 0.722222222222222 1.48091024656949 0.333333333333333 1.953125 0.944444444444444 1.22301031455045 0.375 1.953125 0.944444444444444 1.26626970931384 0.722222222222222 1.545200678326 0.375 1.984375 0.944444444444444 1.3049250171232 0.722222222222222 1.60869385617897 0.944444444444444 1.34638154578792 0.722222222222222 1.63994385617897 0.944444444444444 1.39407055751041 0.944444444444444 1.43318106401318 0.944444444444444 1.46884166460395 0.944444444444444 1.50546295987348 0.75 1.74100303608986 0.75 1.70975303608986 0.833333333333333 1.73200607217971 0.833333333333333 1.76048357822991 0.75 1.75524178911495 0.75 1.77086678911496 0.833333333333333 1.79173357822991 0.944444444444444 1.53949656948296 0.861111111111111 1.66178203536195 0.833333333333333 1.67063042927939 0.75 1.80211678911495 0.833333333333333 1.81884480094345 0.861111111111111 1.67740703536195 0.833333333333333 1.70075607217971 0.75 1.83129740047173 0.833333333333333 1.85009480094345 0.944444444444444 1.60623556780901 0.666666666666667 1.953125 0.625 1.953125 0.666666666666667 1.9375 0.75 1.86254740047173 0.833333333333333 1.87612347432509 0.708333333333333 1.921875 0.944444444444444 1.66841007145181 0.916666666666667 1.72300910826957 0.916666666666667 1.75148661431976 0.916666666666667 1.76572536734486 0.805555555555555 1.91540800960717 0.791666666666667 1.92243673716255 0.833333333333333 1.90135055449643 0.833333333333333 1.93260055449643 0.916666666666667 1.78135036734486 0.791666666666667 1.93505027724821 0.791666666666667 1.96875 0.75 1.96875 0.916666666666667 1.80846159005841 0.8125 1.93505027724821 0.833333333333333 1.95067527724821 0.833333333333333 1.96875 0.916666666666667 1.83764220141518 0.916666666666667 1.8892987515733 0.875 1.984375 0.916666666666667 1.93918819312053 0.895833333333333 1.984375 0.916666666666667 1.984375 0.0297713690622036 0.16060839026974 0.0277777777777778 0.1777219110078 0.0555555555555556 0.18693535695744 0.0383660978933209 0.169384045832307 0.170303870538914 0.0197782480587867 0.17009497832941 0.02966737208818 0.158386143873684 0.0489180775096933 0.0905197470656187 0.144401819363746 0.169419146947534 0.05933474417636 0.0277777777777778 0.246399273348179 0.180452150021384 0.0697514108430267 0.168743315565658 0.08900211626454 0.0833333333333333 0.19614880290708 0.0740740740740741 0.208339290332839 0.168501653520578 0.0988912402939333 0.0277777777777778 0.272562275957196 0.0833333333333333 0.219041257020539 0.108024691358025 0.231349291183416 0.106481481481481 0.244342812346764 0.0277777777777778 0.345601937097977 0.0833333333333333 0.297530264847592 0.117283950617284 0.257070774905974 0.106481481481481 0.270505814955782 0.0277777777777778 0.37297248509081 0.0833333333333333 0.321876818561186 0.108024691358025 0.336820860668402 0.106481481481481 0.350224161356209 0.0277777777777778 0.452517755885526 0.0833333333333333 0.403988462539685 0.117283950617284 0.36443755747869 0.106481481481481 0.377594709349041 0.0277777777777778 0.476639372737839 0.25 0.221269570378 0.0833333333333333 0.43050355280459 0.106481481481481 0.458482091221528 0.0277777777777778 0.56731365361394 0.0555555555555556 0.550203408633752 0.0833333333333333 0.502868403361529 0.0432098765432099 0.57922967755077 0.0740740740740741 0.603061725424429 0.0833333333333333 0.533093163653563 0.037037037037037 0.593742812009279 0.0432098765432099 0.611362250939505 0.0555555555555556 0.646601128799956 0.106481481481481 0.581704579704824 0.0895061728395062 0.63546933612527 0.117283950617284 0.606718104520357 0.106481481481481 0.629903439787927 0.0679012345679012 0.683472433271151 0.0972222222222222 0.65167314147569 0.0833333333333333 0.67768974390287 0.226851851851852 0.510348085173322 0.0740740740740741 0.701908085506748 0.101851851851852 0.670708213985722 0.0679012345679012 0.718053646576 0.0555555555555556 0.750344768714504 0.0277777777777778 0.771127973568863 0.0432098765432099 0.777019492961315 0.0740740740740741 0.788802531746219 0.0833333333333333 0.729561563860144 0.037037037037037 0.790356855084721 0.0432098765432099 0.803176109428626 0.0555555555555556 0.828814618116437 0.166666666666667 0.700021799261459 0.101851851851852 0.785309933544284 0.166666666666667 0.725957709240096 0.106481481481481 0.803569677628425 0.114197530864198 0.796318896866399 0.0277777777777778 0.914111760706708 0.0555555555555556 0.897980526407689 0.0833333333333333 0.847266337963043 0.25 0.677355974648532 0.0833333333333333 0.881849292108669 0.226851851851852 0.724153948686711 0.328703703703704 0.692190216588563 0.226851851851852 0.86301764887926 0.328703703703704 0.821772843245735 0.0277777777777778 1.44108849453261 0.0277777777777778 1.51549027342028 0.0833333333333333 1.55524503911103 0.0277777777777778 1.62788327747091 0.25 1.38288097586195 0.0416666666666667 1.70425301983986 0.787037037037037 0.86407368784615 0.787037037037037 0.887878887314464 0.0416666666666667 1.82167771741987 0.25 1.63173283427995 0.0416666666666667 1.93014257247329 0.125 1.89889257247329 0.787037037037037 1.11639455639494 0.291666666666667 1.76975878623664 0.1875 1.9921875 0.395833333333333 1.9140625 0.694444444444444 1.66372192808948 0.75 1.69412803608986 0.763888888888889 1.6432578742239 0.708333333333333 1.72987651804493 0.791666666666667 1.66675423268462 0.708333333333333 1.79168339455748 0.5625 1.9765625 0.5 1.96875 0.645833333333333 1.9140625 0.708333333333333 1.85314870023586 0.729166666666667 1.89221120023586 0.6875 1.9921875 0.875 1.85688283787014 0.895833333333333 1.96178159656027 0.111111111111111 0.734714268984421 0.196759259259259 0.747554768949161 0.0208333333333333 1.85660643118322 0.34375 1.99609375 0.854166666666667 1.87911669618328 0.895833333333333 1.83267221396427 0.90625 1.92554017406678 0.453125 1.986328125 78 34 35 79 38 39 80 39 40 81 41 42 82 83 84 82 85 83 86 87 85 86 85 82 88 89 90 88 91 89 92 90 87 92 87 86 93 94 95 93 95 96 97 91 88 97 98 91 99 96 100 99 100 101 102 88 90 102 90 92 103 104 94 103 94 93 105 98 97 105 101 98 106 93 96 106 96 99 107 97 88 107 88 102 108 101 105 108 99 101 109 105 97 109 97 107 110 99 108 110 106 99 111 103 112 111 113 103 114 108 105 114 105 109 115 112 106 115 106 110 116 117 113 116 113 111 118 108 114 118 110 108 119 110 118 119 115 110 120 121 115 120 115 119 122 2 1 122 1 26 123 26 27 123 122 26 124 122 123 125 122 124 125 2 122 126 125 124 127 27 28 127 123 27 127 124 123 128 126 124 128 124 127 129 127 28 130 128 127 130 127 129 131 132 32 131 32 33 133 131 33 133 33 34 134 131 133 134 133 34 135 132 131 135 131 134 136 132 135 137 135 134 138 136 135 138 135 137 139 137 134 139 34 78 139 134 34 140 137 139 140 138 137 140 139 78 140 78 141 142 78 35 143 36 144 143 142 35 143 35 36 145 143 144 145 78 142 145 142 143 146 78 145 146 141 78 147 146 145 148 144 149 148 145 144 148 147 145 150 148 149 150 141 146 150 146 147 150 147 148 151 141 150 151 152 141 153 38 79 153 144 36 153 36 37 153 37 38 154 151 150 155 153 79 155 144 153 156 150 149 156 149 157 156 154 150 158 152 151 158 151 154 158 154 156 159 149 144 159 144 155 160 159 155 161 155 79 161 79 162 161 160 155 163 164 152 163 152 158 165 163 158 166 165 158 166 156 157 166 158 156 166 157 167 168 161 162 168 160 161 168 159 160 169 159 168 169 157 149 169 149 159 170 163 165 170 165 166 170 166 167 170 164 163 171 169 168 172 79 39 172 39 80 173 164 170 173 174 164 175 173 170 176 162 177 176 171 168 176 168 162 178 175 170 178 167 179 178 170 167 180 169 171 180 157 169 180 171 176 181 79 172 181 162 79 182 181 172 183 172 80 183 182 172 183 80 184 185 173 175 185 178 179 185 175 178 185 174 173 186 157 180 186 167 157 187 186 180 188 176 177 188 180 176 188 187 180 188 177 189 190 162 181 190 181 182 190 182 183 190 183 184 191 192 174 191 174 185 193 191 185 194 179 195 194 185 179 194 193 185 196 167 186 196 186 187 196 187 188 196 188 189 197 162 190 197 177 162 198 197 190 199 198 190 199 184 200 199 190 184 201 41 81 201 40 41 201 80 40 202 80 201 202 184 80 203 192 191 203 191 193 203 194 195 203 193 194 204 179 167 204 167 196 205 204 196 206 205 196 206 196 189 206 189 207 208 199 200 208 198 199 208 177 197 208 197 198 209 202 201 210 192 203 210 211 192 212 210 203 213 203 195 213 195 214 213 212 203 215 205 206 215 206 207 215 204 205 216 177 208 216 189 177 217 179 204 217 204 215 217 195 179 218 216 208 219 81 220 219 209 201 219 201 81 221 200 222 221 208 200 221 218 208 223 202 209 223 184 202 223 209 219 224 81 42 224 42 43 225 211 210 225 210 212 225 213 214 225 212 213 226 217 215 227 220 81 227 81 224 228 216 218 228 221 222 228 218 221 229 200 184 229 184 223 230 189 216 230 216 228 230 207 189 231 229 223 232 211 225 232 233 211 234 227 224 235 219 220 235 223 219 235 220 236 235 231 223 237 232 225 238 215 207 238 226 215 238 207 239 240 214 241 240 237 225 240 225 214 242 226 238 242 195 217 242 217 226 242 238 239 243 195 242 243 214 195 244 224 43 244 234 224 245 230 228 246 235 236 246 231 235 246 229 231 247 222 200 247 229 246 247 200 229 248 234 244 249 232 237 249 240 241 249 237 240 249 233 232 250 243 242 251 245 228 251 222 252 251 228 222 253 220 227 253 227 234 254 230 245 254 245 251 254 207 230 255 247 246 256 233 249 256 257 233 258 253 234 258 234 248 259 256 249 260 239 261 260 242 239 260 250 242 262 241 263 262 259 249 262 249 241 264 243 250 264 214 243 264 250 260 265 207 254 265 239 207 266 265 254 267 244 43 267 43 44 267 248 244 268 236 269 268 255 246 268 246 236 270 252 271 270 251 252 270 254 251 270 266 254 272 222 247 272 268 269 272 247 255 272 255 268 273 252 222 273 222 272 274 258 248 274 248 267 275 256 259 275 262 263 275 259 262 276 241 214 276 214 264 277 278 257 277 257 256 277 256 275 279 276 264 280 279 264 280 261 281 280 260 261 280 264 260 282 265 266 282 270 271 282 266 270 282 239 265 283 273 272 284 277 275 285 279 280 285 280 281 285 276 279 286 261 239 286 239 282 287 276 285 287 263 241 287 241 276 288 286 282 289 272 269 289 269 290 289 283 272 291 288 282 291 282 271 291 271 292 293 273 283 293 252 273 293 283 289 294 275 263 294 284 275 294 263 295 296 297 298 299 277 284 299 294 295 299 284 294 299 278 277 300 287 285 301 261 286 301 288 291 301 291 292 301 286 288 302 252 293 302 271 252 303 302 293 304 305 297 306 289 290 306 293 289 306 303 293 306 290 307 308 285 281 308 300 285 308 281 309 310 263 287 310 287 300 310 300 308 311 281 261 311 261 301 312 311 301 313 292 314 313 301 292 313 312 301 315 302 303 315 303 306 315 306 307 316 271 302 316 302 315 316 292 271 317 299 295 318 317 319 318 278 299 318 299 317 320 295 263 320 263 310 321 320 310 322 46 47 323 321 310 323 308 309 323 310 308 323 309 324 325 281 311 325 311 312 325 313 314 325 312 313 326 316 315 327 321 323 327 323 324 327 295 320 327 320 321 328 309 281 328 281 325 329 322 47 329 330 322 329 47 48 331 328 325 332 326 315 332 307 333 332 315 307 334 325 314 334 331 325 334 314 335 336 316 326 336 332 333 336 326 332 336 292 316 337 314 292 337 292 336 338 339 340 338 340 318 338 318 319 341 319 317 341 295 327 341 317 295 342 343 330 342 330 329 344 345 346 344 346 347 348 328 331 348 334 335 348 331 334 348 309 328 349 350 351 352 337 336 353 48 49 353 329 48 353 49 50 353 342 329 354 327 324 354 341 327 354 319 341 355 324 309 355 309 348 356 345 344 357 343 342 357 353 50 357 342 353 358 355 348 359 350 349 359 360 350 361 336 333 361 352 336 361 333 362 363 358 348 363 348 335 363 335 364 365 352 361 365 314 337 365 337 352 366 338 319 367 339 338 367 366 368 367 338 366 369 359 349 369 349 351 370 354 324 371 324 355 371 358 363 371 363 364 371 355 358 372 314 365 372 335 314 373 360 359 374 372 365 375 362 376 375 365 361 375 374 365 375 361 362 377 354 370 377 370 378 377 319 354 379 360 373 379 380 360 381 335 372 381 372 374 381 374 375 381 375 376 382 367 368 382 383 367 382 384 383 385 366 319 385 368 366 385 319 377 386 387 388 389 379 373 389 373 359 389 359 369 390 371 364 391 324 371 391 371 390 391 390 392 393 335 381 393 364 335 394 380 379 395 370 324 395 378 370 395 324 391 396 393 381 397 387 386 398 396 381 398 381 376 398 376 399 400 368 385 400 377 378 400 385 377 401 380 394 401 402 380 403 364 393 403 396 398 403 398 399 403 393 396 404 405 387 404 387 397 406 382 368 407 382 406 407 384 382 408 384 407 409 401 394 409 394 379 409 379 389 410 411 405 410 405 404 412 400 378 413 395 391 413 391 392 413 378 395 414 364 403 414 390 364 414 392 390 415 402 401 416 412 417 416 400 412 416 368 400 418 411 410 419 404 397 420 402 415 420 421 402 422 403 399 422 414 403 422 392 414 423 411 418 423 424 411 425 407 426 425 408 407 425 427 408 428 429 424 428 424 423 430 413 392 431 415 401 431 420 415 431 401 409 432 413 430 432 430 433 432 378 413 434 378 432 434 417 412 434 412 378 435 421 420 436 422 399 437 410 404 437 418 410 437 404 419 437 423 418 438 416 417 439 416 438 439 406 368 439 368 416 440 429 428 441 406 439 441 426 407 441 407 406 442 422 436 442 392 422 442 436 443 444 445 429 444 429 440 446 421 435 446 447 421 448 425 426 449 450 427 449 425 448 449 427 425 451 452 450 451 450 449 453 445 444 453 454 445 455 432 433 455 434 432 455 417 434 456 392 442 456 430 392 456 433 430 457 435 420 457 420 431 457 446 435 458 447 446 459 423 437 459 444 440 459 440 428 459 428 423 460 454 453 461 439 462 461 441 439 461 426 441 463 448 426 463 449 448 464 456 442 464 442 443 464 433 456 465 466 454 465 454 460 467 447 458 467 468 447 469 452 451 469 463 470 469 451 449 469 449 463 471 472 452 471 452 469 473 455 433 474 438 417 474 455 473 474 417 455 474 473 475 476 438 474 476 462 439 476 439 438 477 466 465 478 464 443 479 453 444 479 460 453 479 465 460 479 444 459 480 468 467 481 471 469 482 461 462 483 461 482 483 426 461 483 463 426 484 463 483 484 470 463 485 446 457 485 458 446 485 467 458 486 487 466 486 466 477 488 478 489 488 464 478 488 433 464 490 470 491 490 481 469 490 469 470 492 472 471 492 481 490 492 490 491 492 471 481 493 494 468 493 468 480 495 474 475 495 462 476 495 476 474 496 433 488 496 475 473 496 473 433 497 487 486 498 483 482 498 482 462 498 499 483 500 491 501 500 502 472 500 472 492 500 492 491 503 477 465 503 486 477 503 465 479 504 484 483 504 470 484 504 483 499 505 488 489 505 496 488 505 475 496 506 480 467 506 467 485 506 493 480 507 508 487 507 487 497 509 500 501 509 502 500 510 494 493 511 499 512 511 491 470 511 504 499 511 470 504 513 495 475 514 462 495 514 495 513 514 498 462 515 498 514 515 499 498 516 505 489 517 501 518 517 519 502 517 509 501 517 502 509 520 508 507 521 491 511 521 511 512 522 497 486 522 507 497 522 486 503 523 516 524 523 505 516 523 475 505 525 519 517 525 517 518 526 508 520 527 514 513 527 475 523 527 513 475 528 521 512 528 501 491 528 491 521 528 512 529 530 499 515 530 527 531 530 514 527 530 515 514 532 493 506 532 533 510 532 510 493 534 519 525 534 525 518 534 535 519 534 518 536 537 538 526 539 499 530 539 512 499 539 530 531 539 531 540 541 520 507 541 507 522 541 526 520 542 523 524 543 527 523 543 542 544 543 523 542 545 531 527 545 527 543 545 543 544 546 518 501 546 501 528 546 528 529 546 529 547 548 538 537 549 550 533 549 533 532 551 526 541 552 553 550 552 550 549 554 536 555 554 534 536 554 535 534 554 556 535 557 540 83 557 512 539 557 539 540 557 529 512 558 547 559 558 518 546 558 546 547 558 536 518 560 544 561 560 531 545 560 545 544 560 540 531 562 555 563 562 556 554 562 554 555 562 564 556 565 566 548 567 529 557 567 83 85 567 557 83 567 547 529 568 569 552 568 552 549 570 555 536 570 536 558 570 559 89 570 558 559 571 572 569 573 83 540 573 560 561 573 540 560 573 84 83 573 561 84 574 575 564 574 564 562 574 563 576 574 562 563 577 559 547 577 85 87 577 567 85 577 547 567 578 563 555 578 555 570 578 570 89 578 89 91 579 580 575 579 575 574 579 576 100 579 574 576 581 569 568 581 582 571 581 571 569 583 87 90 583 90 89 583 559 577 583 577 87 583 89 559 584 585 582 586 563 578 586 91 98 586 578 91 586 576 563 587 579 100 587 95 580 587 100 96 587 580 579 587 96 95 588 100 576 588 101 100 588 98 101 588 586 98 588 576 586 589 582 581 589 584 582 589 590 584 591 592 593 591 593 594 595 594 590 595 591 594 595 590 589 596 597 598 599 592 591 600 601 592 600 592 599 602 603 104 602 104 103 602 103 113 604 601 600 604 605 601 606 599 591 606 600 599 606 604 600 606 591 595 607 106 112 607 112 103 607 103 93 607 93 106 608 605 604 609 610 605 609 605 608 611 609 608 611 604 606 611 608 604 612 610 609 613 614 610 613 610 612 615 614 613 616 613 612 616 609 611 616 612 609 617 111 112 617 112 115 617 115 121 618 619 614 618 614 615 620 619 618 621 111 617 621 116 111 621 121 622 621 617 121 623 613 616 623 615 613 623 618 615 624 625 619 624 619 620 626 625 624 627 620 618 627 618 623 627 624 620 628 625 626 629 628 626 629 626 624 629 624 627 630 3 2 630 2 125 630 125 126 630 126 128 631 28 29 631 29 30 632 28 631 632 129 28 633 630 128 634 129 632 634 130 129 635 634 632 636 130 634 636 635 637 636 634 635 638 4 3 639 32 132 639 31 32 640 636 637 640 637 641 642 639 132 643 644 645 646 5 4 647 642 132 647 132 136 648 641 649 648 640 641 648 650 640 651 647 136 651 642 647 652 642 651 652 641 637 653 648 649 653 650 648 654 651 136 654 652 651 655 653 649 655 649 656 657 646 643 658 641 652 658 652 654 659 641 658 659 649 641 659 658 660 661 658 654 661 654 136 662 655 656 662 656 663 664 657 665 666 6 5 667 649 659 667 659 660 668 662 663 668 669 662 670 138 140 670 661 136 670 136 138 671 656 649 671 660 672 671 667 660 671 649 667 673 663 674 673 668 663 673 669 668 675 663 656 675 656 671 675 671 672 676 673 674 676 674 677 678 666 664 679 674 663 679 663 675 679 675 672 680 140 141 680 670 140 680 141 152 681 670 680 682 678 683 684 676 677 684 677 685 686 672 660 687 7 6 688 689 684 688 684 685 690 672 691 690 679 672 690 674 679 692 152 164 692 680 152 692 681 680 692 693 681 694 690 691 694 677 674 694 674 690 695 686 693 696 685 697 696 689 688 696 688 685 698 691 699 698 685 677 698 694 691 698 677 694 700 696 697 700 697 701 702 672 686 702 691 672 703 685 698 703 698 699 704 702 686 704 686 695 705 695 693 705 704 695 705 692 164 705 164 174 705 693 692 706 703 699 706 699 707 706 697 685 706 685 703 708 702 704 708 704 705 709 701 710 709 700 701 711 699 691 711 702 708 711 691 702 712 701 697 712 706 707 712 697 706 713 714 709 713 709 710 715 711 708 716 174 192 716 705 174 716 708 705 716 715 708 717 712 707 717 701 712 718 713 710 718 714 713 719 711 715 719 715 716 720 718 710 720 710 721 720 721 722 723 8 7 724 707 699 724 699 711 725 711 719 725 724 711 726 710 701 726 701 717 727 716 192 727 719 716 727 192 211 727 725 719 728 710 726 728 726 729 730 707 724 730 724 725 730 725 727 731 729 732 731 721 710 731 710 728 731 728 729 733 731 732 733 721 731 733 722 721 734 707 730 734 735 707 736 722 737 738 734 730 738 727 211 738 211 233 738 730 727 739 722 733 739 733 732 740 736 737 741 735 734 742 743 737 742 732 743 742 739 732 742 722 739 742 737 722 744 732 729 744 735 741 744 729 735 745 744 741 746 738 233 746 745 741 746 741 734 746 734 738 746 233 257 747 9 8 748 749 740 750 744 745 751 743 732 751 732 744 752 748 298 753 744 750 753 751 744 754 737 743 755 745 746 755 750 745 755 746 257 755 257 278 755 753 750 756 751 753 756 755 278 756 753 755 757 297 305 757 298 297 757 752 298 758 10 9 759 760 346 761 756 278 762 220 253 762 236 220 763 258 274 763 762 253 763 253 258 764 267 44 765 269 236 765 236 762 766 297 296 766 304 297 767 10 758 767 758 759 768 305 304 768 346 760 769 764 770 769 274 267 769 267 764 771 762 763 771 763 350 771 765 762 772 770 764 772 44 45 772 764 44 773 763 274 773 351 350 773 350 763 774 766 296 774 304 766 775 11 10 775 10 767 776 775 767 777 770 351 777 773 274 777 274 769 777 351 773 777 769 770 778 767 759 778 346 345 778 776 767 778 759 346 779 772 45 779 46 322 779 45 46 780 765 771 781 346 768 781 768 304 782 296 783 782 784 339 782 783 784 785 304 774 785 786 304 787 346 781 787 781 304 787 304 347 787 347 346 788 775 776 788 776 778 789 290 269 789 765 780 789 269 765 790 789 780 791 772 779 791 770 772 792 771 350 792 780 771 792 790 780 792 350 360 793 791 779 793 330 343 793 779 322 793 322 330 794 770 791 794 791 793 795 12 11 795 11 775 795 775 788 796 782 339 797 795 788 798 778 345 798 788 778 798 797 788 799 789 790 799 790 792 800 770 794 801 793 343 801 794 793 801 800 794 802 296 782 802 782 796 803 795 797 804 290 789 804 789 799 804 307 290 805 13 12 805 12 795 805 795 803 806 804 799 807 351 770 807 369 351 807 770 800 808 805 803 809 304 786 809 347 304 809 344 347 810 806 799 810 792 360 810 799 792 810 360 380 811 803 797 811 808 803 811 798 388 811 388 387 811 797 798 812 808 811 812 805 808 813 14 13 813 13 805 814 804 806 814 806 810 815 807 800 815 369 807 815 343 357 815 801 343 815 800 801 816 802 384 816 786 817 816 817 802 818 345 356 818 819 820 818 820 345 818 356 819 821 388 798 821 820 819 821 819 386 821 345 820 821 798 345 821 386 388 822 805 812 822 813 805 823 344 809 824 812 811 824 822 812 824 811 387 824 387 405 825 307 804 825 804 814 825 333 307 826 813 822 827 825 814 828 15 14 828 813 826 828 14 813 829 823 809 829 809 786 830 810 380 830 827 814 830 814 810 830 380 402 831 344 823 831 356 344 831 829 832 831 823 829 831 819 356 833 828 826 834 816 384 834 384 408 834 408 427 835 16 15 835 15 828 836 825 827 836 827 830 837 824 405 837 405 411 837 826 822 837 822 824 837 833 826 838 357 50 838 815 357 838 50 51 839 835 828 839 828 833 840 834 427 840 786 816 840 816 834 841 835 839 842 786 840 842 832 829 842 829 786 843 825 836 843 333 825 843 362 333 844 835 841 845 369 815 845 815 838 846 841 839 846 837 411 846 833 837 846 411 424 846 844 841 846 839 833 847 843 836 848 17 16 848 16 835 848 835 844 849 847 836 849 402 421 849 830 402 849 836 830 850 848 844 851 389 369 851 369 845 852 851 845 853 18 17 853 17 848 854 397 386 854 386 819 854 419 397 854 831 832 854 819 831 855 850 844 855 424 429 855 844 846 855 846 424 856 843 847 857 848 850 857 853 848 858 845 838 858 51 52 858 852 845 858 838 51 859 832 842 859 840 427 859 842 840 860 853 857 861 376 362 861 843 856 861 362 843 862 861 856 863 853 860 864 851 852 864 852 858 865 429 445 865 855 429 865 857 850 865 860 857 865 863 860 865 850 855 866 421 447 866 849 421 866 862 856 866 856 847 866 847 849 867 19 18 867 18 853 868 832 859 869 427 450 869 859 427 869 868 859 870 853 863 870 867 853 871 389 851 871 851 864 871 409 389 872 861 862 872 862 866 873 871 864 874 445 454 874 865 445 874 863 865 874 870 863 875 52 53 875 858 52 875 873 864 875 864 858 876 870 874 876 867 870 876 874 454 877 419 854 877 854 832 878 877 832 878 832 868 879 376 861 879 399 376 880 450 452 880 878 868 880 869 450 880 868 869 881 867 876 881 876 454 881 19 867 881 454 466 882 879 861 882 861 872 883 873 875 883 871 873 884 866 447 884 882 872 884 872 866 884 447 468 885 881 466 885 20 19 885 19 881 886 409 871 886 431 409 886 871 883 887 879 882 887 884 468 887 882 884 887 399 879 888 419 877 888 877 878 888 878 880 889 886 883 890 53 54 890 875 53 890 889 883 890 883 875 891 466 487 891 885 466 892 419 888 892 437 419 893 892 888 894 452 472 894 893 888 894 880 452 894 888 880 895 889 890 895 886 889 896 399 887 897 896 887 897 468 494 897 887 468 897 494 896 898 399 896 898 436 399 898 443 436 899 891 487 899 487 508 900 892 893 901 431 886 901 886 895 901 457 431 902 901 895 903 890 54 903 895 890 903 54 55 903 902 895 904 459 437 904 437 892 905 892 900 905 904 892 906 899 508 907 894 472 907 472 502 907 893 894 907 905 900 907 900 893 908 457 901 908 901 902 908 903 55 908 902 903 909 898 896 909 896 494 909 443 898 910 905 907 910 904 905 911 457 908 912 457 911 912 485 457 913 904 910 913 479 459 913 459 904 914 56 911 914 911 908 914 55 56 914 908 55 915 913 910 916 907 502 916 915 910 916 502 519 916 910 907 917 909 494 918 443 909 918 917 553 918 909 917 919 22 920 921 916 519 921 915 916 921 913 915 922 489 478 922 443 918 922 478 443 923 911 56 923 485 912 923 912 911 924 553 917 924 917 494 924 494 510 924 550 553 924 533 550 924 510 533 925 479 913 925 921 519 925 913 921 925 519 535 926 506 485 927 485 923 927 926 485 928 56 57 928 927 923 928 57 927 928 923 56 929 919 538 930 922 918 930 489 922 930 918 553 931 925 535 931 535 556 932 506 926 932 927 57 932 926 927 933 931 556 934 930 553 935 489 930 935 934 572 935 930 934 936 506 932 937 57 58 937 936 932 937 58 936 937 932 57 938 506 936 938 532 506 939 516 489 939 524 516 939 489 935 940 929 538 941 522 503 941 503 933 941 933 556 941 556 564 942 522 941 942 941 564 943 532 938 943 936 58 943 938 936 944 548 566 944 566 945 944 945 940 944 538 548 944 940 538 946 524 939 946 935 572 946 939 935 947 945 948 947 940 945 949 526 551 949 537 526 949 548 537 949 565 548 950 522 942 950 564 575 950 942 564 950 541 522 951 549 532 951 532 943 952 943 58 952 58 59 953 951 943 953 952 59 953 943 952 954 947 948 954 948 955 954 24 947 956 946 572 957 950 575 957 541 950 958 954 955 959 946 956 959 956 585 959 524 946 960 951 953 960 953 59 961 955 962 961 958 955 963 524 959 963 542 524 963 544 542 964 957 575 964 541 957 964 551 541 965 572 571 965 585 956 965 956 572 965 571 582 965 582 585 966 575 580 966 964 575 966 551 964 967 951 960 967 549 951 968 960 59 968 59 60 968 967 960 968 60 967 969 568 549 969 549 967 970 566 565 970 945 566 970 948 945 971 959 585 971 963 959 971 544 963 972 961 962 973 580 95 973 966 580 974 568 969 974 967 60 974 969 967 975 973 95 976 971 585 977 561 544 977 544 971 977 976 593 977 971 976 978 95 94 978 970 565 978 975 95 978 565 975 979 60 61 979 974 60 980 974 979 980 568 974 980 979 61 981 568 980 981 581 568 982 561 977 982 977 593 983 970 978 983 948 970 984 561 982 984 982 593 984 593 592 985 948 983 985 955 948 986 981 980 986 980 61 986 581 981 987 592 601 987 984 592 987 561 984 987 84 561 988 955 985 989 25 990 989 990 991 992 955 988 992 962 955 993 598 597 994 986 61 994 61 62 995 581 986 995 986 994 995 994 62 996 82 84 996 987 601 996 84 987 997 581 995 997 589 581 998 596 598 998 999 596 1000 992 104 1000 962 992 1000 998 962 1000 104 603 1001 82 996 1001 996 601 1002 995 62 1002 997 995 1002 589 997 1003 86 82 1003 82 1001 1003 601 605 1003 1001 601 1004 62 63 1004 1002 62 1005 605 610 1005 1003 605 1005 86 1003 1006 1004 63 1006 1002 1004 1006 589 1002 1007 1005 610 1007 86 1005 1008 589 1006 1008 595 589 1008 1006 63 1009 999 998 1009 998 1000 1009 1000 603 1009 603 1010 1011 610 614 1011 92 86 1011 1007 610 1011 86 1007 1012 595 1008 1012 606 595 1012 63 64 1012 1008 63 1013 1011 614 1013 92 1011 1014 614 619 1014 1013 614 1014 102 92 1014 92 1013 1015 999 1009 1015 1009 1010 1016 606 1012 1016 64 65 1016 1012 64 1017 1015 1010 1018 1016 65 1018 611 606 1018 606 1016 1019 107 102 1019 102 1014 1019 619 625 1019 1014 619 1020 1017 117 1020 1015 1017 1021 611 1018 1021 1018 65 1022 109 107 1022 1019 625 1022 107 1019 1023 611 1021 1023 1021 65 1023 65 66 1024 109 1022 1025 611 1023 1025 1023 66 1025 616 611 1025 66 67 1026 616 1025 1026 1025 67 1027 616 1026 1027 1026 67 1027 67 68 1027 623 616 1028 1027 68 1028 623 1027 1029 1030 1031 1029 1031 1032 1033 1029 1032 1034 1032 1035 1034 1033 1032 1036 623 1028 1036 68 69 1036 627 623 1036 1028 68 1037 628 629 1037 1038 628 1039 1035 1040 1039 1034 1035 1041 1042 1038 1041 1031 1042 1041 1038 1037 1041 1037 629 1043 1039 1040 1043 1040 1044 1045 1036 69 1045 627 1036 1045 69 70 1045 629 627 1046 1047 1048 1049 1044 1050 1049 1043 1044 1051 1048 120 1051 1046 1048 1052 629 1045 1052 70 71 1052 1041 629 1052 1045 70 1053 1041 1052 1053 1031 1041 1053 1052 71 1054 1032 1031 1054 71 72 1054 1031 1053 1054 1053 71 1055 1032 1054 1055 1054 72 1056 1057 1049 1056 1050 1058 1056 1058 1059 1056 1049 1050 1060 1055 72 1060 1032 1055 1060 1035 1032 1061 1057 1056 1061 1062 1063 1061 1063 1057 1064 1060 72 1064 72 73 1065 1056 1059 1065 1061 1056 1065 1062 1061 1065 1059 1066 1065 1067 1062 1065 1066 1067 1068 1064 73 1068 73 74 1069 1068 74 1069 74 75 1070 1062 1067 1070 1067 1066 1071 1069 75 1071 75 76 1072 77 1070 1073 1071 76 1073 77 1072 1073 76 77 1074 3 630 1074 630 633 1075 638 3 1075 3 1074 1075 1076 638 1077 1074 633 1077 1076 1075 1077 633 1076 1077 1075 1074 1078 30 31 1078 631 30 1078 632 631 1078 31 639 1079 632 1078 1079 1078 639 1080 632 1079 1080 635 632 1081 633 128 1081 130 636 1081 636 640 1081 128 130 1081 640 650 1082 1079 639 1082 635 1080 1082 1080 1079 1083 4 638 1083 638 644 1083 644 643 1084 639 642 1084 1082 639 1085 635 1082 1085 1082 1084 1085 1084 642 1086 633 1081 1086 1081 650 1086 1076 633 1087 638 1076 1087 1076 1086 1087 644 638 1088 652 637 1088 637 635 1088 635 1085 1088 1085 642 1088 642 652 1089 1083 643 1089 4 1083 1089 646 4 1089 643 646 1090 1086 650 1090 1087 1086 1090 644 1087 1090 645 644 1091 653 655 1091 650 653 1091 1090 650 1092 645 1090 1092 1090 1091 1093 646 657 1093 5 646 1094 657 643 1094 643 645 1095 1091 655 1095 655 662 1095 1092 1091 1096 662 669 1096 669 1094 1096 645 1092 1096 1094 645 1096 1095 662 1096 1092 1095 1097 657 664 1097 664 666 1097 666 5 1097 1093 657 1097 5 1093 1098 665 657 1098 657 1094 1098 1094 669 1099 1098 669 1099 673 676 1099 669 673 1100 1098 1099 1100 665 1098 1101 6 666 1101 666 678 1102 664 665 1102 678 664 1103 1099 676 1103 1100 1099 1103 676 684 1104 1100 1103 1104 665 1100 1104 1103 684 1104 1102 665 1104 689 1102 1104 684 689 1105 1101 678 1105 6 1101 1105 678 682 1105 687 6 1105 682 687 1106 660 658 1106 658 661 1106 661 670 1106 670 681 1106 686 660 1106 681 693 1106 693 686 1107 678 1102 1107 1102 689 1107 683 678 1108 696 700 1108 689 696 1108 709 714 1108 700 709 1108 1107 689 1108 683 1107 1109 687 1110 1109 7 687 1111 1108 714 1111 683 1108 1111 682 683 1112 1110 1113 1112 1109 1110 1114 1110 687 1114 682 1111 1114 1111 714 1114 687 682 1115 7 1109 1115 1109 1112 1116 1112 1113 1116 1115 1112 1116 7 1115 1116 1113 1117 1116 723 7 1116 1117 723 1118 1110 1114 1118 1113 1110 1118 714 718 1118 718 720 1118 1114 714 1119 1117 1113 1120 722 736 1120 1113 1118 1120 1118 720 1120 720 722 1121 1113 1120 1121 1119 1113 1121 1120 736 1122 723 1117 1123 1119 1121 1123 1121 736 1124 1117 1119 1124 1122 1117 1124 1119 1123 1125 717 707 1125 726 717 1125 729 726 1125 735 729 1125 707 735 1126 723 1122 1126 1122 1124 1126 1124 749 1127 740 749 1127 736 740 1127 1123 736 1127 749 1124 1127 1124 1123 1128 723 1126 1128 1129 723 1130 8 723 1130 723 1129 1131 1129 1132 1131 1130 1129 1133 1132 1129 1133 1126 749 1133 1129 1128 1133 1128 1126 1134 8 1130 1134 1130 1131 1135 1134 1131 1135 1132 1136 1135 1136 747 1135 747 8 1135 1131 1132 1135 8 1134 1137 740 737 1137 737 754 1138 1132 1133 1139 1137 754 1139 298 748 1139 748 740 1139 740 1137 1140 757 305 1140 1132 1138 1141 1138 752 1141 757 1140 1141 752 757 1141 1140 1138 1142 747 1143 1142 758 9 1142 1143 760 1142 759 758 1142 760 759 1142 9 747 1144 1140 305 1144 1132 1140 1144 1136 1132 1144 747 1136 1145 743 751 1145 751 756 1145 756 761 1145 761 784 1145 784 783 1146 768 760 1146 305 768 1146 747 1144 1146 1144 305 1146 1143 747 1146 760 1143 1147 1145 783 1147 754 743 1147 783 296 1147 743 1145 1148 340 339 1148 278 318 1148 318 340 1148 761 278 1148 784 761 1148 339 784 1149 774 296 1149 785 774 1149 786 785 1149 296 802 1149 817 786 1149 802 817 1150 339 367 1150 367 383 1150 383 384 1150 796 339 1150 384 802 1150 802 796 1151 21 20 1151 20 885 1151 885 891 1151 899 21 1151 891 899 1152 906 920 1152 22 21 1152 21 899 1152 920 22 1152 899 906 1153 919 920 1153 920 906 1153 538 919 1153 508 526 1153 526 538 1153 906 508 1154 23 22 1154 22 919 1154 919 929 1154 929 23 1155 503 479 1155 479 925 1155 933 503 1155 925 931 1155 931 933 1156 940 947 1156 24 23 1156 23 929 1156 947 24 1156 929 940 1157 553 552 1157 934 553 1158 934 1157 1158 572 934 1158 552 569 1158 569 572 1158 1157 552 1159 24 954 1159 958 961 1159 954 958 1159 961 972 1160 565 949 1160 949 551 1160 551 966 1160 966 973 1160 975 565 1160 973 975 1161 990 25 1161 991 990 1162 998 598 1162 1161 972 1162 993 989 1162 989 991 1162 598 993 1162 962 998 1162 991 1161 1162 972 962 1163 590 594 1163 585 584 1163 593 976 1163 584 590 1163 976 585 1163 594 593 1164 983 978 1164 988 985 1164 978 94 1164 94 104 1164 992 988 1164 104 992 1164 985 983 1165 25 989 1165 597 596 1165 993 597 1165 989 993 1165 596 999 1166 113 117 1166 1017 1010 1166 117 1017 1166 603 602 1166 602 113 1166 1010 603 1167 109 1024 1167 1024 1168 1167 114 109 1169 1168 1024 1169 1024 1022 1169 1022 625 1170 118 114 1170 1030 1029 1170 1168 1030 1170 1029 1033 1170 1167 1168 1170 114 1167 1171 1038 1042 1171 1042 1031 1171 1031 1030 1171 1168 1169 1171 1030 1168 1171 628 1038 1171 1169 625 1171 625 628 1172 119 118 1172 118 1170 1172 1033 1034 1172 1034 1039 1172 1039 1043 1172 1170 1033 1173 1174 116 1173 622 1047 1173 116 621 1173 621 622 1175 622 121 1175 120 1048 1175 121 120 1175 1048 1047 1175 1047 622 1176 119 1172 1176 1043 1049 1176 120 119 1176 1172 1043 1176 1051 120 1177 1049 1057 1177 1176 1049 1177 1051 1176 1177 1063 1051 1177 1057 1063 1178 1173 1047 1178 1051 1063 1178 1063 1062 1178 1070 77 1178 1062 1070 1178 1047 1046 1178 1046 1051 1179 1044 1040 1180 1070 1066 1180 1071 1073 1180 1072 1070 1180 1066 1059 1180 1073 1072 1181 1138 1133 1181 752 1138 1181 1133 749 1181 749 748 1181 748 752 1182 1139 754 1182 298 1139 1182 1147 296 1182 296 298 1182 754 1147 1183 972 1161 1183 25 24 1183 1161 25 1183 1159 972 1183 24 1159 1184 999 1015 1184 25 1165 1184 1178 77 1184 1015 1020 1184 77 25 1184 1165 999 1185 1050 1044 1185 1044 1179 1185 1179 1069 1185 1058 1050 1185 1059 1058 1186 1060 1064 1186 1040 1035 1186 1069 1179 1186 1179 1040 1186 1064 1068 1186 1068 1069 1186 1035 1060 1187 1185 1069 1187 1069 1071 1187 1071 1180 1187 1180 1059 1187 1059 1185 1188 1174 1173 1188 1020 117 1188 117 116 1188 1173 1178 1188 1178 1184 1188 1184 1020 1188 116 1174 
365 674 1 0.437619342839512
-20 20.5734285148067 -9.48333109150404 -20 20.5734285148067 -9.48333109150404 1.37861988708594e-15 22.5145713530756 -16.7277747886721 -2.67001653850728 22.5264375335939 -16.772059977258 -5.09348005915735 22.559342552326 -16.8948631789902 -7.46159118333343 22.6142485677357 -17.0997752181406 -9.69294402100123 22.6888624084341 -17.3782378625749 -11.8073084642932 22.7819747870115 -17.725737990239 -13.8453553328327 22.893166899622 -18.1407126039023 -16.5166724774771 23.0632143297795 -18.7753382529468 -17.7911197834643 23.1368580752311 -19.0501804526318 -18.4525389920937 23.1578889103537 -19.1286685978348 -18.8286419604915 23.155539036645 -19.1198987497626 -19.0695451585012 23.1433688063779 -19.0744788320661 -19.2285923040557 23.1278646940996 -19.0166166973169 -19.3602542279004 23.1083194991157 -18.9436730365934 -19.4665669720496 23.0862422824855 -18.8612797424395 -19.5619123148573 23.0597186982358 -18.7622923784209 -19.6468441190018 23.0285597847268 -18.6460057300967 -19.7219162471614 22.9925765803187 -18.5117145830265 -19.8076324378051 22.9367679215662 -18.3034338330602 -19.885922963158 22.8627723195402 -18.0272784867623 -19.9772372136832 22.7147134523953 -17.4747152720666 -20.0316729888676 22.5223724524381 -16.7568888878477 -20.0554362285816 22.2197807076136 -15.6276011222117 -20.0416059229101 21.7481832343332 -13.8675753912081 4.27734141656408e-16 6.98542864692438 41.2277747886721 -19.9523252203577 20.0746090831159 -7.62171162863151 -19.8123983394458 19.5388157902851 -5.62210383743196 -19.550261905992 18.8968372146596 -3.22620717582707 -19.1605699398086 18.1815691405329 -0.556790382154121 -18.6356790036041 17.3978493344169 2.36809175316871 -17.9727597986739 16.5547888430979 5.51443634062504 -17.1751685769251 15.6660587130852 8.83122234004984 -16.2533252896598 14.7495549047697 12.2516611180138 -15.3316744844114 13.9182251437965 15.3542260238098 -14.3408522425947 13.0980845204647 18.4150324994355 -13.3003599309497 12.3048385310024 21.375466835009 -12.2305798508112 11.5523930025782 24.1836317770159 -11.151185935125 10.851930373248 26.7977938984798 -10.0798743562021 10.2114374265666 29.1881461173843 -9.03156494653263 9.63567634409976 31.3369157301712 -8.01807305577241 9.12649010534416 33.237224643722 -7.04814985620423 8.68329778976291 34.8912408829953 -6.12775382529164 8.30365255300104 36.3080961954421 -5.26042899389072 7.98377619190272 37.5018910272013 -4.44769933376052 7.71902583238524 38.4899528202426 -3.68942366918256 7.50427931401157 39.2913977375617 -2.98408308657492 7.33424477326977 39.9259752826517 -2.32899233575743 7.20370952321197 40.4131394680462 -1.7204416635605 7.1077469451693 40.7712766849267 -1.15379072908441 7.04189981891863 41.0170215056266 -0.623555041150293 7.00235442414064 41.1646069281434 -0.310295575432631 6.98968732976096 41.2118811679527 -19.9805603027344 20.9056407046569 -10.7231638629188 -19.8640688803084 21.1485886651952 -11.6298579952429 -19.3868008070177 21.1505862430804 -11.6373130574023 -18.9774087735211 21.0289978154513 -11.1835388678782 -19.9382330596079 21.0544787555814 -11.2786350310686 -19.9907215118408 20.6567931592947 -9.79445218028812 -19.7841024559265 21.185806274081 -11.768756002541 -19.6796723233471 21.1972376918525 -11.8114186344668 -19.5483032052023 21.1848482472106 -11.7651805975855 -19.6937818444731 20.6580699631673 -9.79921727721197 -19.01484375 19.6635178093682 -6.08749810845654 -19.76474609375 20.3232030708111 -8.54947702116598 -16.1651330890542 21.5469316709496 -13.1164943315579 -15.6706842232261 21.4751824547542 -12.8487226113135 -19.9710910797119 20.2565130139121 -8.30058634045926 -19.9045715332031 20.1104166610497 -7.75534732877622 -14.5623700790465 18.4267077732425 -1.47166021432431 -13.01513671875 16.5925691785131 5.37343820932881 -13.7584060668945 16.8523913369801 4.40376871299767 -13.4589030099202 18.1192064662859 -0.324049713368494 -12.2231491088867 16.3412774329095 6.31127177144388 -9.60261244287557 14.0845541863861 14.7334775860913 -10.4888809204102 15.8728155931564 8.05959515880975 -9.54453125000001 15.6599107054386 8.8541670169525 -6.19074119327903 13.313841063366 17.6098181192622 -7.49622802734376 15.2874160103996 10.2443361443876 -6.39020538330079 15.1320914095103 10.8240154465719 -5.44956513530639 11.4140474197939 24.6999445209697 -5.9379490101931 11.5173323711039 24.3144798350236 -5.42139906303162 13.1922963549092 18.0634291466139 -5.00488581518981 11.3279445729476 25.0212847200766 -5.22822265625001 15.0002254439956 11.3161459296619 -4.36890592023632 13.0546303995546 18.5772054864699 -4.00924530029298 14.8939507170713 11.7127686101038 -2.78783784590595 12.9070814348566 19.1278657193269 -2.73223876953126 14.8153998319534 12.0059245043435 -4.75052351879907 9.51334514654149 31.7934619748094 -3.7190347371649 9.29106376145888 32.6230273975144 -4.50466598138324 11.2400603130892 25.3492732430534 -4.0781978832272 11.1725853227249 25.6010933353332 -3.56686654327226 11.1006680948785 25.8694920835957 -1.82405259495803 9.01670322891471 33.6469548445609 -2.22152948270717 9.05945171739644 33.4874153136003 -2.77161839295968 11.0081593855972 26.2147392867761 -1.87410166642336 10.9318376944151 26.4995757159873 -1.33864202831467 10.900407547474 26.6168746212608 -0.950231783355007 8.95137641683205 33.8907578263499 -0.980186400282399 10.8852357494104 26.6734965424764 -0.76479970706376 10.8783790734921 26.6990860053744 -0.235043185949324 8.92810757041067 33.977598343428 -0.54857816696167 10.8732001490401 26.7184140145577 -19.8993594097092 20.7257762544981 -10.0519005964505 -19.9243146181107 20.5961699883012 -9.5682034260246 -19.8279026031494 20.1333907215825 -7.84108768994064 -19.5427676751305 20.8609147068635 -10.5562441667344 -18.1900578908428 21.8698227773909 -14.3215403461088 -16.8916731509347 20.3771415936205 -8.75077832877584 -18.1195976579158 20.7469448638653 -10.1309029221343 -18.027871641736 19.7615702704867 -6.45343487515813 -17.6358167025352 19.5747908310179 -5.75636451725114 -19.8659378290176 20.1008980679808 -7.71982345582653 -19.8399916289982 19.9511628634206 -7.16100406472632 -19.7591407193194 19.7828858993633 -6.53298588512093 -19.5540126462845 19.7464164413286 -6.39688001481068 -14.8627303735316 22.1487775228284 -15.362613629094 -18.2225478502042 19.4539679036473 -5.30544721358476 -18.4262084960937 19.2227798114214 -4.4426415072929 -18.5529107171104 19.6559239792641 -6.0591575486842 -17.68408203125 18.7308593362937 -2.60676930083284 -19.8504533197272 19.8879836793734 -6.92521613988114 -19.9269635860029 20.0547022617176 -7.54741835975565 -19.2414079186968 19.1755330654274 -4.26631425075099 -18.7678342832883 18.4109430041628 -1.41282529514931 -19.3420758985989 19.1182196087394 -4.05241751843415 -19.1515023532532 19.2859645020415 -4.67844998294787 -13.9321407722549 21.2513566094133 -12.0133931844541 -14.7100539480877 20.5835555906448 -9.52112585306384 -15.2290742764092 19.9611925879992 -7.19843550643909 -19.7364263023639 19.5211301225389 -5.55610002683745 -17.5483757960589 18.2503415535213 -0.813452521585975 -18.419360938593 18.3026466681989 -1.00865786705841 -12.4793046294687 20.2611541603719 -8.31790733485265 -11.6824299809892 19.328194272251 -4.83605363096136 -13.0672400581705 19.5407024302831 -5.62914487376022 -7.92525320863589 21.6923362909821 -13.6591517611744 -15.1634305542349 17.9982209392518 0.127474420503161 -14.4539916992188 17.1186113050948 3.41022226600448 -15.70625 17.6617142574034 1.383334454248 -16.2948619064485 19.0122334700118 -3.65687186380448 -19.4894551655346 18.9006210027049 -3.24032846505726 -19.433470852496 18.9389499159035 -3.38337391651341 -16.080418293831 17.3465699980976 2.55946884169106 -16.7801879882812 18.204817209712 -0.643553357508491 -10.1352760418607 20.0098390279581 -7.37998649197324 -10.6743968658537 20.9386165184741 -10.8462312755053 -9.47198353545355 20.8527866510926 -10.5259098496309 -9.20439317364885 19.0357836539362 -3.74476234673797 -10.6992121149673 19.199785394255 -4.35682517413739 -6.92649944471078 20.7145635756084 -10.0100543091453 -8.3229859073443 20.7835159536548 -10.2673880873172 -18.8247894487136 17.8519147592635 0.673496517680697 -15.6162690318866 16.6031160177185 5.33407686955503 -16.4492026044225 17.114147857946 3.42688007754068 -0.907213864358055 21.545715849141 -13.1119568227953 -0.474422651529311 20.5740139254968 -9.48551587394269 -6.27002945422286 19.7448576602409 -6.39106256459374 -5.63965720332168 18.7714185765139 -2.75813844605112 -7.0001535855104 18.8533723616306 -3.06399413597935 -9.77854735614712 18.2241010117314 -0.715521486407942 -10.895359761294 17.5577556507346 1.77131325621997 -13.5413736973131 16.136561281797 7.07528284852571 -14.6621137477321 15.560430778645 9.22543115807935 -14.6946050371425 16.0944695077618 7.23237148780615 -14.4995218149125 15.4678023122992 9.57112530070926 -14.3676164336297 15.9267652574297 7.8582522706907 -14.0307265511764 15.7604527691601 8.47893892684607 -7.41696223975015 17.9665481838442 0.245678752899877 -7.9988134419454 18.9279212615801 -3.34221441823937 -11.3625373136749 15.3579500895235 9.9810993774325 -11.3814086914063 16.1006487033854 7.20931041578887 -0.228107227012515 19.6030238499249 -5.86173157826333 -8.72545571619988 16.3488179613428 6.28313013621499 -8.54732513427736 15.4640666434477 9.58506700666311 -16.1697062318592 15.0012826553477 11.3122003631815 -6.33648323542075 16.952989538972 4.02833111201358 -7.77107597263596 17.0981527919444 3.48657447652866 -15.6784052044556 14.5747295506068 12.9041182222008 -7.95815843051643 13.6637910003234 16.3037871744318 -6.8760766503375 11.7416437974302 23.4773381952555 -7.81725521666659 12.0015421676949 22.5073842726234 -0.928403286263349 15.7266553605435 8.60507257296727 -1.16875067353249 16.699169257013 4.97560130027613 -0.394629496335982 16.6920451404681 5.00218886518088 -0.705661201477051 14.7542207771981 12.2342478450493 -1.39616851806641 14.7667053918577 12.1876546288269 -3.5880863364423 12.973086468635 18.8815315797109 -9.55375897598907 10.5385038422492 27.9675176366073 -0.500984342023731 13.7819870903516 15.8626733611904 -0.936851352453233 12.8197242746026 19.4538870798 -1.68716227585385 12.8443899412006 19.3618335588537 -3.21051708027236 11.9953163511735 22.5306193361997 -6.36915947262623 9.96159894886819 30.1205560098402 -6.40030805473255 11.6235976312137 23.9178924852141 -0.14768454246223 11.8386110999574 23.1154512955511 -2.97226038321558 9.16182007822485 33.1053713899012 -2.99728497510808 8.24563336866659 36.524626739192 -19.9580450699404 20.7096607398104 -9.99175667684604 -19.8121198837019 20.7077194225522 -9.9845115822048 -19.72824389293 19.9123088749012 -7.0159990054951 -18.791182765859 19.6458176205686 -6.02144010455277 -18.299158813172 19.6943781107863 -6.20267032128587 -19.6165491124827 19.6722360558626 -6.12003504732671 -17.9392352904066 19.4995344411541 -5.47550384668521 -18.6148395601611 19.2003523876185 -4.35894122217778 -18.7990659655261 19.2034753169258 -4.37059615302112 -18.9783263011206 19.2320643761776 -4.47729197468935 -19.5293796053246 19.4671665063669 -5.35470506952358 -16.1187430706255 20.1723350212768 -7.98642979506499 -17.0115525738929 19.2991496626612 -4.72765767228624 -13.4095324435917 21.6041569356298 -13.3300619268212 -18.2316932720551 18.7440670936105 -2.65606132219347 -19.4916074668464 19.2559576551692 -4.56646290584547 -19.1149827595595 18.6274151078883 -2.22071018467415 -12.9111213170918 21.1394612154933 -11.5957938892118 -11.7816425590003 21.0309015735751 -11.1906437899218 -19.556572953466 19.2901263202991 -4.69398210013699 -13.6598609129376 20.420345914711 -8.91201905019185 -14.2145966462645 19.7489148666978 -6.40620426522766 -10.2237610213128 21.8026427813944 -14.0708211877979 -17.9896016124121 18.2245799396169 -0.717308869609961 -17.1750384293236 18.21046832004 -0.664643588371561 -18.5944320786285 18.345044191733 -1.16688757900283 -18.2013686517717 17.8168106434132 0.804506861588827 -15.4802869811753 18.7195751934216 -2.56465630631434 -19.7736246549652 19.514924439066 -5.53294010082084 -16.8599920451717 17.8033790705642 0.854634173887123 -18.6869732801837 18.2043310976342 -0.641739162535867 -11.3601633800509 20.1312495435947 -7.83309670490211 -6.59014081869827 22.117199789403 -15.244763923563 -17.737229786781 17.6908948692867 1.27443092810343 -16.9378153654764 17.0544497539646 3.64967643471474 -18.5015003340425 17.7603373141323 1.01526819573783 -16.6943001276083 17.0715604741488 3.5858183576332 -19.1887760340994 18.3864221851374 -1.32131235270335 -17.1803252046178 17.0630137242638 3.61771526244342 -16.284041421656 16.1821541373317 6.90512799520825 -17.4220464047182 17.0974045941552 3.48936678869221 -3.04464863803742 22.0469724271816 -14.9826718396712 -8.30884658737186 19.8641761356412 -6.83636517706942 -14.6781759131509 16.9167945775717 4.16341254693793 -17.3629700083392 16.8849660018518 4.28219840865711 -12.2440272220286 17.8289908541268 0.759049696358937 -16.0103966989813 16.18565163749 6.89207514691796 -2.17262901659069 21.0700147092809 -11.3366159996191 -1.7160348213078 20.5812562714037 -9.51254467683333 -3.33103085522752 20.6038085178935 -9.59671080655828 -4.88159826061215 20.1632240086988 -7.95242703321586 -5.42294947141808 20.6572912229238 -9.7963109790573 -17.2900714630656 16.5065150448887 5.69459660821636 -16.3607287017561 15.8652635734046 8.08777968022346 -13.9635012222581 16.0164825991612 7.52342259302868 -8.63778296604298 18.0877307873809 -0.20658088049252 -18.0877565181804 16.8088117879147 4.56640980428045 -17.6604867753464 16.4519634444006 5.89818595287216 -9.4065071655514 17.3119824365326 2.68855137876106 -15.6787108309608 15.5363359968637 9.3153541078845 -15.1120569041734 14.5036575975817 13.1693623618839 -14.960695585907 15.2617372287381 10.3401706622252 -12.4950321033888 15.7368319492863 8.56709302673138 -11.9714954087289 14.8721437783317 11.7941532134377 -13.0397029554158 15.3067551902419 10.1721613426397 -14.2151344855602 14.7974317450372 12.0729823176295 -13.4248828012317 14.3422549394726 13.7717252824238 -5.5076311020656 17.8226094878103 0.782865279673597 -4.79840345889478 16.8364022037335 4.46344097064271 -1.56851948017212 19.126525626606 -4.08341599912104 -1.98620594028837 18.6482890629041 -2.2986128453484 -2.79071567439802 18.6643812090598 -2.35866955240406 -0.862744235992432 18.635241405356 -2.24991832445904 -16.6799959590469 15.3132074112029 10.1480813261913 -1.14111772386839 19.1222727402824 -4.06754401128228 -15.646654710069 14.7311819028706 12.3202300945886 -15.3941768052455 14.5263104217421 13.0848208711821 -2.20137606514321 18.1687864047016 -0.509084562572156 -3.83703637815152 18.6942592648285 -2.47017597456419 -3.41795307214592 17.7210002937863 1.16207595428735 -13.6758464244235 13.9708243137196 15.1579232492211 -12.6676265090913 12.8433901479652 19.3655648380053 -13.9361016866374 13.6598573118316 16.3184678997444 -12.1957340700496 13.1181548627898 18.3401289621529 -10.8258749061906 14.4627122161422 13.3221726057513 -10.7114652830231 13.7134953909852 16.1182878631228 -12.5912331183683 13.8997540588431 15.4231610513267 -11.7154780224169 13.4734763499482 17.0140511190569 -1.91177036380288 17.1962383091467 3.12051434284299 -3.9634751778956 16.7885611985331 4.6419860327358 -2.05211891291494 16.7162988013423 4.91167297052884 -11.2239604178188 13.576796005996 16.6284569132656 -9.84282193303704 12.6837794345579 19.9612401298736 -10.1729093234846 13.8829736968473 15.4857862148646 -8.79572759582971 13.8660724923569 15.5488623687318 -0.101656169700437 17.1764827078963 3.19424325044353 -10.7989100988242 13.0669690595867 18.531156980333 -2.45115322676875 16.2455669125928 6.66846829608486 -13.6650086293222 12.7928330402032 19.5542465328569 -12.977545122228 12.5410668614297 20.4938507036671 -9.29041059214909 12.8502159660089 19.3400905382629 -11.7992837458337 12.334409680476 21.2651058027352 -7.08984845898358 13.4792128205662 16.9926423192543 -8.84850611050224 12.3274547216609 21.2910620623976 -7.94674177690588 10.5127054220297 28.0637986516214 -9.96899397619808 11.3831461343813 24.8152696881489 -10.3840513716406 12.2259706042519 21.6698059447294 -9.0124703574354 10.9483186463535 26.438067965996 -10.8988356702668 11.8464190775184 23.0863115265892 -10.3599564657944 10.6631303188899 27.502405293816 -8.76350086885712 10.4949223932667 28.1301658184773 -7.16373063120334 10.225186827067 29.1368326561429 -1.70747018207546 11.882227862829 22.9526713204527 -5.56432490166224 9.72372423837808 31.008316515225 -3.74104834423359 7.95629208292612 37.6044631183027 -12.6702614899276 22.1772882681379 -15.4690171791508 -17.7704030464715 18.2245132282727 -0.71705989948379 -18.2060463927859 18.2506180924602 -0.814484578956098 -17.9706756681854 17.7406794090435 1.08863249629965 -19.0149997273575 18.350685417997 -1.18794092203727 -18.3477235342777 17.7702413209885 0.97830593895212 -4.8861162717435 22.0762288555803 -15.0918583169031 -15.4091111286278 17.1198431993264 3.40562477414256 -18.661157561739 17.7874575873944 0.914053958008664 -4.30434719961363 21.3448072804098 -12.3621558366145 -17.935697439556 17.1416951118512 3.32407232635738 -16.841197012919 16.5245862370983 5.62715400073658 -18.2864781813207 17.1616621022699 3.24955450364035 -14.3355172049933 16.0489609219653 7.40221184217933 -17.4707641524479 16.4606351590654 5.86582267315432 -15.3574803369254 15.8604282777203 8.10582524938664 -3.24461698029124 19.6385608743808 -5.99435755908272 -16.9528759018421 15.7295824179838 8.59414864588345 -6.48434365405837 17.8896814939155 0.532549145123705 -14.7192412420111 14.7602165769165 12.2118712158685 -4.48583182701404 17.7661198572077 0.993687451183501 -4.58533384063051 18.7221846564686 -2.57439495498645 -11.9217765615084 13.7243875527534 16.0776377619996 -3.6379675253536 16.5339299899822 5.59228264024064 -9.50095668815627 13.8627776594473 15.5611588525529 -11.307456091897 12.6609422100569 20.0464698120153 -3.27491965597885 15.5606148706083 9.22474411751881 -12.3933123087537 12.415061776292 20.9641080834131 -9.63514242548978 12.2505361620792 21.5781260348017 -11.6996617708141 11.5926520286717 24.0333830461717 -9.95905702181074 10.5927558711709 27.7650463082578 -9.16145778675758 10.5090479984133 28.0774483423828 -8.35894267892239 10.4961409577114 28.1256180740575 -2.4661454689828 11.9304409063398 22.7727377924826 -0.934610209814032 11.8513827506863 23.0677868461341 -4.50740014855996 7.94789373046212 37.6358061963982 -11.4985861661268 21.9903648158712 -14.7714093581656 -19.1006794864843 18.3579784415869 -1.21515885661559 -6.18413865136633 21.5127816031399 -12.9890445434104 -17.6516707713855 16.9989095758781 3.85695520119482 -18.1076203820019 17.1330148229957 3.35646760539013 -17.890741691699 16.7990513007681 4.60283643821819 -4.80745938965127 19.6837618978573 -6.16305007525097 -1.77792965024251 19.6132793591197 -5.90000565963599 -14.4681211849093 14.7708084977236 12.1723416292665 -2.13325301901309 15.6328323928303 8.95522465538959 -10.0137820247669 12.2316945628549 21.6484438404027 -11.3008839352032 11.6997800579666 23.6335757979285 -11.9649339505583 11.5645379731223 24.1383061298889 -7.76657090536533 10.3510950856999 28.6669366378325 0 0 0 1 2 0 1.91574576747092 0 1.83149153494184 0 1.739921718488 0 1.64253550363363 0 1.53647514257401 0 1.41557610140587 0 1.20808882157678 0 1.06975700499427 0 0.976558608180068 0 0.911798978540824 0 0.863229256311391 0 0.826801964639316 0 0.793072990868876 0 0.76271691447548 0 0.732360838082084 0 0.702004761688688 0 0.671648685295292 0 0.631173916770764 0 0.585639802180671 0 0.511239862585984 0 0.433859420213691 0 0.33642328421348 0 0.216929710106846 0 2 1 0.0743052487255179 1 0.148610497451036 1 0.232265873014976 1 0.320539624019807 1 0.413086418175591 1 0.509363315798708 1 0.608612582507522 1 0.709870304729998 1 0.801796450357498 1 0.89350750419467 1 0.984130275311092 1 1.072860324775 1 1.15900797827694 1 1.24202455640105 1 1.32150843711875 1 1.3971955786064 1 1.46894113890095 1 1.53669827909275 1 1.60049845974343 1 1.66043567922067 1 1.71665571297383 1 1.76935056078237 1 1.8187577963636 1 1.86516402971343 1 1.90891089534585 1 1.95040063414397 1 1.97520031707198 1 0.125 0.25 0.29321164210674 0.25 0.542819901090335 0.25 0.663502380844344 0.25 0.20910582105337 0.25 0.0625 0.375 0.35571164210674 0.25 0.41821164210674 0.25 0.480515771598538 0.25 0.33410582105337 0.375 0.5 0.5 0.25 0.5 1.1702983294415 0.125 1.2168975278486 0.125 0.0625 0.875 0.125 0.75 1.18201902535147 0.375 1.25 0.5 1.1875 0.5 1.27576902535147 0.375 1.3125 0.5 1.44667456977319 0.625 1.4375 0.5 1.5 0.5 1.66510891980517 0.625 1.625 0.5 1.6875 0.5 1.67396783961034 0.75 1.64271783961034 0.75 1.71041392824346 0.625 1.70207785648692 0.75 1.75 0.5 1.77046264019559 0.625 1.8125 0.5 1.85691600742836 0.625 1.875 0.5 1.68125676785379 0.875 1.75133920863464 0.875 1.73332785648692 0.75 1.75967528039119 0.75 1.79092528039119 0.75 1.87855973869318 0.875 1.85199802228507 0.875 1.83883201485671 0.75 1.89195544767292 0.75 1.92320544767292 0.75 1.93680304090845 0.875 1.94395031707198 0.75 1.95635015853599 0.75 1.984375 0.875 1.96875 0.75 0.198302910526685 0.375 0.15625 0.4375 0.1875 0.625 0.438462861071853 0.3125 0.920286090206478 0.125 1.01377021577364 0.25 0.838636298308992 0.25 0.769251190422172 0.375 0.831751190422172 0.375 0.15625 0.6875 0.162152624362759 0.75 0.199305248725518 0.75 0.301635802271949 0.625 1.31623681462724 0.0625 0.697125595211086 0.4375 0.625 0.5 0.634625595211086 0.4375 0.75 0.5 0.149478936544138 0.8125 0.0996526243627589 0.875 0.373657406815847 0.6875 0.456543209087796 0.75 0.331543209087796 0.75 0.415771604543898 0.625 1.35701456224354 0.125 1.26716819007222 0.1875 1.18890413323829 0.25 0.190778582707072 0.875 0.736688438024334 0.5625 0.541603378454448 0.6875 1.4305848236707 0.1875 1.45778805070294 0.25 1.36403805070294 0.25 1.70902244996341 0.0625 1.09100951267573 0.4375 1.125 0.5 1 0.5 1.00688510788682 0.375 0.257085207033181 0.9375 0.281904541051386 0.875 0.924188438024334 0.5625 0.875 0.5 1.57038209950611 0.1875 1.55982911218185 0.125 1.62252662772522 0.125 1.60251775181681 0.25 1.518237571287 0.25 1.74098718926587 0.125 1.67812318143881 0.125 0.395633928425047 0.9375 0.942126876048667 0.625 0.848376876048668 0.625 1.97112394186773 0.0625 1.984375 0.125 1.75878102816846 0.1875 1.776210859244 0.25 1.713710859244 0.25 1.55139846330567 0.3125 1.46038895062994 0.375 1.17418843802433 0.5625 1.006940314073 0.6875 1.03587687604867 0.625 1.022565314073 0.6875 1.06712687604867 0.625 1.09837687604867 0.625 1.6793598675762 0.3125 1.66501775181681 0.25 1.34833728488659 0.5625 1.375 0.5 1.9921875 0.1875 1.5725044379542 0.4375 1.5625 0.5 0.741443841867469 0.9375 1.7196821527652 0.375 1.64500887590841 0.375 0.792072702978707 0.9375 1.55589174478918 0.625 1.58149922987171 0.75 1.51834913954638 0.75 1.9609375 0.4375 1.953125 0.375 1.984375 0.375 1.96875 0.5 1.9375 0.5 1.81368932381197 0.625 1.31110570218738 0.9375 1.9765625 0.5625 1.953125 0.625 1.91472772383646 0.625 1.82392064390977 0.6875 1.56951456346509 0.875 1.61274922987171 0.75 1.9921875 0.6875 1.80166861545986 0.875 1.78504850249912 0.9375 0.130401455263342 0.375 0.266204365790027 0.375 0.228942901135974 0.65625 0.567312797605543 0.46875 0.701938392816629 0.40625 0.264953703407923 0.6875 0.764438392816629 0.40625 0.572692901135974 0.53125 0.520385802271949 0.5625 0.468078703407923 0.59375 0.286481327770682 0.71875 1.10133717450596 0.25 0.919318149154496 0.375 1.40668420563285 0.09375 0.628537120148141 0.5625 0.284264561897554 0.78125 0.369223875069591 0.8125 1.427073079441 0.125 1.49713159663847 0.125 0.259351405806865 0.8125 1.34887650687146 0.1875 1.27647109197061 0.25 1.60118230790774 0.0625 0.639145908239391 0.625 0.805844219012167 0.53125 0.499073293771122 0.71875 0.554306291253761 0.75 1.09445206661914 0.375 0.169694540079054 0.9375 0.830438438024334 0.5625 0.461765083161676 0.78125 1.50048346158841 0.1875 1.77025699245262 0.03125 0.649754696330641 0.6875 0.757906014206833 0.6875 0.474970109839404 0.84375 0.80314144512775 0.65625 0.326359567729114 0.9375 0.712670583285916 0.71875 0.807094452231167 0.75 0.667435152364999 0.75 1.90130773840478 0.03125 1.66458156383729 0.1875 1.08709421901217 0.53125 0.662580709024984 0.78125 1.3680789879907 0.375 0.852329883152084 0.71875 1.92780985466932 0.09375 1.94224788373546 0.125 1.88449576747092 0.125 1.82163839781969 0.15625 1.80385119709292 0.125 0.647875066560615 0.84375 0.770855126796208 0.8125 1.1206576570365 0.59375 1.61537916544094 0.3125 0.502123255466284 0.96875 0.568538885146258 0.9375 1.55269891326917 0.375 0.858804439446771 0.78125 0.874275101227417 0.875 0.946753752097335 0.75 1.26126286145546 0.5625 1.27252572291093 0.625 1.1854512994798 0.625 1.01820317552846 0.75 1.08965259895959 0.75 1.77174137565583 0.3125 1.794355429622 0.375 1.94378019186773 0.21875 1.92662288373546 0.25 1.89537288373546 0.25 1.96875 0.25 0.675028212187496 0.96875 1.95940519186773 0.21875 0.807859471547443 0.90625 0.833173902103062 0.90625 1.91643644186773 0.28125 1.85324576747092 0.25 1.86412288373546 0.3125 1.03699236334895 0.8125 1.09438915424919 0.875 0.984332127738306 0.875 1.16347030003552 0.8125 1.35960014634206 0.625 1.33961300779752 0.6875 1.16110202239072 0.75 1.23255144582185 0.75 1.92424894186773 0.34375 1.83287288373546 0.375 1.91643644186773 0.375 1.28608222680969 0.71875 1.37545029268412 0.75 1.39314378878535 0.65625 1.50128315728118 0.625 1.99609375 0.34375 1.30400086925298 0.75 1.89690519186773 0.40625 0.966383609487407 0.96875 1.03925971478014 0.9375 1.42898107367195 0.71875 1.16583857768032 0.875 1.61050033229717 0.625 1.44689971611525 0.75 1.45777235907639 0.875 1.30873742454258 0.875 1.30636914689778 0.8125 1.38018684797371 0.875 1.23728800111145 0.875 1.23505684023216 0.96875 1.38443903063189 0.90625 1.51364346127074 0.875 1.90805407195489 0.6875 1.62538566565944 0.875 1.7227420908599 0.96875 1.47157967410343 0.046875 0.687917173131862 0.59375 0.59037464334692 0.65625 0.602030493792201 0.71875 0.378437325445395 0.859375 0.514638200546582 0.796875 1.8357823654287 0.03125 1.00564132851825 0.546875 0.435302019132225 0.890625 1.85257946774885 0.078125 0.561422588200009 0.84375 0.734837580628076 0.765625 0.482086406785653 0.9375 1.07826726654258 0.609375 0.608206975853437 0.890625 0.929635098612543 0.703125 1.88270929484371 0.1875 0.654991363506864 0.9375 1.72555062161602 0.3125 0.947898401397861 0.796875 1.81793212969565 0.3125 1.82199576747092 0.25 1.22359212460021 0.734375 1.84563031074487 0.390625 1.44721347303327 0.640625 1.23491972346665 0.8125 1.85470259593386 0.453125 1.10254914623023 0.90625 1.37663443150652 0.78125 1.13715827750615 0.953125 1.27308127120977 0.953125 1.34777236640964 0.921875 1.42110569485414 0.890625 1.86598735793233 0.6875 1.95012078597744 0.6875 1.66162027530166 0.984375 1.53638099100558 0.0546875 0.352398446587254 0.8984375 1.78080095885613 0.0703125 0.612001648612497 0.8125 0.521754497492831 0.890625 0.545146691319545 0.9140625 1.82074516150609 0.1875 1.93744839742185 0.1875 0.983050788463163 0.7734375 1.90782004796693 0.4453125 1.34150178920215 0.796875 1.1872231393088 0.9140625 1.10500930114058 0.9765625 1.46737457806244 0.8828125 55 1 26 56 26 25 57 23 22 58 20 19 58 21 20 58 22 21 58 57 22 59 55 26 59 26 56 60 2 1 60 1 55 61 24 62 61 25 24 61 56 25 63 62 24 63 24 23 63 23 57 64 65 66 64 56 61 67 11 10 68 67 10 69 28 2 69 60 70 69 2 60 71 72 73 74 75 72 74 72 71 76 77 78 79 80 81 79 82 83 84 85 82 84 82 79 84 81 86 84 79 81 87 86 88 87 84 86 89 88 90 91 82 85 91 83 82 92 85 93 92 93 94 92 91 85 92 94 95 96 97 98 96 98 99 96 99 100 101 53 52 101 100 102 101 102 103 101 52 96 101 96 100 104 53 101 104 101 103 104 54 53 104 27 54 104 103 105 106 55 59 107 108 60 107 66 108 109 61 62 109 62 63 109 64 61 109 63 57 110 12 11 110 13 12 110 14 13 110 15 14 110 16 15 110 17 16 110 18 17 110 19 18 110 58 19 110 11 67 110 67 111 112 110 111 112 58 110 112 113 58 112 114 113 115 70 60 115 116 70 115 60 108 115 117 116 118 108 66 119 10 9 119 68 10 120 121 122 120 123 121 124 69 70 124 125 69 124 70 116 124 116 117 126 127 128 126 118 129 130 68 119 131 67 68 131 68 130 132 67 131 132 74 71 133 125 124 134 121 123 135 126 129 136 137 138 139 7 6 140 73 141 140 142 143 140 141 142 140 71 73 144 31 30 144 133 145 146 147 142 148 149 150 148 151 152 153 154 139 155 32 31 156 157 146 158 3 159 160 161 162 163 152 151 163 137 152 164 137 163 165 141 73 166 156 167 168 166 167 168 167 169 168 169 170 171 172 162 173 77 76 173 174 77 173 75 174 175 159 3 176 177 78 176 81 80 176 80 177 176 78 77 176 77 164 178 36 35 179 86 81 179 180 171 179 81 176 179 176 180 181 37 36 181 36 178 182 78 177 182 183 184 185 186 187 188 189 185 188 185 187 190 87 88 190 88 89 191 43 42 192 193 194 192 89 90 192 194 89 192 189 188 192 90 189 195 85 84 195 84 87 195 190 89 195 93 85 195 94 93 195 95 94 195 87 190 195 98 95 196 184 183 196 46 45 196 183 197 198 193 192 198 27 104 198 104 105 199 98 97 199 95 98 199 92 95 200 199 97 200 92 199 200 97 96 200 50 49 200 51 50 200 52 51 200 91 92 200 96 52 201 107 60 201 106 107 201 60 55 201 55 106 202 106 59 202 66 107 202 59 56 202 107 106 202 56 64 202 64 66 203 115 108 203 108 118 204 64 109 204 109 122 204 65 64 204 122 121 205 58 113 205 122 109 205 120 122 205 57 58 205 109 57 206 203 118 206 117 115 206 115 203 206 118 126 207 120 205 207 205 113 207 114 147 207 147 123 207 123 120 207 113 114 208 204 121 208 65 204 208 209 65 210 118 66 210 66 65 210 65 209 210 135 129 210 129 118 211 117 206 211 206 126 211 126 128 212 111 67 212 67 132 212 132 71 213 142 147 213 147 114 213 112 111 213 111 143 213 143 142 213 114 112 214 130 119 215 208 121 215 209 208 215 121 134 216 128 217 216 117 211 216 211 128 218 219 136 218 136 130 218 214 219 218 130 214 220 216 217 220 217 145 220 124 117 220 117 216 220 145 133 220 133 124 221 130 136 221 136 138 221 131 130 222 138 74 222 132 131 222 74 132 222 221 138 222 131 221 223 139 154 223 8 7 223 150 149 223 7 139 223 154 150 224 209 215 225 134 123 225 123 147 226 126 135 226 127 126 226 227 127 228 111 212 228 140 143 228 71 140 228 143 111 228 212 71 229 133 144 229 125 133 229 29 28 229 30 29 229 69 125 229 28 69 229 144 30 230 134 225 230 147 146 230 146 157 230 225 147 230 157 134 231 217 128 231 128 127 231 127 227 232 136 219 232 149 148 232 219 149 232 148 152 232 137 136 232 152 137 233 6 5 233 139 6 234 224 235 236 217 231 237 235 224 238 31 144 238 155 31 238 144 145 239 234 235 239 235 240 239 241 234 242 4 3 242 5 4 242 3 158 243 151 148 243 150 154 243 154 153 243 160 162 243 148 150 243 153 160 243 162 172 243 172 151 244 141 165 244 142 141 245 227 241 246 75 74 246 138 137 246 74 138 246 137 164 246 164 77 246 77 174 246 174 75 247 235 237 247 240 235 248 158 159 248 242 158 248 249 250 248 159 249 251 153 252 251 252 250 251 160 153 253 245 254 255 244 165 256 171 180 256 172 171 256 163 151 256 151 172 257 33 32 257 34 33 257 32 155 258 34 257 259 176 164 259 164 163 259 163 256 259 256 180 259 180 176 260 254 240 260 261 254 260 240 247 260 247 262 263 73 72 263 165 73 263 72 75 263 173 264 263 75 173 265 165 263 265 255 165 265 170 255 265 263 264 266 166 168 266 168 267 268 269 179 270 271 272 270 273 271 274 35 34 274 178 35 275 175 273 275 273 270 276 254 261 276 253 254 276 178 253 276 181 178 277 181 276 277 37 181 277 276 261 278 279 272 278 280 279 278 272 271 278 271 273 281 266 267 281 282 283 281 284 282 281 267 284 285 173 76 285 264 173 285 286 264 287 168 170 287 170 265 287 267 168 287 288 284 287 284 267 289 280 278 289 290 280 289 291 290 289 186 291 292 286 293 292 265 264 292 264 286 294 285 76 294 286 285 295 76 78 295 182 184 295 78 182 296 278 273 296 289 278 296 188 187 296 192 188 296 27 198 296 198 192 296 186 289 296 3 27 296 273 175 296 175 3 296 187 186 297 292 293 297 288 292 298 186 185 298 291 186 299 283 300 299 37 277 299 277 261 299 38 37 299 39 38 299 261 283 299 300 39 301 293 286 301 286 294 301 295 184 302 282 284 303 177 80 303 83 197 303 80 79 303 197 183 303 79 83 303 182 177 303 183 182 304 184 305 304 301 184 304 293 301 306 307 308 306 309 307 306 191 309 310 41 40 311 44 43 311 306 308 312 184 196 312 305 184 312 196 45 313 100 99 314 196 197 314 197 83 314 83 91 315 200 49 315 91 200 315 49 48 316 9 8 316 119 9 316 219 214 316 214 119 317 237 224 317 157 237 317 134 157 317 215 134 317 224 215 318 209 224 318 224 234 318 210 209 318 135 210 319 226 135 319 227 226 319 241 227 319 234 241 319 318 234 319 135 318 320 145 217 320 217 236 321 231 227 321 236 231 322 233 5 322 5 242 323 156 146 323 167 156 323 142 244 323 146 142 324 320 236 325 322 242 325 250 252 325 248 250 325 242 248 326 236 321 327 239 240 327 241 239 327 240 254 327 254 245 327 245 241 328 155 324 328 258 257 328 257 155 329 323 244 329 167 323 329 244 255 329 169 167 329 170 169 329 255 170 330 326 253 330 253 178 331 247 237 331 157 156 331 237 157 331 156 166 331 262 247 331 266 262 331 166 266 332 272 279 332 251 250 332 270 272 333 274 34 333 178 274 333 330 178 333 258 330 333 34 258 334 268 179 334 162 161 334 171 162 334 179 171 334 161 268 335 281 283 335 261 260 335 283 261 335 260 262 336 161 337 336 337 279 336 280 290 336 279 280 336 290 269 336 269 268 336 268 161 338 288 287 338 265 292 338 287 265 338 292 288 339 290 291 339 291 298 339 269 290 340 76 295 340 294 76 340 301 294 340 295 301 341 307 309 341 288 297 341 302 284 341 309 302 341 297 307 341 284 288 342 179 269 342 88 86 342 269 339 342 90 88 342 339 298 342 86 179 343 300 283 343 282 302 343 283 282 344 305 308 344 297 293 344 304 305 344 293 304 345 310 40 345 300 343 346 41 310 346 191 42 346 42 41 347 43 191 347 191 306 347 306 311 347 311 43 348 308 305 348 44 311 348 311 308 349 195 89 349 89 194 349 194 313 349 98 195 349 99 98 349 313 99 350 194 193 350 313 194 350 193 198 350 198 105 350 102 100 350 100 313 350 103 102 350 105 103 351 196 314 351 91 315 351 47 46 351 48 47 351 46 196 351 314 91 351 315 48 352 8 223 352 149 219 352 219 316 352 223 149 352 316 8 353 324 155 353 320 324 353 155 238 353 238 145 353 145 320 354 325 252 354 153 139 354 139 233 354 252 153 354 322 325 354 233 322 355 253 326 355 326 321 355 321 227 355 227 245 355 245 253 356 324 236 356 328 324 356 236 326 356 326 330 357 356 330 357 258 328 357 330 258 357 328 356 358 337 161 358 279 337 358 161 160 358 160 251 358 251 332 358 332 279 359 175 275 359 275 270 359 270 332 359 250 249 359 332 250 359 249 159 359 159 175 360 262 266 360 335 262 360 281 335 360 266 281 361 298 185 361 342 298 361 189 90 361 185 189 361 90 342 362 308 307 362 307 297 362 344 308 362 297 344 363 346 310 363 302 309 363 310 345 363 343 302 363 345 343 363 191 346 363 309 191 364 345 40 364 40 39 364 300 345 364 39 300 365 45 44 365 305 312 365 312 45 365 44 348 365 348 305 
1134 2189 1 0.119690882660583
20 20.5734285148067 -9.48333109150404 20.0310606036798 21.5497451562132 -13.1269944015081 20.0493406787824 22.3726374614764 -16.1980702939078 19.9904622124127 22.6813448086953 -17.3501817983986 19.9425290303258 22.7836904704738 -17.7321410080899 19.8794491584886 22.8701212628068 -18.0547051164152 19.7515706130099 22.9754101263072 -18.44764850447 19.639451705823 23.0316245933826 -18.6574437517158 19.5284731388611 23.0698906387631 -18.8002545772804 19.4104345342742 23.0987289911365 -18.9078807735445 19.2767746804234 23.1215444628843 -18.993029273306 19.1265893936615 23.1386455348473 -19.056851342736 18.958974490341 23.1503406878664 -19.1004982480054 18.7730257868148 23.1569384027823 -19.1251212552853 18.4950121507975 23.1583391846049 -19.1303490442176 18.0091767242749 23.1460766967499 -19.0845848165155 17.1112736552911 23.1002490086218 -18.9135535560282 14.7030139334698 22.9457781691703 -18.3370605349074 12.6919764074828 22.8276901188285 -17.896349931265 10.4752742562057 22.7206889326207 -17.4970160678675 8.30612603499556 22.6397538265706 -17.1949621399724 6.07816826056193 22.5792980224946 -16.9693380075484 3.75647110456491 22.538437844399 -16.8168457468893 1.94265585875409 22.5207872694974 -16.7509729045737 1.37861988708594e-15 22.5145713530756 -16.7277747886721 20 20.5734285148067 -9.48333109150404 1.72237655677227e-15 28.1285438049804 10.6865398213216 1.04889896744422 28.1368835597532 10.6383651526151 2.06198966073399 28.1496108266354 10.4989661650748 3.07216848822281 28.1656054711927 10.2648573812037 4.06970922434698 28.1830960964729 9.93616296564661 5.05882203348699 28.2002130356937 9.5101695845012 6.0433507978335 28.2146911380468 8.98271482209925 7.02672466924665 28.2236776238512 8.34832517741772 8.01190917066898 28.2234795097854 7.60042853469023 9.00132051375934 28.2092282308788 6.73171289952343 9.99661771699 28.1744388332525 5.73481220112376 10.9981810424655 28.1104689538929 4.60375006235908 12.0038760299044 28.0060122395259 3.3371004967918 13.0064436157022 27.8471796237524 1.94462932136049 13.9027082484687 27.6367049466925 0.599480253979078 14.8452246687043 27.3019740332855 -0.896765989454262 15.6327814805714 26.9400378437384 -2.23223841371638 16.3429644349752 26.5280857026755 -3.49775279409249 16.9664999402443 26.0775524729916 -4.64904754116441 17.5045981405671 25.5999285769728 -5.66309658402728 17.9651690117961 25.1042803857818 -6.53504514101262 18.3585206951809 24.5969051792242 -7.27064861557704 18.694863518839 24.0817910934591 -7.88036012334813 18.9833287650153 23.5610737279281 -8.37595969736768 19.2317382942669 23.0353143106034 -8.76880611639369 19.4466513240091 22.503650348028 -9.06889147156808 19.6334779897933 21.9639031731791 -9.2842588127419 19.7965856994774 21.4127090776706 -9.4205993588329 19.9027187522116 21.0004417157361 -9.47210961914347 1.42305569509822e-15 23.2402631695768 -16.6953549441686 1.46528158980779e-15 23.9298643629816 -16.5862047600313 1.50902935381405e-15 24.644319568135 -16.3808660526612 1.55019676801488e-15 25.3166344630008 -16.0879138851801 1.58903948528998e-15 25.9509841759491 -15.7065261756784 1.62573513318354e-15 26.5502695849194 -15.2334934415555 1.66036872020634e-15 27.1158789842484 -14.6635438691745 1.69292418854619e-15 27.6475501299618 -13.9897843290482 1.72328238918842e-15 28.1433371709825 -13.204217463665 1.7512247547099e-15 28.5996706304081 -12.2983032197395 1.77644159480214e-15 29.0114928816858 -11.2635464041457 1.79854411189411e-15 29.3724543786229 -10.0921014304606 1.81707961561563e-15 29.675162126431 -8.77738702535746 1.83154972306817e-15 29.9114769147049 -7.31469707129682 1.84143140176212e-15 30.0728569746671 -5.70178134957727 1.84620049228509e-15 30.1507421334948 -3.93935554151365 1.84535687879887e-15 30.1369648797298 -2.03148822941139 1.83844987726584e-15 30.0241649844811 0.0141909966634941 1.82510186953307e-15 29.8061754753089 2.18650952758717 1.80502793946782e-15 29.4783433186539 4.47102041574964 1.7780494357193e-15 29.0377509165458 6.8505127350366 1.7522701558488e-15 28.6167433266276 8.75295902831968 19.8347089668836 21.9964791716926 -11.7095480361094 19.8546484130582 21.9434820604403 -11.8099084889293 19.9254670506408 21.2796301886586 -10.7148706395289 19.9160693640214 21.3063633325521 -10.6643197988456 19.7835030041202 22.5662294864354 -12.7748560227777 19.8151538172176 22.043181799922 -11.5993924316433 19.9069269237043 21.3299280232287 -10.6088328836153 19.7520384423326 22.6449876166166 -12.6254885893895 19.7079897406946 23.1491178229275 -13.6161246241469 19.7960616638041 22.0835037039214 -11.4798841298828 19.8980763386443 21.3502800728 -10.5486326198479 19.7209724344141 22.7143715591628 -12.4615496512793 19.6641774241143 23.2531002517125 -13.4186142447797 19.777511206387 22.1173586424833 -11.35146558518 19.8895542177959 21.3673752933772 -10.4839417335527 19.8813971701136 21.3811694970719 -10.4149829507395 19.6904305667595 22.7742552106386 -12.2836981548773 19.6206745291682 23.3446790152271 -13.2018444582148 19.7595811447102 22.1446603744008 -11.2145792518868 19.660538425764 22.8245124676088 -12.0925930466137 19.4148319921727 24.6710818582223 -15.4619706641049 19.5276953178529 24.2002986525374 -14.9532705617378 19.4573624416596 24.3529844299733 -14.6623120062658 19.6314215978223 22.8650172266383 -11.8888932729185 19.7423501785176 22.1653226584665 -11.0696675843551 19.3868961668467 24.4873738749313 -14.3430064967501 19.5105518553543 23.9352858823913 -13.8268167681413 19.4542174711785 24.0329650607316 -13.535463882818 19.3306477449151 24.8471791419149 -15.1258296845496 19.6032056693294 22.8956433842917 -11.673257780222 19.3984733968375 24.1148671678529 -13.2224203998104 19.5353033359173 23.4899706742374 -12.7140145180812 19.4937882034819 23.5433561336292 -12.444698291807 19.3165846552025 24.6032350090428 -13.996640652301 19.2459992175199 25.0021247071235 -14.7569535597327 19.3435506357214 24.1807931752185 -12.8887675865247 19.2467160685151 24.7003358539389 -13.6245010920288 19.1612337821431 25.1356560428208 -14.3568300698167 19.2896801912204 24.2305440542919 -12.5355867103672 19.4532888244196 23.5836830555429 -12.1596105129241 19.413981781665 23.6107877219265 -11.8596231450797 19.1775785685729 24.7784444312511 -13.2278744350441 18.9846394432806 25.6313839645333 -14.6226446686335 19.0766988109407 25.2475106379793 -13.9269469949642 18.8976485519057 25.9243417475688 -15.3042793515848 19.0841527612481 25.480720093244 -15.0751978727804 19.2370930667246 24.2639207765363 -12.1639590387442 19.3760436581528 23.6245064147281 -11.5456081519212 19.1094603171641 24.8373287626106 -12.8080473004572 18.9927416760687 25.3374259815718 -13.4687921153377 18.8850890841049 25.7575254254578 -14.1364485088441 18.7832762298953 26.0915745766481 -14.8006969820199 19.1860202656243 24.2807243134152 -11.7749658390621 19.042649476077 24.8767568696488 -12.3663063073784 18.5778657085606 26.4805791108175 -16.0753907234793 18.9368845605106 25.8791469142003 -16.4255161023636 18.8107104375638 26.1213127816447 -15.9607313426899 18.717645987976 26.2178916001128 -16.5805509024111 18.9097097496831 25.4051395625709 -12.9838532110999 18.4617108958977 26.5267400467912 -16.6631978345603 18.6685543479981 26.2315141218581 -14.2596960338962 18.9774342070998 24.8964967739969 -11.9039380749183 18.4358338895067 26.7113907179366 -15.5211134692292 18.6827783433672 26.3341713843743 -15.4507379118373 18.5536187332673 26.5173836816329 -14.897599543244 18.3087875558575 26.809142305269 -16.1190174951298 18.6875090362096 25.9350788362445 -13.069865370201 18.8279504039398 25.4503888699491 -12.4736180624131 18.4237620626108 26.6706106326641 -14.3033799703482 18.5539521111222 26.3438442844572 -13.6831530831372 18.2921415446769 26.9099670819554 -14.9199648855742 18.1531069441988 27.0571814625318 -15.521945939452 18.5902952445307 25.9859096461226 -12.4928474152791 17.9995956132005 27.1082139493876 -16.0980844437352 18.1650382011437 26.8069376105191 -16.6798682818838 18.439938724176 26.4282489657033 -13.0729447056663 17.8235868205821 27.0597296475801 -16.6369736274542 18.2937387867443 26.7935131967116 -13.670142926588 18.1473796879338 27.0759488633593 -14.2741907184277 17.9953192554044 27.2704805800834 -14.8744055422789 17.8308892613177 27.3727253324361 -15.4597752381972 18.3269833920674 26.4844120668546 -12.4309474774069 17.6464095143356 27.3790056275615 -16.0190643553896 18.1640793610144 26.8857523330191 -12.9999521454017 18.0021393331397 27.2089767226337 -13.5860367137028 17.8360746839573 27.4486627194276 -14.1788186783623 17.6596264567299 27.6000799784846 -14.7675340466264 18.2155553197049 26.5120174891694 -11.7590379742824 18.4946762057247 26.0110557656681 -11.8889245525781 17.4654725947378 27.6592040419257 -15.3411412811561 18.0353142407676 26.9469890008304 -12.2948713602275 17.8570114941573 27.3086913202639 -12.857748617313 17.6760234243405 27.5913509420683 -13.437607722454 17.4865145106721 27.7898861063527 -14.0239542503798 17.2815377399338 27.8999210796267 -14.6059629318851 17.9079738813506 26.9768841593892 -11.5569643045035 17.712587184849 27.3747333167354 -12.0915721751716 17.5158156710368 27.6981683095094 -12.6531950493059 17.312260734379 27.9417519348604 -13.2316292308142 17.0953666280687 28.1007529296184 -13.8162878347078 17.5694574190774 27.4067433725335 -11.2897531331918 17.3561016185292 27.7687378832547 -11.8280030336698 17.1375724390854 28.0552856828275 -12.3931523692863 16.9077209372874 28.2612957808548 -12.9748745167556 17.1975314613007 27.8026827248081 -10.9644540502975 16.963156936026 28.1300955690737 -11.511117047153 16.7193623457352 28.38114582229 -12.0844815051599 16.7897215364357 28.165789812419 -10.588116645771 16.531052531557 28.4598992428778 -11.1478673270518 16.3435531728979 28.4971522315723 -10.1677905095628 12.9297957521065 28.5619861289854 -14.0899809520217 13.1348685554741 28.1475635793961 -14.9325246907941 14.6899326605087 28.0029128698585 -15.4982393464231 14.4786364216472 28.4006133751006 -14.7009507886287 14.2613676947241 28.7475870104734 -13.8265533629713 12.7185466652626 28.9227084272935 -13.1660671904451 14.0390481922493 29.0435164514556 -12.8786906442568 12.0435481613516 28.6189592946486 -13.7803400830947 12.2417719556752 28.1975525628681 -14.6427178774456 12.5020114258989 29.2294742745214 -12.164670324338 11.8391875413589 28.9853601413937 -12.8347296889793 11.0774712727919 28.6623887362908 -13.4763566111156 11.2661733159179 28.2348811994552 -14.3566560845879 12.2810801649717 29.4820274708702 -11.0896772719739 13.8125996267327 29.2880843735259 -11.861006207291 11.6295476059855 29.2965299551169 -11.8098827579074 10.8827775139247 29.0337096395535 -12.5111448213746 10.0276067410664 28.6939732665358 -13.184351559107 10.2039783798741 28.261222414642 -14.0806228203561 12.0566430134374 29.6801118165409 -9.94497495162651 13.5829437106841 29.4809734521632 -10.7771436268797 13.3510021566134 29.6218663628461 -9.63074647782886 11.41548586552 29.5522435878318 -10.709795352687 10.6829052717681 29.3486493559361 -11.4651169230731 12.8839489844452 29.7463943822637 -7.16492277303176 14.4223480163925 29.4212998438537 -9.39241170490032 14.1948692496439 29.459555376457 -8.21327096283675 13.1176966770305 29.7104457810533 -8.42545833494426 9.84550270989877 29.0694847569725 -12.2016742706283 8.88999622081369 28.7154116980075 -12.9106459500916 9.05109289121608 28.2782491339133 -13.8209015928853 11.8295901022525 29.8234711117346 -8.73445028156944 11.1978598302508 29.7522758915518 -9.53846353612606 10.4786677787741 29.6070133321315 -10.342369123919 9.65842325588753 29.3875918826154 -11.1367778217678 8.72354925621984 29.0944133288502 -11.9126797197375 11.6008115623734 29.9118491566523 -7.4619901800763 7.66068136667267 28.7284028433298 -12.6615608070921 7.80342259361569 28.2876342827539 -13.5837759103106 10.9775270104663 29.8964017182906 -8.29988337103252 6.45687323074502 28.2910507866484 -13.3755292807672 10.2708782673948 29.8086070148324 -9.14699763162032 9.46712534854888 29.6481296401281 -9.99384907937315 8.55244039098488 29.4151169407912 -10.8312704559241 11.3711975247564 29.9449897514951 -6.13148156542073 7.51310327982659 29.1102231903863 -11.6505228516994 10.755344916455 29.9843959200615 -6.99805092021438 6.3357038332821 28.7346455151264 -12.4434171531312 10.060349970082 29.9532358507317 -7.88309865388509 9.272365957399 29.8509330261739 -8.77707491029226 8.37735801865915 29.6773854481803 -9.67068571275278 7.36129550970109 29.4329839361 -10.5549998274748 10.5321710585053 30.0160333488781 -5.63696224647963 6.21035090765772 29.1186421767804 -11.4215653495112 9.84789611928787 30.0407052865222 -6.55476839842132 4.91110527528076 28.7358385260214 -12.2625360112314 5.00735054627608 28.2901715710815 -13.2024452123901 9.07490205195411 29.9958370374162 -7.49064218137286 8.19899053279302 29.8810817653674 -8.43519304432484 7.20586523291982 29.6965736926471 -9.3793295177612 6.08132744467718 29.4429522741782 -10.3143709383528 9.63432994746427 30.0708207688968 -5.16610307293705 4.81147826665192 29.1213981232322 -11.23216889617 8.87549060173041 30.0826766705186 -6.13873775946273 3.38292734730744 28.7336806886384 -12.1252384044156 3.45076028388092 28.2866695615381 -13.0708072133144 8.01802632693683 30.0260688067022 -7.12906000474155 1.78300818723155 28.2822176835028 -12.9868987916753 7.04741962610642 29.9008810722042 -8.12784970590101 5.94914643514578 29.7074873098873 -9.12623098810172 4.70887502855412 29.4467813606622 -10.1157887904906 8.6748885762441 30.1112869221444 -4.72554851140966 3.3126714837479 29.1202188649411 -11.0886951746732 7.83515379464093 30.1122094865345 -5.75655414810422 1.74721170400092 28.7298708156015 -12.0378453557062 6.88656586588454 30.0457946869476 -6.80489817523688 5.81432086986881 29.9121587864755 -7.86154256720375 4.60370106915189 29.7119192362596 -8.91784061747764 3.24027709397291 29.4462306011884 -9.96565838582097 7.65106132945569 30.1393667192141 -4.32194302851414 1.71011668588436 29.1168322371069 -10.9975058680179 6.72391112887781 30.1312031490538 -5.41481270911139 5.67736373965159 30.0568782065107 -6.52470274410456 4.49636189660978 29.9167427479726 -7.642769300416 3.16602857875305 29.7116624081228 -8.76060889959229 1.67187247357454 29.4430594013934 -9.87038472627674 6.56006259170988 30.1569950706991 -3.96193109086715 5.53878803529939 30.1415570725604 -5.12010858724987 4.38726301909232 30.0611828937495 -6.29501976259032 3.0902103388589 29.9164607964865 -7.47802757772074 1.63262840776412 29.7085097618358 -8.66098632814897 5.39910674761754 30.1661068871926 -3.65215716508539 4.27680994476405 30.1451706715384 -4.87903692728526 3.01310677506107 30.060572277022 -6.12239528193986 1.59253382914578 29.9131407718087 -7.37381507130093 4.16540818178952 30.1686370792877 -3.39926571778552 2.93500228813013 30.1439433604716 -4.69819287398317 1.55173807841218 30.0569098846865 -6.0133753533989 2.85618127883669 30.1665205575776 -3.20990121558422 1.510390496256 30.139774553844 -4.58417157210921 1.46864042336989 30.1616922326556 -3.09070812509816 19.731950282565 23.5840218194472 -15.3842265027196 19.823770144933 23.2482187428147 -15.4939027553675 19.8455108289994 23.0539736305402 -15.1090720805134 19.7985621405072 23.4340587999955 -15.8511780688274 19.6852556099669 23.85740095158 -15.82033944771 19.7693172908869 23.6116710934927 -16.1816764969794 19.7038779009008 23.9143650004071 -16.7169687555773 19.7563188911496 23.7081415890969 -17.3146748707358 19.840300106637 23.3921501412867 -16.6548498742178 19.6601825301684 24.0697311606371 -16.9761533008654 19.642194102259 23.4859213232278 -13.8845206752932 19.5672455459747 23.8220286613686 -14.0953977883738 19.6240675396495 23.6933924262003 -14.3401256761094 19.6231126601315 24.1820063381621 -17.1560030055744 19.5732463233857 24.3383374209054 -16.5259863262585 19.6534144761511 23.0707025669742 -12.7451740710839 19.5776576387909 23.4236903954194 -12.9666872280996 19.5681380001574 24.324239480932 -17.3739308738484 19.6761517657756 23.904387643344 -17.6948223430387 19.5920390405756 23.5953776107487 -13.6523756875713 19.5459431881615 24.0239002354928 -14.5295073604924 19.814866870786 21.7767983868978 -10.7770492053054 19.8736418045519 21.3916184959954 -10.3419789974178 19.5230042839484 24.4244906961481 -17.5202371275978 19.7080745621261 22.4942162055495 -11.6534751044967 19.6170667198083 23.1346311844741 -12.5307422177829 19.4696396745086 24.6529267946376 -16.9372099108865 19.4551340783835 24.554258822019 -17.6996789288563 19.559471811408 24.1048371513488 -18.0526169081081 19.5422153308497 23.6908447161833 -13.3991508472547 19.4823893548987 24.1562432753157 -14.2483324450234 19.8028783747961 21.7898603146306 -10.6650519160531 19.7258970075531 22.1792592534733 -10.9171730369369 19.8663247300656 21.3986781022593 -10.2651525995971 19.3711415323851 24.6887721488907 -17.8724561050539 19.4116727959922 24.2824241409481 -18.3362484298644 19.5814616967185 23.1873013652187 -12.3012982550576 19.4929263811274 23.7721409746886 -13.1258232489647 19.3439294364573 24.9399168883975 -17.2701664432473 19.7915382779832 21.7978250604966 -10.5475104200205 19.7103003315606 22.1863839182139 -10.7575380639841 19.859482555609 21.4023041279749 -10.1847264832871 19.285408528009 24.8042022105527 -18.0085585422097 19.3576096061911 24.6794538597247 -14.7382038329915 19.663004045298 22.5455420999439 -11.2927587957246 19.5760162266804 22.9162648371339 -11.4463455149542 19.3054647391691 24.9898951795749 -15.5044576725414 19.183221089487 25.3058243815818 -15.4924236093189 19.2814364794769 25.1069873995387 -15.8726373662831 19.2158338460044 24.8855139662829 -18.0968401602221 19.2624699936693 24.4132736638029 -18.518864014575 19.5467500206838 23.2285679139807 -12.0576080872168 19.1700737194124 25.2352020454854 -17.5620018435763 19.1133728215672 24.9896373512204 -18.1995769423076 19.6418636743362 22.5586195068959 -11.0983807801733 19.54997885627 22.9267554817296 -11.2088154235453 19.2139041057301 25.1662055220525 -15.1284955014584 19.0449347986716 25.0508149886526 -18.2539424712598 19.1773572500389 24.4737627483669 -18.5937323212331 19.5130823055061 23.2582856355324 -11.800437618569 19.1533128183288 25.4203671836833 -15.8473040070889 19.1234676966335 25.5092606327702 -16.1916820513451 19.0112021091212 25.7301317333622 -15.7685665666677 19.3967663938791 23.8914942915372 -12.5227681569501 18.9779161441157 25.1053711145049 -18.2982852159242 19.0060823221145 24.5738423751858 -18.7010544371213 19.2935837120542 24.4506907543698 -13.2564215289562 18.9845398474414 25.4715020561795 -17.7503106412762 19.2027083918977 24.9289156194614 -13.9917385276096 19.1218801386998 25.3198224703455 -14.7184388477496 18.8519687019959 25.1960391946793 -18.3624144024614 19.4806091649877 23.2763093346464 -11.530552753423 19.0474771647928 25.617694420376 -15.4257131004071 18.7747467244476 25.2452454574099 -18.3916721659388 18.9048034116458 24.6226923028042 -18.7444317767855 18.9746028426288 25.8174595240307 -16.102319599117 18.6936128524729 25.2925674575782 -18.4157145445584 19.125853476234 25.0232439442791 -13.5771841076223 18.7265422947474 25.7183694649457 -17.8934188562072 19.8732055508967 21.2149813307575 -9.76858592850787 19.9218011371866 20.9860391108573 -9.69666834412097 19.9208452825975 20.9831667653046 -9.67327040396717 18.5420243759372 25.3708848871624 -18.4456587945784 18.6953220886485 24.70608186986 -18.8011754034568 18.8545330946563 26.035116712772 -15.6363622798204 19.1718526631416 24.5593463527261 -12.4833369653032 18.4495896006147 25.4131986977534 -18.4561164603171 18.5725878647258 24.7463679237084 -18.8189844518432 18.9379523337129 25.5578687713622 -13.802388950985 18.7859096322411 25.8588539060255 -13.6182939053779 18.422998053573 25.9336461127934 -17.9614785861389 18.7331939716379 26.2246163290804 -15.1281844420127 18.9749227946192 25.1498577319266 -12.6723704249562 18.8468035606801 25.6417444175779 -13.2995691371945 18.7266477262091 26.0556897158329 -13.9387672867087 18.9014821353664 25.181648094002 -12.1848866390381 18.7478110109948 25.4729113926792 -11.9395744494401 17.8213887580839 25.6259264746854 -18.4287761162655 17.9046678952165 24.8958725983523 -18.8005829287049 18.1683787078395 24.8480206143099 -18.8251787736229 17.9395970931429 26.1775015920866 -17.9527358578179 17.979072911665 25.5822133576515 -18.447525277457 18.3528436029935 25.4537525553773 -18.4619045772707 18.6200588693047 26.1493471621906 -13.3749981253838 18.6680239358451 25.7378164351542 -12.2122733519603 16.6184163416024 25.8252445130125 -18.1658031274651 17.1225310354032 24.9807423711849 -18.6584280043775 17.0864101780131 25.7672479974753 -18.2844677755384 17.4465822586614 27.4386501539018 -16.1580827539619 17.4333156710807 27.2863615142579 -16.5409252543442 17.3399122471976 27.4596815370982 -16.2227788328589 17.2284411654601 27.4749023881776 -16.2843236107775 16.7925333829655 27.8405954236291 -15.7126542122203 16.9901836695076 27.4880785668361 -16.3981345456263 17.2453488930086 27.6227289241792 -15.8884300161866 18.6594755138357 24.935190551546 -9.80347133152822 18.6762670733374 25.1527327242217 -10.5020116875969 18.8009831498152 24.6403788969904 -9.92621310034665 17.2592894818731 27.7424238009925 -15.4751192051274 17.1497271846689 27.7754520540543 -15.5382435010121 17.0355621578871 27.8028002739092 -15.5988463635473 16.5902093259792 28.1496928367654 -14.9606432624808 18.5151368869491 25.2128167181505 -9.66258767636428 18.3851079012901 25.7181811571832 -10.2811829667716 17.132407418371 27.9222752826403 -14.9861080403135 17.0531486983335 27.9177993052768 -15.1725839840201 16.0178380440453 26.6180314362906 -17.4685225186326 16.0076182632086 25.8784053979853 -17.9983841661102 18.6581667698772 24.6792295858769 -9.13033092303637 18.3496064181553 25.5059328094294 -9.48536385719104 16.9557150101576 28.0497190564 -14.7918161618955 16.5395890877273 27.8438149024131 -15.8190922500636 16.9396436759938 28.1577521987388 -14.2041605024632 16.8575276962962 28.1711596859775 -14.3963047313231 16.7721427753985 28.1743528726628 -14.5867073941363 16.3840709170975 28.4149516000047 -14.1451719782089 18.1914973986791 25.7636598279464 -9.3036628678887 18.0577485377725 26.2560135882355 -9.96985872900699 16.2641647270035 27.8259506560241 -15.9159326818794 15.7556600443036 28.1646799736454 -15.2586979367554 15.9641196816452 27.7875456669644 -16.0035319863942 18.3379190362867 25.2374263713041 -8.71796024495224 16.7586883329045 28.2820695725624 -13.9864143889876 16.3341151939061 28.1752074343076 -15.0670748746978 17.9974633008077 26.0538831299432 -9.06784881158543 16.1981807464859 28.180175119597 -15.1175744606176 16.4048197970796 27.8374847413061 -15.8686903522451 16.6592984961375 28.3823970947084 -13.5625098315739 16.5709669554175 28.4032454325106 -13.7578251401797 16.1749775748692 28.6359525071064 -13.2693106412058 16.0566379365067 28.1800334459138 -15.1663169324005 15.5417515867995 28.4945227074963 -14.4417098749758 16.6793077880081 28.4070560299559 -13.0756166991104 17.8242057886447 26.291627134769 -8.84816864745978 17.6894388162662 26.7649911293409 -9.57036372918106 16.5594597621503 28.4720906309686 -13.1249557557667 16.1242726559112 28.4615726426158 -14.2486949482717 16.4355904746902 28.531908807403 -13.1736588902746 15.963788717843 28.8122763518302 -12.3361295332724 17.9709290663243 25.7782531025127 -8.19957123276419 15.9868981857008 28.4772580779885 -14.2986458675339 16.459273707098 28.5510985598964 -12.6741168582509 17.5970963444139 26.5765354561615 -8.55079102575977 15.8441954142169 28.4879381118154 -14.3474395515382 15.3233049096915 28.7767006416472 -13.5559378673677 16.4825996232532 28.5450030676129 -12.1684627455061 15.2553933125446 28.1049722624704 -15.3851679106132 16.3588419071358 28.6193692600454 -12.2103578357112 15.9109422432487 28.7025052548405 -13.3671253602521 16.2312507074488 28.6886986850601 -12.2522417961899 15.7513637645679 28.9435039279356 -11.34869893621 17.4071943495637 26.7942545287668 -8.29639090947604 17.4454294491047 27.0573553919543 -9.28823028802263 15.77186196907 28.7283358657653 -13.4151277884899 16.2582659384186 28.6768511099687 -11.7340433848325 15.6277350226985 28.7492747657207 -13.4625734049424 15.1012306135382 29.0108405492282 -12.6047519802438 16.2855277522818 28.6404678519907 -11.2124243168886 17.5499477349308 26.2987247182524 -7.57185030378995 17.2095928318812 27.003305288513 -8.02808904110799 15.0414624803895 28.4683937125209 -14.5754283648996 16.1576473771016 28.7234924882199 -11.2455382022995 15.6950047254251 28.8975999984841 -12.4255390001059 16.0261175107779 28.8016731164934 -11.2792627210419 15.5385621335924 29.0292160291822 -10.3100891318196 15.5539619509391 28.9330107322123 -12.4702434389816 16.0570877993399 28.7592417733522 -10.7452069847971 15.408154624516 28.9636535196212 -12.5149913582628 14.8764392988982 29.1965692033695 -11.5915222799163 16.9352474395253 27.2674939636953 -7.65230218973609 17.0083764487504 27.5097427695857 -8.76440956256672 14.822245955357 28.7825766583465 -13.6927274131922 15.9566887812886 28.784047343919 -10.23341442901 15.3262432434655 29.0689934493296 -9.22337040190228 16.7190013301042 27.4569139145224 -7.35527164295113 16.5215167995917 27.9278574280688 -8.17053668275719 15.3340879856537 29.0908849266144 -11.4672160345051 14.6498415663301 29.3335133772013 -10.5196188326976 16.925686665457 26.9237368203765 -6.6166088350903 14.5986650667038 29.0471748776672 -12.7405754036152 16.4058685504388 27.7056138899881 -6.92647628607866 15.1131299275594 29.2015606982564 -10.4092687905563 16.1694549401419 27.8756955246214 -6.60525132044194 16.2127125722407 28.1556119774052 -7.7949138018626 16.3656110564143 27.3732422525103 -5.76205264964435 14.8919776310018 29.2646402964232 -9.29962492263135 15.9242633159279 28.0379012677722 -6.27545979298525 15.5663698154068 27.88206691732 -4.5765600423716 15.5630950862468 28.2535928244943 -5.79748163267062 1.92786953633094 23.2459524487778 -16.7185809199085 3.36368084760462 23.5358427716946 -16.7337589618944 15.0280723622488 28.1577229578635 -3.81069626226409 15.1445091530249 28.4735647785688 -5.2572183820245 14.5711302109331 28.7311000384084 -4.54418448472971 15.1929847775726 28.753002447824 -6.5906916264889 1.91914017988315 23.6281327928116 -16.6681863530166 3.16647255024077 24.0088705209169 -16.6369790414665 0.980146687841816 23.2417745392203 -16.701280602272 1.90996396283589 24.0002037089512 -16.5949503473289 3.15056728827254 24.3727899963407 -16.5405341266204 1.29204616164803 23.7284180990222 -16.6375444498235 1.28360328633751 24.2178654662904 -16.5267276742625 2.12992583328619 24.6942169528806 -16.3949420010413 14.0524982935393 28.5467311301388 -2.49524611261067 14.1560022060299 28.8763952825817 -4.03712738371121 13.5550705087717 29.0481835300586 -3.32987448864664 14.1622970141684 29.157789864778 -5.43986275946115 13.0379716151852 28.8077325910859 -1.20890666068985 13.0736680548077 29.1613184462776 -2.79065484597167 12.4090908796794 29.2882348282568 -2.087741213783 13.0131705259435 29.4489110299726 -4.25845414731886 2.9632285632031 27.771646452072 -13.8971632943346 1.83446579243139 27.4879166637077 -14.2415109678249 1.85996262798259 27.0153758830399 -14.8065294485848 2.72679564959801 27.2370700429104 -14.5920233798244 2.70620887153122 27.4906969100377 -14.2751513282056 1.24118945761152 27.3662249891911 -14.380620529741 1.81972328557698 27.7357367854838 -13.8966667313419 11.9328150844143 29.0007307399687 0.058148484639668 11.9084677837793 29.3652336899743 -1.59036784239629 1.80768062513001 27.9256178046003 -13.6059512923438 0.925010057719736 27.7335438375147 -13.8754599190881 0.620658250067086 27.7049576537353 -13.912260180973 11.2699287419753 29.0828418549 0.74933520778219 11.4195018659604 29.4276164279047 -1.13113601154321 10.6587573602026 29.5038643754558 -0.468045849141756 10.2824134918151 29.7998163485626 -1.98309972739621 11.410292222464 29.6964300242268 -2.83306445804268 10.154098010814 29.5429035840482 -0.0619142606677094 9.7433547915008 29.5690253905161 0.249287674514454 9.37224687192972 29.8550201616785 -1.38425280903231 10.098240070365 29.1829823834896 1.84649745930118 9.2363483195868 29.5952795408412 0.610078131318913 8.80012206222543 29.6133029070151 0.900381620746058 8.77325363776357 29.8810841666427 -1.03035349084316 9.15614694059298 29.232528230878 2.61690821449234 8.35190633602488 29.6280531425339 1.17980973257206 7.82744118045789 29.6411742616399 1.48320258295733 7.78582090781155 29.9105216031818 -0.512912440547922 7.35277932132951 29.6497936410868 1.73652751014459 7.89818050331254 29.2689605769762 3.49820459672157 6.82333187171362 29.6563658248809 1.99602335939822 6.75544454477421 29.9278121772824 -0.0554680010885491 6.32178253829273 29.6601373731917 2.22011947454007 6.90302644892439 29.2811171723939 4.0825727929766 5.78551930679068 29.6620195231515 2.4371153354868 5.67978766903043 29.9356953259889 0.338333203392272 5.25661159338318 29.6621302763561 2.62900091026559 5.88629357910569 29.283487240337 4.58290747018345 4.71144623912925 29.6608306420458 2.8045548471715 4.55631466555686 29.9366226814753 0.664760318313901 1.44153818790191 30.1434421494964 -2.09433466488151 2.32971987564297 30.1207801924358 -1.48467128702393 1.42796005388575 30.124777685937 -1.58718403465515 2.07308281805479 30.070895130834 -0.59917382358914 4.15467167821587 29.6583909158413 2.96134314336289 4.84542681578571 29.2791506773206 4.99971919844151 0.72370440022583 30.1216990005751 -1.55467681031348 1.40049903401695 30.0676601031851 -0.54513596366772 3.59827157781316 29.6551589652676 3.0960815758876 2.03245644458606 29.9865950547603 0.480315442435327 0.938921516558519 30.0537798583771 -0.349848909977384 1.35916629983363 29.93269544903 1.065138725241 3.77751507715939 29.2706851532129 5.332997681902 0.749518241674499 28.9473780363258 7.28402038105892 1.08726472140054 28.6246804103791 8.70627843928283 1.67000551658862 28.9065943307373 7.42934662163418 1.80714180086724 28.6740041134071 8.4465839233807 1.11222440813075 28.9013801627517 7.48678139339731 1.07438016467273 28.4695512833668 9.34709830404918 0.548714817284293 28.6201743140022 8.74091909718425 19.9946883150693 20.7004648453249 -9.85052414293468 19.9953177455086 20.6975810307106 -9.85139411481991 19.9940600227962 20.7033036611806 -9.84955300961182 19.9934330030767 20.70609730259 -9.84848158906206 19.9857267531213 21.0301833316237 -10.8291183132562 19.9928073902984 20.7088455938658 -9.8473107554961 19.9788080417372 20.8727271906873 -10.1842173487819 19.9812894023759 20.8627627666049 -10.1910137377205 19.9763429352686 20.8823194452385 -10.1766759456814 19.9753592903259 21.7411977011327 -12.871671315247 19.9763990506111 21.6394415067842 -12.5838936848 19.9265134216093 21.8668211028103 -12.5547876932154 19.9136475752358 22.1089603710356 -13.0999759178687 19.9743266305025 21.8406827302225 -13.1513642685821 19.9732272039278 21.9379204496776 -13.4230690539378 19.9003562748927 22.3417476600843 -13.6134508935397 19.9468512990767 21.2951357877291 -11.0832128807389 19.973896280017 20.8915367356044 -10.1684034937693 19.9714702730292 20.9003762671308 -10.1594139583955 19.9681160779793 22.2468083143596 -14.2741679318743 19.8979652460933 21.7874996035418 -11.9192716384592 19.9395233388479 21.6151525639982 -11.9771077434936 19.9197564267724 21.4122711768357 -11.0578155894496 19.8859430695757 21.9322686126023 -12.1950531269578 19.9435942164417 21.1070987108695 -10.42003323142 19.8619114422322 22.2143819452287 -12.7223025204942 19.9401030697484 21.1174404097825 -10.4015172089578 19.9550227341379 22.8757107400949 -16.4786928433362 19.935434345148 22.8677297655304 -15.9165318657386 19.8497668175549 22.351767655649 -12.9739675102552 19.9366594863179 21.1271912348751 -10.3820530092867 19.8374462029728 22.4867336533769 -13.217790751827 19.8317189661659 22.9621398551463 -14.6038699101853 19.8120066563921 22.7494892844645 -13.6823061598496 19.9151787778861 23.0836147059233 -17.0501055620072 19.8316116143 23.3510996610617 -16.1014842627014 19.9421647007115 22.7936837086881 -15.7264867415229 19.8788983238903 23.2070485989513 -17.3794333932699 19.8511901105657 23.2802293485358 -17.5704309228741 19.8160973088511 23.3563885277354 -17.7652864393605 19.9447684787979 20.9759682018677 -10.0006904113453 19.7100321852395 23.4267105039514 -14.520947167397 19.7806404348039 23.420238313809 -17.9251334054485 19.7384363591279 23.339987043622 -18.2418600448549 19.673277132622 23.6690107464704 -14.8763553906724 19.728883582338 23.4970299668615 -18.1124499955168 19.6791544228267 23.9720996003337 -16.3868705976711 19.6331689712882 23.9023066601124 -15.2043225085801 19.6592269470752 23.579338936869 -18.3061191086925 19.6043058497369 24.0529148863266 -15.4081134812879 19.6082579880641 23.4528924690242 -18.5364981607035 19.5903960539563 23.6445183119001 -18.4531401275875 19.5815618937496 23.8131463537503 -18.3346238589718 19.557432382687 24.2715636844036 -15.6921062104645 19.5304603240931 23.6919516416291 -18.5558607176803 19.9670665355669 20.7839883438234 -9.69133556719179 19.4848148972713 23.5267374485342 -18.7171817323391 19.4607917302185 23.7388999779346 -18.6532887217026 19.4907829747999 24.5375798663302 -16.0171563584596 19.4457597929261 23.93279176605 -18.5617198023 19.900271097565 21.1965960614765 -10.0821376788722 19.3794219224002 23.5743876756139 -18.8263909951059 19.4014854900827 23.7734063213413 -18.7217269830812 19.3612168818294 23.7944815529784 -18.7620016186074 19.4323103386853 24.7369761562125 -16.2447178402601 19.8977520060294 21.1982862977746 -10.0522503974686 19.3294413443536 24.0101006060172 -18.6945024746878 19.3000261712892 23.8234239071321 -18.8151607408852 19.2395996269194 23.623054109132 -18.9293352247959 19.8953275807534 21.1993273173093 -10.0217077422381 19.9251529062166 20.9919312712025 -9.76484998123091 19.3733700861088 24.9128521471708 -16.4329464333945 19.2182491416024 23.8572239552039 -18.8736007165389 19.2063675939856 24.0752581548126 -18.7952005880112 19.1109317751733 23.6574674730378 -18.9946239815782 19.1484107803838 23.8824269266809 -18.9141568808607 19.3029805204026 25.0966537391032 -16.6160741103467 19.0996224037496 23.8983361981463 -18.9382030546105 19.0698957138307 24.1333226046324 -18.8737553178019 19.02301301439 23.920888163644 -18.9698922015154 19.23266811034 25.2574824103441 -16.7639561318382 18.9361966409907 23.6929954243156 -19.0520511771807 18.921356098398 23.9469048003392 -19.0022984206336 19.8148610351706 21.6026556185673 -10.2351498719865 18.9181592374301 24.1851793068616 -18.9322394973223 19.1484577292693 25.4263300135212 -16.9056867845559 18.8351164584911 23.9660399494209 -19.0226546526636 18.7773279085969 23.7171419638628 -19.0819789484733 18.7751512273804 23.9779836688305 -19.0335478622485 18.7503433579808 24.2310927860005 -18.9717136226456 18.6814125532797 23.9947068005564 -19.0459780489501 19.0530952493605 25.5927385890638 -17.0305512710062 18.4917279027353 23.7469969723113 -19.0997570833527 18.963212194008 25.6674242112971 -17.3466195073308 18.9520722760034 25.7463423002194 -17.1314607480126 18.4858368009061 24.0232411422953 -19.0572128731912 18.5190996320263 24.2800948561943 -18.9958329612338 19.8344306165588 21.420921636989 -9.91497164943598 19.9228391573507 20.9884554472551 -9.71974023061627 19.8019701915204 21.5827128933277 -10.0113886265169 19.923957146043 20.9904185691522 -9.74247209810295 18.3410838198725 24.0399014867907 -19.0554995758692 18.8518446885562 25.8803479208792 -17.2071365978908 19.6473427132082 22.3301492188838 -10.484823990051 19.6614400231487 22.131703141897 -10.0534428248068 19.5813962402085 22.437049714532 -10.1134284630902 19.8332088622613 21.4182995586619 -9.89100444301133 19.8241591757772 21.4430370152183 -9.85346725786165 19.8003914920785 21.5798651436511 -9.98301578961237 18.1523996870826 23.7671375680163 -19.0819293483897 18.213658925368 24.0520453152346 -19.0485016506968 18.7319854319712 25.9337532958841 -17.4894186495429 19.7794320663295 21.6642371635646 -9.98762300064057 19.73593571578 21.8285414594025 -9.97613647964471 18.7329933186028 26.0202117352262 -17.2726058567571 18.2009459184744 24.328660773051 -18.9910148629305 19.9601722495815 20.7761536509376 -9.5584231672278 19.5577082028148 22.6997240413183 -10.6305969666551 19.4808755858376 22.7937674660008 -10.1596661063458 18.7281193557268 26.0989241395688 -17.0494862181999 18.3726456439155 25.030152065905 -18.7223856305522 17.9690413209124 24.0692608851567 -19.0238389565712 19.9598637505454 20.7740216993414 -9.54625496456151 19.9600123242539 20.7751168506421 -9.55235642660649 18.2678508936434 25.1718770615176 -18.6633219528891 18.5955568245773 26.1613005727417 -17.3231849012772 19.4703687549931 23.0351115161372 -10.741044545602 19.3896230307495 23.0946079830389 -10.1776719349266 19.9597266628435 20.7728680213479 -9.54011965530356 18.1739881133151 25.3091889476874 -18.5977059455406 19.9596011955358 20.7716556409742 -9.53395137304336 18.4463678280155 26.1837075800922 -17.5668730234126 18.4553121956261 26.2870162454838 -17.3536968452678 18.2809013674449 25.8515624329683 -18.1474662293689 19.3726999915595 23.3840095276524 -10.8326892834536 19.2796089357499 23.4315472519173 -10.1737772942305 18.4582867888657 26.3803010672092 -17.1318227205362 17.7030049945725 24.3742096757468 -18.9309882871927 17.5866023412394 24.085013164504 -18.9643028227487 17.4421131229602 23.7767701634103 -18.9718538152299 19.3221855174659 23.5545153038279 -10.8684572088551 19.2751417299288 23.7076238544707 -10.8953431940891 19.1746974778224 23.729540168233 -10.1479935599963 18.2963396830135 26.41166831551 -17.3688060081709 19.8353140133313 21.3291056045492 -9.63645655779813 17.1321022632366 24.0924069198535 -18.8730415934074 19.1683956350865 24.0361294923049 -10.935696532679 18.1326306907972 26.5240225755248 -17.3679545563339 18.0738251617829 26.4273425942386 -17.5755702515739 18.144933957626 26.6321288633196 -17.1475564048279 17.532886713138 25.4545931798075 -18.5172071625693 17.5707275488458 25.6837674150034 -18.3882426853704 17.5121703588648 25.3346362216369 -18.5756106439746 19.6848629759431 21.917683846909 -9.67663660188806 17.3895897081102 25.2238834235371 -18.6101123959812 17.6301619773468 26.0994333632411 -18.083790458703 17.8862245450377 26.6689236808397 -17.3437437757688 17.4605237049448 26.0403746007797 -18.1349982633863 17.0746618306481 26.443691008187 -17.778171007387 17.5314355236832 26.3253939731124 -17.8864939486048 18.8306219105384 25.0456547528217 -11.2492258466192 18.9497235984046 24.748421974664 -11.2598104494211 19.5139259919144 22.497980383187 -9.64156716620822 17.6924393552684 26.7665962946282 -17.3106025480612 17.7396344651085 26.8802741815167 -17.0958602167702 15.9125817549446 23.7386880548787 -18.6183097647985 19.4103371430744 22.8129303130734 -9.58889936589206 17.4851285315463 26.8583773819959 -17.2652409688115 17.3569076884721 26.7452281366662 -17.450339806122 17.4690095727902 27.0123086934491 -17.0346094610835 16.5884595974324 25.4335461192653 -18.3636018513813 19.30943526283 23.0973556123434 -9.51957530514506 18.5708461642342 25.6195610366139 -11.1600829488753 16.8613197981139 26.1564650596047 -17.990964109806 19.2492110366409 23.2577327210264 -9.47095232334003 16.3003455862679 25.3124852844548 -18.3497253248238 19.1929941889377 23.4016423647733 -9.42124991640551 18.9322559303837 24.2316898167617 -9.72739701376831 19.0542857249749 24.046739000379 -10.096166627874 18.9327981515915 24.3429371777688 -10.0237397636906 17.0409477778056 27.0164017997439 -17.1441240151108 16.5928858917696 26.312276232595 -17.8297542985801 18.8656224787086 24.380626554783 -9.66944181578672 19.0766907941762 23.6831125376451 -9.30678972005434 18.2815881413 26.1606651925004 -10.9838582447197 15.8423245714455 25.4754989794322 -18.1659377197541 16.7908694148999 27.2971078270012 -16.7695287217696 16.6803812321997 27.180528484228 -16.9424584364554 18.1307566962021 26.409494977187 -10.8692875570064 16.3787784072673 26.990341143765 -17.1588341506183 15.2486384917151 25.4947808847961 -18.0055768693418 15.6578355687874 25.0385277460536 -18.2924943200737 16.4489658342264 27.3884182005338 -16.6496968811578 16.5384164604991 27.1476673955967 -16.983024551843 17.9592997478725 26.6689187663905 -10.725151790803 13.6174540895345 23.6435187578996 -18.0727964390276 18.8135762126795 24.1276466922927 -8.69585196825935 14.8653909016352 25.502627711984 -17.9030268570758 14.8218697448358 25.9366502863289 -17.6659413811905 14.0021272814948 25.9560221293817 -17.4444234401742 15.481473100305 26.4312999207362 -17.5005942875013 16.0019105019552 27.2536933230689 -16.7986139930488 17.7934552800433 26.8989444944628 -10.5747132613965 15.1873045910883 26.3243894760229 -17.5074814219787 14.2832778213003 26.7554159459695 -16.9363658039934 17.678674911703 27.0473898292791 -10.4655723664061 15.7588236487146 27.5530811053901 -16.3639287700752 15.6467551565584 27.4197938893586 -16.5330780555015 18.5103357805329 24.6664284787549 -8.24469501039923 17.4999780144209 27.2628007779604 -10.2892534420164 13.6772686617365 25.511690242485 -17.5977024782951 13.5600293579114 25.961963693062 -17.3299148318084 15.3381994328997 27.6198939505901 -16.2074816901396 15.3739608799868 27.3466075249435 -16.5785414971462 17.2923770351301 27.4916282523396 -10.0770208093032 13.4471404341391 25.5115407733467 -17.5414167915132 13.3220960038808 25.0325850914287 -17.7086891587924 14.1498602317592 26.3705829446853 -17.2098280552783 13.4373807206523 26.7886563439522 -16.6939912219759 11.504112630913 23.5579387266513 -17.6452629991753 18.1541964659322 25.2030567845656 -7.67481549727885 17.0963413956781 27.6890878582368 -9.8715300936805 12.9503221742463 25.50975289573 -17.4235033057074 12.5690184175358 25.9674189326907 -17.088022008623 13.7228609931894 26.3825868948068 -17.0927368811758 14.5103363007112 27.4369523976607 -16.281708485069 15.0413174036902 27.1722658583882 -16.711715317498 12.7023815997678 25.5082351897387 -17.3665628275985 12.0566162618705 25.9671470088492 -16.9714556300922 13.5013132469281 26.3876057803734 -17.0334772730551 17.960052977771 25.460529258181 -7.3530515761498 16.8648061500291 27.9018848438914 -9.6248332775025 13.0231413693801 26.3960795938216 -16.9092712695728 17.7414932736688 25.7256528689105 -6.98520883195522 16.6500548211485 28.0818421293385 -9.39395353259829 14.0681746177633 27.6831721076007 -15.8588298550764 13.631915817918 27.271755233687 -16.2626300130499 13.7198901396419 27.4938485934772 -16.0234631131837 11.6554889049362 25.4985408051204 -17.1406052148446 11.5202224332897 25.9652682167354 -16.8557951264198 9.93752576531298 23.8876179253443 -17.332719421111 10.8744608866534 23.9159817527972 -17.4854716121179 10.388228660929 24.2726552553415 -17.3308788974391 16.5017831816862 28.1973542519252 -9.23413062290176 9.42082550640422 23.4863761934578 -17.3076657735741 12.3610429426141 26.4034846361197 -16.7459946781053 11.3772817040081 25.495314638833 -17.0845394176725 11.222187654966 24.9972010422242 -17.266939367004 17.5188935014715 25.9721594841852 -6.60694046104625 13.2949363464476 27.5171090364108 -15.8912779578712 12.1068684238831 26.4052500048387 -16.6860673475176 12.1489579483635 26.816629973703 -16.3573990097012 16.2715193320891 28.3640340065429 -8.98620686989133 10.8330127853342 25.4884907535615 -16.9796914661857 10.4364245771634 25.9580222073888 -16.6419449102177 11.758833964682 26.406868960979 -16.6065130280496 11.4560184262454 26.8242001988249 -16.193630038439 8.87258162883246 23.8582706846799 -17.1793334252911 17.2634856807771 26.229542287168 -6.1710328494187 12.8494518137256 27.5371850930625 -15.7580910264554 12.6292475378831 27.3116515422462 -15.9724511063022 11.490866028541 26.4075647746421 -16.5472342032272 12.9507441722896 27.7534240861484 -15.4972955612279 15.8401567540952 28.7262915050034 -9.06338419874533 15.9293717773613 28.5131389059299 -8.23223087889821 9.92684958616604 25.4761814855306 -16.8191769018752 9.82739305321878 25.9526287076284 -16.5332555224175 10.9667118415856 26.4077623834527 -16.436233150784 15.7848975488642 28.67233284054 -8.4675245974517 12.209834235498 27.559743216156 -15.5767911201337 16.9358119312765 26.5254214607316 -5.6124187686014 7.67047777483477 23.8291227498264 -17.0310741691841 8.26945287389075 24.2213040154663 -17.0238629311759 7.16178485931802 23.4257738083331 -17.0316166493664 9.61059772362471 25.4717422514662 -16.7672230431808 8.80461569131982 25.942439811534 -16.3687712599398 15.5747412038155 28.825513957384 -8.47367650327807 15.4928717698897 28.9148225844453 -8.7197439468496 11.6331250246058 27.3358515550344 -15.711326266807 14.371641143687 29.2618421482029 -11.7224826842932 9.09378950840832 25.464446304536 -16.6867597190307 9.37932783327751 24.9624328794539 -16.9540798045486 11.7137917795331 27.5731198219903 -15.4443317837063 10.2123096043806 26.4059202796628 -16.2878550775738 11.8995356665097 27.7947656973601 -15.1910029410879 16.6361895197538 26.7669760957072 -5.10513901565813 8.75999869841283 25.4597492665403 -16.6376732691097 8.12653527319151 25.9353323182066 -16.2718037956759 6.57013047686296 23.8062629120953 -16.9174287915834 9.91038236751827 26.4046420278207 -16.2321785103997 9.98500257638096 26.8296328373421 -15.8859093629062 11.3707294443362 27.5806394042162 -15.3568765622782 15.2545222975958 28.9526024956649 -7.91671495982164 10.5674599387886 27.3504487216568 -15.4621460665202 16.3442096310953 26.9794047786331 -4.61608047511472 5.55416915228335 23.7143716816573 -16.8431219746294 10.8371903033652 27.5899737952639 -15.2275479400561 9.16152394344842 26.4005027732772 -16.1030343302091 8.47920314871759 26.82629972369 -15.6250088116725 10.9877681882061 27.8177427857373 -14.9524011460933 14.7986709683071 29.2149075690623 -8.04566910934671 7.58923281666474 25.4437370437679 -16.4828814210208 7.42077858169129 25.9279249759787 -16.1807471281892 14.8950865469303 29.0479129150558 -7.12089556063711 8.64317669622733 26.3970433400844 -16.020951005137 14.7538550154015 29.1628805782416 -7.40694691869833 7.22486493760897 25.4389872332465 -16.4400727818587 10.1099342612286 27.5989121598917 -15.0641407480463 16.0027835388493 27.2028311228864 -4.05272298862588 8.30859453671192 26.3946324764667 -15.9710678897732 7.575287801369 26.8220350232705 -15.4932262182041 14.5249320963516 29.2724324820247 -7.42668909787908 14.4174832143301 29.3433946268783 -7.68511963492346 6.68654918370095 25.4322396875739 -16.381341183182 6.35284259487143 25.9171193298773 -16.0613732129411 7.01778948841061 24.922419026195 -16.650357337092 7.85195490491032 26.3911864298911 -15.9068319602189 5.17787752269781 24.648841200311 -16.5761992225019 6.30443580036979 25.4276692267901 -16.3428528220445 5.5770986130285 25.9098269885495 -15.9879983047976 9.1913668416714 27.3582406547413 -15.1850617820726 14.6810649901739 28.9807769740702 -6.01405706630858 9.76061071518231 27.8359905958801 -14.6699061205058 9.52226675757213 27.6036093581316 -14.9426817530347 7.50148685065286 26.3884609718172 -15.8604865050433 15.5889518745019 27.4424956538243 -3.38444766435392 14.17677512858 29.3532339672016 -6.83632842419033 6.98372999287704 26.3843728059257 -15.7966143578211 5.90572063167929 26.8123555900529 -15.2955857944273 8.78679329860994 27.6070415770415 -14.8035811888321 4.41664864638983 25.1711708966791 -16.3079391234513 7.96268151100248 27.3587461553069 -14.9779890428159 15.2059186392989 27.6381746142185 -2.7817957305768 6.12975783022246 26.3776579245191 -15.7029025210442 8.14475277683952 27.6083206918963 -14.6934954709455 13.799278696109 29.402545148914 -6.00503849977937 8.46116613540887 27.8448856629043 -14.416726813035 13.6095511369503 29.5046256430795 -6.30305510532442 4.22909274985701 25.4271010631912 -16.1672149234009 3.85329213070385 25.9193328751512 -15.8473106153508 5.74586333494767 26.3747168554522 -15.6653589451229 13.3783030754224 29.6003941748302 -6.58040314818992 7.70253494121701 27.6084788476031 -14.6236256460807 3.51214583822901 25.1761308690716 -16.250413945355 14.9276846743267 27.7665490138512 -2.35427765406779 3.06246569868914 25.0176771630779 -16.300269345607 6.66243348568913 27.3555643819656 -14.7976234422962 3.01796923689743 25.3259284952934 -16.1519277003457 7.01752736477481 27.6078264500731 -14.5246795950078 7.29067034649932 27.8471459672395 -14.2266056845724 12.9519644463514 29.6450257267039 -5.72139801211139 14.4733684366575 27.9543420181304 -1.67557318819205 14.3292320950068 28.1647572892543 -1.93155578158296 14.5960256346826 27.7443052044367 -1.40153272808986 6.19881645393591 27.6060000379939 -14.4207036515851 4.19889422534373 26.6768019660986 -15.2700073504085 1.07324640649389 25.3419696571081 -16.0835089294699 1.99589914848117 25.9324844595467 -15.7510808490626 5.80356107644162 27.8454575834311 -14.033233880521 5.45626445398194 27.6037006642217 -14.3393050327879 3.2892087073366 26.6081922160309 -15.2738044976355 13.9643230904818 28.1358102178694 -0.94373014206097 12.452953687855 29.6821439468278 -4.78437099524853 2.86400114670646 26.486877167562 -15.3587565495947 4.46178238211529 27.3109605641139 -14.6191120760313 12.1535892842005 29.7760017100995 -5.06912477253742 11.905151152244 29.8462874361247 -5.414998020111 2.81837603050448 26.7464018163199 -15.1200420808393 4.65243109688462 27.6603620116924 -14.182400338975 13.5312093438072 28.2520290295053 -0.330356934005881 13.6508489489463 28.0583877865795 -0.00470419890436169 13.367698938004 28.4473274632361 -0.608421352023708 12.239592578142 29.586539794781 -3.53799147320191 0.958150036439964 26.5018690458723 -15.2845088101902 11.3958099701231 29.8695381306939 -4.50417640782343 13.0143519304411 28.3688405922982 0.373259877975006 10.7323186856296 29.9664527888988 -4.62341944142269 11.0286512826777 29.8606259319732 -3.68073299633501 10.8259245469498 29.9244527800992 -4.11310302240029 12.6825161199773 28.2660150440898 1.34094375217914 12.5199250894633 28.4614484175834 1.01634834230228 12.3272436189733 28.651777872817 0.712531109733082 10.4094000854588 29.9577163320532 -3.84505855054316 9.84994405409723 30.0275729448047 -4.10308812625023 9.9505546119245 29.9886360422664 -3.56666271705959 10.0657020853959 29.9370573256433 -3.03952746338581 11.9630394964412 28.5467497906506 1.70472807008494 9.50577385954027 30.013651212939 -3.31321394012704 11.3979472429341 28.7768040292337 1.78150025526465 9.03379779905092 30.0678484864264 -3.6758387127703 11.6443657344279 28.4176880063902 2.65520268264533 9.20140546609968 30.0283054018634 -3.14883566829693 11.4616811305578 28.6089085715152 2.2915667052443 9.26124473055829 29.9818218224565 -2.56491280615218 11.1285266832655 28.6435901787142 2.66426412877656 8.73284733567101 30.0474361883795 -2.90977090233627 8.04381505371835 30.1010354080284 -3.22300201381402 8.22719029280298 30.0640211897235 -2.67023469469141 8.41717498651576 30.0147573351832 -2.12331250831681 10.4578128721333 28.8626982123795 2.75607381144374 10.6314420242307 28.6867917055217 3.19485106767422 10.7548463787106 28.5044525356543 3.67330017112404 7.72825020652821 30.0768696274243 -2.4520092846326 10.0445101279918 28.7264552464497 3.78241224425476 6.99570437322139 30.1224383331112 -2.8165202740994 7.19918148819156 30.0872748661145 -2.239565866489 7.40339382636493 30.0401030374982 -1.66465396639516 9.41848922654552 28.9227706516799 3.71100505346184 6.66881301369677 30.0949170288306 -2.04546877575519 9.54485676047536 28.7520522832977 4.2498747212742 9.69822280898859 28.569635128362 4.75417341838172 5.88687780562022 30.1342670193098 -2.4621750083891 6.11487793270796 30.1004278637724 -1.86215482589935 6.33788955240624 30.054675664184 -1.2613363137646 9.07671140875946 28.7702873924165 4.66103374995072 5.55202386956079 30.1039088842401 -1.69542527937708 8.57807704948097 28.7845214212066 5.07097309188516 8.35900798670158 28.9569093775558 4.55691327909532 8.72235869281161 28.6031475878639 5.63157225219134 4.71467917443464 30.138638414742 -2.16575108231556 4.97167821772486 30.1056980808138 -1.54333353541886 5.21815859542363 30.0608568749932 -0.918151226863898 7.95811958275687 28.7960031591388 5.54128808756847 4.37526749501234 30.1060379690006 -1.40717599862836 7.27790395722414 28.9721392872167 5.29359724079811 3.7173663092096 30.1122623489973 -1.41176919360648 7.45582756292591 28.8011525664204 5.89112470575914 7.64661771613422 28.6192124676044 6.46925184302174 6.96940116258069 28.8032569340196 6.20395817214838 3.49891348150482 30.048136532978 -0.385248126047504 6.27984627798641 28.9743176331627 5.86611587837082 6.46597554010211 28.8030008596861 6.50148996539401 6.65895626588247 28.6207192382194 7.12382886733067 3.33668879611545 29.9639044889586 0.614564785782182 5.97091987419719 28.8008141595693 6.76869756854388 5.26628658977903 28.9690365496622 6.34747039637596 2.85085589687302 29.8428062756091 1.79584061719338 2.44093540488369 29.5985927375862 3.63297054651034 5.46479660038494 28.7970336465061 7.0165274119006 5.66442060333484 28.6139390006966 7.6773319220477 2.24537560233525 29.8200627662103 2.03940810041537 4.95998730391447 28.7920964809554 7.23883949604105 1.92054386636476 29.7844389114879 2.34641133647488 4.23431590071125 28.9591643540833 6.73953140173301 4.44936041075481 28.786269850444 7.43910160898001 4.66008502632093 28.6021092706126 8.13381524391529 3.9334986598723 28.7798528788173 7.61694478802962 2.63862592999321 29.2813357148389 5.47560770884115 3.416338598257 28.7731713474209 7.77120172414107 2.73028009133022 29.0963523431157 6.40953005867405 3.64260396768338 28.5878204470367 8.4963862697167 2.04701181558111 29.2865044033589 5.51283824952652 1.24125140396651 29.5389050642631 4.09401752049212 1.76382114217299 29.284010858764 5.54909475664151 1.58272114966298 29.3029754393133 5.4581346775814 2.88880508190702 28.740290491317 8.01719489428344 1.7322006595553 29.1656722322339 6.17166587452809 1.0724522995735 29.3633398631546 5.14543468901776 1.42324631125968 29.177548551516 6.13063337973979 19.9976853413715 21.3522562651316 -12.0350367334589 19.9669802788584 21.3088408502177 -11.4318580836833 19.9681238774228 21.1587048794934 -10.9688435471405 20.0062890744018 21.8818132953124 -13.7353935087322 20.005825776361 22.3857379503459 -15.3151715181355 19.9909088272988 20.6622316420646 -9.6478946238035 19.9730859242771 20.8378150975871 -9.97035786394574 19.9949081849744 22.6040918939607 -15.9834566957156 19.9924094407972 22.6349252924798 -16.0768180040148 19.9150421856275 22.6393420505224 -14.7346929793805 19.9917586190661 22.7186940860161 -16.6594845400276 19.5946018705962 24.1961672820204 -15.948656318782 19.7344476475896 21.9729304209928 -10.394562845503 19.980795255551 20.6776510717637 -9.53970698903508 19.6376386344271 22.4503840534849 -10.7339029273511 19.4652058910144 23.1640526371399 -11.0591600927862 19.8996393066742 21.0590765425 -9.62326895785326 19.2763094352208 23.8404064913661 -11.2783477158095 19.1131588712398 24.1965390026309 -10.946483780977 19.0724083454634 24.5216858769156 -11.5476439060628 17.3596747962262 24.538788198738 -18.8346671720393 19.5902596360454 22.3258853149125 -9.88414457538509 16.7759769750966 23.598600985035 -18.8368054467586 16.6769342251535 24.4086368086432 -18.7157013099104 16.4218263459415 24.0888628637692 -18.7079554137784 18.9057759014875 24.6905194156257 -10.7773309506887 16.6367759131029 24.9373224523408 -18.5679955210735 18.9637495390837 24.4351402421957 -10.4887231971879 16.4919352746728 24.8690537843848 -18.5553235690712 16.526364624497 25.0631588875536 -18.4995173423332 16.0070868281336 24.301502805886 -18.571364267036 16.0490189728579 24.5693733734361 -18.5265973625721 15.7902089525583 24.4078533303576 -18.4962798167074 15.6092031283419 24.2957990800583 -18.4716858379561 15.2261651022024 24.0614721815043 -18.4121952517168 14.9765807874025 23.5210217946351 -18.4002298686125 16.880431334413 26.8232503453215 -17.3845755780485 15.4528604982169 24.5672528788964 -18.3754391267031 14.8631156542129 23.8158435230922 -18.3511373438808 14.629780870965 24.3879074694858 -18.2068604655702 14.6724543049115 23.6886231961064 -18.3159836811705 14.3747207649676 23.4924216075266 -18.2575470319674 14.0348164217579 24.0230479461418 -18.1261169976521 15.261243804684 24.8864754729705 -18.2398175641459 14.464273499862 23.8002517209421 -18.2558282290506 15.0518142045037 24.80648544681 -18.2099582966755 14.9155332898818 24.6704235797973 -18.2127183582948 15.520433664274 25.907986621659 -17.861315448929 14.7557177816229 24.9649426923109 -18.0854234121417 15.835051808272 27.0333075303877 -17.0280929352579 14.4082156129621 25.1487065042672 -17.9328508705657 14.1630922849127 24.9609227151426 -17.9374084165795 12.8697448166326 23.4226214994991 -17.9255436644248 13.0337911532698 23.9883045966551 -17.9027044070781 12.4540615483333 24.329995042362 -17.7144485308058 13.683773057168 24.5367322861514 -17.9430436463989 15.1176241039019 26.7645842557702 -17.1357277825488 12.3387885346941 23.399313652021 -17.8182105804901 11.9756985201435 23.9519256644756 -17.6868742274641 13.1844500795763 24.5249012724297 -17.8297702738111 12.5855468592927 24.9380710495966 -17.5728578760591 10.6813851191559 23.3326454337017 -17.5180091333954 12.2815833370299 25.127218507755 -17.4368033076946 12.0599800174584 24.9283529089547 -17.4622760515079 11.6032942862415 24.484789327681 -17.5029043264211 10.2092011861084 23.3154898702823 -17.442120105487 11.0546611927789 24.470796930251 -17.4011842273104 12.8287944785287 26.8696962080782 -16.4709081070083 8.59684680488879 23.2633203543471 -17.2142156214737 9.66073748835496 24.4367136890612 -17.1697248388591 10.1601989336394 24.890789459015 -17.110024993981 7.99072990312309 23.2462779023327 -17.1406339916403 9.90406837809618 24.9146430831515 -17.0576525563796 9.13337469112011 24.4246280157029 -17.0920392041476 8.52314191926929 24.8595742607975 -16.8648337204048 6.32963781337607 23.2066350911986 -16.9710591839589 10.7692344343727 26.8957716702159 -15.9802933069456 15.7433976802632 28.4099209143155 -7.03281414408161 5.81740536771555 23.1578346140639 -16.9308305049192 7.34596515345491 24.3879447138962 -16.867297845758 8.21538601095459 25.0574342778264 -16.7447471370296 7.9315971217668 24.8491448241182 -16.7889169836252 7.63164936877104 24.8734709297178 -16.7418632125267 6.79953649020785 24.3781859052964 -16.8100042627114 14.1420955155635 29.4262322476737 -10.6419596033503 10.0514483715351 27.2276917874851 -15.4960349796435 13.674252574711 29.2557168934813 -4.68059578639131 13.4361444466823 29.3153161763519 -4.4317552670191 5.68110168246125 27.2210786450224 -14.8406423586968 20.0000675696603 20.95620949437 -10.8221465423161 20.0279642996466 21.9630504999123 -14.3021494624787 19.9712190832307 20.8127935511704 -9.85443872993549 19.6654500154037 22.0833316043417 -9.9545453613044 19.7965052958091 21.4986416721341 -9.68409653656233 19.5033204663455 22.5771792496082 -9.76353409571421 15.9482834264758 25.033152516384 -18.3682370893669 0 0 0 0.174013548585513 0 0.382829806888129 0 0.496569716405343 0 0.543751067769353 0 0.589846001415541 0 0.658473533481479 0 0.704797117625986 0 0.743400104413076 0 0.779143610697418 0 0.814887116981761 0 0.850630623266103 0 0.886374129550445 0 0.922117635834788 0 0.969775644213911 0 1.0412626567826 0 1.14849317563562 0 1.35679199137375 0 1.48673533267342 0 1.60512025173291 0 1.70451697905423 0 1.79467136656926 0 1.87900376103806 0 1.93950188051903 0 2 1 0 1 2 1 1.94248289643534 1 1.88496579287067 1 1.82552868056041 1 1.76461221136675 1 1.70183031613225 1 1.63676260303722 1 1.56895059979245 1 1.49789274884077 1 1.42304069885065 1 1.3438046609977 1 1.25958865948012 1 1.16990683332962 1 1.07468603545637 1 0.984851759919489 1 0.887856632117045 1 0.799691380444819 1 0.71317259091804 1 0.630259533588611 1 0.552038520583074 1 0.478795930044017 1 0.410336862926181 1 0.346239141441229 1 0.285987855640579 1 0.22903284354018 1 0.174810398113092 1 0.122753051349819 1 0.07229889100715 1 0.0361494455035749 0.0321928097772911 2 0.0643856195545821 2 0.0996753766809559 2 0.135034206524221 2 0.170721654957922 2 0.206998960431987 2 0.244116435570531 2 0.282302656454242 2 0.321756315654013 2 0.362640722504197 2 0.405080377075185 2 0.449158897310279 2 0.494917735514488 2 0.542355419684234 2 0.591427368457155 2 0.642046574881034 2 0.69408558463027 2 0.747380178716778 2 0.80173500088224 2 0.856931071785952 2 0.912734774270077 2 0.956367387135038 2 0.375 0.125 0.333333333333333 0.125 0.333333333333333 0.0625 0.375 0.0625 0.333333333333333 0.1875 0.416666666666667 0.125 0.416666666666667 0.0625 0.375 0.1875 0.333333333333333 0.25 0.458333333333333 0.125 0.458333333333333 0.0625 0.416666666666667 0.1875 0.375 0.25 0.5 0.125 0.5 0.0625 0.541666666666667 0.0625 0.458333333333333 0.1875 0.416666666666667 0.25 0.541666666666667 0.125 0.5 0.1875 0.333333333333333 0.4375 0.333333333333333 0.375 0.375 0.375 0.541666666666667 0.1875 0.583333333333333 0.125 0.416666666666667 0.375 0.416666666666667 0.3125 0.458333333333333 0.3125 0.375 0.4375 0.583333333333333 0.1875 0.5 0.3125 0.5 0.25 0.541666666666667 0.25 0.458333333333333 0.375 0.416666666666667 0.4375 0.541666666666667 0.3125 0.5 0.375 0.458333333333333 0.4375 0.583333333333333 0.3125 0.583333333333333 0.25 0.625 0.25 0.541666666666667 0.375 0.458333333333333 0.5 0.5 0.4375 0.416666666666667 0.5625 0.416666666666667 0.5 0.625 0.3125 0.666666666666667 0.25 0.583333333333333 0.375 0.541666666666667 0.4375 0.5 0.5 0.458333333333333 0.5625 0.666666666666667 0.3125 0.625 0.375 0.375 0.6875 0.333333333333333 0.625 0.375 0.625 0.333333333333333 0.6875 0.583333333333333 0.4375 0.333333333333333 0.75 0.5 0.5625 0.666666666666667 0.375 0.416666666666667 0.6875 0.416666666666667 0.625 0.458333333333333 0.625 0.375 0.75 0.583333333333333 0.5 0.625 0.4375 0.5 0.625 0.541666666666667 0.5625 0.458333333333333 0.6875 0.416666666666667 0.75 0.625 0.5 0.375 0.8125 0.333333333333333 0.8125 0.583333333333333 0.5625 0.333333333333333 0.875 0.541666666666667 0.625 0.5 0.6875 0.458333333333333 0.75 0.416666666666667 0.8125 0.625 0.5625 0.375 0.875 0.583333333333333 0.625 0.541666666666667 0.6875 0.5 0.75 0.458333333333333 0.8125 0.666666666666667 0.5625 0.666666666666667 0.5 0.416666666666667 0.875 0.625 0.625 0.583333333333333 0.6875 0.541666666666667 0.75 0.5 0.8125 0.458333333333333 0.875 0.666666666666667 0.625 0.625 0.6875 0.583333333333333 0.75 0.541666666666667 0.8125 0.5 0.875 0.666666666666667 0.6875 0.625 0.75 0.583333333333333 0.8125 0.541666666666667 0.875 0.666666666666667 0.75 0.625 0.8125 0.583333333333333 0.875 0.666666666666667 0.8125 0.625 0.875 0.666666666666667 0.875 0.375 1.375 0.333333333333333 1.375 0.333333333333333 1.25 0.375 1.25 0.416666666666667 1.25 0.416666666666667 1.375 0.458333333333333 1.25 0.375 1.4375 0.333333333333333 1.4375 0.458333333333333 1.375 0.416666666666667 1.4375 0.375 1.5 0.333333333333333 1.5 0.5 1.375 0.5 1.25 0.458333333333333 1.4375 0.416666666666667 1.5 0.375 1.5625 0.333333333333333 1.5625 0.541666666666667 1.375 0.541666666666667 1.25 0.583333333333333 1.25 0.5 1.4375 0.458333333333333 1.5 0.666666666666667 1.25 0.625 1.125 0.666666666666667 1.125 0.625 1.25 0.416666666666667 1.5625 0.375 1.625 0.333333333333333 1.625 0.583333333333333 1.375 0.541666666666667 1.4375 0.5 1.5 0.458333333333333 1.5625 0.416666666666667 1.625 0.625 1.375 0.375 1.6875 0.333333333333333 1.6875 0.583333333333333 1.4375 0.333333333333333 1.75 0.541666666666667 1.5 0.5 1.5625 0.458333333333333 1.625 0.666666666666667 1.375 0.416666666666667 1.6875 0.625 1.4375 0.375 1.75 0.583333333333333 1.5 0.541666666666667 1.5625 0.5 1.625 0.458333333333333 1.6875 0.666666666666667 1.4375 0.416666666666667 1.75 0.625 1.5 0.375 1.8125 0.333333333333333 1.8125 0.583333333333333 1.5625 0.541666666666667 1.625 0.5 1.6875 0.458333333333333 1.75 0.666666666666667 1.5 0.416666666666667 1.8125 0.625 1.5625 0.375 1.875 0.333333333333333 1.875 0.583333333333333 1.625 0.333333333333333 1.9375 0.541666666666667 1.6875 0.5 1.75 0.458333333333333 1.8125 0.666666666666667 1.5625 0.416666666666667 1.875 0.625 1.625 0.375 1.9375 0.583333333333333 1.6875 0.541666666666667 1.75 0.5 1.8125 0.458333333333333 1.875 0.666666666666667 1.625 0.416666666666667 1.9375 0.625 1.6875 0.583333333333333 1.75 0.541666666666667 1.8125 0.5 1.875 0.458333333333333 1.9375 0.666666666666667 1.6875 0.625 1.75 0.583333333333333 1.8125 0.541666666666667 1.875 0.5 1.9375 0.666666666666667 1.75 0.625 1.8125 0.583333333333333 1.875 0.541666666666667 1.9375 0.666666666666667 1.8125 0.625 1.875 0.583333333333333 1.9375 0.666666666666667 1.875 0.625 1.9375 0.666666666666667 1.9375 0.222222222222222 0.356776602296043 0.166666666666667 0.347664903444065 0.166666666666667 0.316414903444065 0.166666666666667 0.378914903444065 0.222222222222222 0.39844326896271 0.166666666666667 0.410164903444065 0.166666666666667 0.467034858202672 0.111111111111111 0.513440261391565 0.111111111111111 0.438966507764491 0.166666666666667 0.498284858202672 0.354166666666667 0.28125 0.375 0.3125 0.333333333333333 0.3125 0.166666666666667 0.521875533884676 0.222222222222222 0.478023238801781 0.4375 0.21875 0.458333333333333 0.25 0.166666666666667 0.553125533884676 0.111111111111111 0.565365689728298 0.395833333333333 0.28125 0.354166666666667 0.34375 0.5625 0.09375 0.583333333333333 0.0625 0.166666666666667 0.576173000707771 0.520833333333333 0.15625 0.479166666666667 0.21875 0.222222222222222 0.535417022589784 0.166666666666667 0.607423000707771 0.111111111111111 0.624439844965673 0.4375 0.28125 0.395833333333333 0.34375 0.604166666666667 0.09375 0.625 0.125 0.625 0.0625 0.166666666666667 0.641736766740739 0.111111111111111 0.683590217035822 0.520833333333333 0.21875 0.479166666666667 0.28125 0.222222222222222 0.592448667138514 0.645833333333333 0.09375 0.666666666666667 0.125 0.666666666666667 0.0625 0.166666666666667 0.672986766740739 0.395833333333333 0.40625 0.604166666666667 0.15625 0.625 0.1875 0.354166666666667 0.46875 0.375 0.5 0.333333333333333 0.5 0.166666666666667 0.696148558812993 0.111111111111111 0.732732407346354 0.5625 0.21875 0.222222222222222 0.65699117782716 0.166666666666667 0.727398558812993 0.645833333333333 0.15625 0.666666666666667 0.1875 0.395833333333333 0.46875 0.166666666666667 0.746700052206538 0.111111111111111 0.757514571703498 0.604166666666667 0.21875 0.354166666666667 0.53125 0.333333333333333 0.5625 0.375 0.5625 0.5625 0.28125 0.166666666666667 0.764571805348709 0.111111111111111 0.802176909226393 0.520833333333333 0.34375 0.222222222222222 0.714099039208662 0.479166666666667 0.40625 0.4375 0.46875 0.166666666666667 0.795821805348709 0.645833333333333 0.21875 0.395833333333333 0.53125 0.166666666666667 0.81369355849088 0.111111111111111 0.826005913415954 0.354166666666667 0.59375 0.166666666666667 0.831565311633051 0.520833333333333 0.40625 0.222222222222222 0.780547870232473 0.833333333333333 0.0493247227517874 0.8125 0.03125 0.833333333333333 0.03125 0.166666666666667 0.862815311633051 0.111111111111111 0.870668250938849 0.395833333333333 0.59375 0.604166666666667 0.34375 0.166666666666667 0.880687064775223 0.111111111111111 0.894497255128411 0.520833333333333 0.46875 0.541666666666667 0.5 0.222222222222222 0.846043541088701 0.4375 0.59375 0.604166666666667 0.40625 0.5625 0.46875 0.520833333333333 0.53125 0.645833333333333 0.40625 0.666666666666667 0.4375 0.166666666666667 0.984887822106955 0.111111111111111 1.0036794336655 0.111111111111111 0.963964426682899 0.222222222222222 0.932372545278263 0.166666666666667 0.961058817917394 0.166666666666667 0.898558817917394 0.5625 0.53125 0.645833333333333 0.46875 0.166666666666667 1.13674658781781 0.111111111111111 1.10491861080607 0.166666666666667 1.0831313283913 0.361111111111111 0.916666666666667 0.333333333333333 0.9375 0.354166666666667 0.9375 0.347222222222222 0.958333333333333 0.375 1 0.333333333333333 1 0.375 0.9375 0.833333333333333 0.39266843146309 0.777777777777778 0.40761228764206 0.833333333333333 0.360619570720614 0.402777777777778 0.916666666666667 0.395833333333333 0.9375 0.388888888888889 0.958333333333333 0.416666666666667 1 0.833333333333333 0.42391843146309 0.777777777777778 0.472098643348006 0.430555555555556 0.916666666666667 0.416666666666667 0.9375 0.222222222222222 1.17449772521187 0.166666666666667 1.19924658781781 0.888888888888889 0.377192001455803 0.833333333333333 0.458147965022009 0.4375 0.9375 0.361111111111111 1.04166666666667 0.472222222222222 0.916666666666667 0.458333333333333 0.9375 0.444444444444444 0.958333333333333 0.458333333333333 1 0.833333333333333 0.489397965022009 0.777777777777778 0.538179506861025 0.347222222222222 1.08333333333333 0.375 1.125 0.333333333333333 1.125 0.888888888888889 0.442210930990066 0.479166666666667 0.9375 0.402777777777778 1.04166666666667 0.833333333333333 0.526019260291537 0.395833333333333 1.0625 0.354166666666667 1.0625 0.5 0.9375 0.486111111111111 0.958333333333333 0.5 1 0.388888888888889 1.08333333333333 0.416666666666667 1.125 0.527777777777778 0.916666666666667 0.833333333333333 0.557269260291537 0.777777777777778 0.605919844529537 0.520833333333333 0.9375 0.444444444444444 1.04166666666667 0.513888888888889 0.958333333333333 0.541666666666667 1 0.888888888888889 0.510278150209031 0.4375 1.0625 0.541666666666667 0.9375 0.833333333333333 0.596379766794306 0.430555555555556 1.08333333333333 0.458333333333333 1.125 0.569444444444444 0.916666666666667 0.354166666666667 1.1875 0.5625 0.9375 0.486111111111111 1.04166666666667 0.555555555555555 0.958333333333333 0.583333333333333 1 0.833333333333333 0.627629766794306 0.777777777777778 0.647586511196204 0.479166666666667 1.0625 0.583333333333333 0.9375 0.472222222222222 1.08333333333333 0.5 1.125 0.611111111111111 0.916666666666667 0.888888888888889 0.581599351390562 0.833333333333333 0.658879766794306 0.395833333333333 1.1875 0.604166666666667 0.9375 0.527777777777778 1.04166666666667 0.597222222222222 0.958333333333333 0.625 1 0.520833333333333 1.0625 0.625 0.9375 0.513888888888889 1.08333333333333 0.541666666666667 1.125 0.833333333333333 0.70033629545902 0.777777777777778 0.716890863639347 0.4375 1.1875 0.645833333333333 0.9375 0.666666666666667 1 0.833333333333333 0.73158629545902 0.777777777777778 0.78739712681494 0.5625 1.0625 0.583333333333333 1.125 0.888888888888889 0.67697737483555 0.479166666666667 1.1875 0.833333333333333 0.77484569022241 0.604166666666667 1.0625 0.833333333333333 0.80609569022241 0.777777777777778 0.829063793481606 0.888888888888889 0.754287990454286 0.645833333333333 1.0625 0.833333333333333 0.83734569022241 0.888888888888889 0.854182670853955 0.833333333333333 0.881428316058523 0.0321928097772911 1.93950188051903 0.0450114021747404 1.89122504253577 0.888888888888889 0.915902797345511 0.833333333333333 0.929925879959745 0.833333333333333 0.992425879959745 0.777777777777778 0.953283919973163 0.0498376883404779 1.93950188051903 0.0675171032621106 1.89733568328463 0.0321928097772911 1.96975094025952 0.0675171032621106 1.93950188051903 0.0853608274789609 1.89733568328463 0.0546869987451793 1.95966792034602 0.078236527735059 1.95966792034602 0.101918620494048 1.93155712218975 0.888888888888889 1.01984593179195 0.833333333333333 1.03734301772818 0.833333333333333 1.09984301772818 0.777777777777778 1.06656201181879 0.888888888888889 1.12319762292866 0.833333333333333 1.14745341666481 0.833333333333333 1.20995341666481 0.777777777777778 1.18163561110987 0.291221875699551 1.89583333333333 0.27016614688266 1.9375 0.237017982907747 1.9375 0.252027494145628 1.90625 0.27016614688266 1.90625 0.261482909778617 1.95833333333333 0.288724884451932 1.9375 0.888888888888889 1.22649849760325 0.833333333333333 1.25479432974006 0.303594367412399 1.9375 0.288724884451932 1.96875 0.286584141786035 1.97916666666667 0.888888888888889 1.28446444015927 0.833333333333333 1.29690233049885 0.833333333333333 1.35940233049885 0.777777777777778 1.41184689961688 0.777777777777778 1.32293488699923 0.833333333333333 1.39902034942532 0.833333333333333 1.43027034942532 0.777777777777778 1.47846424961359 0.888888888888889 1.38061511994945 0.833333333333333 1.46769637442039 0.833333333333333 1.49894637442039 0.777777777777778 1.52013091628026 0.888888888888889 1.45281114923047 0.833333333333333 1.53019637442039 0.833333333333333 1.56572529989622 0.777777777777778 1.58548353326415 0.833333333333333 1.59697529989622 0.888888888888889 1.54311444954441 0.833333333333333 1.63088130151861 0.777777777777778 1.64975420101241 0.833333333333333 1.66213130151861 0.888888888888889 1.61023773427656 0.833333333333333 1.69466515806613 0.777777777777778 1.71311010537742 0.833333333333333 1.72591515806613 0.888888888888889 1.67536430638982 0.833333333333333 1.75730610568337 0.777777777777778 1.77570407045558 0.693571170683371 1.9375 0.711689444738524 1.89583333333333 0.707023422691722 1.9375 0.734200833774453 1.90625 0.833333333333333 1.78855610568337 0.888888888888889 1.738814175833 0.707023422691722 1.96875 0.734200833774453 1.9375 0.833333333333333 1.81901434028021 0.761798869226309 1.90625 0.738593948755228 1.95833333333333 0.77511091311162 1.9375 0.888888888888889 1.80088029730905 0.923221948685343 1.96165526429022 0.956367387135038 1.94248289643534 0.928465535892976 1.91276434028021 0.952310357261984 1.90349815781036 0.928465535892976 1.94248289643534 0.970911591423359 1.94248289643534 0.956367387135038 1.97124144821767 0.09375 0.015625 0.0833333333333333 0.015625 0.104166666666667 0.015625 0.114583333333333 0.015625 0.0833333333333333 0.0591283871463783 0.125 0.015625 0.1875 0.03125 0.166666666666667 0.03125 0.208333333333333 0.03125 0.0833333333333333 0.161760161439135 0.0833333333333333 0.146135161439135 0.166666666666667 0.149506774292757 0.166666666666667 0.180756774292757 0.0833333333333333 0.177385161439135 0.0833333333333333 0.193010161439135 0.166666666666667 0.212006774292757 0.208333333333333 0.0747533871463784 0.229166666666667 0.03125 0.25 0.03125 0.0833333333333333 0.245214226014789 0.25 0.121628387146378 0.166666666666667 0.118256774292757 0.291666666666667 0.078125 0.25 0.137253387146378 0.333333333333333 0.046875 0.25 0.168503387146378 0.354166666666667 0.046875 0.0555555555555556 0.41089815732631 0.0833333333333333 0.365247355166097 0.25 0.184128387146378 0.375 0.046875 0.25 0.199753387146378 0.194444444444444 0.2843916882944 0.25 0.231003387146378 0.0555555555555556 0.467768112084917 0.138888888888889 0.393315705604278 0.0833333333333333 0.349622355166097 0.0555555555555556 0.505004988898454 0.0555555555555556 0.528595664580459 0.0555555555555556 0.554558378748825 0.5 0.03125 0.277777777777778 0.303388301148022 0.0555555555555556 0.57760584557192 0.037037037037037 0.624253126620898 0.277777777777778 0.334638301148022 0.0555555555555556 0.607142923190607 0.194444444444444 0.444094071122923 0.277777777777778 0.365888301148022 0.0555555555555556 0.641456689223576 0.277777777777778 0.386721634481355 0.037037037037037 0.682286956047762 0.0555555555555556 0.67103187525865 0.0740740740740741 0.655501198494324 0.277777777777778 0.417971634481355 0.0555555555555556 0.694193667330904 0.625 0.015625 0.037037037037037 0.726976543128472 0.0555555555555556 0.71876476248617 0.277777777777778 0.457761619400891 0.0740740740740741 0.707039914002721 0.625 0.046875 0.037037037037037 0.760019428937997 0.0555555555555556 0.738066255879715 0.0555555555555556 0.750457338058287 0.277777777777778 0.489011619400891 0.645833333333333 0.046875 0.0740740740740741 0.744549027820976 0.0555555555555556 0.768329091200458 0.037037037037037 0.798735878968524 0.666666666666667 0.046875 0.75 0.03125 0.277777777777778 0.517708511294892 0.0555555555555556 0.790660259961906 0.0740740740740741 0.779611697209103 0.037037037037037 0.830507884554606 0.0555555555555556 0.808532013104077 0.277777777777778 0.548958511294892 0.0555555555555556 0.820446515198857 0.0740740740740741 0.814356646541369 0.0555555555555556 0.838318268341029 0.277777777777778 0.577474333569257 0.037037037037037 0.869224334585133 0.0555555555555556 0.860649437102476 0.708333333333333 0.078125 0.0740740740740741 0.849101595873636 0.277777777777778 0.608724333569257 0.0555555555555556 0.878521190244647 0.037037037037037 0.900996340171215 0.0555555555555556 0.890435692339428 0.0740740740740741 0.883846545205902 0.0555555555555556 0.908307445481599 0.277777777777778 0.64099558891358 0.037037037037037 0.951952568910532 0.259259259259259 0.686196739011941 0.277777777777778 0.67224558891358 0.0555555555555556 0.943041031258844 0.0740740740740741 0.926859772548699 0.802083333333333 0.0649497227517875 0.791666666666667 0.03125 0.791666666666667 0.0775632628374547 0.770833333333333 0.03125 0.0555555555555556 0.966870035448405 0.277777777777778 0.700799519604331 0.75 0.137452599528273 0.833333333333333 0.123876525674909 0.833333333333333 0.149905199056546 0.8125 0.0649497227517875 0.833333333333333 0.067399445503575 0.802083333333333 0.0775632628374547 0.037037037037037 1.004905911554 0.0555555555555556 0.986727538939706 0.259259259259259 0.748215636480378 0.8125 0.0845919903928282 0.833333333333333 0.098649445503575 0.277777777777778 0.732049519604331 0.0740740740740741 0.979139834854104 0.875 0.015625 0.75 0.168702599528273 0.833333333333333 0.181155199056546 0.296296296296296 0.717199679736221 0.12962962962963 0.919006833242901 0.0555555555555556 1.02247104522405 0.895833333333333 0.015625 0.885416666666667 0.015625 0.138888888888889 0.931261622300147 0.277777777777778 0.765273935116236 0.75 0.197883210885045 0.833333333333333 0.20826642177009 0.90625 0.015625 0.148148148148148 0.941194020839229 0.916666666666667 0.015625 0.259259259259259 0.813030470440391 0.277777777777778 0.796523935116236 0.203703703703704 0.886367717047395 0.75 0.229133210885045 0.833333333333333 0.23951642177009 0.296296296296296 0.781015956744158 0.0740740740740741 1.04995356708472 0.0555555555555556 1.07309063379433 0.037037037037037 1.0982248144081 0.75 0.244758210885045 0.75 0.258996963910145 0.833333333333333 0.26799392782029 0.277777777777778 0.82927177054435 0.916666666666667 0.0608118068794687 0.0555555555555556 1.12670589322085 0.75 0.290246963910145 0.277777777777778 0.86052177054435 0.259259259259259 0.884472028788988 0.296296296296296 0.844514513696234 0.148148148148148 1.03581403014937 0.166666666666667 1.0206313283913 0.138888888888889 1.0434053810284 0.916666666666667 0.110701248426697 0.12962962962963 1.06390979095429 0.203703703703704 0.990893750993139 0.277777777777778 0.903686272639131 0.194444444444444 1.02015435385058 0.222222222222222 1.0554208855942 0.222222222222222 0.99389671543623 0.722222222222222 0.39130614382103 0.722222222222222 0.36005614382103 0.916666666666667 0.162357798584819 0.277777777777778 0.934936272639131 0.296296296296296 0.914957515092754 0.037037037037037 1.25234896311528 0.916666666666667 0.191538409941591 0.277777777777778 0.966186272639131 0.259259259259259 0.995931143624154 0.296296296296296 0.956624181759421 0.138888888888889 1.15208259931194 0.916666666666667 0.218649632655135 0.722222222222222 0.454799321674003 0.194444444444444 1.096083736706 0.916666666666667 0.234274632655135 0.12962962962963 1.18530897365345 0.916666666666667 0.248513385680235 0.861111111111111 0.322592964638046 0.833333333333333 0.29924392782029 0.833333333333333 0.329369570720614 0.277777777777778 1.0277104427971 0.203703703703704 1.12222173287463 0.861111111111111 0.338217964638046 0.916666666666667 0.276990891730434 0.722222222222222 0.519089753430512 0.138888888888889 1.22550415507713 0.300925925925926 1.04625140630918 0.284722222222222 1.06937710946377 0.722222222222222 0.550339753430512 0.259259259259259 1.11830620360202 0.138888888888889 1.27757885901167 0.111111111111111 1.25176172233646 0.300925925925926 1.08791807297584 0.277777777777778 1.0902104427971 0.722222222222222 0.584209922264769 0.037037037037037 1.42351214402096 0.944444444444444 0.331589928548191 0.138888888888889 1.30882885901167 0.166666666666667 1.30339599568687 0.166666666666667 1.36589599568687 0.203703703703704 1.23366943671809 0.277777777777778 1.14974886260594 0.722222222222222 0.615459922264769 0.194444444444444 1.2632552924712 0.222222222222222 1.32726399712458 0.722222222222222 0.636293255598102 0.303240740740741 1.16233257507062 0.288194444444444 1.18099886260594 0.944444444444444 0.393764432190992 0.722222222222222 0.667543255598102 0.138888888888889 1.3964525518513 0.166666666666667 1.39714599568687 0.303240740740741 1.20399924173729 0.277777777777778 1.21224886260594 0.722222222222222 0.702195431819673 0.138888888888889 1.4120775518513 0.111111111111111 1.42700910801572 0.194444444444444 1.34657999640573 0.222222222222222 1.38976399712458 0.037037037037037 1.54776914862504 0.944444444444444 0.460503430517042 0.722222222222222 0.733445431819673 0.138888888888889 1.44456338717622 0.166666666666667 1.46211766633671 0.194444444444444 1.37782999640573 0.277777777777778 1.28863199856229 0.259259259259259 1.25058724077882 0.138888888888889 1.46018838717622 0.166666666666667 1.49336766633671 0.194444444444444 1.39345499640573 0.944444444444444 0.494537040126524 0.722222222222222 0.76869856340747 0.194444444444444 1.42594083173065 0.944444444444444 0.531158335396052 0.722222222222222 0.79994856340747 0.296296296296296 1.31742133237486 0.259259259259259 1.36400933141639 0.277777777777778 1.35113199856229 0.138888888888889 1.52240976390275 0.166666666666667 1.52461766633671 0.0555555555555556 1.62499966433098 0.0555555555555556 1.57828605660085 0.0740740740740741 1.60048373004358 0.722222222222222 0.820781896740803 0.037037037037037 1.6515054359054 0.194444444444444 1.46843138861393 0.138888888888889 1.53803476390275 0.111111111111111 1.55145186146878 0.944444444444444 0.566818935986818 0.277777777777778 1.38238199856229 0.194444444444444 1.48405638861393 0.222222222222222 1.47474511089114 0.722222222222222 0.852031896740803 0.138888888888889 1.56763099366762 0.166666666666667 1.58381012586646 0.194444444444444 1.50488972194726 0.222222222222222 1.51641177755781 0.0555555555555556 1.67469802799164 0.944444444444444 0.605929442489586 0.277777777777778 1.41363199856229 0.259259259259259 1.43400303600524 0.194444444444444 1.52051472194726 0.296296296296296 1.40075466570819 0.696759259259259 0.921927973324388 0.740740740740741 0.88578257115159 0.138888888888889 1.61434460139775 0.166666666666667 1.61506012586646 0.194444444444444 1.55011095171213 0.722222222222222 0.914141959986582 0.277777777777778 1.45612255544557 0.944444444444444 0.653618454212081 0.0555555555555556 1.7271232137977 0.0740740740740741 1.69970850150815 0.037037037037037 1.74963926472155 0.138888888888889 1.62996960139775 0.166666666666667 1.66475848952712 0.711805555555555 0.945391959986582 0.696759259259259 0.963594639991054 0.259259259259259 1.49705229614965 0.520833333333333 1.1875 0.138888888888889 1.65481878322808 0.111111111111111 1.64487907692905 0.277777777777778 1.48737255544557 0.194444444444444 1.59067510488871 0.296296296296296 1.47074837029705 0.944444444444444 0.695074982876795 0.138888888888889 1.67044378322808 0.166666666666667 1.69600848952712 0.0555555555555556 1.77220040755521 0.194444444444444 1.60630010488871 0.222222222222222 1.59754008391097 0.277777777777778 1.5082058887789 0.722222222222222 0.976641959986582 0.259259259259259 1.55881728715626 0.944444444444444 0.733730290686163 0.0520408377619505 1.81187528588207 0.277777777777778 1.5394558887789 0.194444444444444 1.64369955944227 0.222222222222222 1.67233899301808 0.296296296296296 1.5263039258526 0.696759259259259 1.04302067060626 0.138888888888889 1.72286896903414 0.166666666666667 1.72725848952712 0.740740740740741 1.00661531059732 0.194444444444444 1.6685487412726 0.722222222222222 1.03328100590939 0.138888888888889 1.73849396903414 0.277777777777778 1.58002004195549 0.944444444444444 0.776989685449553 0.194444444444444 1.6841737412726 0.222222222222222 1.71400565968474 0.711805555555555 1.06453100590939 0.696759259259259 1.08468733727293 0.138888888888889 1.7610325659129 0.166666666666667 1.77233568328463 0.111111111111111 1.74972944854116 0.194444444444444 1.70500707460593 0.098235969295036 1.8235325659129 0.138888888888889 1.7766575659129 0.166666666666667 1.80358568328463 0.259259259259259 1.63162635897635 0.777777777777778 1.00992296589598 0.296296296296296 1.59501336130366 0.277777777777778 1.61127004195549 0.194444444444444 1.72063207460593 0.944444444444444 0.826937025649387 0.722222222222222 1.09578100590939 0.194444444444444 1.74317067148469 0.222222222222222 1.78572378885642 0.277777777777778 1.64866949650904 0.126013747072814 1.85046068328463 0.259259259259259 1.69128155090094 0.944444444444444 0.8710196514855 0.194444444444444 1.77902973607052 0.277777777777778 1.67991949650904 0.740740740740741 1.12439920764289 0.296296296296296 1.66161299767269 0.722222222222222 1.15331780555494 0.140015274525349 1.856659496253 0.168018329430418 1.86905712218975 0.194444444444444 1.79465473607052 0.703703703703704 1.18554520370329 0.277777777777778 1.70075282984237 0.12668957845469 1.88319640273719 0.944444444444444 0.901879714731278 0.118432592467809 1.89931664255471 0.259259259259259 1.74990981618039 0.134968474962233 1.90030712218975 0.277777777777778 1.73200282984237 0.296296296296296 1.71716855322825 0.722222222222222 1.21581780555494 0.944444444444444 0.9503772786325 0.925925925925926 0.973533496352318 0.962962962962963 0.929537063127349 0.277777777777778 1.76786189442821 0.214089348599423 1.85367697034872 0.136320137725985 1.96577856109488 0.16936999219417 1.93452856109488 0.296296296296296 1.78274126295214 0.277777777777778 1.79911189442821 0.210022911788023 1.88765356109488 0.944444444444444 1.00234884585572 0.740740740740741 1.2515234993697 0.202518156169083 1.90327856109488 0.256722048960887 1.84077856109488 0.722222222222222 1.28646744349962 0.703703703703704 1.31597829566641 0.219021268827931 1.90426904072992 0.282259143751702 1.83135237406325 0.944444444444444 1.04726598362416 0.962962962962963 1.02646124238927 0.925925925925926 1.07257653005899 0.777777777777778 1.25228524905455 0.203869818932835 1.96875 0.722222222222222 1.34896744349962 0.944444444444444 1.09894182919252 0.703703703703704 1.40811563320563 0.740740740740741 1.36992726220537 0.722222222222222 1.39342344980844 0.962962962962963 1.12259683057155 0.944444444444444 1.14655222812914 0.925925925925926 1.17320098462051 0.722222222222222 1.42467344980844 0.703703703703704 1.47198808320453 0.722222222222222 1.4579821248068 0.740740740740741 1.44260371641016 0.944444444444444 1.19820266546644 0.722222222222222 1.4892321248068 0.925925925925926 1.25685053241421 0.703703703703704 1.52754363876009 0.962962962962963 1.218664663471 0.722222222222222 1.51006545814013 0.944444444444444 1.24304357854168 0.740740740740741 1.49953172196462 0.944444444444444 1.27202654981969 0.722222222222222 1.54131545814013 0.703703703703704 1.59099451108805 0.722222222222222 1.57399176663207 0.740740740740741 1.55603814984814 0.925925925925926 1.33629474036881 0.944444444444444 1.31413455057848 0.962962962962963 1.29595258687903 0.722222222222222 1.60524176663207 0.944444444444444 1.36220989047357 0.703703703703704 1.6540847336708 0.722222222222222 1.6373771005062 0.740740740740741 1.62007924475885 0.925925925925926 1.41882232267686 0.722222222222222 1.6686271005062 0.944444444444444 1.40182790940005 0.962962962962963 1.38248682659926 0.703703703703704 1.71687003512581 0.722222222222222 1.70030505268871 0.740740740740741 1.68345476879661 0.944444444444444 1.43792592404056 0.722222222222222 1.73155505268871 0.944444444444444 1.47535194903562 0.925925925925926 1.49793944920522 0.962962962962963 1.45791486564063 0.703703703703704 1.77940135681853 0.722222222222222 1.76285203522779 0.740740740740741 1.74627139194433 0.944444444444444 1.52050359919259 0.722222222222222 1.79410203522779 0.925925925925926 1.57410092787114 0.718711296394323 1.82801246792964 0.944444444444444 1.55603252466843 0.962962962962963 1.53665259939254 0.944444444444444 1.5895941670345 0.744733611258151 1.83576870189446 0.925925925925926 1.64078821456787 0.944444444444444 1.62350016865689 0.962962962962963 1.60531697903541 0.769788323502043 1.84097703522779 0.944444444444444 1.65606345471352 0.925925925925926 1.70533626611836 0.797566101279821 1.8626321701401 0.841199246150873 1.87934289352014 0.944444444444444 1.68859731126104 0.962962962962963 1.67131907518643 0.801499057688591 1.89279644676007 0.944444444444444 1.72032224598263 0.808155079631246 1.90842144676007 0.925925925925926 1.7681022281696 0.944444444444444 1.75171319359987 0.962962962962963 1.73508556777733 0.944444444444444 1.7827462543379 0.886184556977579 1.86432917703647 0.944444444444444 1.81320448893473 0.908677212390932 1.85682231879463 0.962962962962963 1.79700706307874 0.884832391021924 1.89605361690017 0.849065158968412 1.93967144676007 0.884832391021924 1.91091289497774 0.882210597418107 1.92049907890518 0.947066415383624 1.84330237855994 0.899376772645608 1.91153004341189 0.873784088874056 1.94699938593679 0.897628910243064 1.9278270180819 0.0416666666666667 0.116570967865946 0.125 0.0886925807195675 0.145833333333333 0.0669408871463783 0.0416666666666667 0.209613887300151 0.0416666666666667 0.314022016451459 0.3125 0.0078125 0.3125 0.0234375 0.0416666666666667 0.366226081027113 0.0416666666666667 0.374038581027113 0.125 0.280814564729427 0.0277777777777778 0.425298959486523 0.25 0.4281024441818 0.729166666666667 0.107788799764136 0.8125 0.0078125 0.708333333333333 0.146851299764136 0.708333333333333 0.208316605442523 0.895833333333333 0.0382184034397344 0.708333333333333 0.270123481955072 0.75 0.305871963910145 0.694444444444444 0.336278071910515 0.0833333333333333 1.0890046223002 0.875 0.143117162129864 0.0277777777777778 1.17431031231083 0.0740740740740741 1.16839116959272 0.0555555555555556 1.20012744898604 0.763888888888889 0.356742125776103 0.106481481481481 1.16023688445233 0.791666666666667 0.33324576731538 0.101851851851852 1.17685007162308 0.114197530864198 1.16859424751937 0.0679012345679012 1.23474604481259 0.0833333333333333 1.22594458566125 0.0740740740740741 1.25205534272587 0.0679012345679012 1.26946251410228 0.0555555555555556 1.3042768568551 0.0277777777777778 1.33053442411442 0.253472222222222 1.06239899752898 0.0833333333333333 1.27801928959578 0.0432098765432099 1.33541881849027 0.0740740740740741 1.34518760724198 0.037037037037037 1.35098979930786 0.0277777777777778 1.37434627053424 0.0555555555555556 1.39190054969474 0.101851851851852 1.28828914606774 0.0432098765432099 1.36462671610349 0.0972222222222222 1.30655285793338 0.0895061728395062 1.31943110770291 0.166666666666667 1.24437972377417 0.106481481481481 1.32700823312682 0.255208333333333 1.17774829390891 0.117283950617284 1.35015633936831 0.106481481481481 1.37082007954664 0.0277777777777778 1.471803776509 0.0555555555555556 1.45687222034457 0.0740740740740741 1.48839876738598 0.0833333333333333 1.40945482885523 0.226851851851852 1.25692126662501 0.0277777777777778 1.50291446487226 0.0555555555555556 1.5190935970711 0.0833333333333333 1.44194066418015 0.106481481481481 1.4742935772811 0.0277777777777778 1.59170315416688 0.117283950617284 1.49033230615498 0.106481481481481 1.50540426564436 0.0833333333333333 1.53527272926994 0.0277777777777778 1.61505995803195 0.0833333333333333 1.56486895903481 0.226851851851852 1.42997193386794 0.0277777777777778 1.68960750352294 0.0833333333333333 1.63493937063002 0.106481481481481 1.60741416572067 0.0277777777777778 1.71582009642597 0.108024691358025 1.61990246945679 0.0833333333333333 1.65978855246035 0.106481481481481 1.68507614236812 0.0277777777777778 1.78343588706224 0.226851851851852 1.5544641194342 0.787037037037037 0.883605443605056 0.0260204188809752 1.80327332622566 0.0833333333333333 1.73842633116943 0.117283950617284 1.69767375125679 0.106481481481481 1.71128873527114 0.108024691358025 1.72410230636115 0.0833333333333333 1.76096492804819 0.5625 1.1875 0.25 1.58878006293323 0.787037037037037 1.11212111268554 0.787037037037037 1.13592631215385 0.25 1.79241784164231 0.0208333333333333 0.0582854839329729 0.0208333333333333 0.244017782518486 0.40625 0.01953125 0.854166666666667 0.12088330381672 0.90625 0.0744598259332157 0.895833333333333 0.167327786035727 0.111111111111111 1.22572437036919 78 79 80 78 80 81 82 79 78 83 78 81 83 81 84 85 82 78 85 78 83 86 82 85 87 84 88 87 83 84 89 83 87 89 85 83 90 86 85 91 87 88 91 88 92 91 92 93 94 87 91 94 89 87 95 85 89 95 90 85 96 91 93 97 94 91 98 99 100 101 96 102 103 104 105 106 98 100 107 101 102 108 109 110 111 103 105 111 105 108 112 103 111 113 108 110 114 111 108 115 112 111 116 117 118 119 113 116 120 115 121 122 123 120 124 118 125 124 116 118 126 119 116 127 119 126 128 120 121 129 122 120 129 120 128 130 124 125 131 124 130 132 133 134 132 135 133 136 127 126 137 135 132 138 129 128 139 131 130 140 134 141 140 141 142 140 132 134 143 137 132 144 136 145 146 138 147 146 129 138 146 142 129 148 142 146 148 140 142 149 132 140 149 143 132 150 144 145 151 137 143 151 152 137 153 144 150 154 152 151 155 146 147 156 148 146 157 140 148 157 149 140 157 148 156 158 143 149 158 149 157 158 151 143 159 153 150 160 154 151 161 147 153 161 155 147 162 155 161 162 146 155 162 156 146 163 157 156 164 158 157 165 159 150 165 150 166 167 151 158 167 160 151 168 161 153 168 153 159 169 162 161 170 156 162 170 163 156 171 157 163 171 164 157 172 167 158 172 158 164 173 159 165 173 168 159 174 169 161 174 161 168 175 170 162 175 162 169 175 169 174 176 171 163 176 163 170 176 170 175 177 164 171 177 172 164 178 174 168 178 168 173 179 175 174 180 176 175 181 176 180 181 171 176 181 177 171 182 179 174 182 174 178 183 175 179 183 180 175 184 181 180 185 179 182 185 183 179 186 180 183 186 184 180 186 183 185 187 186 185 188 189 190 188 190 191 188 191 192 193 192 194 193 188 192 195 189 188 195 196 189 197 193 194 198 188 193 198 195 188 199 196 195 199 195 198 199 200 196 201 194 202 201 197 194 203 198 193 203 193 197 204 199 198 205 200 199 205 206 200 207 208 209 207 201 202 207 202 208 210 201 207 210 197 201 210 203 197 211 198 203 211 204 198 212 213 214 212 215 213 216 199 204 216 205 199 217 205 216 217 206 205 217 218 206 219 207 209 220 207 219 220 210 207 221 203 210 221 211 203 221 210 220 222 204 211 222 216 204 223 217 216 223 216 222 224 209 215 224 219 209 225 217 223 225 218 217 225 226 218 227 220 219 228 226 225 229 220 227 229 221 220 230 211 221 230 222 211 231 223 222 232 224 215 232 215 212 233 225 223 234 219 224 234 227 219 235 228 225 236 227 234 236 229 227 237 221 229 237 230 221 237 229 236 238 222 230 238 231 222 239 223 231 239 233 223 240 234 224 240 224 232 241 235 225 241 233 239 241 225 233 242 236 234 243 228 235 243 244 228 245 237 236 246 230 237 246 238 230 247 231 238 247 239 231 247 238 246 248 241 239 249 234 240 249 242 234 250 243 235 250 241 248 250 235 241 251 236 242 251 245 236 252 253 244 252 244 243 252 243 250 254 237 245 254 246 237 254 245 251 255 253 252 255 65 64 256 247 246 257 239 247 257 248 239 258 250 248 259 242 249 259 251 242 260 252 250 261 254 251 262 255 252 262 66 65 262 65 255 263 246 254 263 256 246 263 254 261 264 247 256 264 257 247 264 256 263 265 258 248 265 248 257 266 250 258 266 260 250 267 251 259 267 261 251 268 260 266 268 67 66 268 66 262 268 262 252 268 252 260 269 263 261 270 264 263 271 264 270 271 257 264 271 265 257 272 258 265 272 266 258 273 268 266 273 68 67 273 67 268 274 261 267 274 269 261 275 270 263 275 263 269 276 271 270 277 265 271 277 272 265 278 266 272 278 273 266 278 68 273 278 69 68 279 275 269 279 269 274 280 270 275 280 275 279 280 276 270 281 277 271 281 271 276 281 276 280 282 69 278 282 278 272 282 277 281 282 272 277 283 280 279 284 281 280 285 282 281 285 69 282 285 70 69 286 284 280 286 280 283 287 281 284 287 285 281 287 284 286 287 70 285 287 71 70 288 287 286 288 71 287 288 72 71 289 290 291 289 292 290 293 292 289 293 294 292 295 296 297 295 297 294 298 296 295 299 86 90 299 300 301 299 301 86 302 296 298 303 298 295 304 305 95 304 95 89 304 89 94 306 296 302 306 307 296 308 104 300 308 299 90 308 300 299 308 90 95 309 100 99 309 99 301 309 301 300 310 96 93 310 93 311 310 102 96 312 307 306 313 91 96 313 101 97 313 97 91 313 96 101 314 304 94 314 305 304 314 94 97 314 109 305 315 302 298 315 306 302 315 298 303 316 317 307 316 307 312 318 95 305 318 105 104 318 308 95 318 104 308 319 300 104 319 104 103 319 309 300 319 103 100 319 100 309 320 310 311 320 102 310 320 321 102 320 311 322 323 324 317 323 317 316 325 97 101 325 110 109 325 314 97 325 109 314 326 318 305 326 108 105 326 109 108 326 105 318 326 305 109 327 306 315 327 312 306 327 316 312 327 323 316 328 329 321 328 330 329 328 320 322 328 321 320 331 324 323 332 100 103 332 106 100 332 103 112 332 112 106 333 107 102 333 334 107 333 102 321 335 336 337 335 337 98 335 98 106 338 324 331 338 339 324 340 325 101 340 101 107 340 117 110 340 110 325 341 331 323 341 338 331 341 323 327 342 339 338 343 344 334 343 334 333 343 333 321 343 321 329 343 329 344 345 123 336 345 335 106 345 106 112 345 336 335 346 347 339 346 339 342 348 118 117 348 340 107 348 117 340 348 107 334 349 350 337 349 351 350 349 337 336 352 117 116 352 116 113 352 110 117 352 113 110 353 354 347 353 347 346 355 113 119 355 119 114 355 108 113 355 114 108 356 346 342 356 342 338 356 338 341 357 115 111 357 111 114 357 121 115 358 345 112 358 115 120 358 112 115 358 123 345 358 120 123 359 354 353 360 334 344 360 118 348 360 125 118 360 348 334 360 344 125 361 336 123 361 123 122 361 122 351 361 351 349 361 349 336 362 363 354 362 354 359 364 134 133 364 133 350 364 350 351 365 363 362 366 114 119 366 119 127 366 127 121 366 357 114 366 121 357 367 359 353 367 346 356 367 362 359 367 353 346 368 369 370 371 363 365 371 372 363 373 351 122 373 364 351 373 141 134 373 134 364 374 116 124 374 124 131 374 131 126 374 126 116 375 372 371 375 376 372 377 121 127 377 128 121 377 378 128 379 365 362 379 371 365 379 362 367 380 373 122 380 141 373 380 122 129 380 129 142 380 142 141 381 136 126 381 126 131 381 145 136 382 377 127 382 378 377 382 127 136 382 136 144 382 144 378 383 147 138 383 128 378 383 138 128 384 139 385 384 385 145 384 381 131 384 145 381 384 131 139 386 387 388 389 390 391 392 144 153 392 147 383 392 153 147 392 383 378 392 378 144 393 145 385 393 385 166 393 166 150 393 150 145 394 395 396 397 398 154 397 154 160 399 398 397 400 398 399 400 401 402 403 399 397 403 400 399 404 405 406 407 397 160 407 403 397 407 160 167 408 403 407 409 400 403 409 401 400 409 403 408 409 410 401 411 412 405 411 405 404 413 167 172 413 407 167 414 408 407 414 409 408 414 410 409 414 407 413 415 416 394 417 404 406 417 411 404 418 412 411 419 414 413 420 402 401 421 413 172 421 172 177 422 419 413 422 413 421 423 424 410 423 410 414 423 414 419 423 419 422 425 426 412 425 412 418 427 428 429 430 411 417 430 418 411 430 425 418 431 422 421 432 420 401 432 401 410 433 426 425 434 420 432 434 435 420 436 421 177 436 431 421 437 422 431 437 438 424 437 431 436 437 424 423 437 423 422 439 427 435 439 440 428 439 435 434 439 428 427 441 436 177 441 177 181 442 426 433 442 443 426 444 436 441 445 410 424 445 432 410 446 438 437 446 447 438 446 437 436 446 436 444 448 425 430 448 442 433 448 433 425 449 432 445 449 434 432 450 444 441 450 446 444 451 443 442 452 440 439 452 439 434 452 453 440 452 434 449 454 181 184 454 450 441 454 441 181 455 429 428 455 191 190 456 450 454 457 424 438 457 445 424 458 459 447 458 447 446 458 446 450 458 450 456 460 461 443 460 443 451 462 449 445 462 445 457 463 456 454 463 458 456 464 465 453 464 453 452 464 452 449 464 449 462 466 184 186 466 454 184 466 463 454 467 451 442 467 442 448 467 460 451 468 461 460 469 455 428 469 428 440 469 192 191 469 191 455 470 463 466 471 438 447 471 457 438 472 463 470 472 459 458 472 473 459 472 458 463 474 457 471 474 462 457 475 470 466 475 473 472 475 472 470 476 462 474 476 465 464 476 477 465 476 464 462 478 479 461 478 461 468 480 469 440 480 192 469 480 194 192 480 440 453 481 473 475 481 186 187 481 482 473 481 466 186 481 475 466 483 479 478 483 484 479 485 477 476 485 474 471 485 447 459 485 476 474 485 486 477 485 471 447 487 460 467 487 468 460 487 478 468 488 202 194 488 194 480 488 480 453 488 453 465 489 484 483 490 213 486 490 485 459 490 459 473 490 486 485 491 492 484 491 484 489 493 483 478 493 478 487 493 489 483 493 491 489 494 213 490 494 214 213 494 473 482 494 490 473 495 492 491 496 491 493 496 497 495 496 495 491 498 23 499 498 24 23 500 501 497 500 497 496 502 501 500 502 503 501 504 499 505 504 498 499 506 25 24 506 56 25 506 57 56 506 24 498 507 504 505 507 505 508 509 498 504 509 504 507 509 57 506 509 506 498 510 58 57 510 57 509 510 509 507 511 58 510 511 507 508 511 510 507 512 502 500 512 513 502 514 515 513 514 513 512 516 517 514 516 514 512 518 519 517 520 253 255 521 522 523 521 523 524 525 62 522 525 522 521 525 63 62 526 524 520 526 521 524 527 518 517 527 517 516 527 528 518 529 520 255 529 526 520 529 255 64 530 525 521 530 521 526 530 526 529 530 529 64 531 63 525 531 525 530 531 530 64 531 64 63 532 533 528 532 528 527 534 535 536 534 536 533 534 533 532 537 535 534 538 539 535 538 535 537 540 534 532 540 537 534 540 538 537 541 539 538 542 543 539 542 539 541 544 538 540 544 541 538 544 542 541 545 543 542 546 547 543 546 543 545 548 547 546 549 542 544 549 545 542 549 546 545 550 551 547 550 547 548 552 551 550 553 550 548 553 546 549 553 548 546 554 555 551 554 551 552 556 555 554 557 552 550 557 550 553 557 554 552 558 559 555 558 555 556 560 288 286 560 286 561 562 560 561 563 562 561 564 559 558 565 558 556 565 556 554 565 554 557 566 560 562 566 288 560 566 72 288 566 73 72 567 562 563 568 559 564 569 567 563 570 566 562 570 562 567 570 73 566 571 567 569 571 570 567 571 73 570 571 74 73 572 564 558 572 568 564 572 558 565 573 77 76 574 575 576 574 577 575 578 28 27 578 29 28 578 574 576 578 576 29 579 578 27 579 27 77 579 573 577 579 77 573 579 577 574 579 574 578 580 581 1 582 580 1 583 582 1 584 580 582 584 582 583 584 581 580 585 586 587 585 583 1 585 588 586 589 590 591 589 591 592 593 589 592 594 593 592 594 592 595 596 597 598 596 586 588 596 588 597 599 594 595 600 596 598 600 601 596 602 80 79 602 79 600 602 600 598 603 601 600 603 600 79 603 591 601 604 80 602 605 79 82 605 603 79 605 591 603 605 592 591 606 81 80 606 80 604 607 608 297 609 592 605 609 605 82 610 81 606 610 84 81 611 609 82 611 592 609 611 595 592 612 289 291 613 612 595 613 611 82 613 82 86 613 595 611 614 297 296 614 607 297 615 290 292 615 292 294 615 297 608 615 294 297 615 616 290 615 608 616 617 4 614 617 614 296 618 5 4 618 296 307 618 4 617 618 617 296 619 5 618 619 618 307 620 92 88 620 93 92 621 289 612 621 612 613 621 613 86 621 86 301 622 6 5 622 5 619 622 619 307 623 7 6 623 6 622 624 621 301 624 301 99 624 289 621 625 307 317 625 622 307 625 623 622 626 303 295 626 295 294 626 294 293 627 289 624 627 624 99 628 623 625 629 627 99 629 293 289 629 289 627 630 8 7 630 7 623 630 623 628 631 630 628 632 317 324 632 631 628 632 628 625 632 625 317 633 629 99 633 99 98 634 630 631 635 311 93 635 93 620 636 630 634 636 9 8 636 8 630 637 636 634 638 633 98 638 98 337 639 632 324 639 631 632 639 634 631 639 637 634 639 324 339 640 311 635 640 322 311 641 10 9 641 9 636 642 641 636 642 636 637 643 641 642 644 303 638 644 638 337 645 330 328 645 322 640 645 640 635 645 328 322 646 637 639 646 639 339 646 642 637 646 643 642 646 339 347 647 643 646 647 641 643 648 11 10 648 10 641 648 641 647 649 645 635 649 635 650 649 330 645 651 337 350 651 644 337 651 303 644 651 315 303 652 648 647 653 647 646 653 347 354 653 646 347 653 652 647 654 12 11 654 11 648 655 648 652 656 651 350 656 315 651 657 654 648 657 648 655 658 354 363 658 653 354 658 652 653 658 655 652 658 657 655 659 657 658 659 654 657 660 327 315 660 656 350 660 315 656 661 13 12 661 12 654 662 654 659 662 661 654 663 329 330 663 649 650 663 330 649 664 662 659 664 363 372 664 659 658 664 658 363 665 327 660 665 350 133 665 341 327 665 660 350 666 661 662 667 14 13 667 13 661 668 661 666 668 667 661 669 666 662 669 662 664 669 664 372 669 668 666 669 372 376 670 667 668 670 668 669 671 665 133 671 341 665 671 133 135 672 14 667 672 15 14 673 356 341 673 341 671 674 671 135 674 673 671 675 667 670 675 672 667 676 669 376 676 670 669 676 675 670 677 678 369 679 678 677 679 680 678 679 650 680 681 672 675 682 673 674 683 684 685 686 369 368 686 677 369 686 368 687 688 679 677 688 677 686 689 16 15 689 15 672 690 689 672 690 672 681 691 367 356 691 356 673 692 679 688 692 687 693 692 693 684 692 684 683 692 683 679 692 686 687 692 688 686 694 691 673 694 673 682 695 676 388 695 675 676 695 388 387 695 681 675 695 690 681 696 368 370 697 685 698 697 683 685 699 674 135 699 682 674 699 694 682 699 135 137 700 676 376 700 375 391 700 388 676 700 376 375 701 16 689 701 689 690 701 695 387 701 690 695 702 703 26 704 700 391 704 388 700 705 694 699 705 691 694 706 698 707 706 697 698 708 702 26 709 704 391 709 388 704 709 390 386 709 386 388 709 391 390 710 708 26 710 26 55 711 691 705 711 379 367 711 367 691 712 711 705 713 389 391 713 375 371 713 391 375 713 371 379 714 706 707 714 707 715 716 699 137 716 712 705 716 705 699 716 137 152 717 701 387 718 701 717 718 16 701 719 17 16 719 16 718 720 714 715 721 715 722 721 720 715 723 711 712 724 710 55 724 55 54 725 17 719 725 719 718 726 721 722 727 379 711 727 711 723 728 379 727 728 389 713 728 713 379 729 723 712 729 712 716 729 716 152 729 727 723 729 152 154 730 731 396 730 396 732 730 387 386 730 732 387 730 386 731 733 54 53 733 724 54 734 732 396 734 717 387 734 387 732 734 396 395 735 386 390 735 390 389 736 728 727 737 386 735 737 396 731 737 738 396 737 731 386 739 738 737 739 735 389 739 737 735 740 385 139 740 139 741 742 53 52 742 733 53 743 728 736 743 389 728 744 743 736 744 154 398 744 727 729 744 729 154 744 736 727 745 18 17 746 742 52 746 52 51 747 389 743 748 739 389 748 738 739 748 389 747 749 400 402 749 747 743 749 398 400 749 744 398 749 743 744 750 395 394 750 394 416 751 746 51 751 715 707 752 166 385 752 740 405 752 405 412 752 385 740 753 396 738 753 394 396 754 715 751 754 751 51 755 750 416 756 722 715 756 715 754 756 51 50 756 754 51 757 758 722 757 759 758 760 749 402 760 747 749 760 748 747 761 753 738 761 394 753 761 415 394 762 417 406 762 757 417 762 406 759 762 759 757 763 757 722 763 722 756 763 756 50 764 166 752 764 412 426 764 752 412 764 165 166 765 755 416 766 435 427 766 760 402 766 402 420 766 420 435 767 760 766 768 764 426 768 165 764 769 761 738 769 415 761 770 771 765 772 773 767 772 427 429 772 766 427 772 767 766 774 426 443 774 173 165 774 768 426 774 165 768 775 19 18 776 417 757 776 50 49 776 757 763 776 763 50 777 770 778 777 778 779 780 416 415 781 769 773 781 773 772 782 774 443 782 173 774 783 784 778 785 173 782 785 782 443 785 443 461 786 772 429 786 429 455 786 781 772 787 781 786 788 49 48 788 776 49 788 417 776 788 430 417 789 178 173 789 461 479 789 785 461 789 173 785 790 779 791 792 786 455 792 190 793 792 793 787 792 787 786 792 455 190 794 178 789 794 789 479 795 796 790 795 790 791 797 779 778 797 778 784 797 784 798 799 20 19 800 788 48 800 430 788 800 48 47 800 448 430 801 182 178 801 178 794 801 794 479 802 791 803 802 795 791 802 796 795 804 791 779 804 779 797 804 797 798 805 793 190 805 806 793 807 803 808 807 802 803 809 791 804 809 804 798 810 800 47 810 448 800 811 185 182 811 479 484 811 182 801 811 801 479 812 809 798 812 791 809 812 803 791 813 448 810 813 467 448 813 810 47 813 47 46 814 811 484 814 484 492 814 185 811 815 190 189 815 805 190 816 798 784 817 784 805 817 815 189 817 816 784 817 805 815 818 808 819 820 821 822 823 185 814 823 814 492 824 21 20 825 803 812 826 818 819 826 827 818 828 467 813 828 813 46 829 816 817 830 803 825 830 808 803 830 825 831 832 185 823 832 823 492 832 187 185 833 826 819 833 827 826 833 819 834 835 830 831 835 808 830 835 831 836 835 819 808 837 824 820 838 467 828 838 46 45 838 828 46 838 487 467 839 798 816 839 816 829 839 840 798 841 835 836 841 819 835 842 829 817 842 839 829 842 817 189 842 189 196 843 187 832 843 481 187 844 832 492 845 834 846 845 833 834 847 834 819 847 819 841 847 841 836 848 843 832 848 832 844 848 844 503 849 840 839 849 839 842 850 45 44 850 487 838 850 838 45 851 837 852 853 22 21 854 846 855 854 845 846 856 848 503 856 843 848 857 843 856 857 482 481 857 481 843 858 831 840 858 836 831 858 840 849 859 465 477 859 488 465 859 202 488 859 208 202 860 854 855 860 861 854 862 858 849 863 834 847 864 849 842 864 862 849 864 196 200 864 842 196 865 487 850 865 850 44 866 861 860 866 855 867 866 860 855 868 853 851 869 846 834 869 863 870 869 834 863 871 858 862 871 862 864 872 857 856 872 482 857 872 856 503 873 836 858 874 487 865 874 865 44 874 493 487 875 505 499 876 873 858 876 858 871 877 855 846 877 870 878 877 846 869 877 869 870 879 864 200 879 871 864 879 876 871 879 200 206 880 482 872 880 494 482 881 867 882 881 866 867 883 872 503 884 855 877 884 877 878 885 883 515 885 880 872 885 872 883 886 881 882 887 876 879 887 873 876 888 44 43 888 874 44 888 493 874 889 867 855 889 878 890 889 855 884 889 884 878 891 885 515 891 880 885 892 214 494 892 880 891 892 494 880 893 882 894 893 895 886 893 886 882 896 889 890 896 882 867 896 867 889 897 508 505 897 505 875 898 895 893 898 893 894 898 894 899 898 897 895 900 878 870 901 515 883 901 503 502 901 502 513 901 513 515 901 883 503 902 887 879 902 903 887 902 206 218 902 879 206 904 882 896 904 896 890 905 493 888 905 888 43 905 43 42 905 496 493 906 214 892 906 892 891 906 891 515 907 882 904 907 894 882 907 904 890 907 890 908 909 900 903 910 898 899 910 897 898 910 508 897 911 900 909 911 878 900 911 890 878 912 500 496 912 496 905 912 905 42 913 894 907 913 907 908 914 911 909 915 906 515 916 909 903 916 903 902 916 902 218 916 218 226 916 914 909 917 915 519 917 214 906 917 906 915 918 910 899 918 899 919 920 899 894 920 913 908 920 894 913 921 212 214 921 214 917 922 911 914 923 910 918 923 508 910 924 500 912 924 912 42 925 511 508 925 508 923 926 890 911 926 908 890 927 923 918 927 918 919 927 511 925 927 925 923 928 926 911 928 911 922 929 928 922 929 922 914 929 226 228 929 916 226 929 914 916 930 917 519 930 212 921 930 921 917 931 500 924 932 500 931 932 512 500 933 931 924 933 42 41 933 924 42 933 41 931 934 926 928 934 928 929 935 919 899 935 899 920 935 920 908 936 58 511 936 59 58 936 60 59 936 511 927 937 936 927 937 60 936 937 927 919 938 929 228 938 939 934 938 228 244 938 934 929 940 919 935 940 935 523 941 512 932 941 931 41 941 932 931 942 930 519 943 937 919 943 919 940 944 520 524 944 935 908 944 523 935 944 524 523 945 212 930 945 942 536 945 930 942 946 232 212 946 212 945 947 523 522 947 940 523 947 943 940 947 522 943 948 244 253 948 520 944 948 944 939 948 939 938 948 938 244 948 253 520 949 512 941 950 41 40 950 941 41 950 40 949 950 949 941 951 516 512 951 512 949 952 519 518 952 518 528 952 533 536 952 528 533 952 536 942 952 942 519 953 522 62 953 60 937 953 943 522 953 937 943 953 61 60 953 62 61 954 945 536 954 946 945 954 232 946 955 516 951 955 949 40 955 951 949 956 240 232 957 536 535 957 954 536 958 956 232 958 232 954 958 957 535 958 954 957 959 40 39 959 955 40 960 516 955 960 959 39 960 955 959 961 527 516 961 516 960 962 956 958 963 956 962 963 240 956 963 249 240 964 963 962 965 535 539 965 958 535 965 964 962 965 962 958 966 961 960 966 960 39 966 527 961 967 963 964 968 527 966 968 532 527 969 259 249 969 249 963 970 39 38 970 966 39 971 963 967 971 969 963 972 968 966 972 966 970 972 970 38 973 967 964 973 965 539 973 971 967 973 539 543 973 964 965 974 968 972 974 972 38 975 969 971 975 971 973 976 267 259 976 259 969 977 969 975 977 976 969 978 975 973 978 973 543 978 977 975 978 543 547 979 540 532 980 532 968 980 979 532 980 968 974 981 38 37 981 974 38 981 980 974 981 37 980 982 976 977 983 979 980 983 540 979 983 980 37 984 274 267 984 267 976 985 976 982 985 984 976 986 547 551 986 978 547 986 977 978 986 982 977 986 985 982 987 544 540 988 984 985 989 540 983 989 987 540 990 37 36 990 36 989 990 983 37 990 989 983 991 274 984 991 279 274 992 984 988 992 991 984 993 551 555 993 986 551 993 985 986 993 988 985 993 992 988 994 989 36 994 544 987 994 987 989 995 991 992 996 544 994 997 544 996 997 549 544 998 36 35 998 994 36 998 35 996 998 996 994 999 279 991 999 283 279 1000 991 995 1000 999 991 1001 992 993 1001 555 559 1001 1000 995 1001 993 555 1001 995 992 1002 997 996 1002 549 997 1002 996 35 1003 999 1000 1003 1001 559 1003 1000 1001 1004 553 549 1005 283 999 1005 999 1003 1005 286 283 1005 561 286 1006 549 1002 1006 1004 549 1007 1002 35 1007 1006 1002 1007 35 34 1007 34 1006 1008 1004 1006 1009 1003 559 1009 563 561 1009 1005 1003 1009 561 1005 1009 569 563 1010 553 1004 1010 557 553 1011 1004 1008 1011 1010 1004 1012 34 33 1012 1006 34 1012 1008 1006 1012 1011 1008 1013 559 568 1013 569 1009 1013 1009 559 1014 1010 1011 1015 557 1010 1015 565 557 1016 569 1013 1016 1013 568 1016 568 1017 1018 1015 1010 1018 1010 1014 1019 33 32 1019 1012 33 1019 1011 1012 1019 1014 1011 1019 1018 1014 1020 569 1016 1020 571 569 1020 1016 1017 1021 1015 1018 1022 74 571 1022 571 1020 1022 1020 1017 1023 565 1015 1023 572 565 1024 1015 1021 1024 1023 1015 1025 32 31 1025 1019 32 1025 1018 1019 1025 1021 1018 1025 1024 1021 1026 1023 1024 1027 1017 568 1027 568 572 1028 572 1023 1028 1023 1026 1029 572 1028 1029 1027 572 1029 576 575 1030 31 30 1030 1025 31 1030 1028 1026 1030 1024 1025 1030 1026 1024 1031 1027 1029 1031 1017 1027 1032 75 74 1032 74 1022 1032 1022 1017 1033 1017 1031 1034 1017 1033 1034 1032 1017 1035 576 1029 1035 1030 30 1035 30 29 1035 29 576 1035 1028 1030 1035 1029 1028 1036 1029 575 1036 1033 1031 1036 1031 1029 1037 75 1032 1037 1032 1034 1037 76 75 1037 573 76 1038 1034 1033 1038 1036 575 1038 1037 1034 1038 573 1037 1038 1033 1036 1038 575 577 1038 577 573 1039 590 589 1039 584 590 1040 591 590 1040 584 583 1040 590 584 1040 601 591 1041 585 587 1041 1040 583 1041 583 585 1041 587 586 1041 586 596 1041 596 601 1041 601 1040 1042 2 1039 1042 589 593 1042 593 594 1042 594 599 1042 1039 589 1043 599 616 1044 588 585 1044 1 26 1044 606 604 1044 598 597 1044 597 588 1044 585 1 1045 598 1044 1045 604 602 1045 602 598 1045 1044 604 1046 1043 616 1046 616 608 1046 3 1043 1047 1046 608 1047 3 1046 1047 608 607 1048 291 290 1048 595 612 1048 599 595 1048 612 291 1048 290 616 1048 616 599 1049 4 3 1049 614 4 1049 3 1047 1049 1047 607 1049 607 614 1050 626 293 1050 629 633 1050 293 629 1050 633 638 1050 303 626 1050 638 303 1051 663 650 1051 650 679 1051 679 683 1052 370 369 1052 650 635 1052 696 370 1052 703 696 1052 1044 26 1052 26 703 1052 678 680 1052 680 650 1052 369 678 1052 635 1044 1053 329 663 1053 663 1051 1053 344 329 1053 1051 683 1053 683 697 1054 706 714 1054 697 706 1054 714 720 1054 344 1053 1054 125 344 1054 1053 697 1055 703 702 1055 710 724 1055 708 710 1055 696 703 1055 702 708 1055 687 368 1055 368 696 1056 721 726 1056 1054 720 1056 130 125 1056 720 721 1056 125 1054 1056 726 1057 1058 741 139 1058 130 1056 1058 139 130 1058 1056 1057 1058 1057 741 1059 718 717 1059 395 725 1059 725 718 1059 717 734 1059 734 395 1060 698 685 1061 725 1062 1061 745 17 1061 1063 745 1061 1062 1063 1061 17 725 1064 405 740 1064 740 741 1064 741 1057 1065 1062 725 1065 395 750 1065 725 395 1066 722 758 1066 406 405 1066 759 406 1066 1057 726 1066 758 759 1066 726 722 1066 405 1064 1066 1064 1057 1067 1062 1065 1068 1065 750 1068 1067 1065 1068 755 1067 1068 750 755 1069 745 1063 1070 1062 1067 1070 1069 1063 1070 1063 1062 1071 745 1069 1071 1070 771 1071 1069 1070 1072 745 1071 1072 1073 745 1074 18 745 1074 745 1073 1075 767 773 1075 769 738 1075 773 769 1075 738 748 1075 748 760 1075 760 767 1076 1072 1071 1076 1071 771 1076 1073 1072 1077 1073 1078 1077 1074 1073 1079 18 1074 1079 1074 1077 1080 1081 775 1080 18 1079 1080 775 18 1082 771 770 1082 770 777 1082 1076 771 1083 1077 1078 1083 1081 1080 1083 1079 1077 1083 1080 1079 1083 1078 1081 1084 1082 777 1084 1076 1082 1085 1078 1073 1085 1073 1076 1085 1076 1084 1086 778 770 1086 770 765 1086 416 780 1086 780 783 1086 783 778 1086 765 416 1087 1078 1085 1087 1084 777 1087 1085 1084 1088 415 769 1088 780 415 1088 781 787 1088 787 793 1088 793 806 1088 769 781 1089 1087 777 1089 779 790 1089 777 779 1090 1089 790 1090 790 796 1090 1087 1089 1090 1078 1087 1091 19 775 1091 775 1092 1091 1092 1093 1094 775 1081 1094 1081 1078 1094 1090 796 1094 1078 1090 1095 805 784 1095 783 780 1095 784 783 1095 780 1088 1095 1088 806 1095 806 805 1096 1091 1093 1096 1093 1097 1096 19 1091 1096 799 19 1096 1097 799 1098 1094 796 1098 1092 775 1098 775 1094 1098 1093 1092 1099 802 807 1099 1093 1098 1099 1098 796 1099 796 802 1100 799 821 1100 20 799 1100 821 820 1101 1099 807 1101 808 818 1101 807 808 1102 1093 1099 1102 818 827 1102 1099 1101 1102 1101 818 1103 821 799 1103 1097 1093 1103 799 1097 1103 1093 1102 1103 1102 827 1104 824 20 1104 820 824 1104 20 1100 1104 1100 820 1105 821 1103 1105 822 821 1105 1103 827 1106 825 812 1106 831 825 1106 840 831 1106 812 798 1106 798 840 1107 21 824 1107 824 837 1107 837 851 1108 820 822 1109 822 1105 1109 1105 827 1109 1108 822 1109 827 833 1109 833 845 1110 21 1107 1110 851 853 1110 853 21 1110 1107 851 1111 861 1108 1111 1109 845 1111 854 861 1111 845 854 1111 1108 1109 1112 852 837 1112 1108 861 1112 820 1108 1112 837 820 1113 1112 861 1113 852 1112 1113 861 866 1114 22 853 1114 853 868 1114 868 875 1115 863 847 1115 870 863 1115 836 873 1115 847 836 1116 495 497 1116 492 495 1116 497 501 1116 501 503 1116 844 492 1116 503 844 1117 499 23 1117 23 22 1117 1114 875 1117 875 499 1117 22 1114 1118 868 851 1118 851 852 1119 866 881 1119 1113 866 1120 852 1113 1120 1118 852 1120 1113 1119 1121 881 886 1121 895 1118 1121 1118 1120 1121 1120 1119 1121 1119 881 1121 886 895 1122 868 1118 1122 897 875 1122 1118 895 1122 895 897 1122 875 868 1123 486 213 1123 208 859 1123 215 209 1123 209 208 1123 859 477 1123 213 215 1123 477 486 1124 873 887 1124 1115 873 1124 870 1115 1124 903 900 1124 887 903 1124 900 870 1125 515 514 1125 915 515 1125 514 517 1126 519 915 1126 517 519 1126 915 1125 1126 1125 517 1127 934 939 1127 939 944 1127 944 908 1127 926 934 1127 908 926 1128 2 1 1128 581 584 1128 1039 2 1128 584 1039 1128 1 581 1129 3 2 1129 2 1042 1129 1042 599 1129 599 1043 1129 1043 3 1130 88 84 1130 635 620 1130 610 606 1130 606 1044 1130 620 88 1130 84 610 1130 1044 635 1131 693 687 1131 733 1060 1131 684 693 1131 685 684 1131 1060 685 1132 687 1055 1132 1055 724 1132 724 733 1132 1131 687 1132 733 1131 1133 1060 733 1133 733 742 1133 707 698 1133 746 751 1133 742 746 1133 751 707 1133 698 1060 1134 1070 1067 1134 1067 755 1134 771 1070 1134 765 771 1134 755 765 
1050 2019 1 0.0390308376488442
-20 20.5734285148067 -9.48333109150404 -19.9523252203577 20.0746090831159 -7.62171162863151 -19.8123983394458 19.5388157902851 -5.62210383743196 -19.550261905992 18.8968372146596 -3.22620717582707 -19.1605699398086 18.1815691405329 -0.556790382154121 -18.6356790036041 17.3978493344169 2.36809175316871 -17.9727597986739 16.5547888430979 5.51443634062504 -17.1751685769251 15.6660587130852 8.83122234004984 -16.2533252896598 14.7495549047697 12.2516611180138 -15.3316744844114 13.9182251437965 15.3542260238098 -14.3408522425947 13.0980845204647 18.4150324994355 -13.3003599309497 12.3048385310024 21.375466835009 -12.2305798508112 11.5523930025782 24.1836317770159 -11.151185935125 10.851930373248 26.7977938984798 -10.0798743562021 10.2114374265666 29.1881461173843 -9.03156494653263 9.63567634409976 31.3369157301712 -8.01807305577241 9.12649010534416 33.237224643722 -7.04814985620423 8.68329778976291 34.8912408829953 -6.12775382529164 8.30365255300104 36.3080961954421 -5.26042899389072 7.98377619190272 37.5018910272013 -4.44769933376052 7.71902583238524 38.4899528202426 -3.68942366918256 7.50427931401157 39.2913977375617 -2.98408308657492 7.33424477326977 39.9259752826517 -2.32899233575743 7.20370952321197 40.4131394680462 -1.7204416635605 7.1077469451693 40.7712766849267 -1.15379072908441 7.04189981891863 41.0170215056266 -0.623555041150293 7.00235442414064 41.1646069281434 -0.310295575432631 6.98968732976096 41.2118811679527 4.27734141656408e-16 6.98542864692438 41.2277747886721 -20 20.5734285148067 -9.48333109150404 1.72237655677227e-15 28.1285438049804 10.6865398213216 -1.04889896744421 28.1368835597532 10.6383651526151 -2.06198966073399 28.1496108266354 10.4989661650748 -3.07216848822281 28.1656054711927 10.2648573812037 -4.06970922434697 28.1830960964729 9.9361629656466 -5.05882203348699 28.2002130356937 9.5101695845012 -6.04335079783349 28.2146911380468 8.98271482209925 -7.02672466924665 28.2236776238512 8.34832517741772 -8.01190917066898 28.2234795097854 7.60042853469023 -9.00132051375934 28.2092282308788 6.73171289952342 -9.99661771699 28.1744388332525 5.73481220112375 -10.9981810424655 28.1104689538929 4.60375006235907 -12.0038760299044 28.0060122395259 3.3371004967918 -13.0064436157022 27.8471796237524 1.94462932136048 -13.9027082484687 27.6367049466925 0.599480253979078 -14.8452246687043 27.3019740332855 -0.896765989454262 -15.6327814805714 26.9400378437384 -2.23223841371638 -16.3429644349752 26.5280857026755 -3.49775279409249 -16.9664999402443 26.0775524729916 -4.64904754116441 -17.5045981405671 25.5999285769728 -5.66309658402728 -17.9651690117961 25.1042803857818 -6.53504514101262 -18.3585206951809 24.5969051792242 -7.27064861557704 -18.694863518839 24.0817910934591 -7.88036012334813 -18.9833287650153 23.5610737279281 -8.37595969736768 -19.2317382942669 23.0353143106034 -8.76880611639369 -19.4466513240091 22.503650348028 -9.06889147156808 -19.6334779897933 21.9639031731791 -9.2842588127419 -19.7965856994774 21.4127090776706 -9.4205993588329 -19.9027187522116 21.0004417157361 -9.47210961914347 4.80029693981121e-16 7.83947982904682 40.9842489925083 5.33280298900727e-16 8.70912820369135 40.6408270247035 5.9187574982778e-16 9.66606453778947 40.1601744010828 6.53863560042265e-16 10.6784023033827 39.5425266891545 7.19238031213767e-16 11.746048439673 38.7768235971016 7.87875254803055e-16 12.8669793666485 37.8528119412398 8.59517432793817e-16 14.0369849231998 36.7618788678827 9.33760288795565e-16 15.2494627748292 35.4979269566114 1.01004619133265e-15 16.4953061084369 34.0582397502386 1.08766609269749e-15 17.7629352961975 32.4442550888108 1.16577317648756e-15 19.0385207767531 30.6621380888752 1.24340993768681e-15 20.306425306505 28.7230382315068 1.31954826445125e-15 21.5498585448468 26.6429375412193 1.3931393454739e-15 22.7516921032882 24.4420532440573 1.45635129159702e-15 23.7840215254061 22.3773693839991 1.51597923354882e-15 24.7578197175594 20.2528477573909 1.57142470732909e-15 25.6633130209163 18.0874464455435 1.62218818432774e-15 26.4923435141817 15.8997756154557 1.66787804090236e-15 27.238515497915 13.7074344363119 1.69627484540842e-15 27.7022705091694 12.2015287729618 -19.6956103271571 20.6771134065934 -6.8106879466877 -19.8848050927364 20.5877937662739 -8.1447667456434 -19.8768466662175 20.6421618151201 -8.19721752720899 -19.7101215319627 20.5691716915023 -6.70627720540846 -19.6822666120077 20.7841002887733 -6.92471120447601 -19.8694139881206 20.6960489211972 -8.25451883897865 -19.458718589276 20.6802977036273 -5.33317575528443 -19.478477926374 20.5196438318733 -5.17735855184049 -19.6701042502608 20.8897861659316 -7.04789366883837 -19.8625171915821 20.7492808549905 -8.31644284511872 -19.4408703577106 20.8395305486942 -5.50327322305326 -19.6591371056631 20.9938248659576 -7.17978202983976 -19.8561664097389 20.8016833869854 -8.38276170979558 -19.8503717757274 20.8530822876673 -8.45324759717558 -19.1685990590314 20.6537291206228 -3.77411435834348 -19.1924028846657 20.4412917287681 -3.56750686598076 -19.4249449525069 20.9968267537739 -5.6869747783557 -19.6493790419612 21.0958702167407 -7.31992297754514 -19.1475377112789 20.864287632119 -3.99956992976754 -19.4109540944939 21.1516707055661 -5.88360424440047 -18.8276793428804 20.5994220719807 -2.14293716120912 -18.8544250155329 20.336196923568 -1.88621822887054 -19.6408439229016 21.1955760461703 -7.46786320201949 -19.8451434226844 20.9033033275217 -8.52767267142507 -19.1292230747915 21.0722849246611 -4.24297738936342 -18.4670729276709 20.2064409576542 -0.142988721551121 -19.3989095045007 21.3035467907707 -6.09248544439628 -18.8045811587617 20.8603194702067 -2.42296635967599 -19.6335456122309 21.2925961821358 -7.62314939332777 -19.8404914837465 20.9521722770338 -8.60580909671042 -19.1136593829524 21.2770386596538 -4.50344054624161 -18.4383870472803 20.5193909721019 -0.449077569225649 -19.3888229033561 21.4519393960876 -6.31294220155186 -18.7851223935854 21.1180429847372 -2.72519271755426 -19.6274979736957 21.3865844525267 -7.78532824153496 -19.8364260920502 20.9995149066892 -8.68742903719798 -19.1008508691449 21.4778664985015 -4.78006320951256 -18.4143131862086 20.8295739941165 -0.782827547835738 -19.3807060118893 21.5963329082166 -6.54429833907591 -18.7692949777597 21.3717464820635 -3.04850312812706 -19.0908017667522 21.6740861026087 -5.07194918828676 -18.3948266853596 21.1359832401459 -1.14291197862092 -19.3745705509293 21.7362117138575 -6.78587768017716 -18.7570908416932 21.6205838286769 -3.39178448467752 -19.0835163091575 21.8650151333801 -5.37820229167468 -18.379902885637 21.4376119266382 -1.52800418282074 -18.7485019157943 21.8637088910688 -3.75392368048875 -19.0789987297441 22.0499712522202 -5.69792632878679 -18.3695171279448 21.7334532700411 -1.93677748167473 -18.7435201304714 22.1002755357303 -4.13380760884388 -18.3636447531868 22.0225004868028 -2.36790519642242 -18.742137416133 22.3294376291529 -4.53032316302603 -18.3622611022668 22.3037467933711 -2.82006064830336 -18.3653415160887 22.576185406194 -3.29191715855706 -7.02842469652045 16.1418030395422 29.5832225274649 -7.82395326226278 16.3843171859581 28.2555346550947 -7.8366320338129 17.2836540579067 27.2963605361178 -7.04464061151888 17.0612636985841 28.5954484902535 -6.24953800103868 16.8515585271331 29.7938072350732 -7.07547794243384 17.972958172694 27.5303300334186 -6.28251451408052 17.7812214165004 28.7012087584052 -7.25163858570049 20.6309451961867 23.9139070032839 -8.03448223859574 20.7748473464227 22.7423132380777 -8.11866706932313 21.6062317276624 21.4453201256137 -5.48725769918656 17.602561071645 29.7655714515102 -6.32901076887217 18.6998917264076 27.5344063270804 -7.33688173530414 21.4810756413239 22.5824097260656 -5.53395458927177 18.5369927491946 28.5729753504784 -5.59289809215446 19.4571005939506 27.3096888866486 -6.38863025185242 19.6044515994564 26.2978182318255 -6.4609764494601 20.4917831782483 24.9958627633671 -3.86417017860643 16.3230107178074 32.6996543786558 -4.65744207076991 16.479986378965 31.8543955627726 -4.69141886475445 17.4393978902122 30.7150733378724 -6.545652848134 21.358768605385 23.6329582124319 -7.4347063783356 22.3081902569068 21.195067458279 -7.54470453029712 23.109239114011 19.7561800857349 -8.21591621181761 22.4151003761186 20.0932770649997 -8.32581736605642 23.1984782135773 18.6903553397516 -5.66371071354863 20.3597059658816 25.9802378626854 -3.89670937778668 17.2941526242865 31.5413696426305 -6.64226293431294 22.202290023468 22.2135228697465 -5.74601495916828 21.2416302249556 24.5891480812538 -6.75041019443572 23.0192295750988 20.7419750260375 -5.83943333472739 22.0996947311412 23.1409453450184 -3.99205351619908 19.1990174642211 28.9990748163154 -4.79357649393464 19.3211658701298 28.212798653257 -4.86105626164016 20.2370582323604 26.859089645597 -4.93900261976254 21.1319801051457 25.4431618290724 -5.94358834593996 22.9307208444066 21.6401554566442 -4.05422797740874 20.1261846509588 27.6244754564601 -2.3175239142541 17.0670988472939 32.7909664078897 -3.10484060528573 17.1692460259522 32.2361155909234 -3.14309343248721 18.1385254971708 30.9845909857976 -5.02706503455672 22.0026994352658 23.9696369297108 -4.12565038127236 21.032137851065 26.1871819524291 -2.34942112231338 18.0437645409196 31.5264090961425 -5.12489297227763 22.8459841695008 22.4431366735398 -3.24444074452846 20.0294298949508 28.2684526396328 -3.18971721795393 19.0930254124518 29.6604446604889 -4.20600548877869 21.9135991911808 24.6918996694398 -2.38795565820532 19.0055597510492 30.188835470442 -0.75300641871801 15.9442428408813 34.6491283741217 -0.745246103577855 14.9395196441999 35.7673940519309 -3.30699279505332 20.9444230678235 26.8133909478651 -1.55997899055781 17.9720267658227 31.9235220108717 -1.53647067169428 16.9901318403958 33.1975773186682 -4.29497806091647 22.7672907979474 23.1433339727093 -2.43290944667337 19.9491386376103 28.7830785394734 -0.763392244608749 16.9407657573424 33.4476035483977 -1.5177873597502 15.9966732793977 34.3934648324616 -3.37710215237107 21.8346890542255 25.3000356098214 -1.58815689595937 18.9389905162406 30.5761745308398 -2.48406441246099 20.871155360531 27.3139713119216 -0.776320721645132 17.9257076422455 32.1677227430443 -3.45449759932425 22.6969119773124 23.7331626501375 -1.62084896751756 19.8876555522115 29.1604105003399 -2.54120248031163 21.768264079739 25.7863467964719 -0.791708990222221 18.8956877442533 30.8143891263469 -1.65789978485095 20.8146543342974 27.6811055411398 -2.60410557496873 22.6371189551622 24.2050380018093 -0.809474190735075 19.8473253120282 29.3925058665907 -1.69915392757812 21.7166193230605 26.1431352750072 -0.829533463578757 20.7772395942326 27.9069761320611 -1.74445597531768 22.5901829790628 24.5513753237095 -0.851803949148327 21.6820498395292 26.3627030910435 -0.876202787838846 22.5583752965803 24.7645899118231 -19.9109564014995 20.3481137868926 -7.84154399624751 -19.9689985221196 20.4750827624479 -8.74864549535393 -19.9664248025704 20.4887490240112 -8.75597523179311 -18.7957646556225 19.0931641904219 -0.0532693715915218 -18.7324768381245 18.567459519444 0.797365301920925 -18.9758275729271 19.2563155262798 -0.994666471810781 -18.5057613802413 18.8429179337051 1.36545866434705 -18.0248812762155 17.8714951180994 4.11940813066913 -18.0715710839892 18.4900348271502 3.32231042517954 -18.198159851978 19.1210656362112 2.18050471283423 -17.7054483826451 18.2079208155687 4.85580546012928 -17.5176385403247 17.4192407780597 6.24145313467157 -17.3006200997505 17.9089467440154 6.45545884555919 -18.01730694734 20.2352045446775 1.47944120730529 -17.5243951435617 20.2902142762373 3.08895517791151 -17.5543605305399 19.8812717092105 3.49130857955026 -16.7533073791026 17.5224328319686 8.48990223122954 -16.5702017690925 16.643341194566 9.82837135523681 -17.0179146582485 18.3884516202429 6.84040693734968 -17.9903980980535 20.595296935257 1.10864707249678 -17.5010929251919 20.6955428240386 2.65059566086229 -16.2811116815548 17.2026813321174 10.1479072406001 -19.8659061010251 21.0478509187441 -9.14628836453692 -19.9182128681661 20.8672980114803 -9.25462450754017 -19.9176943909849 20.8770623466044 -9.27817796851565 -17.9690886977682 20.9516113253587 0.706726289548953 -17.0183329711131 19.917970341311 5.14394302736662 -16.4460441995332 19.9823143482359 6.76451664031375 -16.4744945628345 19.4824363144874 7.25941638899318 -15.9257553402143 17.7607837421743 10.5988875098504 -15.664955433407 16.8017396084473 12.1987809630836 -15.1898951730416 16.5037735597488 13.7046664349087 -15.5319038615819 15.8677352923984 13.3577761859823 -16.9926989132954 20.371219547722 4.6745828059122 -16.4263768166237 20.4777775711581 6.22577941586943 -14.4318756246551 15.1105628625612 16.7578876695639 -17.938307129607 21.9862457504206 -0.670429333056326 -17.4731441038406 22.2543610014332 0.571952627456938 -17.4704794647548 21.8766664413118 1.1369085116999 -16.9747389778529 20.8197143780466 4.16620617708987 -17.4843852937326 21.0959395615366 2.17797283784739 -16.4153691116783 20.9672123379839 5.6453473344998 -14.5162898046865 16.0962354215075 15.7414979371032 -16.9643583079891 21.2619871127002 3.62075801795947 -17.4742036674862 21.4900866976536 1.67282951831166 -16.4128977822692 21.449005003443 5.02536301504442 -14.7443170664343 17.122826958771 14.2633935849305 -15.8635130533888 19.5327282597375 8.90618735469118 -15.2227550668524 19.6118065033045 10.5021395752268 -15.2477038941165 19.0265871045348 11.0853660584475 -14.0032812894232 15.796725209776 17.2228737854912 -17.9449582167654 22.6357706703822 -1.71599419452064 -17.4973655806729 22.977823406755 -0.6380925361433 -17.4821290030459 22.6218525869403 -0.0202953249724029 -13.2581539986582 14.3627712724271 20.0772650178566 -15.8415514885262 20.0738310918637 8.34250032046055 -15.208664748899 20.1918616847479 9.86780343672858 -16.9659553378124 22.1219954166561 2.42642661701379 -16.4330710403488 22.3832094491808 3.67530813723475 -16.4188395259686 21.9215419222654 4.36796907634288 -15.8293465681616 20.6092599880832 7.732434870444 -15.2052483509641 20.7648600186383 9.18488178579456 -13.2806462629818 15.3896706470239 19.2165527942117 -13.4636873166428 16.4725230022848 17.8724981320185 -15.8267449027019 21.1372595947492 7.07832679391268 -15.2123212837552 21.3289088747493 8.4558987652664 -14.5726864374462 19.0958615865909 12.6904504263901 -13.873948597177 19.1948060566499 14.2263567398963 -13.8942173939476 18.5303764104029 14.8931889395829 -12.7412825155534 15.0966132897914 20.6386483800775 -12.5446295924917 13.9318783623513 21.962901354524 -18.5055029152274 23.4682172289159 -5.56576172947494 -18.5752775923117 23.0839233076789 -5.1437298750473 -18.6811630209898 23.2672862373812 -6.02193135453837 -16.9967311483946 22.9395027029133 1.10714761955386 -16.4859101714401 23.2674817462099 2.19275573315698 -16.4554690229818 22.832393938919 2.94952281655959 -15.8335931025545 21.6560745582151 6.38251188013773 -15.2296989579801 21.8821156228541 7.68337851798579 -18.3165284661428 23.6651882276018 -5.07951238378442 -18.0585137087846 23.5280395935391 -3.70758473157588 -14.5559300474424 19.7189801989392 12.0372002827024 -13.8664566104128 19.8533786140807 13.5017474429826 -12.2093146465374 14.8076519457175 21.9974714724075 -15.8497377781263 22.163949524834 5.6473259183903 -15.2571967843464 22.4225876327262 6.86984518679444 -18.4436667964004 23.8539036227031 -6.05726248697458 -14.5509098434465 20.3355681392098 11.3307820402911 -13.8714932233576 20.5039410526506 12.7222464661899 -17.9225516599381 24.0235064238689 -4.08187735985002 -15.8750255398246 22.6591291409591 4.87510469794155 -15.2946301735616 22.9484322741388 6.01782291453402 -14.5574094529316 20.9436001468808 10.5739031331944 -13.8888102257135 21.1443403423153 11.8907392268664 -15.9093029980564 23.1398580529436 4.06818400806262 -15.3418145363336 23.4577569168655 5.12983584404624 -14.5752125033705 21.5410509614304 9.7692709954508 -13.9181594071831 21.7724234530299 11.0101111423602 -17.9237886976754 24.4085208294455 -4.84885189168853 -17.692668201147 24.2056867478152 -3.51028534468947 -13.1548088137405 19.3225155002059 15.6834833591984 -12.4182522895602 19.4779118084293 17.0526911541745 -12.4190456421646 18.7474283234789 17.8617008915682 -14.6041026222364 22.1258953223368 8.91959306109849 -13.9592925574686 22.3860373547501 10.0832476300194 -13.15742717846 20.0139588151678 14.8866173573109 -12.4315739406264 20.1995138891715 16.1831116501442 -17.6119770714153 24.686149682244 -4.13434380052951 -17.4357804882126 24.3899007712706 -2.88098376671308 -16.9715199180377 24.6795229901079 -1.76930307193722 -17.1300894505928 24.1047012541563 -1.26723278457567 -14.6438634370021 22.6961079690782 8.02757676417583 -14.0119614662724 22.9830290174312 9.1130341071923 -13.1732678871182 20.6958078290834 14.0334683211703 -12.4587006619134 20.9098414368839 15.2561868577333 -14.6942785751407 23.2496636411328 7.09592953872115 -14.0759179232969 23.5612454110285 8.10235599122697 -13.20205136611 21.3657868176455 13.1270940980351 -12.4993225199713 21.606501322745 14.2751412551976 -11.6851821314377 18.8823513102606 19.1693170354834 -10.9459964410038 19.0430618007812 20.3702630504065 -10.9362715648762 18.2511542183177 21.2624242963799 -10.9418570119752 17.4522947204554 22.0860761759199 -9.08822587324301 13.2656883101494 29.0407196174347 -9.38378918157157 12.2109235169972 29.2832848757251 -9.5980880976135 13.4978237160804 27.997318855774 -16.9512971628239 25.1741792691144 -2.65515664527373 -16.6646116621686 24.845383253811 -1.05263701865603 -13.2434980418304 22.0216200565471 12.1705525351636 -12.5531295813505 22.2871004179334 13.2431993207931 -11.6969899365556 19.6401823110568 18.2860301174969 -10.9706657738077 19.8254065427542 19.4131612504968 -16.5345021461333 25.4272601726701 -1.74962333989779 -16.3256830000686 25.0087150387991 -0.278069972897952 -13.2973283406746 22.6610318214812 11.1669014798141 -12.6198119126011 22.9492455936275 12.1635855327758 -11.7232291196961 20.3875255386395 17.3416043903331 -11.0099136967378 20.5955775191453 18.3946877091484 -10.1737093218496 17.5897405743656 23.3188423322561 -9.40383845859221 17.7567077090476 24.4299385338916 -9.39974990362576 16.9036616911346 25.3252905789385 -15.7885544977198 25.2315489828618 0.913333738078145 -16.0003710536406 24.572230366766 1.48661623466502 -14.9631671566107 24.8602851240818 3.82524128485672 -13.3632626890375 23.2817463881405 10.1191987792449 -12.6990595802733 23.5905437210058 11.0395243694016 -11.763559381935 21.1218761757464 16.3394395112647 -11.0633743432439 21.350963804863 17.3184112388584 -10.1808351697746 18.4134305514348 22.4226557773255 -9.4234942382251 18.6024193884601 23.4620454157823 -15.3985916357459 25.3699303612842 1.7507547507407 -15.713026368687 25.8332843487797 -0.0329512248745463 -10.2032895948767 19.2286119349015 21.4577252625083 -9.45831620597764 19.4379912248718 22.4254974937888 -7.5028376474465 13.8352084577371 31.053954231039 -6.91260716759503 12.3696234117261 33.0162439576447 -7.38097288530489 12.5489855519734 32.2270350087151 -14.8092851197197 25.5479926468574 2.97272281828926 -11.8851319480102 22.5415804094852 14.1754909265052 -11.2114703407838 22.8069386039118 15.0067247614432 -11.130681846776 22.0889544748156 16.1879006521242 -10.2406863537561 20.0325734960601 20.4277820361363 -8.61740144405377 17.0784448977559 26.3787286798706 -11.9656936539978 23.2219243715929 13.0205065353596 -11.3053739587173 23.5023052670599 13.7784523793126 -6.6544644768424 13.5341664075738 32.4655593648589 -6.5042654908674 12.2196936238437 33.673411164282 -14.798032252256 26.176104089288 1.76858079888895 -14.3754659769419 25.6586966683754 3.83914609776121 -13.8810755164885 25.7669105252986 4.79268024315364 -13.4798199957085 25.1208502011025 6.87616566026864 -8.66535421558877 18.8171094424124 24.3744866368932 -7.90695471253342 19.0564316984483 25.1544644844926 -7.86443661724404 18.1753505881414 26.2612800514118 -10.4386681990576 22.35002695863 16.9851885710093 -14.1932645981132 26.3547056046543 2.89438265108021 -8.71177061634431 19.6701331500471 23.2679647415503 -9.50790332530304 20.2606177137824 21.3241810370897 -7.96377401965824 19.9239223106133 23.9800851188759 -7.45401659290208 17.6231514193817 27.442076007758 -13.2178527050983 25.8863931204878 6.01585870672882 -6.63668316505257 16.4910793805461 29.7183641645365 -6.23047774330783 15.9140209157044 30.8077834663579 -8.77260055634064 20.5084264427247 22.0972198362232 -9.57185455965453 21.0674933506916 20.1619823148632 -7.49073486398858 18.5201163159173 26.3549316099319 -7.1205287047676 18.8738365329473 26.3921670427715 -8.84743418251433 21.329095791574 20.8662851003508 -9.64976887248532 21.855812631099 18.9427875962877 -3.67821037524984 11.365708343594 37.3693707378307 -3.90606769748468 10.1172349713769 37.9579169764015 -4.039580090837 11.4552785331916 36.9859041430824 -3.16594772906556 9.93805099543602 38.6871861568173 -7.54173478081741 19.4048557160818 25.1974968818843 -7.1793849140224 19.7608488504197 25.1852594041229 -13.1195275289059 26.5915215329067 4.77324576181134 -12.7469085331487 25.9396880892801 6.86028316749009 -5.83960217464104 16.2801202042184 30.8758080682162 -5.45318491618484 16.6569842013335 30.882951387079 -5.43211373455261 15.7034407782919 31.9205893545201 -6.70063827669641 18.3321760462855 27.5610802684841 -8.93586164180198 22.1292476677238 19.5791937133721 -9.74124522724861 22.6227700505044 17.6704831505415 -3.27853871737946 11.2741630906036 37.7600466391407 -12.0795066101038 25.9904345248295 8.01016941114108 -12.2591774927636 25.2140179945288 9.16770961609281 -7.60660533125983 20.2743562650018 23.9740086394762 -5.86657218708698 17.2223534335563 29.8095144408736 -2.94347645740907 11.2037760826843 38.0594705539568 -2.46334898007242 9.79614151665035 39.2624337522391 -6.75335200360008 19.235592158505 26.3730641893858 -9.03747308114014 22.905988542303 18.2399788547261 -9.84588258739764 23.3655601044074 16.3489552468029 -3.44881276512419 12.6308071114848 36.604879309974 -5.04268014696702 16.0865547521076 31.91846844233 -4.63533400218249 15.5125325911521 32.9130120746976 -2.54860021005077 11.128632025234 38.3780675498339 -0.933089111856668 7.90132659702073 40.832564601858 -6.81935228720645 20.1234737604026 25.1179458981276 -5.07067743757158 17.0437143974793 30.8293033732947 -12.032118216674 26.7194342994312 6.54914511651998 -11.5567121471231 26.0162353466741 8.86832810909991 -2.23858084127219 11.075832883921 38.6011459278661 -0.5816170678768 7.56793074335271 41.0204686706958 -7.77631428447036 21.9555873896143 21.3458188750227 -0.82705930192497 8.33889927105669 40.695693652973 -1.30463160384491 8.26238530252642 40.5794047806812 -1.10751720615837 8.85628702591908 40.3933728094544 -5.95999926357118 19.0751789377507 27.4505056052326 -2.70217338172547 12.4839823528771 37.2612019201619 -0.56131898578475 7.85355562024725 40.9313350658243 -0.307189893977077 7.41461267759877 41.1028799280992 -4.24784922054544 15.912840923956 32.8377887586668 -3.84213987812518 15.3437663181323 33.7764235096366 -6.89823595950165 20.9927360795622 23.8000858011255 -10.8513868035219 26.0350026147492 9.96567197658976 -10.9784774372953 25.2244111330085 11.3687859352633 -0.820211370935973 8.83305766141628 40.4840923702922 -0.556285322951702 8.32275514589037 40.7577209608328 -0.304361370437984 7.84374428599418 40.9684628835297 -5.11095519924088 17.9912645114349 29.6621827274873 -4.73691385039105 18.3875350716737 29.4996671260246 -0.202558828779534 7.84141250452848 40.9772115613991 -0.368817419784483 8.44823613234182 40.7326519822573 -0.541955103150402 9.10307091626765 40.4112987450123 -5.16314840074323 18.9259988121925 28.4216817613007 -3.45704153389123 15.761436619506 33.6252124890155 -3.07522995350696 16.1885028756405 33.4102424512305 -3.05453269430836 15.1996119230799 34.5021955420832 -4.3146357953307 17.8431095347212 30.5405855582648 -3.93944223665464 18.2539141642107 30.306274666778 -10.8808101132333 26.7929648676564 8.2548641271837 -10.3319465775931 26.0390184442124 10.7288775765408 -5.22689201084694 19.8447110179707 27.112375731128 -3.48347838000725 16.7421225685485 32.4989468195384 -4.36427125512877 18.790434540204 29.2784532894663 -2.67218922551931 15.6347997384997 34.2721831051651 -2.29248210928404 16.078908510244 33.9776743969985 -2.27451378265973 15.0825393698421 35.0817000547837 -10.2057608915263 26.814097002627 9.16964040186795 -9.83390515060985 26.0364194555415 11.4245522082826 -3.51950920546771 17.7130326108189 31.2931888101109 -9.07623513565502 26.0226460097087 12.4147898213625 -9.31535466185177 25.172590403299 13.8773455005668 -2.69574828583119 16.6240363075153 33.1319717932311 -3.56483966674031 18.6708688801585 30.0126808216054 -0.489914042101586 12.4545377224696 38.1741392936574 -1.89522443394462 15.5353881806796 34.7701440789047 -1.504084475107 14.9950186222663 35.5063089304842 -0.738558696470693 13.3539336547232 37.3430923947022 -1.11311810147169 12.8422650092591 37.7105737492541 -1.24041576078558 13.5601318444467 37.0251962143807 -0.737863056106813 12.8160564957978 37.8245774608198 -0.490289661058923 13.1872827077931 37.5353012596097 -0.740141112056058 13.915285492374 36.8117946129594 -1.91431395730779 16.5310008366505 33.6192459072176 -8.1902687154595 25.9951710325814 13.468242954817 -7.37077474592891 25.0619758000768 16.2961065146383 -8.21820950421269 25.1141686261693 15.3108341942814 -8.58447764430199 26.0086507920882 13.0134201246816 -0.74152769383158 14.2570301381504 36.4740597723901 -9.03882202758741 26.8228824414656 10.6013323253444 -1.12807929768209 15.4656598457878 35.1105388820231 -0.368043472230748 13.8996167547831 36.8796687538679 -0.244964644497809 13.9443374318955 36.8456764791476 -7.71078375439341 25.9766104628248 13.9914288244602 -7.30424579767764 25.9594151066003 14.4092506199688 -6.82974254830904 25.0270085747565 16.8692562956636 -8.12301220316875 26.812002042257 11.5926950670525 -6.89206257980164 25.9409662815606 14.808794993211 -6.41655536581622 25.9188160596281 15.2396999422893 -5.96420347933314 24.9703982177809 17.6953396625451 -6.92848585263944 26.7829039459633 12.7132745749456 -5.99223501849587 25.8986053134131 15.5971667004772 -5.5253868134134 25.8762381654875 15.9611156529784 -5.09291055053416 24.9147779361009 18.4138042123955 -5.08912762079888 25.8555120320399 16.2735614741949 -6.00450288975179 26.7537093780773 13.4484270570371 -4.6288253030771 25.8341239547881 16.5744120506236 -4.21464326660529 24.8623580706722 19.0230676357209 -4.18078619085515 25.8140449022768 16.8389907715999 -5.07798305501214 26.7220509984396 14.0726967900923 -3.72488210563596 25.7946135453752 17.0797713470931 -3.32815989160571 24.8151828256079 19.5210109377645 -3.26518508226337 25.7762788978986 17.2936870677936 -1.51192016016165 23.6800508191168 22.4653328844688 -4.14636818173096 26.6904121632526 14.5888252508467 -0.900085685037897 23.3251844943289 23.2737518918403 -0.91263795497532 23.6979865845977 22.514398970593 -1.38968286231492 24.2034832187678 21.3861603746452 -3.20695151188724 26.6608997639369 14.9985655415048 -2.81150691429578 25.7596393766909 17.4765655396764 -0.930300645393221 24.191734876414 21.470397963687 -0.457922427108761 23.6893061833815 22.5665373264474 -0.306036404224226 23.7204799357996 22.507457677026 -0.626903592901709 24.3811692424016 21.0821578569087 -0.64918720039812 26.8417562109357 14.8964442766561 -0.998909098662422 27.3737534044858 13.2595479899086 -0.978278803639933 27.012044899291 14.3759431635405 -1.47287758483842 27.0194341665186 14.3106619911427 -1.66252210602347 27.4214997251766 13.0481943109656 -0.667629622253834 27.3282403993475 13.4198344255498 -1.01976370674013 27.7109329092108 12.1521800147138 -1.02937828766532 27.8571686157932 11.6484586397919 -19.991312494147 20.5015133824434 -9.10948807304819 -19.9920165832989 20.4981618039143 -9.10848002814023 -19.9906145577543 20.504875868388 -9.1105965241432 -19.9899228235344 20.5082485779975 -9.11180448819175 -19.9562398823231 20.3117206844305 -8.19077803333858 -19.9892373409004 20.511630827521 -9.11311107196035 -19.9028107691254 20.1311478002816 -7.31453893302651 -19.8447209140411 20.2332080414942 -7.05166652199943 -19.823059699004 19.9257671635199 -6.33044963014672 -19.7457796627665 20.0873885665032 -6.08239623639275 -19.7748841169257 19.81963210255 -5.82643486693588 -19.7301510111806 19.7286457659413 -5.3965699386786 -19.6459756249124 19.9573315626531 -5.24312720305858 -19.6643349348157 19.6044830707241 -4.81300845229925 -19.4893171378452 19.7732047922767 -4.08769785690742 -19.9059876160554 20.4156945085998 -7.94711537199911 -19.9639063187622 20.5024532680109 -8.76404243503906 -19.9614438081883 20.5161845710448 -8.7728328303682 -19.9590380083421 20.529932009711 -8.78233214305691 -19.5126927738707 19.3483374659893 -3.61911506238572 -19.355490355679 19.6285174455972 -3.20207004766124 -19.4493359885621 19.2500969819389 -3.16443898640592 -19.3537613648032 19.1090881864517 -2.51465133152387 -19.1427602433234 19.4144106286456 -1.92118058090389 -19.7798436402328 20.3798902882186 -6.84534979145463 -19.8570011607781 20.5179282745878 -7.73498615815707 -19.919279654596 20.5873763254522 -8.48914675974683 -19.1416747451817 18.8195517814412 -1.18992520714622 -19.9161800353003 20.6078372573847 -8.50837114590511 -19.6737422379812 20.3013692535932 -5.98083175001673 -18.9516565814166 18.34655156578 0.153357133591097 -19.9131751097852 20.6282242133081 -8.52852841220023 -19.9747897080273 20.5938890383764 -9.17173259130625 -19.5615183348674 20.2221779834372 -5.16827969610316 -19.4784369697174 20.1653508372907 -4.61302943222172 -18.678440848954 18.0009125597895 1.6092476300321 -19.3426256169345 20.0749227409721 -3.76713465400511 -19.2695680161769 20.0273056779883 -3.33722249480745 -18.3362303531457 17.6007974411259 3.28621145528451 -19.160636877433 19.9574098997567 -2.7224890151866 -19.9348602945163 20.692183734662 -8.94642344997848 -18.9950860750285 19.8533150476597 -1.83765789043078 -17.9913201448498 17.2249285926294 4.85428501145167 -18.9074365373246 19.7990938646009 -1.38927069162596 -18.8165935365917 19.7434696949645 -0.937102472007651 -17.7422030427217 16.966940323949 5.92689392344543 -18.6254950299556 19.628150950247 -0.0220231807438824 -17.3396284056278 16.5695019837759 7.57392398441421 -19.8848761627733 20.861142599571 -8.83539572268747 -19.8831957674763 20.8790791283493 -8.8657342968297 -18.3307469686055 19.6944701293653 1.0201079097492 -16.8689209171958 16.1300214980288 9.38825484637138 -19.8816244522784 20.8967126443453 -8.89670634588851 -19.8801632447738 20.9140267877894 -8.92829048377674 -18.100994852471 19.6741471251405 1.87773185745642 -17.6386594576462 18.7652648867794 4.48852436304784 -17.8795036603712 19.4684634502974 2.89302508606189 -16.4023780294862 15.7166008683557 11.0889370064064 -19.7844015957566 21.1568281016649 -8.57743575308236 -19.9202295129811 20.8363103819602 -9.18587657410089 -15.887138125439 15.2816673990925 12.8722766502959 -17.2861847398851 19.1768018588821 5.16657032620235 -16.1248133496488 16.7039757601623 11.0365307857026 -19.8203100560978 21.1516394839801 -8.92775117590643 -19.9194811666575 20.8469111057561 -9.2084595356092 -19.9188087058881 20.8572439567302 -9.23138027166349 -15.419880284146 14.9043015146612 14.4150510450871 -19.819840361937 21.1621209384227 -8.95173624622888 -19.8110668774829 21.2151403068004 -9.00495523597039 -19.7090916557118 21.4962146190208 -8.73891895486761 -19.7805447844696 21.2587588813636 -8.80584790035082 -17.008148198273 19.1634185578199 6.04018748575863 -19.9595149263552 20.7359002292969 -9.40845475883861 -19.9594192747968 20.7381320817939 -9.41454795847313 -16.7417030903793 18.9143494254874 7.10981891376481 -19.9593335314079 20.74032287665 -9.42067367854832 -19.9592577456018 20.7424719301145 -9.42683102583067 -14.8756125967036 14.4828367664981 16.133442449109 -19.4479101607259 21.873147701395 -7.55708577593032 -19.5723800075224 21.6540606152133 -7.97056444230199 -19.5223302263474 21.9352430217448 -8.24553414176384 -19.3966735184655 22.1897825453316 -7.91163548289778 -19.9591919667919 20.7445785584368 -9.43301910708667 -18.1616897179211 21.7001511034732 -1.07452757871612 -19.3227935233916 22.0691797643087 -7.14978320504509 -19.2804826417109 22.4027143531083 -7.6026505199525 -17.9475251133054 21.4764527472206 0.0488440969134634 -17.7240592271129 21.2083169337169 1.21502886825848 -16.1968104266015 18.6565038091629 8.94553598238145 -14.3726510877461 14.10899710218 17.6537353401753 -19.8300629744839 21.2242747224163 -9.24571749350043 -19.1793963113362 22.2701337947246 -6.69190922321178 -19.1383383003801 22.6392028090181 -7.22518011916416 -15.209179734476 16.9452364194145 13.2589124904666 -19.7526210113087 21.476647233259 -9.11810866501686 -15.8818935479236 18.6522561192924 9.81495029030931 -19.033374655565 22.4536597199832 -6.23435960255897 -19.0011932851371 22.8465014721464 -6.86216840007565 -13.7924244889401 13.6947674706218 19.3341596274462 -19.6683189309408 21.7280066409415 -8.96970269850989 -19.6201869506993 21.7156749255432 -8.50472750022493 -18.8300820398085 22.5434407638126 -5.34812764179915 -15.5803486316694 18.3704668581215 10.912809974763 -19.5774113213587 21.9764120612858 -8.8009786121014 -18.6546361119751 22.702682784235 -4.79865052491797 -13.2641603087217 13.3323726291288 20.8008653525901 -19.4796507401265 22.221625186831 -8.61166506871567 -17.2210245100518 21.7952479807806 2.07742843581113 -14.9891741993875 18.1017670893357 12.7053859756411 -12.9086067547966 13.0957951265311 21.7562286246304 -19.3635461152075 22.4881662025763 -8.37864614889086 -18.7968775609286 22.9893916644165 -6.05005374875095 -18.8424015469334 23.0651327453119 -6.44390797378586 -14.6431051089059 18.1091691058741 13.5538394536637 -18.2069880951171 23.0431382128055 -3.44465943052938 -19.2495142546546 22.727989424036 -8.14316915519944 -12.3743313805545 12.7472517367474 23.1495238515862 -14.3113705748854 17.8004377630911 14.6611694241686 -19.1810993545269 22.8628288772859 -7.99941939938937 -17.9961664080252 23.1021435004957 -2.6966114702605 -17.2350599888704 22.5880590723973 0.868179873422999 -19.1170384394119 22.9835755964271 -7.86344036526241 -11.7602426421714 12.3618994074779 24.6862440155138 -18.9840093118583 23.2190381506634 -7.57762477307572 -17.784927210217 23.299321557714 -2.22217994896275 -13.6690754811273 17.5215894983034 16.4262167763354 -18.9082397734719 23.3448501139896 -7.41317855212408 -11.9948442005876 14.1519763220452 22.9538387334586 -11.4471549887002 14.4049755435617 23.8634100256726 -11.3207127184416 13.2239729995769 24.9960454458203 -11.2216450243801 12.0369756325053 25.97906063505 -12.246878797754 15.3581188841288 21.4670867324101 -17.3062012541314 23.5346208759558 -0.890163696204813 -12.9395947350642 17.2129062643532 18.3355492676645 -18.7279228363023 23.7583715149827 -7.31929537158589 -10.8391549924802 12.1966000286019 26.6281863839602 -11.9795604955309 15.2214680661015 22.1314006381459 -11.7569950048077 15.647241417249 22.2175573158555 -17.612813512039 23.8332193724816 -2.51481620327155 -17.0551316087051 23.5436109383546 -0.0529598651679066 -10.4245258892805 11.1896196695712 28.0264002801584 -12.5430458178206 16.7111307165613 19.6516940130891 -18.1204110458368 24.0337486860231 -4.93923122591095 -13.5229135576573 18.9148550992141 15.3238864839453 -11.1128026022901 13.6728597478482 25.0790335108677 -10.9129093347059 14.1326035159413 25.1144054300807 -10.1265601327128 13.746793500704 26.871878390402 -10.0812839507782 12.5605665460716 27.810351910525 -16.8127626299687 23.7305270751997 0.428759137424687 -10.0654106462379 11.3796491990742 28.5865862795727 -10.5992372682304 11.6763734241796 27.4108022067623 -18.3942341727049 24.2321830388325 -6.62606002402834 -12.0867201598609 16.851953724886 20.4591761829354 -9.48577527858062 10.6732309487611 30.0294307029813 -9.83420418896472 11.6485703917259 28.8463179229925 -9.71410089930535 11.1906683752024 29.3343516987698 -18.1461197292632 24.5382570841044 -6.10537355320907 -10.6402141946354 14.5640071922696 25.2847221404671 -10.3756017282376 15.0089325742061 25.4008344325157 -11.7035812688416 17.0387014019211 21.044440238984 -12.4342639318895 18.0104565631417 18.6069163840693 -9.19483473862507 10.9204842795858 30.4019813770596 -16.2335999877497 23.9141103800871 1.91341452207441 -11.3341500542466 16.5311984786775 22.2467133574909 -16.8966091141396 24.471938684489 -1.13289486723679 -9.83531661463397 13.0229986368633 27.9303040177219 -15.9430209490956 23.8762569816827 2.82093971984319 -12.0556496064629 18.4364938639467 18.927607883149 -17.1932272732202 24.780141707029 -2.73992507716217 -8.3912841710919 10.1181405498936 32.1782499532307 -17.7887616271903 24.9243279913821 -5.3546101817162 -15.6716932678188 24.0547242180095 3.29340725917132 -10.6478262178341 16.2468228977041 23.8001922295485 -11.0154740605561 16.033698471562 23.3137669289116 -8.07830740559315 10.3767593816784 32.5453948139378 -8.57984774905438 10.6146700526592 31.6083679773378 -17.5488277119917 25.1534860877897 -4.85281366365136 -8.82727161283822 12.5478312512342 29.9936273909315 -8.2802651255153 12.9145728429595 30.6082699295774 -8.16577955984331 11.6421884986295 31.6644992684927 -10.4831055440992 16.6888778352162 23.6784264412001 -10.2536853001941 16.2979181802427 24.461965246487 -9.11071061289994 13.8714966121303 28.5358927863822 -9.50921083202404 14.6318159097331 27.243973424416 -7.42333015170429 9.6698619924629 33.9103150742476 -7.79551332692096 10.657740319764 32.831427462533 -7.24470526111861 11.2486979912917 33.3014668147048 -7.61266613362125 10.165248520758 33.3773435528559 -15.1410435396986 24.1603882056256 4.54536042142967 -17.2317995514144 25.4254705168101 -4.19521913642503 -8.85581252599014 13.7624902924134 29.0415372691098 -8.63226883510972 14.2698246562256 28.98892053912 -14.8166334366306 24.0841163072376 5.49792055578326 -9.96694784872349 16.4924573794252 24.7777430463524 -9.87108710352356 15.9353796346238 25.470643918084 -7.1338366027242 9.95731601979471 34.1941970808688 -7.97254550287795 12.1719564266214 31.6134073271734 -7.78830210299541 12.7111925441032 31.5104855104302 -16.9494268039821 25.6423877313735 -3.6163644112872 -14.521286414642 24.256642648245 5.94761463064217 -6.49729569520931 9.27953525459014 35.4160294072779 -6.86922100635007 10.2627826939143 34.4109612518636 -6.6835857968038 9.77082023621242 34.9259630558653 -6.35538410136358 10.9002454567066 34.7438021458609 -16.7484523657643 25.7840918088798 -3.20898645292007 -7.88660355969484 13.3657489666244 30.8683961609947 -6.23009817933427 9.59202971705907 35.6267012349642 -7.07428119419955 11.8049363257411 33.1845849427541 -12.1878694321326 22.0696325490889 14.2627874548391 -8.86951809954431 16.0909399887955 26.9786371957505 -14.1770254244347 24.5414852917964 6.29899722130488 -16.4268647560348 25.9915163128644 -2.56598315756495 -8.60459852666178 15.6768512557909 27.7864836856228 -9.00567400309808 15.6027428721837 27.2217382602725 -5.61741362247051 8.94502207599445 36.7045474557044 -13.7659312301482 24.3418581618751 7.57312990626293 -5.98197096746762 9.91866373051361 35.7828707848389 -5.79717638959515 9.43003144329149 36.2609338091671 -7.97363205807191 14.8239114799367 29.521350272458 -14.6679859251951 25.2585672702776 3.86371044503228 -8.34182155637247 15.9065241418905 27.9699282713138 -8.21129590927614 15.3121063393135 28.7255206381323 -13.4056943304836 24.2265668792964 8.55520235544139 -5.37055966512743 9.27892086435271 36.8519254367421 -16.0283505353375 26.2197311428958 -1.7855639340557 -15.0973944606663 25.7734959854466 1.79204612225424 -7.65064329093076 15.1162119268112 29.7258849281792 -5.99911491867693 11.405684120061 34.8818648480286 -6.06160242888645 12.0641882265172 34.3525405063329 -5.65363923087277 11.9275802901574 34.9470146036341 -5.50128245538013 10.5964074245586 35.9956830062293 -4.78600390485022 8.66318610355508 37.7886947361178 -13.0850689851896 24.3941803469226 8.96254012892188 -5.13673647576774 9.62367027502679 36.9555518468306 -4.68451775712874 10.3359861842135 37.0640926860767 -4.95615299720177 9.14048180988742 37.3928135304049 -9.02971216043148 18.2799872915798 24.4449406926324 -15.6609371428838 26.4058045562347 -1.083192968766 -7.04964029387727 14.5017638370983 31.1140687114442 -7.25012630449242 14.9812712047117 30.4089295244728 -7.43940841308363 15.4529557048884 29.7077509784846 -8.63376120713745 17.9522488486916 25.412752342813 -6.158533992995 12.7335289688051 33.7363861888587 -5.82280293348652 13.2621547157623 33.727767723496 -4.55701295522406 9.01516483449508 37.8819577928721 -10.7467544447128 21.847219451251 17.1902267461949 -10.3239534604699 21.2115478581765 18.7691304681387 -9.90186149178201 20.545497336464 20.3350138856517 -12.2960599262105 24.0291601211738 11.1324596242572 -12.7995823142537 24.6736507813275 9.07906885520023 -6.82921550159621 14.8441953143427 31.0977776993528 -5.16109384074278 11.1269513154716 36.0591364930764 -4.83155320102877 11.6728688064564 36.0499027095099 -5.23786953719027 11.795234047435 35.5209902963759 -12.4652587179919 24.4104885280154 10.1800977865563 -4.00379041092589 8.43024604617661 38.6836231649614 -15.2178871621529 26.6036006979117 -0.259126806187568 -4.33500120891026 9.37534688870935 37.9400641616327 -4.16167386918725 8.89905931357642 38.3347166502555 -12.0967591562226 24.2505379071117 11.145509260979 -6.2241173344973 14.2350331418888 32.4146781512623 -6.42775326108953 14.7181929304122 31.7265397759148 -11.8348231528339 24.0119089982146 12.020133602791 -6.62591933615461 15.1961985210483 31.030288791779 -3.78985180819254 8.79739406934466 38.7307968117984 -5.32706716671756 12.4672571623051 34.928128682034 -5.01020199112386 13.0203908909436 34.8386825534264 -14.810033848248 26.7634825718492 0.476699563044773 -3.2701712526017 8.24206800474579 39.4057055239875 -6.01498862831004 14.5937044026269 32.3435553719636 -4.35686488504197 10.8883664620071 37.0614137834769 -4.44309701845482 11.5625908727674 36.5250342221594 -3.41360162008495 8.7022215324917 39.1012391872534 -11.7779219313828 24.4000350712661 11.4782499796427 -3.57700260315277 9.17075888066345 38.7491130653341 -14.5150999319248 26.8674589574608 0.99496994115523 -3.06830129971408 8.62194883292228 39.4133982525119 -5.41051398142096 13.9935317027579 33.5779377925489 -5.61371479029899 14.4778401559284 32.9140398039679 -5.81716259956903 14.9594311921773 32.2316772453227 -4.52036879274041 12.2351167249389 35.9587366755475 -4.21844214853406 12.8097426950174 35.7976436578119 -10.1386118402235 22.8569636368562 16.7043260569993 -2.58342869609042 8.09440550467372 39.9716328825957 -11.5103055447722 24.6746924337087 11.477724280617 -2.71071121674759 8.54622862464696 39.7075762984467 -2.86192958463382 9.00671273168758 39.3962067895693 -11.1291337097483 24.3768391672325 12.6427395502253 -5.21016873489873 14.3667025716788 33.4577553011413 -14.310907432269 27.1289664718613 0.892007201188658 -14.0358860193306 27.0180392552539 1.8120678699636 -10.7057309107844 24.0584450228664 13.8776304854526 -13.7320248792765 26.8969856084708 2.78776228386434 -2.39059120298905 8.48508636452664 39.9448863825422 -4.61088829335353 13.7788633025871 34.6000223300973 -4.81018193063424 14.2621367981484 33.9661042760178 -1.77824687894502 7.51412288711264 40.6334377386397 -11.9065751156008 25.6169750588377 9.05432335545493 -5.01526906087535 14.744794621031 33.3054138958429 -3.73984932594604 12.0372777199405 36.8302609632436 -1.50869353004964 7.6792047675932 40.7057584994493 -1.80721882716586 7.71873470051094 40.5557315362376 -13.5023587934397 27.1612840887974 2.68600902680959 -10.4073250037227 24.3389940938367 13.8675074484617 -1.39080686847534 7.46485704293736 40.8193412659308 -4.41668953628214 14.1649741114096 34.4355576148172 -1.8839279449666 9.01541498308231 39.9970380461858 -2.02594398415194 8.40156956417808 40.1928992964732 -3.82695353831335 13.5924191307445 35.4778377168478 -4.01905458789057 14.0728307143418 34.8780362403462 -4.22219124175058 14.5543110057866 34.245423671311 -1.62358731954558 8.95747996156563 40.1488132892286 -1.78270156405314 9.31000910492273 39.9019403993011 -13.3357152992983 27.3960700440497 2.46362052926634 -13.05106926506 27.2473139956128 3.41123576946499 -12.7162290797585 27.0894261079691 4.44448909870652 -10.0451518704402 24.6166926146408 13.9182168137316 -9.38895090293735 23.8384253446542 16.2187271313011 -3.63624571284328 13.9901570336985 35.2726276662661 -1.96319981954835 10.3377085208099 39.2322305660442 -2.05476582313962 10.5829319046543 39.0299582464924 -1.47727665472089 10.9031617993405 39.0878450304604 -1.67767345429627 9.83628835058891 39.6676692555002 -9.57048518603895 24.2830991421723 15.1924906188982 -10.6544413315388 25.6345694212678 11.0819286732906 -10.1593226369696 25.2059988558964 12.6544486386838 -3.06012032924749 13.4354232820002 36.2088154835478 -9.16102343103193 24.0756161679862 16.1166814549092 -3.24199561696328 13.9115271161427 35.6456080932743 -3.43972471944296 14.3899044988387 35.0459567946996 -12.5159680333248 27.3309813112443 4.23759991027138 -8.88278954803462 23.7917338167639 16.9777216539421 -1.29144466578167 9.87275244737397 39.8038876198543 -11.2186783809821 26.408916750384 8.59550680970386 -1.04097838554004 9.61080563452241 40.0327221212781 -2.87031881198426 13.8437742065639 35.9649751498429 -2.00969117336603 12.1169715432784 37.954899392347 -1.00911092838582 9.99132723799519 39.8260082337634 -8.81210791860221 24.2245405087483 16.3037331039944 -12.344882386659 27.5627076106214 3.96144466120398 -12.0075430386094 27.3945693859613 4.98811062160366 -1.60316320561123 11.5958267541501 38.5432087873935 -1.66690108830594 11.9434225621481 38.2513951351089 -11.636511246205 27.212000443303 6.06776503770683 -2.48045735189702 13.7797202816946 36.2649189854346 -2.66952462067053 14.2534211049185 35.7014966238003 -1.89970782724133 12.6423151579276 37.5805050815836 -0.667293529917528 10.2103367620537 39.7763642541765 -8.61387826961159 24.5235533444669 15.9993809305484 -8.02165973679354 23.8321843993625 17.9606556171153 -8.26257589298232 24.1789740329393 17.0550673260055 -1.29163957526716 11.8681440792804 38.4549424341897 -0.730284040858845 10.7697303918147 39.4047344444258 -2.06356478087532 13.6969062455746 36.5654105131937 -1.67803437551665 12.9442354487462 37.4211217310429 -1.96335378586092 13.0026342802449 37.2414766986167 -0.26696888173705 9.88366165876029 40.02599345349 -11.4388428577065 27.4500495141239 5.78682814068375 -0.177829688473953 9.81037768161402 40.0741015082239 -0.977003973339836 11.666820817345 38.7050856989691 -7.87134705469095 24.1454962425667 17.5621013623845 -1.0218183585026 12.0579583562121 38.3891163939442 -0.648744401529627 11.3285805125075 39.0300639306034 -11.2919531509027 27.6774083962426 5.41287988726296 -10.68858730238 27.2756168645278 7.3632317614363 -7.21470329852184 23.7549316074563 18.9751165344896 -1.75247770964945 14.3169577790211 36.1083822496988 -10.9303332751007 27.4877331167155 6.46418339225021 -7.44991711615085 24.1088562514793 18.0821582272925 -7.70442444573848 24.4544295749792 17.1628020532693 -1.66937264143279 14.5425316622155 35.9149880400578 -0.244361065100904 11.5616752849518 38.9088273143136 -0.162629767369755 11.6225675474423 38.867579675082 -10.5942046317046 27.5073001017064 6.89275996942452 -7.05043088960914 24.0738789119239 18.5499703332961 -6.5002543321525 23.6867564477173 19.7888477643949 -6.78192435452635 24.0503787033021 18.8505624384211 -6.97597585796763 24.3967203809199 18.0043047972381 -10.3971443354126 27.7373676725285 6.53037656001564 -10.0952495660128 27.5295356138602 7.50083325033393 -9.7444363004437 27.3088815417832 8.53172730431065 -6.37592679056701 24.0150629211184 19.2838373233685 -5.67041817335456 23.6098974098052 20.6330489163911 -6.23920445968101 24.3381595137198 18.7728976988327 -5.94729012943735 23.9783221069571 19.7133828932895 -9.50994744755161 27.5467110979339 8.17147115682413 -5.53348423270475 23.943654588636 20.1007338393635 -9.34261174802809 27.7756942877004 7.71078530002732 -8.71687023273764 27.3202508189337 9.66593827125359 -9.01484276785149 27.5549465582404 8.70304561024289 -4.83112600195275 23.5367715363141 21.3749665077661 -5.10405139560178 23.9087830570824 20.4741589505252 -5.38794582993123 24.2723366925782 19.5567458936802 -8.55350519711619 27.5582903024257 9.16917532896139 -4.68270301033316 23.8759157270803 20.8121296944277 -8.0647404257842 27.5580254041588 9.63261831533746 -8.37629261151735 27.7885539447384 8.66468937928607 -7.6856132374412 27.3134997373761 10.6622176500409 -3.98234737631544 23.4695613868259 22.0091439930255 -4.25186412414445 23.8439383549237 21.1284386740826 -4.52884181363049 24.2100322133715 20.2337011329474 -3.82322444583225 23.8139982711778 21.4135983224023 -7.46068407197369 27.5532983470219 10.1627235206217 -3.12405482389275 23.4104069587926 22.5299347051758 -3.39038435415249 23.7858933307805 21.671495660429 -3.66123216542504 24.1533566006563 20.8001322926983 -7.31900518820335 27.7858351282401 9.5719159721987 -6.97411652325373 27.5466866825924 10.5559271602736 -6.64891680246536 27.2948134996639 11.523509027777 -2.95469180511549 23.7599883967656 21.9004246310623 -6.50525303712146 27.5384901050748 10.9067310707118 -2.06835111559906 23.1611676218984 23.3778153870905 -2.47761538990919 23.730021394206 22.1249822502618 -6.3551455463873 27.7733035852353 10.2784450057613 -5.70480162731582 27.2717433150056 12.1887074055178 -6.02234160774976 27.5286301894675 11.2396520716303 -2.41262816554247 24.2545947192973 21.0504650412602 -5.54970016618951 27.517983970737 11.538021863647 -2.07377269338633 24.2359906833188 21.1798413233468 -2.36004127166061 24.507944100604 20.5171357317463 -2.50646409998461 24.9387778446116 19.5143698392703 -4.75782028220534 27.2460306933652 12.7449959130494 -5.06871248543511 27.5065034012513 11.8142068542163 -5.3907889327292 27.7551099865244 10.8741666184654 -2.08631947802067 25.0031993668745 19.4715101113145 -4.59113530627167 27.4947853302332 12.0614808640558 -2.02396949811254 25.2463734585736 18.9164176524349 -1.89540393212711 25.7191981242335 17.7912268504379 -1.63584405302548 24.9827909905929 19.6073129448821 -1.397130033932 24.7233152001759 20.2387135138126 -3.80500257846655 27.2201162638806 13.1958405571519 -4.1101779693277 27.4829602646028 12.2838167424418 -4.42286541591555 27.7342110829286 11.3641817114911 -1.40099013974846 24.9764743892589 19.6587490750468 -1.14035802292731 24.7799909647449 20.1439922919847 -1.24868226381023 25.0654686581762 19.4717539999973 -3.62638726395138 27.4713122261116 12.4809027351956 -2.20076941269581 26.481586329154 15.7395847157573 -3.14342570132536 27.4601758439949 12.6515406283445 -3.44798360616943 27.7129753251575 11.7524251967422 -0.843996009276102 25.2657583290105 19.037547981164 -2.35988492241362 26.8398542604033 14.7014761752023 -1.69166251981176 26.3925287590628 16.0690581971595 -0.958219302679202 25.6864083458906 17.9970824474659 -2.65769403981089 27.4464485711368 12.8076174144147 -1.29501643246718 26.2955072461683 16.3817555645703 -1.3530793416396 26.5439432641184 15.6946522085697 -0.859586109660791 26.0873423244876 16.9742889437447 -19.9931434698716 20.5530091087827 -9.30399037153714 -19.0106729773662 20.1303681574001 -2.28123056812948 -18.6439994096382 19.9588290652742 -0.514103417945988 -19.9817918810476 20.6317750548608 -9.39523795158538 -19.9432506719087 20.7465628811825 -9.21370376276345 -16.2587534205318 16.2034952094819 11.0955483088961 -16.0006745410003 16.0036667014783 11.9809588466275 -19.5392312280499 21.6191604998261 -7.64412522445236 -19.6809490194934 21.4712242935345 -8.42080791971884 -16.4698427961688 18.0684179170624 8.77855516149761 -17.149814738431 19.5405330329559 5.17980135011889 -16.6142146702299 18.5053745463351 7.91641155990672 -19.2772659992211 21.9940312717978 -6.71122663637207 -16.0267474912076 19.0871400697807 8.95495058312953 -15.0933866374298 17.5196519946702 13.0152953323688 -12.8365358000914 12.5115323035837 22.2937555024103 -12.1760024876037 13.4414575747042 23.0983304011475 -11.8701607378054 13.2601150540564 23.8613271075238 -11.5365603787337 12.7867315899281 24.8651824985787 -12.6325876324014 15.900839361934 20.193123230019 -18.6851345249132 23.615612685085 -6.77270759436416 -10.8710328550507 11.2562843236919 27.1309851202057 -13.5885999367084 18.2176543400024 15.9115556204225 -13.2269038647172 18.0827647496088 16.8510764983696 -12.6844045453394 17.6050294588948 18.4954424175141 -9.89251643590379 10.6955261424098 29.2862504165334 -10.335949773534 12.1114077931608 27.6372344868739 -11.2205258348894 15.210962377099 23.646434289265 -11.5418072921847 16.0841144373946 22.2559609841676 -9.5445532652888 11.6960700617865 29.3331274671051 -8.84733530353784 11.1485020077577 30.8616030288946 -16.5715682979403 24.225035415661 0.357989805419556 -8.80094661128528 10.1186795856459 31.4998503920913 -9.813588289999 14.1817165045312 27.0879253592139 -8.83218049407115 11.8460285366772 30.4571360803871 -7.81059890586135 9.63984137238083 33.3346757246218 -8.36816619930582 11.122796553858 31.6630431816766 -10.1192010578054 15.4663962923204 25.4627650633667 -9.45949524854125 15.3886132650941 26.6702414582944 -6.86120763311324 9.22136704472279 34.9361801745653 -9.25313464225179 15.1117996849162 27.2605548146369 -7.42409852681676 10.7018322502333 33.3660030062134 -9.63128088920233 16.4148298846418 25.4247062093889 -9.42310216997689 16.1465514016626 26.029801366623 -8.41748036504977 14.7867017014626 28.8833848458953 -5.95799679453288 8.86137675711304 36.3123012454579 -6.51505719101056 10.3307521547317 34.8615176566824 -5.98615375757222 10.6592381274208 35.3645304092609 -5.10406295664238 8.55680307458058 37.475376247969 -5.64502880906607 10.0086878656808 36.1550381125939 -4.3007204081446 8.30378895196183 38.4406318592916 -4.81640474130828 9.73386230317669 37.2553346869635 -13.0010442124244 25.3035708493854 7.5622435118536 -9.98549533566005 21.5306167799295 18.8810902367835 -4.03023343881994 9.50386703197096 38.1734057482298 -12.7643871605249 25.3196013953822 8.00582025873011 -3.2864384971234 9.31589745332055 38.9215668109685 -13.4704295078945 26.4173624673734 4.40655700428966 -2.1741267309131 7.79733591898345 40.3320205714916 -12.7231283136316 26.5318724641602 5.68632754760431 -1.71313172415065 8.33385760564211 40.379159707064 -12.3936180342412 26.5684078511004 6.23003067026829 -2.3306460544112 12.7383033641272 37.2757737335954 -8.83826848230306 25.2974235321126 14.2249733309056 -9.40436863500514 26.6955564709346 10.4814826684296 -7.48923612874935 26.6647133792607 12.5509549232667 -19.9944531785474 20.576189391999 -9.40357139564721 -19.956586479546 20.6845341436811 -9.20244495753944 -15.829823957249 16.3953649723131 12.1147931044404 -12.8224009003611 18.4044594506399 17.3880031420273 -19.9688518167789 20.613414266678 -9.15059262569315 -19.9781653517639 20.6116660628591 -9.27575673903835 0 0 0 0.0743052487255179 0 0.148610497451036 0 0.232265873014976 0 0.320539624019807 0 0.413086418175591 0 0.509363315798708 0 0.608612582507522 0 0.709870304729998 0 0.801796450357498 0 0.89350750419467 0 0.984130275311092 0 1.072860324775 0 1.15900797827694 0 1.24202455640105 0 1.32150843711875 0 1.3971955786064 0 1.46894113890095 0 1.53669827909275 0 1.60049845974343 0 1.66043567922067 0 1.71665571297383 0 1.76935056078237 0 1.8187577963636 0 1.86516402971343 0 1.90891089534585 0 1.95040063414397 0 1.97520031707198 0 2 1 0 1 2 1 1.94248289643534 1 1.88496579287067 1 1.82552868056041 1 1.76461221136675 1 1.70183031613225 1 1.63676260303722 1 1.56895059979245 1 1.49789274884077 1 1.42304069885065 1 1.3438046609977 1 1.25958865948012 1 1.16990683332962 1 1.07468603545637 1 0.984851759919489 1 0.887856632117045 1 0.799691380444819 1 0.71317259091804 1 0.630259533588611 1 0.552038520583074 1 0.478795930044017 1 0.410336862926181 1 0.346239141441229 1 0.285987855640579 1 0.229032843540181 1 0.174810398113092 1 0.122753051349819 1 0.07229889100715 1 0.0361494455035749 0.0375288031316128 2 0.0750576062632255 2 0.115717401421144 2 0.158177300318824 2 0.202521156360093 2 0.248788838514356 2 0.296973370850724 2 0.347018000796603 2 0.398813866438831 2 0.452199226094991 2 0.506961324393797 2 0.5628418017929 2 0.619546054246136 2 0.676756173530734 2 0.728407241307898 2 0.779958823067553 2 0.831193108761514 2 0.881913394797752 2 0.93194876340836 2 0.96597438170418 2 0.375 0.125 0.333333333333333 0.0625 0.375 0.0625 0.333333333333333 0.125 0.416666666666667 0.125 0.416666666666667 0.0625 0.375 0.1875 0.333333333333333 0.1875 0.458333333333333 0.125 0.458333333333333 0.0625 0.416666666666667 0.1875 0.5 0.125 0.5 0.0625 0.541666666666667 0.0625 0.375 0.25 0.333333333333333 0.25 0.458333333333333 0.1875 0.541666666666667 0.125 0.416666666666667 0.25 0.5 0.1875 0.375 0.3125 0.333333333333333 0.3125 0.583333333333333 0.125 0.583333333333333 0.0625 0.458333333333333 0.25 0.333333333333333 0.375 0.541666666666667 0.1875 0.416666666666667 0.3125 0.625 0.125 0.625 0.0625 0.5 0.25 0.375 0.375 0.583333333333333 0.1875 0.458333333333333 0.3125 0.666666666666667 0.125 0.666666666666667 0.0625 0.541666666666667 0.25 0.416666666666667 0.375 0.625 0.1875 0.5 0.3125 0.583333333333333 0.25 0.458333333333333 0.375 0.666666666666667 0.1875 0.541666666666667 0.3125 0.625 0.25 0.5 0.375 0.583333333333333 0.3125 0.666666666666667 0.25 0.541666666666667 0.375 0.625 0.3125 0.583333333333333 0.375 0.666666666666667 0.3125 0.625 0.375 0.666666666666667 0.375 0.333333333333333 1.4375 0.333333333333333 1.375 0.375 1.375 0.375 1.4375 0.375 1.5 0.416666666666667 1.4375 0.416666666666667 1.5 0.541666666666667 1.4375 0.541666666666667 1.375 0.583333333333333 1.375 0.416666666666667 1.5625 0.458333333333333 1.5 0.583333333333333 1.4375 0.458333333333333 1.5625 0.5 1.5625 0.5 1.5 0.541666666666667 1.5 0.375 1.6875 0.375 1.625 0.416666666666667 1.625 0.583333333333333 1.5 0.625 1.4375 0.666666666666667 1.4375 0.625 1.375 0.666666666666667 1.375 0.541666666666667 1.5625 0.416666666666667 1.6875 0.625 1.5 0.583333333333333 1.5625 0.666666666666667 1.5 0.625 1.5625 0.5 1.6875 0.5 1.625 0.541666666666667 1.625 0.583333333333333 1.625 0.666666666666667 1.5625 0.541666666666667 1.6875 0.416666666666667 1.8125 0.416666666666667 1.75 0.458333333333333 1.75 0.625 1.625 0.583333333333333 1.6875 0.458333333333333 1.8125 0.666666666666667 1.625 0.541666666666667 1.75 0.5 1.75 0.625 1.6875 0.5 1.8125 0.375 1.9375 0.333333333333333 1.9375 0.583333333333333 1.75 0.458333333333333 1.875 0.416666666666667 1.875 0.666666666666667 1.6875 0.541666666666667 1.8125 0.416666666666667 1.9375 0.375 1.875 0.625 1.75 0.5 1.875 0.583333333333333 1.8125 0.458333333333333 1.9375 0.666666666666667 1.75 0.541666666666667 1.875 0.625 1.8125 0.5 1.9375 0.583333333333333 1.875 0.666666666666667 1.8125 0.541666666666667 1.9375 0.625 1.875 0.583333333333333 1.9375 0.666666666666667 1.875 0.625 1.9375 0.666666666666667 1.9375 0.166666666666667 0.0684026243627589 0.166666666666667 0.03125 0.1875 0.03125 0.166666666666667 0.347769812009904 0.111111111111111 0.369542014065133 0.166666666666667 0.316519812009904 0.166666666666667 0.394043209087796 0.111111111111111 0.474149911324766 0.166666666666667 0.456543209087796 0.222222222222222 0.429362139391864 0.166666666666667 0.504681657899354 0.111111111111111 0.53932529943541 0.166666666666667 0.554306291253761 0.354166666666667 0.4375 0.375 0.5 0.333333333333333 0.5 0.166666666666667 0.616806291253761 0.111111111111111 0.647827629079173 0.222222222222222 0.577870860835841 0.395833333333333 0.4375 0.416666666666667 0.5 0.166666666666667 0.667435152364999 0.833333333333333 0.0493247227517875 0.8125 0.03125 0.833333333333333 0.03125 0.4375 0.4375 0.354166666666667 0.5625 0.375 0.625 0.333333333333333 0.625 0.222222222222222 0.694956768243333 0.166666666666667 0.729935152364999 0.166666666666667 0.775898225178749 0.111111111111111 0.753888918362498 0.395833333333333 0.5625 0.416666666666667 0.625 0.111111111111111 0.856767984850723 0.5625 0.4375 0.583333333333333 0.5 0.541666666666667 0.5 0.4375 0.5625 0.458333333333333 0.5 0.458333333333333 0.625 0.166666666666667 0.838398225178749 0.479166666666667 0.5625 0.5 0.5 0.5 0.625 0.222222222222222 0.808932150119166 0.354166666666667 0.6875 0.375 0.75 0.333333333333333 0.75 0.166666666666667 0.884253752097335 0.645833333333333 0.4375 0.666666666666667 0.5 0.625 0.5 0.111111111111111 0.959212593168587 0.395833333333333 0.6875 0.416666666666667 0.75 0.5625 0.5625 0.583333333333333 0.625 0.541666666666667 0.625 0.4375 0.6875 0.458333333333333 0.75 0.166666666666667 0.946753752097335 0.222222222222222 0.922835834731557 0.479166666666667 0.6875 0.5 0.75 0.354166666666667 0.8125 0.375 0.875 0.333333333333333 0.875 0.166666666666667 0.992065137655546 0.111111111111111 1.01899686669536 0.833333333333333 0.360619570720614 0.777777777777778 0.344579713813743 0.833333333333333 0.329369570720614 0.645833333333333 0.5625 0.666666666666667 0.625 0.625 0.625 0.520833333333333 0.6875 0.541666666666667 0.75 0.833333333333333 0.39266843146309 0.777777777777778 0.428445620975394 0.395833333333333 0.8125 0.416666666666667 0.875 0.166666666666667 1.0364301623875 0.5625 0.6875 0.583333333333333 0.75 0.888888888888889 0.377192001455803 0.4375 0.8125 0.458333333333333 0.875 0.833333333333333 0.45516843146309 0.604166666666667 0.6875 0.625 0.75 0.479166666666667 0.8125 0.5 0.875 0.645833333333333 0.6875 0.666666666666667 0.75 0.520833333333333 0.8125 0.541666666666667 0.875 0.888888888888889 0.463044264323399 0.833333333333333 0.489397965022009 0.395833333333333 0.9375 0.416666666666667 1 0.375 1 0.5625 0.8125 0.583333333333333 0.875 0.4375 0.9375 0.458333333333333 1 0.888888888888889 0.510278150209031 0.833333333333333 0.526019260291537 0.833333333333333 0.588519260291537 0.777777777777778 0.559012840194358 0.604166666666667 0.8125 0.625 0.875 0.479166666666667 0.9375 0.5 1 0.645833333333333 0.8125 0.666666666666667 0.875 0.520833333333333 0.9375 0.541666666666667 1 0.395833333333333 1.0625 0.416666666666667 1.125 0.375 1.125 0.333333333333333 1.125 0.166666666666667 1.28575421855938 0.111111111111111 1.2711776645066 0.166666666666667 1.24601227820053 0.888888888888889 0.602432684723895 0.833333333333333 0.627629766794306 0.5625 0.9375 0.583333333333333 1 0.4375 1.0625 0.458333333333333 1.125 0.888888888888889 0.656144041502217 0.833333333333333 0.66908629545902 0.604166666666667 0.9375 0.625 1 0.479166666666667 1.0625 0.5 1.125 0.354166666666667 1.1875 0.375 1.25 0.333333333333333 1.25 0.833333333333333 0.73158629545902 0.777777777777778 0.696057530306013 0.777777777777778 0.808230460148273 0.645833333333333 0.9375 0.666666666666667 1 0.520833333333333 1.0625 0.541666666666667 1.125 0.395833333333333 1.1875 0.416666666666667 1.25 0.833333333333333 0.77484569022241 0.888888888888889 0.754287990454286 0.4375 1.1875 0.458333333333333 1.25 0.222222222222222 1.40323185953547 0.166666666666667 1.45322056945048 0.166666666666667 1.4173477893032 0.833333333333333 0.83734569022241 0.604166666666667 1.0625 0.625 1.125 0.583333333333333 1.125 0.479166666666667 1.1875 0.354166666666667 1.3125 0.645833333333333 1.0625 0.666666666666667 1.125 0.222222222222222 1.46881371296698 0.166666666666667 1.48447056945048 0.888888888888889 0.854182670853955 0.833333333333333 0.881428316058523 0.833333333333333 0.929925879959745 0.777777777777778 0.953283919973163 0.4375 1.3125 0.458333333333333 1.375 0.416666666666667 1.375 0.604166666666667 1.1875 0.888888888888889 0.915902797345512 0.479166666666667 1.3125 0.5 1.25 0.5 1.375 0.395833333333333 1.40625 0.833333333333333 0.992425879959745 0.354166666666667 1.46875 0.333333333333333 1.5 0.520833333333333 1.3125 0.541666666666667 1.25 0.4375 1.40625 0.458333333333333 1.4375 0.5625 1.3125 0.583333333333333 1.25 0.166666666666667 1.70207785648692 0.111111111111111 1.6881971307315 0.166666666666667 1.67396783961034 0.111111111111111 1.7453354245854 0.479166666666667 1.40625 0.5 1.4375 0.888888888888889 1.01984593179195 0.833333333333333 1.03734301772818 0.354166666666667 1.53125 0.375 1.5625 0.333333333333333 1.5625 0.4375 1.46875 0.604166666666667 1.3125 0.625 1.25 0.166666666666667 1.73332785648692 0.833333333333333 1.09984301772818 0.777777777777778 1.06656201181879 0.520833333333333 1.40625 0.395833333333333 1.53125 0.166666666666667 1.75967528039119 0.111111111111111 1.80020278571532 0.479166666666667 1.46875 0.645833333333333 1.3125 0.666666666666667 1.25 0.222222222222222 1.71805190432461 0.354166666666667 1.59375 0.333333333333333 1.625 0.166666666666667 1.79092528039119 0.0385724671403814 1.92469164168643 0.520833333333333 1.46875 0.395833333333333 1.59375 0.888888888888889 1.12319762292866 0.833333333333333 1.14745341666481 0.166666666666667 1.8156288981818 0.0250192020877418 1.95310384316327 0.604166666666667 1.40625 0.0578587007105721 1.93258201485671 0.0527257667729413 1.89464060869234 0.0790886501594119 1.9093788981818 0.479166666666667 1.53125 0.222222222222222 1.77728352026079 0.0375288031316128 1.95445544767292 0.0187644015658064 1.97520031707198 0.354166666666667 1.65625 0.333333333333333 1.6875 0.5625 1.46875 0.833333333333333 1.20995341666481 0.777777777777778 1.18163561110987 0.0790886501594119 1.93258201485671 0.0578587007105721 1.95445544767292 0.0375288031316128 1.97520031707198 0.4375 1.59375 0.458333333333333 1.625 0.0375288031316128 1.98346687804799 0.0635916692281233 1.96963696511528 0.0912982339133227 1.95505467657114 0.479166666666667 1.59375 0.354166666666667 1.71875 0.375 1.75 0.333333333333333 1.75 0.4375 1.65625 0.458333333333333 1.6875 0.888888888888889 1.22649849760325 0.833333333333333 1.25479432974006 0.520833333333333 1.59375 0.395833333333333 1.71875 0.479166666666667 1.65625 0.354166666666667 1.78125 0.375 1.8125 0.333333333333333 1.8125 0.888888888888889 1.28446444015927 0.833333333333333 1.29690233049885 0.4375 1.71875 0.833333333333333 1.35940233049885 0.777777777777778 1.32293488699923 0.395833333333333 1.78125 0.479166666666667 1.71875 0.231343930004084 1.95833333333333 0.354166666666667 1.84375 0.333333333333333 1.875 0.267927244846713 1.9375 0.245755316826079 1.90625 0.274947988995163 1.89583333333333 0.245755316826079 1.9375 0.261547776069261 1.95833333333333 0.291061085923844 1.9375 0.395833333333333 1.84375 0.833333333333333 1.43027034942532 0.777777777777778 1.47846424961359 0.777777777777778 1.41184689961688 0.833333333333333 1.39902034942532 0.305151835060341 1.9375 0.888888888888889 1.38061511994945 0.354166666666667 1.90625 0.291061085923844 1.96875 0.293031847566138 1.97916666666667 0.833333333333333 1.46769637442039 0.833333333333333 1.49894637442039 0.777777777777778 1.52013091628026 0.888888888888889 1.45281114923047 0.833333333333333 1.53019637442039 0.833333333333333 1.56572529989622 0.777777777777778 1.58548353326415 0.888888888888889 1.54311444954441 0.833333333333333 1.59697529989622 0.833333333333333 1.63088130151861 0.777777777777778 1.64975420101241 0.833333333333333 1.66213130151861 0.888888888888889 1.61023773427655 0.833333333333333 1.69466515806613 0.777777777777778 1.71311010537742 0.833333333333333 1.72591515806613 0.888888888888889 1.67536430638982 0.833333333333333 1.75730610568337 0.777777777777778 1.77570407045558 0.833333333333333 1.78855610568337 0.721508814031616 1.89583333333333 0.888888888888889 1.738814175833 0.704430718800295 1.9375 0.72331274486711 1.9375 0.748929887714091 1.90625 0.888888888888889 1.80088029730905 0.833333333333333 1.81901434028021 0.748929887714091 1.9375 0.72331274486711 1.96875 0.725010910347372 1.97916666666667 0.759272866165245 1.95833333333333 0.904368834519756 1.96165526429022 0.940956697398876 1.94248289643534 0.915596554380757 1.94248289643534 0.915596554380757 1.91276434028021 0.943731036253838 1.90349815781036 0.937954052735371 1.96165526429022 0.96597438170418 1.94248289643534 0.977316254469453 1.94248289643534 0.09375 0.015625 0.0833333333333333 0.015625 0.104166666666667 0.015625 0.114583333333333 0.015625 0.0833333333333333 0.0527776243627589 0.125 0.015625 0.0833333333333333 0.0869789365441384 0.166666666666667 0.0996526243627589 0.0833333333333333 0.124131560906897 0.166666666666667 0.136805248725518 0.0833333333333333 0.142707873088277 0.0833333333333333 0.158332873088277 0.166666666666667 0.168055248725518 0.0833333333333333 0.179246716979262 0.166666666666667 0.209882936507488 0.208333333333333 0.0654513121813795 0.208333333333333 0.03125 0.229166666666667 0.03125 0.25 0.03125 0.0833333333333333 0.221074404761232 0.166666666666667 0.241132936507488 0.0833333333333333 0.236699404761232 0.0833333333333333 0.25876784251244 0.166666666666667 0.285269812009904 0.25 0.112326312181379 0.291666666666667 0.078125 0.333333333333333 0.046875 0.0833333333333333 0.302904718014856 0.354166666666667 0.046875 0.25 0.146527624362759 0.0555555555555556 0.34504081904247 0.375 0.046875 0.375 0.015625 0.25 0.177777624362759 0.25 0.198691468253744 0.0555555555555556 0.391314216120362 0.25 0.229941468253744 0.25 0.245566468253744 0.0555555555555556 0.443618164750179 0.25 0.267634906004952 0.5 0.03125 0.25 0.298884906004952 0.0555555555555556 0.491756613561737 0.25 0.314509906004952 0.25 0.330134906004952 0.0555555555555556 0.524344307617059 0.25 0.361384906004952 0.0555555555555556 0.573968940971466 0.625 0.046875 0.645833333333333 0.046875 0.277777777777778 0.402181069695932 0.0555555555555556 0.628220105793347 0.666666666666667 0.046875 0.6875 0.046875 0.288194444444444 0.433431069695932 0.222222222222222 0.503616500113852 0.277777777777778 0.464681069695932 0.0555555555555556 0.678848966904585 0.708333333333333 0.078125 0.75 0.03125 0.0555555555555556 0.731879611546248 0.277777777777778 0.53893543041792 0.138888888888889 0.688881390722086 0.791666666666667 0.0649497227517875 0.770833333333333 0.03125 0.791666666666667 0.03125 0.0555555555555556 0.777842684359998 0.802083333333333 0.0649497227517875 0.833333333333333 0.067399445503575 0.833333333333333 0.098649445503575 0.791666666666667 0.0775632628374547 0.288194444444444 0.57018543041792 0.875 0.015625 0.885416666666667 0.015625 0.277777777777778 0.60143543041792 0.895833333333333 0.015625 0.90625 0.015625 0.0555555555555556 0.82928221760411 0.75 0.168702599528273 0.75 0.137452599528273 0.833333333333333 0.149905199056546 0.833333333333333 0.181155199056546 0.916666666666667 0.015625 0.53125 0.40625 0.75 0.197883210885045 0.833333333333333 0.20826642177009 0.5 0.4375 0.46875 0.46875 0.277777777777778 0.659978384121666 0.0555555555555556 0.875137744522696 0.916666666666667 0.0608118068794687 0.75 0.229133210885045 0.833333333333333 0.23951642177009 0.194444444444444 0.769433651242082 0.916666666666667 0.0854741682553625 0.288194444444444 0.691228384121666 0.75 0.258996963910145 0.833333333333333 0.26799392782029 0.0555555555555556 0.926360048681629 0.916666666666667 0.110701248426697 0.833333333333333 0.123876525674909 0.722222222222222 0.297289856906871 0.277777777777778 0.722478384121666 0.916666666666667 0.136329125203182 0.722222222222222 0.328539856906871 0.0555555555555556 0.97167143423984 0.916666666666667 0.162357798584819 0.53125 0.53125 0.277777777777778 0.779466075059583 0.0555555555555556 1.00156357100323 0.916666666666667 0.191538409941591 0.805555555555555 0.306286820817016 0.833333333333333 0.29924392782029 0.288194444444444 0.810716075059583 0.722222222222222 0.401722810487697 0.916666666666667 0.218649632655135 0.0555555555555556 1.04592859573518 0.277777777777778 0.841966075059583 0.916666666666667 0.234274632655135 0.711805555555555 0.432972810487697 0.614583333333333 0.53125 0.916666666666667 0.248513385680235 0.0555555555555556 1.09590821289616 0.916666666666667 0.276990891730434 0.722222222222222 0.464222810487697 0.277777777777778 0.898917917365778 0.916666666666667 0.292615891730434 0.138888888888889 1.05896351454143 0.166666666666667 1.0989301623875 0.111111111111111 1.11895610101731 0.0555555555555556 1.13898203964713 0.194444444444444 1.02900928962361 0.722222222222222 0.529506420097179 0.277777777777778 0.961417917365778 0.944444444444445 0.331589928548191 0.0740740740740741 1.16499164139564 0.194444444444444 1.05119180198958 0.222222222222222 1.06595344159167 0.777777777777778 0.493729230584876 0.711805555555555 0.560756420097179 0.037037037037037 1.20601445985689 0.259259259259259 0.996263092107741 0.861111111111111 0.427856347893245 0.364583333333333 0.90625 0.138888888888889 1.13048004507789 0.166666666666667 1.14200398913847 0.166666666666667 1.20450398913847 0.111111111111111 1.21701084489267 0.722222222222222 0.592006420097179 0.0555555555555556 1.22951770064686 0.0555555555555556 1.1880094115848 0.944444444444445 0.393764432190992 0.277777777777778 1.03297672079583 0.037037037037037 1.2782368860088 0.0740740740740741 1.24340435526677 0.0555555555555556 1.25660111045383 0.944444444444445 0.43669056362479 0.194444444444444 1.16000332428206 0.222222222222222 1.17800265942565 0.296296296296296 1.06365114719722 0.333333333333333 1 0.0555555555555556 1.29634305081268 0.722222222222222 0.660528765153007 0.277777777777778 1.09547672079583 0.805555555555555 0.593321303494332 0.138888888888889 1.2315115615466 0.711805555555555 0.691778765153007 0.364583333333333 1.03125 0.861111111111111 0.564225972507716 0.037037037037037 1.36109067365562 0.944444444444445 0.494537040126524 0.722222222222222 0.723028765153007 0.277777777777778 1.15150132971282 0.259259259259259 1.12298536700577 0.0555555555555556 1.38088179192406 0.0555555555555556 1.34303822118023 0.944444444444445 0.531158335396052 0.138888888888889 1.30971594153299 0.166666666666667 1.34825421855938 0.111111111111111 1.36456800524172 0.303240740740741 1.16350088647522 0.288194444444444 1.18275132971282 0.194444444444444 1.28075754528672 0.222222222222222 1.24675273589928 0.037037037037037 1.4335607633366 0.0740740740740741 1.39876971878352 0.111111111111111 1.43454557250245 0.0555555555555556 1.41587057555442 0.722222222222222 0.779115230074136 0.944444444444445 0.577235602653485 0.194444444444444 1.30062851546615 0.222222222222222 1.31550281237292 0.711805555555555 0.810365230074137 0.303240740740741 1.20516755314188 0.277777777777778 1.21400132971282 0.0555555555555556 1.4517433557017 0.138888888888889 1.37533289727246 0.166666666666667 1.3860977893032 0.944444444444445 0.616346109156253 0.722222222222222 0.841615230074137 0.037037037037037 1.5025064079972 0.0740740740740741 1.46845550580043 0.0555555555555556 1.48541047244943 0.111111111111111 1.5018798059979 0.944444444444445 0.643201787545414 0.194444444444444 1.37574303904742 0.0555555555555556 1.51928904254533 0.138888888888889 1.44388307097646 0.572916666666667 1.03125 0.303240740740741 1.29266760412431 0.740740740740741 0.878838126707145 0.944444444444445 0.684658316210129 0.288194444444444 1.31400140618646 0.277777777777778 1.28275140618646 0.037037037037037 1.56792077281608 0.722222222222222 0.914141959986582 0.0740740740740741 1.53504788823424 0.0555555555555556 1.55163192935241 0.259259259259259 1.36457822396946 0.805555555555555 0.844829388103398 0.303240740740741 1.33433427079097 0.277777777777778 1.34525140618646 0.711805555555555 0.945391959986582 0.0555555555555556 1.58353201967774 0.944444444444445 0.733730290686163 0.861111111111111 0.814514180538182 0.277777777777778 1.38911592976773 0.138888888888889 1.52573947277214 0.166666666666667 1.51834913954638 0.166666666666667 1.54959913954638 0.111111111111111 1.56656557961206 0.037037037037037 1.62985961731738 0.722222222222222 0.976641959986582 0.0740740740740741 1.59856958411451 0.111111111111111 1.62864471298803 0.0555555555555556 1.61457158636573 0.40625 1.28125 0.944444444444445 0.776989685449553 0.259259259259259 1.43651519083415 0.277777777777778 1.42036592976773 0.296296296296296 1.40524395317849 0.395833333333333 1.3125 0.194444444444444 1.5087683312407 0.222222222222222 1.53306609303092 0.0555555555555556 1.64454019610435 0.572916666666667 1.15625 0.541666666666667 1.1875 0.510416666666667 1.21875 0.696759259259259 1.04302067060626 0.740740740740741 1.00661531059732 0.277777777777778 1.45315685648349 0.138888888888889 1.58965740474189 0.166666666666667 1.61274922987171 0.166666666666667 1.58149922987171 0.722222222222222 1.03328100590939 0.037037037037037 1.688429507642 0.944444444444445 0.826937025649387 0.0740740740740741 1.65909250764674 0.0555555555555556 1.67431640497609 0.711805555555555 1.06453100590939 0.259259259259259 1.5006266019993 0.277777777777778 1.48440685648349 0.696759259259259 1.08468733727293 0.296296296296296 1.46877123765566 0.0555555555555556 1.70242642185267 0.194444444444444 1.57279931306376 0.222222222222222 1.59599948658114 0.944444444444445 0.8710196514855 0.037037037037037 1.74378056611387 0.277777777777778 1.51653304651546 0.138888888888889 1.65130627629919 0.166666666666667 1.64271783961034 0.0555555555555556 1.73099556877962 0.722222222222222 1.09578100590939 0.0740740740740741 1.71672942276358 0.944444444444445 0.901879714731278 0.0555555555555556 1.75734299268389 0.259259259259259 1.56385519320402 0.277777777777778 1.54778304651546 0.296296296296296 1.53185536434364 0.194444444444444 1.6351972281393 0.222222222222222 1.65764522640689 0.635416666666667 1.21875 0.037037037037037 1.7961037142871 0.740740740740741 1.12439920764289 0.0555555555555556 1.78477667324885 0.0740740740740741 1.77162959036103 0.722222222222222 1.15331780555494 0.277777777777778 1.57924974329057 0.962962962962963 0.929537063127349 0.944444444444445 0.950377278632501 0.703703703703704 1.18554520370329 0.925925925925926 0.973533496352318 0.0555555555555556 1.80948029103946 0.259259259259259 1.62621490432934 0.277777777777778 1.61049974329057 0.0175752555909804 1.85952081158979 0.805555555555555 1.1070077142418 0.296296296296296 1.59449982886038 0.194444444444444 1.69600987196747 0.0263628833864706 1.87990231920289 0.0263628833864706 1.85669920252797 0.944444444444445 1.00234884585572 0.722222222222222 1.21581780555494 0.0175752555909804 1.88957184458387 0.277777777777778 1.64132261320345 0.0819184389420262 1.84742169720383 0.0546122926280175 1.83786706359042 0.259259259259259 1.6877323769105 0.277777777777778 1.67257261320345 0.296296296296296 1.65671507546896 0.0809751760144881 1.86807409752982 0.0950998806352615 1.85479084194856 0.962962962962963 1.02646124238927 0.944444444444445 1.04726598362416 0.925925925925926 1.07257653005899 0.740740740740741 1.2515234993697 0.696759259259259 1.29514496233308 0.277777777777778 1.70277595216231 0.137473994497582 1.83864435891826 0.14720488522061 1.83097253867278 0.163836877884052 1.8770859321212 0.118012213051525 1.86222253867278 0.722222222222222 1.28646744349962 0.805555555555555 1.21821497042497 0.777777777777778 1.25228524905455 0.259259259259259 1.74844514152847 0.711805555555555 1.31771744349962 0.277777777777778 1.73402595216231 0.296296296296296 1.71851730144154 0.944444444444445 1.09894182919252 0.696759259259259 1.33681162899974 0.121462764021732 1.8932324151515 0.861111111111111 1.18697595713403 0.111407920652262 1.91383983562472 0.277777777777778 1.7636417601304 0.211548068571656 1.83305413948086 0.127567555898688 1.91607030434617 0.722222222222222 1.34896744349962 0.962962962962963 1.12259683057155 0.944444444444445 1.14655222812914 0.192086287125599 1.866321610101 0.206210991746373 1.8609394490909 0.925925925925926 1.17320098462051 0.277777777777778 1.7948917601304 0.296296296296296 1.77992784008693 0.23398876952415 1.8417667601304 0.137770804038733 1.94404686956411 0.740740740740741 1.36992726220537 0.703703703703704 1.40811563320563 0.722222222222222 1.39342344980844 0.204796097355065 1.8916679660606 0.161007089101438 1.9385429660606 0.27683451485024 1.82853895119804 0.247641842681155 1.85978895119804 0.248585105608693 1.83655842679706 0.124737767116073 1.97752733828557 0.944444444444445 1.19820266546644 0.121730978551097 1.98501822552371 0.197590403944068 1.91770963272727 0.722222222222222 1.42467344980844 0.213645374904738 1.91388975515151 0.184452702735653 1.94513975515151 0.962962962962963 1.218664663471 0.925925925925926 1.25685053241421 0.703703703703704 1.47198808320453 0.304140661164248 1.85416666666667 0.944444444444445 1.24304357854168 0.722222222222222 1.4579821248068 0.740740740740741 1.44260371641016 0.313871551887277 1.86111111111111 0.194760615161454 1.97916666666667 0.197347462227667 1.98611111111111 0.944444444444445 1.27202654981969 0.722222222222222 1.4892321248068 0.703703703703704 1.52754363876009 0.722222222222222 1.51006545814013 0.740740740740741 1.49953172196462 0.962962962962963 1.29595258687903 0.944444444444445 1.31413455057848 0.925925925925926 1.33629474036881 0.722222222222222 1.54131545814013 0.703703703703704 1.59099451108805 0.740740740740741 1.55603814984814 0.722222222222222 1.57399176663207 0.944444444444445 1.36220989047357 0.722222222222222 1.60524176663207 0.962962962962963 1.38248682659926 0.925925925925926 1.41882232267686 0.944444444444445 1.40182790940005 0.703703703703704 1.6540847336708 0.722222222222222 1.6373771005062 0.740740740740741 1.62007924475885 0.944444444444445 1.43792592404056 0.722222222222222 1.6686271005062 0.944444444444445 1.47535194903562 0.962962962962963 1.45791486564063 0.925925925925926 1.49793944920522 0.703703703703704 1.71687003512581 0.722222222222222 1.70030505268871 0.740740740740741 1.68345476879661 0.722222222222222 1.73155505268871 0.944444444444445 1.52050359919259 0.703703703703704 1.77940135681853 0.722222222222222 1.76285203522779 0.740740740740741 1.74627139194433 0.962962962962963 1.53665259939254 0.944444444444445 1.55603252466843 0.925925925925926 1.57410092787114 0.722222222222222 1.79410203522779 0.944444444444445 1.5895941670345 0.694087740349141 1.85416666666667 0.72198441949202 1.82801246792964 0.962962962962963 1.60531697903541 0.925925925925926 1.64078821456787 0.944444444444445 1.62350016865689 0.749643295904697 1.83576870189446 0.944444444444445 1.65606345471352 0.749405493174495 1.85926246792964 0.763353832745934 1.84097703522779 0.786680332941734 1.83365613691193 0.925925925925926 1.70533626611836 0.944444444444445 1.68859731126104 0.962962962962963 1.67131907518643 0.791131610523712 1.8626321701401 0.944444444444445 1.72032224598263 0.80496104873005 1.86820241126678 0.832619925142727 1.87934289352014 0.790774906428409 1.89279644676007 0.776826566856969 1.90769763117338 0.925925925925926 1.7681022281696 0.944444444444445 1.75171319359987 0.962962962962963 1.73508556777733 0.790774906428409 1.90842144676007 0.780274226340687 1.92505874228449 0.795946395653986 1.91883811342674 0.944444444444445 1.7827462543379 0.879035122804124 1.86432917703647 0.944444444444445 1.81320448893473 0.962962962962963 1.79700706307874 0.807695300023162 1.94589207561782 0.902242721634823 1.85682231879463 0.874108239761742 1.89605361690017 0.831906516952121 1.93967144676007 0.944206641714243 1.84330237855994 0.868494379831241 1.92049907890518 0.88419510468108 1.91792083269686 0.856060622807999 1.94699938593679 0.1875 0.0078125 0.291666666666667 0.290067453002476 0.291666666666667 0.352567453002476 0.6875 0.0078125 0.6875 0.0234375 0.0972222222222222 0.683865178813336 0.0972222222222222 0.710380501134167 0.708333333333333 0.146851299764136 0.770833333333333 0.107507931182864 0.222222222222222 0.638392337687714 0.315972222222222 0.55071771520896 0.25 0.618924622478753 0.708333333333333 0.208316605442523 0.315972222222222 0.673739192060833 0.236111111111111 0.774449863150833 0.0277777777777778 1.01502943552314 0.0972222222222222 1.05244605513831 0.0972222222222222 1.07743586371879 0.0833333333333333 1.10743215695674 0.212962962962963 0.994164114881644 0.902777777777778 0.334903946593119 0.0277777777777778 1.17350869493087 0.321180555555556 0.902583958682889 0.321180555555556 0.933833958682889 0.305555555555556 0.980708958682889 0.0277777777777778 1.24931283342744 0.0833333333333333 1.20251012823874 0.212962962962963 1.11095776469664 0.25 1.08071508119375 0.0833333333333333 1.26388938748022 0.0740740740740741 1.31908470228902 0.763888888888889 0.626925034323669 0.0277777777777778 1.33227332914949 0.194444444444444 1.22562836251888 0.106481481481481 1.31440032191101 0.0277777777777778 1.40653307708041 0.0833333333333333 1.35380311321098 0.25 1.19600199456924 0.259259259259259 1.24783515726619 0.0277777777777778 1.47717580567519 0.25 1.26475207104287 0.0833333333333333 1.42520807402844 0.305555555555556 1.23200066485641 0.296296296296296 1.24891757863309 0.25 1.33037710927969 0.0277777777777778 1.54416510422258 0.0833333333333333 1.49364513922366 0.106481481481481 1.53039368050319 0.0277777777777778 1.60753502305458 0.0833333333333333 1.55909875448223 0.0277777777777778 1.66737604209838 0.0833333333333333 1.62160814967688 0.787037037037037 0.999520595278531 0.5625 1.21875 0.0833333333333333 1.68125676785379 0.787037037037037 1.02197916416275 0.0833333333333333 1.73816549668251 0.87962962962963 0.982979688156031 0.0273061463140087 1.82831242997701 0.87962962962963 1.05495977389359 0.0536690297004794 1.8623866500289 0.87962962962963 1.08620977389359 0.235403663915458 1.80692097352893 0.787037037037037 1.36466479635211 0.87962962962963 1.34784853543383 0.87962962962963 1.4984429118128 0.34375 0.00390625 0.59375 0.01953125 0.131944444444444 0.720157826749583 0.348090277777778 0.966916979341444 0.421875 0.017578125 0.46875 0.01171875 80 81 82 80 83 81 84 82 85 84 80 82 86 87 83 86 83 80 86 80 84 88 85 89 88 84 85 90 86 84 91 92 93 91 89 92 91 88 89 94 95 87 94 87 86 96 90 84 96 88 91 96 84 88 97 91 93 98 94 86 98 86 90 99 96 91 100 95 94 100 101 95 102 97 93 102 93 103 104 98 90 104 90 96 104 96 99 105 101 100 106 91 97 106 99 91 107 94 98 107 100 94 108 103 109 108 102 103 110 104 99 111 105 100 112 106 97 112 102 108 112 97 102 113 107 98 113 98 104 114 109 115 114 108 109 116 106 112 116 110 99 116 99 106 117 111 100 117 100 107 118 112 108 119 113 104 119 104 110 119 110 116 120 116 112 121 107 113 121 117 107 122 108 114 122 118 108 123 119 116 124 112 118 124 120 112 124 118 122 125 121 113 125 113 119 126 123 116 126 116 120 127 124 122 128 119 123 128 125 119 128 123 126 129 124 127 129 120 124 129 126 120 130 128 126 131 129 127 132 130 126 132 126 129 133 132 129 133 129 131 134 135 136 137 134 136 138 137 139 140 138 139 141 142 143 144 140 145 146 141 143 147 144 145 148 149 150 151 152 153 154 146 155 156 157 158 156 155 157 159 150 154 159 148 150 160 151 153 161 154 155 162 159 154 162 154 161 163 155 156 163 161 155 164 162 161 165 166 167 168 167 159 168 159 162 169 164 161 169 161 163 170 165 167 171 172 173 174 162 164 174 168 162 175 168 174 175 167 168 175 170 167 176 171 173 177 174 164 177 164 169 178 165 170 178 170 175 178 179 165 180 175 174 181 173 179 181 176 173 182 68 67 182 67 183 184 175 180 184 178 175 185 186 171 185 171 176 187 180 174 187 174 177 188 181 179 188 179 178 189 68 182 189 182 190 189 69 68 189 190 186 191 184 180 192 176 181 192 185 176 193 188 178 193 178 184 194 189 186 194 69 189 194 186 185 195 180 187 195 191 180 196 181 188 196 192 181 196 188 193 197 184 191 197 193 184 198 185 192 198 194 185 198 69 194 198 70 69 199 196 193 199 193 197 200 197 191 200 191 195 201 192 196 201 198 192 201 196 199 201 70 198 201 71 70 202 199 197 203 201 199 203 199 202 203 71 201 203 72 71 204 202 197 204 197 200 205 203 202 205 72 203 206 202 204 206 205 202 206 72 205 206 73 72 207 208 209 210 211 212 213 211 210 214 211 213 215 214 213 216 215 213 217 214 215 217 218 214 219 218 217 220 105 111 220 221 222 223 218 219 223 224 218 225 223 219 226 227 221 226 220 111 226 111 117 226 221 220 228 224 223 229 230 231 232 227 226 232 226 117 232 117 121 233 234 235 233 222 221 236 237 228 238 239 237 240 221 227 240 234 233 240 233 221 240 241 234 242 239 238 243 130 132 243 244 245 246 227 247 246 240 227 246 241 240 246 248 241 249 242 238 250 248 246 250 247 251 250 252 248 250 246 247 253 249 238 254 235 234 254 255 256 257 242 249 257 249 253 258 243 132 258 244 243 258 132 133 258 259 260 258 260 244 261 242 257 262 254 234 262 234 241 262 255 254 262 263 255 264 252 250 264 265 266 264 266 252 267 262 241 267 263 262 267 268 263 267 241 248 269 261 257 270 257 253 270 269 257 271 248 252 271 272 268 271 267 248 271 268 267 273 256 255 273 274 275 276 277 261 276 261 269 278 279 280 281 265 264 281 282 283 281 283 265 284 271 252 284 252 266 284 272 271 284 285 272 286 287 279 286 279 278 288 255 263 288 289 274 288 274 273 288 273 255 290 277 276 291 266 265 291 284 266 291 285 284 291 292 285 293 286 278 294 263 268 294 288 263 294 289 288 294 295 289 296 287 286 297 291 265 297 298 292 297 265 283 297 292 291 299 295 294 299 268 272 299 294 268 299 300 295 301 298 297 301 297 283 301 283 282 301 302 298 303 299 272 303 300 299 303 272 285 303 304 300 305 306 296 307 308 309 310 311 304 310 304 303 310 303 285 310 285 292 312 308 307 312 313 308 312 307 289 312 289 295 314 306 305 314 315 306 316 317 315 318 311 310 318 292 298 318 319 311 318 310 292 320 313 312 320 321 313 320 312 295 320 295 300 322 318 298 322 323 319 322 319 318 322 298 302 324 325 321 324 321 320 324 320 300 324 300 304 326 327 328 326 328 329 330 331 332 333 334 316 335 304 311 335 336 325 335 325 324 335 324 304 337 327 326 337 338 327 337 308 313 337 326 308 339 340 334 339 334 333 341 335 311 341 336 335 341 311 319 341 342 336 343 337 313 343 338 337 343 344 338 343 313 321 345 346 347 345 329 328 348 340 339 348 349 340 350 349 348 351 342 341 351 319 323 351 352 342 351 341 319 353 321 325 353 344 343 353 354 344 353 343 321 355 328 327 355 346 345 355 345 328 355 356 346 357 350 348 358 348 339 358 357 348 359 327 338 359 360 356 359 356 355 359 355 327 361 362 363 364 350 357 365 354 353 365 366 367 365 367 354 368 359 338 368 338 344 368 360 359 369 347 346 369 136 135 370 342 352 370 366 365 370 371 366 370 365 342 372 362 361 372 373 362 374 375 364 376 377 375 378 379 380 381 366 371 382 376 375 382 375 374 383 378 360 383 379 378 383 360 384 383 385 379 386 136 380 386 137 136 386 139 137 387 377 376 388 134 137 388 137 138 388 138 389 390 384 391 390 142 385 390 385 383 390 383 384 392 393 139 392 386 380 392 139 386 392 380 379 394 142 390 394 143 142 394 390 391 394 391 395 396 397 398 396 399 397 400 401 393 400 393 392 400 392 379 400 379 385 402 403 387 404 389 138 404 405 406 407 140 139 407 139 393 407 145 140 408 395 409 408 394 395 408 157 143 408 143 394 410 399 396 411 412 403 413 385 142 413 142 141 413 401 400 413 141 401 413 400 385 414 144 405 414 140 144 414 404 138 414 138 140 414 405 404 415 399 410 415 416 399 417 393 401 417 149 145 417 407 393 417 145 407 418 409 419 418 408 409 418 158 157 418 157 408 420 415 410 421 406 405 421 152 422 423 416 415 424 27 26 425 149 417 425 417 401 425 401 141 425 150 149 426 405 144 426 421 405 426 152 421 426 153 152 427 428 411 429 416 423 430 27 424 431 143 157 431 146 143 431 157 155 431 155 146 432 424 433 432 433 434 435 147 145 435 148 147 435 145 149 435 149 148 436 415 420 436 423 415 437 430 424 437 424 432 438 28 27 438 29 28 438 60 29 438 27 430 439 422 152 439 151 440 439 152 151 441 146 154 441 425 141 441 150 425 441 141 146 441 154 150 442 443 428 444 432 434 445 437 432 445 432 444 446 430 437 446 438 430 446 437 445 447 448 153 447 153 426 447 144 147 447 426 144 449 61 60 449 60 438 449 438 446 450 449 446 450 61 449 450 446 445 451 61 450 451 450 445 451 445 444 452 447 147 452 166 448 452 448 447 452 147 148 453 454 455 453 440 151 456 153 448 456 160 153 456 457 160 458 459 442 460 452 148 460 148 159 460 166 452 460 167 166 460 159 167 461 454 453 461 151 160 461 453 151 461 172 454 462 448 166 462 456 448 462 457 456 462 166 165 462 165 457 463 455 454 463 464 465 466 467 459 466 459 458 468 160 457 468 461 160 468 172 461 468 173 172 469 470 467 471 454 172 471 463 454 471 464 463 471 171 464 471 172 171 472 468 457 472 457 165 472 173 468 472 165 179 472 179 173 473 65 64 474 465 464 474 190 475 476 477 478 476 479 477 480 65 473 480 473 479 480 479 476 481 476 478 481 480 476 482 464 171 482 186 190 482 474 464 482 171 186 482 190 474 483 484 485 483 485 486 487 478 475 487 481 478 488 486 469 488 483 486 489 183 487 489 190 182 489 475 190 489 487 475 489 182 183 490 487 183 490 481 487 490 480 481 491 490 183 491 480 490 491 65 480 491 66 65 491 67 66 491 183 67 492 484 483 493 494 484 493 484 492 495 483 488 495 492 483 496 494 493 497 498 494 497 494 496 499 497 496 500 498 497 501 502 498 501 498 500 503 502 501 504 500 497 504 497 499 504 501 500 505 506 502 505 502 503 507 506 505 508 503 501 508 501 504 508 505 503 509 510 506 509 506 507 511 510 509 512 206 204 513 507 505 513 505 508 513 509 507 514 206 512 514 73 206 515 512 516 515 514 512 517 511 509 517 509 513 517 518 511 519 515 516 520 73 514 520 514 515 520 515 519 521 74 73 521 73 520 522 520 519 522 74 521 522 75 74 522 521 520 523 78 77 524 525 526 524 526 527 528 78 523 528 523 525 528 525 524 528 79 78 529 528 524 529 79 528 529 524 527 530 79 529 530 32 31 530 529 527 530 33 32 530 527 33 530 31 79 531 532 1 533 531 1 534 533 1 535 2 1 535 532 531 535 533 534 535 531 533 535 1 532 536 207 535 536 208 207 536 535 534 537 535 207 537 2 535 537 207 538 539 3 2 539 2 537 539 537 538 539 538 540 541 3 539 541 539 540 542 3 541 542 541 540 542 540 543 544 4 3 544 3 542 544 542 543 544 543 545 546 209 547 546 547 548 546 207 209 546 538 207 546 548 549 550 4 544 550 544 545 550 545 551 552 550 551 552 4 550 553 4 552 553 5 4 553 551 554 553 552 551 555 538 546 555 540 538 556 546 549 556 81 83 556 83 555 556 555 546 557 81 556 557 556 549 558 212 211 558 554 212 558 5 553 558 553 554 559 82 81 559 81 557 560 83 87 560 555 83 560 540 555 560 543 540 561 6 5 561 5 558 561 558 211 562 85 82 562 82 559 562 559 563 564 560 87 564 543 560 565 543 564 565 564 87 565 545 543 566 561 211 566 6 561 567 87 95 567 545 565 567 565 87 567 551 545 568 567 95 568 551 567 569 7 6 569 211 214 569 566 211 569 6 566 570 551 568 570 554 551 571 93 92 571 92 89 572 554 570 572 212 554 573 7 569 573 569 214 573 214 218 574 212 572 575 212 574 575 210 212 576 7 573 576 573 218 577 216 213 577 210 575 577 213 210 578 8 7 578 218 224 578 7 576 578 576 218 579 109 103 580 115 109 580 109 579 581 216 577 582 8 578 582 578 224 583 115 580 584 115 583 585 105 220 585 581 105 585 216 581 586 215 216 586 219 217 586 225 219 586 217 215 587 586 216 587 220 222 587 216 585 587 585 220 588 9 8 588 8 582 588 582 224 589 114 115 589 115 584 589 584 590 591 9 588 592 586 587 592 225 586 592 587 222 593 224 228 593 228 237 594 595 596 594 590 595 597 10 9 597 9 591 597 591 239 598 596 230 598 230 229 598 229 599 598 594 596 598 599 600 601 590 594 601 589 590 601 594 598 601 598 600 602 225 592 603 230 596 603 231 230 603 229 231 604 603 30 605 225 602 605 602 235 606 604 30 607 606 30 608 11 10 608 239 242 608 10 597 608 597 239 609 610 611 609 611 612 613 607 30 613 30 59 614 125 128 614 128 130 614 130 243 615 612 616 615 609 612 617 243 245 617 245 251 617 125 614 617 614 243 617 232 121 617 121 125 618 247 227 618 251 247 618 617 251 618 232 617 618 227 232 619 605 235 620 608 242 620 11 608 621 229 603 621 604 606 621 606 607 621 607 613 621 613 59 621 59 58 621 603 604 621 599 229 622 615 616 622 616 623 624 253 238 624 237 236 624 238 237 625 621 58 625 599 621 625 58 57 625 600 599 626 254 256 626 236 619 627 623 628 627 622 623 629 12 11 629 11 620 629 620 242 629 242 261 630 625 57 630 600 625 630 631 600 632 131 127 632 127 627 633 626 256 633 236 626 634 611 631 634 57 56 634 630 57 634 631 630 635 133 131 635 131 632 635 632 279 636 12 629 636 629 261 637 634 56 637 611 634 637 612 611 638 251 245 638 244 264 638 245 244 638 250 251 638 264 250 639 633 256 640 261 277 640 636 261 641 616 612 641 56 55 641 612 637 641 637 56 642 627 628 642 628 643 642 643 280 642 280 279 642 279 632 642 632 627 644 273 275 644 256 273 644 253 639 644 639 256 645 279 287 645 133 635 645 635 279 646 641 55 646 623 616 646 616 641 647 640 277 648 253 644 648 270 253 648 644 275 649 646 55 649 623 646 650 133 645 650 258 133 650 645 287 651 264 244 651 260 259 651 259 281 651 244 260 651 281 264 652 649 55 652 628 623 652 623 649 652 55 54 653 14 13 653 13 647 654 652 54 654 643 628 654 628 652 655 258 650 655 650 287 655 259 258 656 648 275 656 270 648 657 654 54 657 643 654 658 277 290 658 659 660 661 14 653 662 290 276 663 259 655 664 270 656 665 657 54 665 54 53 666 661 660 667 659 658 667 290 662 667 662 668 667 668 659 667 658 290 669 296 306 669 317 663 669 287 296 669 315 317 669 663 655 669 306 315 669 655 287 670 281 259 670 663 317 670 259 663 670 282 281 671 15 14 672 668 662 673 296 286 673 305 296 673 286 293 674 289 307 674 274 289 674 275 274 675 660 659 675 659 676 675 676 677 675 678 666 675 677 678 675 666 660 679 670 317 679 282 670 680 671 681 682 53 52 682 665 53 683 668 672 684 16 15 685 686 680 687 682 52 687 52 51 687 293 682 687 305 673 687 673 293 688 677 676 688 689 677 690 683 691 692 684 686 693 301 282 693 282 679 694 690 329 695 316 334 695 317 316 696 331 678 696 678 677 696 332 331 696 677 332 697 693 349 697 302 301 697 301 693 698 690 691 698 309 308 698 329 690 698 691 309 698 308 326 698 326 329 699 315 314 699 316 315 699 333 316 700 17 16 701 305 687 701 687 51 701 314 305 702 302 697 702 697 349 703 689 704 703 694 329 703 704 694 705 700 706 707 701 51 707 51 50 707 699 314 707 314 701 708 709 710 708 331 330 711 703 329 711 329 345 712 703 711 713 330 332 713 332 714 715 18 17 716 710 717 716 718 705 719 349 350 719 702 349 719 302 702 720 50 49 720 333 699 720 707 50 720 699 707 721 722 709 721 708 330 721 330 713 721 709 708 721 713 722 723 302 719 723 719 350 723 323 322 723 322 302 724 725 712 724 711 345 724 712 711 726 715 718 727 728 363 727 710 709 727 717 710 727 709 728 727 363 717 729 333 720 729 720 49 729 339 333 730 723 350 730 323 723 731 19 18 732 733 726 732 717 734 735 339 729 735 729 49 736 363 728 736 728 709 736 709 722 736 361 363 737 731 733 738 373 734 738 717 363 738 734 717 738 363 362 738 362 373 739 353 325 739 325 336 739 336 342 739 365 353 739 342 365 740 347 369 741 323 730 741 375 377 741 730 350 742 339 735 742 358 339 742 735 49 742 49 48 743 744 740 745 20 19 746 741 377 746 323 741 746 351 323 747 748 737 749 361 736 750 741 350 750 350 364 750 375 741 750 364 375 751 369 135 751 740 369 751 743 740 751 135 752 751 752 743 753 746 377 753 352 351 753 351 746 754 745 748 755 742 48 755 358 742 756 374 364 756 357 358 756 364 357 757 752 135 757 749 752 757 361 749 758 759 760 758 760 761 758 734 373 758 373 759 762 21 20 763 753 377 763 352 753 764 761 765 764 766 754 767 360 378 767 356 360 767 346 356 767 369 346 768 358 755 768 756 358 768 755 48 768 48 47 769 372 361 770 769 361 770 361 757 771 757 135 771 770 757 771 134 770 771 135 134 772 380 136 772 136 369 772 378 380 772 767 378 772 369 767 773 373 372 773 760 759 773 774 760 773 759 373 775 762 766 776 366 381 776 367 366 776 354 367 777 776 381 777 354 776 777 344 354 777 368 344 778 391 384 778 368 777 778 360 368 778 384 360 779 370 352 780 763 377 781 769 770 781 770 134 781 372 769 782 765 761 782 761 760 782 783 765 782 784 783 782 760 784 785 352 763 785 763 780 785 779 352 786 22 21 787 374 756 787 756 768 787 768 47 787 47 46 788 765 397 788 789 775 790 785 412 790 779 785 791 773 372 791 774 773 792 372 781 792 791 372 793 371 370 793 370 779 793 779 790 794 134 388 794 388 389 794 781 134 794 792 781 794 389 792 795 22 786 795 786 789 796 797 783 796 783 784 796 760 774 796 784 760 798 382 374 798 374 787 798 787 46 799 23 22 799 22 795 800 774 791 800 792 389 800 791 792 801 765 783 801 783 802 801 802 398 801 397 765 801 398 397 803 799 795 804 371 793 804 790 412 804 793 790 805 803 795 805 397 399 806 382 798 806 798 46 807 799 803 808 797 796 808 796 774 809 774 800 809 808 774 810 404 406 810 809 800 810 406 809 810 800 389 810 389 404 811 783 797 811 802 783 811 398 802 811 797 812 811 812 398 813 381 371 813 409 395 813 419 409 813 395 381 814 23 799 814 24 23 814 799 807 815 804 412 816 814 807 817 816 807 817 399 416 818 371 804 818 815 443 818 804 815 819 797 808 819 808 809 819 809 406 820 806 46 820 46 45 821 806 820 821 382 806 821 820 45 822 813 371 822 818 443 822 419 813 822 371 818 823 382 821 824 814 816 824 816 817 824 817 416 825 812 797 826 797 819 826 825 797 827 25 24 828 412 411 828 428 443 828 411 428 828 443 815 828 815 412 829 421 422 829 819 406 829 406 421 829 826 819 829 422 826 830 410 396 830 812 420 830 396 398 830 420 410 830 398 812 831 25 827 831 827 832 833 402 823 833 821 45 833 823 821 834 822 443 834 419 822 835 831 433 835 26 25 835 433 424 835 424 26 835 25 831 836 812 825 836 826 422 836 825 826 837 838 824 837 824 416 839 420 812 840 839 812 840 812 836 841 836 422 841 440 840 841 840 836 841 439 440 841 422 439 842 434 433 843 837 416 843 842 837 844 45 44 844 833 45 845 402 833 845 844 44 845 833 844 846 402 845 847 419 834 848 418 419 849 839 840 849 840 440 849 420 839 850 843 416 851 416 429 851 850 416 851 852 850 853 843 850 853 842 843 853 850 852 854 848 419 854 419 847 855 442 459 855 443 442 856 834 443 856 459 467 856 467 470 856 847 834 856 470 854 856 854 847 856 855 459 856 443 855 857 436 420 858 848 854 858 854 470 859 420 849 859 857 420 860 453 455 860 440 453 860 455 859 860 859 849 860 849 440 861 427 846 861 845 44 861 846 845 862 418 848 862 158 418 862 848 858 863 434 842 863 842 853 863 853 852 864 428 427 864 442 428 864 458 442 865 451 444 865 434 863 865 444 434 866 436 857 866 859 455 866 857 859 867 429 423 867 423 436 868 865 863 868 863 852 869 858 470 869 158 862 869 862 858 870 44 43 870 861 44 871 861 870 871 427 861 871 870 43 872 429 867 872 851 429 872 852 851 873 872 867 874 427 871 874 864 427 874 458 864 875 436 866 876 465 875 876 875 866 876 455 463 876 463 465 876 866 455 877 873 867 878 451 865 878 865 868 879 869 470 880 156 158 881 869 879 881 880 158 881 879 485 881 158 869 882 872 873 882 852 872 883 868 852 883 878 868 883 63 878 884 875 465 885 873 877 885 877 886 885 477 882 885 886 884 885 478 477 885 882 873 887 878 63 887 451 878 888 874 871 888 458 874 888 871 43 889 61 451 889 62 61 889 451 887 889 63 62 889 887 63 890 883 852 890 852 882 891 156 880 891 880 881 891 881 485 892 882 477 892 890 882 892 473 890 892 479 473 892 477 479 893 883 890 893 890 473 894 43 42 894 888 43 895 466 458 896 163 156 897 885 884 897 478 885 897 884 465 898 458 888 898 888 894 898 895 458 898 894 42 899 156 891 899 896 156 900 485 484 900 891 485 900 899 891 900 484 899 901 478 897 901 475 478 901 465 474 901 474 475 901 897 465 902 63 883 902 883 893 902 893 473 903 902 473 903 473 64 903 64 63 903 63 902 904 466 895 904 898 42 904 895 898 905 163 896 905 896 899 906 169 163 907 163 905 907 906 163 908 905 899 908 484 494 908 907 905 908 899 484 909 42 41 909 904 42 910 909 41 910 904 909 910 466 904 911 466 910 912 169 906 912 906 907 912 908 494 912 907 908 913 177 169 914 494 498 914 912 494 915 169 912 915 913 169 915 914 498 915 912 914 916 911 910 916 910 41 916 488 911 917 177 913 917 913 915 917 915 498 918 41 40 918 916 41 919 495 488 920 488 916 920 918 40 920 916 918 920 919 488 921 187 177 922 921 177 922 177 917 923 498 502 923 917 498 923 922 917 923 502 922 924 495 919 924 920 40 924 919 920 925 187 921 925 921 922 925 922 502 926 495 924 927 39 926 927 924 40 927 926 924 927 40 39 928 495 926 929 195 187 930 929 187 930 187 925 931 502 506 931 925 502 931 930 925 931 506 930 932 195 929 932 929 930 932 930 506 933 926 39 933 928 926 933 499 928 934 200 195 935 934 195 935 195 932 936 510 935 936 935 932 936 506 510 936 932 506 937 39 38 937 933 39 938 933 937 938 937 38 938 499 933 939 499 938 939 504 499 940 935 510 940 934 935 940 200 934 941 939 938 941 504 939 941 938 38 942 204 200 942 512 204 943 942 200 943 200 940 944 941 38 944 38 37 945 508 504 946 941 944 946 944 37 946 945 504 946 504 941 947 940 510 947 943 940 948 508 945 948 946 37 948 945 946 949 512 942 949 942 943 949 516 512 949 943 947 949 947 950 951 950 947 951 510 511 951 947 510 951 511 518 952 513 508 953 508 948 953 952 508 954 37 36 954 948 37 954 953 948 954 36 953 955 949 950 955 950 951 956 513 952 956 953 36 956 952 953 957 518 958 957 951 518 957 955 951 959 516 949 959 957 958 959 949 955 959 955 957 960 516 959 961 517 513 962 513 956 962 961 513 963 36 35 963 956 36 963 962 956 963 35 962 964 960 959 964 959 958 965 516 960 965 522 519 965 960 964 965 519 516 966 964 958 966 965 964 967 517 961 967 962 35 967 961 962 968 958 518 968 518 517 969 517 967 970 969 967 970 34 969 970 35 34 970 967 35 971 75 522 971 76 75 971 522 965 971 965 966 972 968 517 972 527 526 972 517 969 973 958 968 973 972 526 973 968 972 974 76 971 974 971 966 974 966 958 975 972 969 975 527 972 975 969 34 975 34 33 975 33 527 976 974 958 976 958 973 977 973 526 977 525 523 977 526 525 977 976 973 978 523 77 978 974 976 978 977 523 978 976 977 978 77 76 978 76 974 979 209 208 979 534 1 979 536 534 979 208 536 979 547 209 979 548 547 979 549 548 980 568 95 980 570 568 980 572 570 980 574 572 980 95 101 981 577 575 981 574 980 981 980 101 981 575 574 981 581 577 981 105 581 981 101 105 982 596 595 982 603 596 982 595 590 982 30 603 983 982 590 983 583 580 983 580 982 983 584 583 983 590 584 984 588 224 984 224 593 985 984 593 985 588 984 985 591 588 985 239 591 986 114 589 986 610 609 986 589 610 986 122 114 987 601 600 987 610 589 987 611 610 987 631 611 987 589 601 987 600 631 988 619 236 988 223 225 988 228 223 988 236 228 989 602 592 989 235 602 989 233 235 989 222 233 989 592 222 990 619 988 990 605 619 990 225 605 990 988 225 991 127 122 991 122 986 991 615 622 991 986 609 991 627 127 991 622 627 991 609 615 992 619 235 992 254 626 992 626 619 992 235 254 993 253 624 993 624 236 993 236 633 993 639 253 993 633 639 994 636 640 994 13 12 994 647 13 994 12 636 994 640 647 995 277 658 995 647 277 996 653 647 996 658 660 996 995 658 996 647 995 997 661 653 997 660 661 997 653 996 997 996 660 998 672 662 998 662 276 998 270 664 998 269 270 998 276 269 998 664 672 999 657 665 999 293 278 999 643 657 999 280 643 999 665 682 999 682 293 999 278 280 1000 14 661 1000 661 666 1000 681 671 1000 666 681 1000 671 14 1001 656 275 1001 275 674 1002 656 1001 1002 664 656 1002 1001 674 1003 691 683 1003 683 672 1003 672 664 1003 664 1002 1004 671 680 1004 686 684 1004 684 15 1004 680 686 1004 15 671 1005 685 680 1005 678 685 1005 666 678 1005 681 666 1005 680 681 1006 689 688 1006 676 659 1006 704 689 1006 659 668 1006 688 676 1007 683 690 1007 704 1006 1007 1006 668 1007 690 694 1007 668 683 1007 694 704 1008 692 686 1008 686 685 1008 685 678 1008 1009 692 1008 678 331 1010 334 340 1010 340 349 1010 349 693 1010 695 334 1010 693 679 1010 317 695 1010 679 317 1011 16 684 1011 684 692 1011 692 1009 1011 706 700 1011 1009 706 1011 700 16 1012 714 332 1012 677 689 1012 332 677 1013 1009 1008 1013 1008 331 1013 331 708 1013 708 710 1014 17 700 1014 700 705 1014 715 17 1014 705 718 1014 718 715 1015 1013 710 1015 706 1009 1015 705 706 1015 1009 1013 1015 710 716 1015 716 705 1016 712 725 1016 1012 689 1016 725 1017 1016 689 703 1016 703 712 1016 714 1012 1016 1017 714 1018 726 733 1018 715 726 1018 731 18 1018 733 731 1018 18 715 1019 744 722 1019 1017 744 1019 713 714 1019 722 713 1019 714 1017 1020 732 726 1020 717 732 1020 726 718 1020 716 717 1020 718 716 1021 724 345 1021 345 347 1021 725 724 1022 1017 725 1022 1021 347 1022 725 1021 1022 740 744 1022 347 740 1022 744 1017 1023 749 736 1023 722 744 1023 736 722 1023 743 752 1023 744 743 1023 752 749 1024 19 731 1024 731 737 1024 745 19 1024 737 748 1024 748 745 1025 733 732 1025 732 734 1025 737 733 1025 747 737 1026 734 758 1026 1025 734 1026 747 1025 1026 758 761 1027 766 762 1027 754 766 1027 762 20 1027 20 745 1027 745 754 1028 754 748 1028 764 754 1028 761 764 1028 747 1026 1028 1026 761 1028 748 747 1029 762 775 1029 786 21 1029 775 789 1029 789 786 1029 21 762 1030 775 766 1030 764 765 1030 766 764 1030 788 775 1030 765 788 1031 377 387 1031 780 377 1032 778 777 1032 395 391 1032 777 381 1032 381 395 1032 391 778 1033 805 795 1033 397 805 1033 788 397 1033 789 788 1033 795 789 1034 1031 387 1034 785 780 1034 412 785 1034 387 403 1034 403 412 1034 780 1031 1035 803 805 1035 805 399 1035 807 803 1035 817 807 1035 399 817 1036 823 402 1036 376 382 1036 382 823 1036 402 387 1036 387 376 1037 838 832 1037 814 824 1037 24 814 1037 824 838 1037 827 24 1037 832 827 1038 402 846 1038 411 403 1038 403 402 1039 837 842 1039 832 838 1039 831 832 1039 433 831 1039 842 433 1039 838 837 1040 411 1038 1040 846 427 1040 427 411 1040 1038 846 1041 867 436 1041 886 877 1041 875 884 1041 877 867 1041 884 886 1041 436 875 1042 485 879 1042 470 469 1042 486 485 1042 469 486 1042 879 470 1043 466 911 1043 911 488 1043 469 467 1043 467 466 1043 488 469 1044 492 495 1044 496 493 1044 499 496 1044 495 928 1044 928 499 1044 493 492 1045 1 30 1045 979 1 1045 549 979 1045 30 982 1045 557 549 1045 563 559 1045 559 557 1046 93 571 1046 580 579 1046 982 580 1046 579 103 1046 103 93 1047 985 593 1047 239 985 1047 237 239 1047 593 237 1048 307 309 1048 674 307 1048 1003 1002 1048 1002 674 1048 691 1003 1048 309 691 1049 85 562 1049 89 85 1049 563 1045 1049 562 563 1050 1045 982 1050 89 1049 1050 571 89 1050 1049 1045 1050 1046 571 1050 982 1046 
355 654 1 0.497372659233119
20 20.5734285148067 -9.48333109150404 20 20.5734285148067 -9.48333109150404 4.27734141656408e-16 6.98542864692438 41.2277747886721 0.478921772903006 6.99548631850545 41.1902390473257 0.964646737862774 7.0252618412074 41.0791152837801 1.45654471963922 7.07415897696835 40.8966286887756 1.95398554299226 7.1415814877264 40.6450044530527 2.60906136580699 7.25617193679205 40.2173470750776 3.31466402043381 7.41025051446877 39.6423179948301 4.07542965246529 7.60958777954664 38.8983811937177 4.8946859513519 7.86033441870633 37.9625819965466 5.77428812479439 8.16875971566172 36.8115231179696 6.71435799650103 8.54093888258036 35.4225315575105 7.71291464480483 8.98236115821226 33.7751211972596 8.76540242336262 9.49743370062815 31.8528442993799 9.86414585789139 10.0888660599846 29.6455886850214 10.9977980743525 10.7569421357916 27.1522948267885 12.1509034774907 11.4987279398771 24.383912517608 13.3037596805945 12.3073278581397 21.3661765396559 14.4328120665758 13.1713804457683 18.1414883822144 15.5117963091953 14.0750435288023 14.7689718434072 16.5137019073813 14.9986977956444 11.3218471909247 17.3283299675746 15.8286775152426 8.22432070813234 18.0444832426431 16.6405232451648 5.19447119615483 18.6513089504853 17.4193507657819 2.28784731887921 19.142911162457 18.1526381490046 -0.448818451857292 19.5183477053184 18.830918355587 -2.9801946445912 19.7810665012962 19.4480043981227 -5.2831911079761 19.9379964335411 20.0008166997976 -7.34631470487566 19.9843550465851 20.2934546716938 -8.43845448421636 1.37861988708594e-15 22.5145713530756 -16.7277747886721 20.0310606036798 21.5497451562132 -13.1269944015081 20.0493406787824 22.3726374614764 -16.1980702939078 19.9904622124127 22.6813448086953 -17.3501817983986 19.9425290303258 22.7836904704738 -17.7321410080899 19.8794491584886 22.8701212628068 -18.0547051164152 19.7515706130099 22.9754101263072 -18.44764850447 19.639451705823 23.0316245933826 -18.6574437517158 19.5284731388611 23.0698906387631 -18.8002545772804 19.4104345342742 23.0987289911365 -18.9078807735445 19.2767746804234 23.1215444628843 -18.993029273306 19.1265893936615 23.1386455348473 -19.056851342736 18.958974490341 23.1503406878664 -19.1004982480054 18.7730257868148 23.1569384027823 -19.1251212552853 18.4950121507975 23.1583391846049 -19.1303490442176 18.0091767242749 23.1460766967499 -19.0845848165155 17.1112736552911 23.1002490086218 -18.9135535560282 14.7030139334698 22.9457781691703 -18.3370605349074 12.6919764074828 22.8276901188285 -17.896349931265 10.4752742562057 22.7206889326207 -17.4970160678675 8.30612603499556 22.6397538265706 -17.1949621399724 6.07816826056193 22.5792980224946 -16.9693380075484 3.75647110456491 22.538437844399 -16.8168457468893 1.94265585875409 22.5207872694974 -16.7509729045737 19.9805603027344 20.9056407046569 -10.7231638629188 19.8370504499815 21.1655351586358 -11.6931031697732 19.6340850585235 21.1952984463287 -11.8041812716434 19.260893578204 21.1165004779065 -11.5101032499585 18.9718642591587 21.0272054990646 -11.1768498520598 19.9710910797119 20.2565130139121 -8.30058634045925 19.8078611309144 20.1009001053284 -7.71983105931144 19.76474609375 20.3232030708111 -8.54947702116598 19.8279026031494 20.1333907215825 -7.84108768994064 19.9907215118408 20.6567931592947 -9.79445218028811 19.9045715332031 20.1104166610497 -7.75534732877622 19.9300569670028 21.0706103860656 -11.3388390956445 19.7483442845177 21.1929588961452 -11.7954499514917 19.4683150181455 21.1696536868107 -11.7084737261743 11.6798743164118 14.7625738874461 12.2030736132027 12.2231491088867 16.3412774329095 6.31127177144388 13.01513671875 16.5925691785131 5.37343820932881 5.02949183750831 13.1372368530592 18.2689140049576 4.78201753945157 11.2876191550932 25.1717812283454 3.84804281411956 11.1390054243265 25.7264152222691 3.961642419553 13.0099535953803 18.7439415895683 3.33404529235422 11.0711537195231 25.9796412319754 2.92100253167819 11.0237479486082 26.1565619776018 5.22822265625001 15.0002254439956 11.3161459296619 4.00924530029298 14.8939507170713 11.7127686101038 2.87146418611316 12.9131626790433 19.1051702070491 2.73223876953126 14.8153998319534 12.0059245043435 1.61585099859424 12.8414241385886 19.3729020848869 1.39616851806641 14.7667053918577 12.1876546288269 0.936851352453234 12.8197242746026 19.4538870798 16.4983685374462 21.5972811136758 -13.3044010099448 16.1444097427455 21.5438527048178 -13.1050034735191 6.57987182567053 16.9750315952625 3.94606903803441 6.39020538330079 15.1320914095103 10.8240154465719 4.83964877096861 16.8390377098234 4.4536051280118 4.04595769189885 16.7928281007688 4.62606173680137 3.34964420484201 16.759872706126 4.74905294399177 12.6806780363053 21.1160600071671 -11.50845939078 11.6144098912116 19.3187418217729 -4.80077660552107 10.5911715185389 19.1867150524228 -4.30804599434745 10.581312336066 20.9314548367857 -10.8195035155767 9.54897664285811 19.0704760438249 -3.87423610843877 9.22230557473489 20.8367149584107 -10.4659294759784 8.00398988993705 18.9283414452342 -3.34378256498476 8.18312553944353 20.7758808675751 -10.2388935581475 6.71283935875274 18.8342440443218 -2.99260628391971 6.46047577096628 20.6950109421061 -9.93708288749285 5.72663228196566 18.7760195249808 -2.77530941949291 5.01523067684162 18.7408250677561 -2.64396191698516 5.01360318642693 20.644523988855 -9.74866301284055 4.01862713011161 18.7005199691823 -2.49354124130383 3.92342998491556 20.6160512682408 -9.64240137287879 2.46210568188169 18.6571059199937 -2.3315178039696 3.08225959455566 20.5993194411083 -9.57995734391663 2.24057886952237 20.5868997456925 -9.53360640961055 0.862744235992435 18.635241405356 -2.24991832445903 1.37144666872296 20.5783976836236 -9.50187628200019 0.474422651529316 20.5740139254968 -9.48551587394268 19.75302236438 19.5590724222754 -5.69770261721016 19.6128660023887 19.1443886144793 -4.15008157743897 19.4195111318399 18.9154599068915 -3.29570800941013 18.8422048565925 17.8759665903557 0.583733862029837 17.5983846021847 16.3855920611924 6.14588732717365 19.8659378290176 20.1008980679808 -7.71982345582653 19.8697086601638 20.0206383618417 -7.42029015471497 19.8295178396273 19.9278497702057 -7.07399841636661 19.744387424135 19.7545504734057 -6.42723663579283 19.1096220237184 18.6202048837127 -2.19380126171719 18.7744031302177 18.4183134699905 -1.44033224809372 19.3469351499016 19.1249217305364 -4.07743017749916 19.2451658061955 19.1800620074749 -4.28321649257708 19.5391057203289 19.7277196198666 -6.32710252717464 19.1540513723677 19.2886545259055 -4.68848928868193 14.8841582993407 13.9263897416859 15.3237553296634 18.5250453696844 18.4048236046592 -1.38998738529018 18.2578660707267 17.8728769820581 0.595264437171975 17.6891196582872 17.3337303606638 2.60738702094445 19.9243146181107 20.5961699883012 -9.5682034260246 10.4249415821966 10.9946345415298 26.2652146920001 11.8798846059032 12.3800358583574 21.0948265887266 19.7313714745339 20.6755338326388 -9.86439332537639 19.01484375 19.6635178093682 -6.08749810845654 18.5511734591034 19.6548321905227 -6.05508293763019 18.2205925225496 19.4528054936963 -5.30110904058858 18.4262084960937 19.2227798114214 -4.4426415072929 17.68408203125 18.7308593362937 -2.60676930083284 8.03539635595381 11.2941530887663 25.1473962559041 8.58328794948301 12.2394547039884 21.6194825994184 8.47618421304858 11.4504997593665 24.5639025376302 1.67354120444991 8.04958641105269 37.2562839456763 0.235043185949326 8.92810757041067 33.977598343428 0.952484387130228 8.95149323535199 33.8903218536982 1.33041465487312 8.97489579987192 33.8029822938825 16.4228147984454 19.0613187614137 -3.84006066522084 17.6311911796856 19.5726525152088 -5.74838421400901 16.7801879882812 18.204817209712 -0.643553357508496 17.1281452754796 20.4440736280461 -9.00057208190603 15.70625 17.6617142574034 1.383334454248 2.06284195491621 9.04142285042933 33.5546999611245 1.74836343757109 10.9235123281483 26.5306464058866 2.39662161208487 10.9726607060569 26.3472221624222 3.75583481716089 10.2068283435626 29.2053474493314 2.79262029910173 9.13478223736328 33.2062779857235 18.2015751585609 20.7734804105131 -10.2299349304306 18.0237300106455 19.7595387011433 -6.44585295514928 10.6826762925296 15.1549574425297 10.738678249576 9.70068225400024 13.3584187567523 17.4434519026604 11.3814086914063 16.1006487033854 7.20931041578887 10.4888809204102 15.8728155931564 8.05959515880975 6.41881524326857 12.4825252638959 20.7123309200193 6.6888833573219 11.6941393674399 23.6546271415638 5.70817437013283 11.4675971369833 24.5000942556877 13.2313019702035 17.3487296062609 2.55140907430097 0.127578871324661 9.8975079124655 30.3597470140047 1.21161699562881 10.8944933431368 26.6389467323335 0.881091136095911 10.8818705774831 26.686055535085 0.548578166961671 10.8732001490401 26.7184140145577 7.31727563037199 14.3851207934011 13.6117477376525 7.49622802734376 15.2874160103996 10.2443361443876 8.54732513427736 15.4640666434477 9.58506700666311 18.3153880026434 21.8897829497131 -14.3960327233433 15.7026917279783 20.0704864091304 -7.60632559985407 8.72655027034028 16.3489917200301 6.2824816599659 7.77347837566796 17.098427648155 3.48554869918621 10.2930451162923 18.2935806511068 -0.974823030648633 12.5971552244182 19.4641130387367 -5.34330937318834 9.74234810652515 18.2194057527194 -0.697998541220608 13.3298980416191 20.3733961715167 -8.7368002231886 13.8763316341206 19.6842200112325 -6.16475977764269 14.5959909773374 21.331682226309 -12.3131724678583 0.705661201477053 14.7542207771981 12.2342478450493 0.314836341142656 12.8100763554394 19.4898936043044 15.5041025029019 22.2110243821781 -15.594922070799 6.18658261649971 17.8678232124703 0.614125362043247 0.560358916595577 15.7227737797182 8.61955882982082 1.89904666581181 16.7126236998374 4.92538863606801 2.63408987970956 16.7330540826613 4.8491414093509 1.16875067353249 16.699169257013 4.97560130027614 0.208001555874948 17.661920662433 1.38256414019029 8.80012439568983 21.730102303391 -13.8000964382837 4.42579457899488 21.5873370102113 -13.2672891105796 19.8059594353739 19.5598855202485 -5.7007371401574 19.8214442881467 19.6854804037028 -6.16946362637927 19.9483258727609 20.1424837764227 -7.87502343260035 19.2755155627137 18.5260653353889 -1.84246768437108 19.0013456330072 18.2849281121653 -0.942531315704617 18.4803766366742 17.6210089924875 1.53524857104957 18.2698261398818 17.1416771649727 3.32413930501961 19.4788371556648 19.2360253023227 -4.49207435230781 19.8370729869233 20.0942634407919 -7.69506269006819 19.5209918386231 19.4548866188817 -5.30887590551742 17.8623901014446 16.9316565687594 4.10794684072365 18.057141639701 17.400942632185 2.35654740873538 17.3752349644952 16.293474525853 6.48967464932823 17.1531719859221 16.2248248618825 6.74587868318885 18.6304311543173 18.024736610884 0.0285165867749306 19.6178926606329 19.6742344302108 -6.12749308192682 19.7223017334832 19.9031075407616 -6.98165915898874 15.1968713760241 13.9870446483981 15.0973881360848 16.5088707496058 15.6388752127282 8.93267254450996 15.8105055882825 15.050905735861 11.1270045054778 16.6175110987706 16.0761668434131 7.30067796106902 16.8853701785967 16.1372717070705 7.07263150531005 17.8725254551586 17.3561441018565 2.52373780002541 17.381582959783 16.745112689123 4.80413807736759 18.6489194662981 18.4017303782676 -1.37844330723744 15.061248585449 14.4652771293367 13.3126002193923 14.5734579150234 13.8928978867845 15.448748633795 14.2642718246017 13.8863500912109 15.4731853395534 14.3252718763827 13.7104057619806 16.1298185155444 13.7568285383522 13.5388873165176 16.7699340684476 16.3498070035273 16.0413981198021 7.43043660409979 18.9803890256312 19.234023376106 -4.48460306195422 18.8005365680895 19.2047389415756 -4.37531206441565 17.6018606252099 17.57775006027 1.69669310396658 17.099301567369 16.9978969805138 3.86073425854171 17.046419045462 16.7801250643506 4.67347011412466 16.7571295724007 16.7305741289124 4.85839672274236 16.0821368979543 16.0328109865736 7.46248422159982 19.9095569167808 20.7256199293355 -10.0513171830015 13.7644022355814 13.7817000038987 15.863744782419 13.2555970014755 13.7165696351128 16.1068146278437 14.5289420374272 14.988533300022 11.3597816050209 12.8402381512278 12.9492517074555 18.9704841194192 13.5058750782429 13.6165618052959 16.480048929875 15.3344081323937 15.5083731977865 9.41971269476231 15.8801434046082 16.0954616863504 7.22866862690325 15.6797304202598 16.1796235975508 6.9145720982411 16.4647578400882 16.7094475567935 4.93724216328017 18.6156212423724 19.2009614894221 -4.36121442105585 18.2831627894605 18.9500967054183 -3.42497430132373 10.8795001271852 11.8363704996959 23.1238133295664 16.1686665925377 16.7166153664163 4.91049153358882 15.8677419575103 16.7518869378853 4.77885623680386 9.84847781843776 11.0038967395854 26.2306476982668 9.84281693988044 11.3233863619435 25.0382961951355 9.2581772265764 11.0560292210562 26.036086628693 18.7903901105702 19.6452571596278 -6.01934843584626 13.6675176559009 14.478173526835 13.264470208694 12.7519140306608 13.9821761117806 15.1155577621 11.332528052944 12.6733165640731 20.000288094116 14.0737261563033 15.2328359736801 10.448031614504 11.783910204553 13.5054232884137 16.894823521557 12.2310441729219 14.3315411745079 13.8117095976122 10.7652852204234 13.0527972902894 18.5840467433836 15.3845463986398 16.7193809642453 4.90017018197773 15.2803964157091 16.4113149758595 6.04988810271727 8.65890631259933 11.1545284184615 25.6684826194718 9.23533161468196 11.7396429750217 23.484805366141 4.8587550589572 8.26353315345771 36.457823832907 14.4764710818929 15.981893375296 7.65251133388797 14.8756790400286 16.7253040179035 4.87806504478931 13.6085250468143 15.5608735026142 9.22377888973253 18.2963124870855 19.6927932906064 -6.19675569185354 15.8856504102518 17.4893719078807 2.02652485896251 17.9360460978943 19.4978568980716 -5.46924317066945 9.69781812111802 12.6291803509626 20.1650066838979 10.2456501753927 13.1889279413941 18.0760002369933 11.0070936030789 13.825578150882 15.6999893085351 12.6763841713588 15.1528890944517 10.7463974296908 13.7584060668945 16.8523913369801 4.40376871299767 7.38114273949918 11.4742674550134 24.475200289897 7.62579701963708 11.9458038469007 22.7154025177559 14.3358171951872 16.7696838206754 4.71243736601473 14.4539916992188 17.1186113050948 3.41022226600447 5.94460564600115 10.6659712108256 27.4918029407728 5.21793168412408 10.9277448426828 26.5148504466 8.11144087359771 12.8835652607183 19.2156292760107 13.8676112039512 17.2148135851493 3.05119046903697 14.8922459368751 18.5277948193518 -1.84892220639111 15.6998706064573 18.7952359079332 -2.84702593700874 8.58963941029886 13.81403046905 15.743085843842 9.07139934538094 14.7403494271628 12.2860164281506 9.54453125000001 15.6599107054386 8.8541670169525 11.9104233783213 16.6161997306889 5.28524778799756 11.1538149790225 16.8113127983078 4.55707590642323 11.9050598160437 17.7560785277715 1.0311622028148 14.842680179465 19.8769692789625 -6.88410983793281 0.0764254269422985 12.323650406253 21.3052599607881 8.05073424492589 18.0264219329428 0.0222268792245472 14.1760308596373 21.6802786680885 -13.614152099917 1.47727592715855 17.1881599031149 3.1506633645981 9.738253873113 21.3222848573008 -12.2781010092622 5.49021598032949 21.1354086585789 -11.5806695409067 6.73233606195596 21.6486074138363 -13.4959533699085 7.5188369059684 22.145609200526 -15.350789289287 3.24093492797711 22.049389564564 -14.9916927191909 19.6229672885135 19.3754382173921 -5.01237043457806 16.3314124958586 14.9831424537378 11.3799005172493 16.1533936968307 14.9867737758135 11.3663482387643 16.910818514091 15.6887549462123 8.74651884487919 17.6224648961687 16.8256302767683 4.50364234937243 18.444961355644 17.9370230081253 0.355868208785273 15.979757224386 15.0094225662857 11.2818218019918 17.2124176419969 16.7524316101432 4.77682349226378 18.1757428087528 18.2240483784395 -0.715325056288592 17.8045772733094 18.0771577795318 -0.167121878010724 14.4251958221712 14.1102040050162 14.6377511597587 19.9612511282225 20.7071003434769 -9.98220114764199 18.4526611981651 18.6888573759129 -2.45001585067432 15.8536339801764 15.7654343990808 8.46034723087742 19.8336074935423 20.7144112985098 -10.0094860032764 17.0456060721409 17.4181758624994 2.29223211762339 16.9127838320241 17.4230713533934 2.27396189687916 12.3172062803392 13.1837489053513 18.0953286626395 14.9067142291425 15.7029221750763 8.69364602695647 5.79384669679693 8.37232502102491 36.0518070556959 5.32055210663638 8.20635742415627 36.6712065596197 10.3043179531161 12.190279093292 21.8030084770306 13.1815686536079 14.7741229784586 12.1599718187629 4.38737708193911 8.34028966777675 36.1713646216564 3.9047786242604 8.43661450845675 35.8118754222077 3.34577286654963 8.3137223621549 36.2705151560574 2.78717345369732 8.2078169926397 36.6657593758824 7.00326187391487 10.9607733595064 26.3915863437157 7.33365490320709 10.8659001551747 26.7456579625584 2.22956727117392 8.11955335668202 36.9951637497373 8.91911554917667 13.1125417888806 18.3610772391686 4.86145438836553 10.4134288148142 28.4343039937524 7.2779201355371 12.673042107359 20.0013123805174 9.89470587440137 14.9409669268558 11.537301726409 12.2348543146951 17.0725923359248 3.58196739705849 8.21238112439544 14.5545767728712 12.979329412624 13.5065075902606 18.131561272002 -0.370158476018487 0.963238703158426 11.610247924564 23.9677142686969 9.98533121397463 16.5688071931096 5.46211914614308 0.677505613810379 11.602857240621 23.9952966766751 10.3703284683556 17.0522655426961 3.65782802214296 13.4931136551567 22.2372090109183 -15.6926444356345 19.8194346574553 19.754880353388 -6.42846776464753 17.1183800220424 15.7478526239548 8.52596330893495 16.7082089196963 15.65316045063 8.87935931086214 17.3276822234305 17.4883506238891 2.03033634270812 5.32830500295694 8.31032139044251 36.2832077552831 8.00386244590194 10.9995168320744 26.2469937356301 6.64752895530744 10.7544622592574 27.1615498520104 12.7336305276454 17.9403307314429 0.343523617306761 9.1347423354641 17.0569354048444 3.64039985934128 11.7271177683304 21.7859749643826 -14.0086160478583 8.64012940179024 11.0125128133912 26.1984920730618 10.3410013560317 21.752964690413 -13.8854200282323 0 0 0 1 2 0 1.96182248044488 0 1.92364496088976 0 1.88546744133464 0 1.84728992177951 0 1.79757216464468 0 1.74459667339823 0 1.68799048672399 0 1.62744167192504 0 1.56269217796729 0 1.49353612092022 0 1.41982459129627 0 1.34147768949341 0 1.25850419015607 0 1.1710285232534 0 1.07932317431374 0 0.983841827532843 0 0.885244823631244 0 0.784405160555893 0 0.682383143019899 0 0.590565840183065 0 0.499687973314607 0 0.410592551015609 0 0.324024059657781 0 0.240592533749341 0 0.160758595880041 0 0.0848367366943545 0 0.0424183683471773 0 2 1 0.174013548585513 1 0.382829806888129 1 0.496569716405343 1 0.543751067769353 1 0.589846001415541 1 0.658473533481479 1 0.704797117625986 1 0.743400104413076 1 0.779143610697418 1 0.814887116981761 1 0.850630623266103 1 0.886374129550445 1 0.922117635834788 1 0.969775644213911 1 1.0412626567826 1 1.14849317563562 1 1.35679199137375 1 1.48673533267342 1 1.60512025173291 1 1.70451697905423 1 1.79467136656926 1 1.87900376103806 1 1.93950188051903 1 0.125 0.75 0.316414903444065 0.75 0.441414903444065 0.75 0.584375533884676 0.75 0.664898558812993 0.75 0.0625 0.125 0.198104592086794 0.375 0.25 0.5 0.1875 0.375 0.0625 0.625 0.125 0.25 0.220707451722032 0.75 0.378914903444065 0.75 0.51289521866437 0.75 1.29525903023005 0.375 1.3125 0.5 1.25 0.5 1.73302416834956 0.375 1.71604833669911 0.25 1.77378608232234 0.25 1.79314304116117 0.375 1.80503608232234 0.25 1.82989496088976 0.25 1.75 0.5 1.8125 0.5 1.85244748044488 0.375 1.875 0.5 1.91841124022244 0.375 1.9375 0.5 1.953125 0.375 1.13658581995039 0.875 1.17232932623473 0.875 1.70737924476356 0.625 1.6875 0.5 1.79241784164231 0.625 1.82912594025952 0.625 1.86037594025952 0.625 1.44194066418015 0.875 1.46211766633671 0.75 1.52461766633671 0.75 1.56486895903481 0.875 1.58381012586646 0.75 1.63493937063002 0.875 1.66475848952712 0.75 1.68463773429067 0.875 1.72725848952712 0.75 1.76096492804819 0.875 1.77233568328463 0.75 1.80358568328463 0.75 1.82021162354414 0.875 1.84575188051903 0.75 1.86237782077855 0.875 1.90825188051903 0.75 1.89362782077854 0.875 1.92387688051903 0.875 1.96875 0.75 1.95412594025952 0.875 1.984375 0.875 0.184576794401081 0.125 0.223101500254307 0.0625 0.285444404628573 0.125 0.39256618897159 0.0625 0.576533339580557 0.0625 0.15625 0.3125 0.146209184173589 0.25 0.167418368347177 0.25 0.20537929794002 0.25 0.370370340068188 0.1875 0.455296275507804 0.25 0.330296275507804 0.25 0.372722206630853 0.3125 0.306626364920348 0.375 0.415148137753902 0.375 0.869459018925868 0.0625 0.522942691777322 0.3125 0.545282920091532 0.25 0.630737245800741 0.25 0.15625 0.5625 1.24465090755508 0.0625 1.15931942181121 0.125 0.314457451722032 0.625 0.5 0.5 0.634974639703248 0.5625 0.697474639703248 0.5625 0.625 0.5 0.75 0.5 1.47792860714587 0.1875 1.46551806046011 0.25 1.44667860714587 0.1875 1.87938682122342 0.0625 1.984375 0.125 1.9366531005561 0.125 1.91148372066732 0.125 0.992073638624967 0.625 0.832449279406497 0.625 0.875 0.5 0.984147277249933 0.75 1 0.5 1.86260864171727 0.125 1.89932248044488 0.25 1.86114496088976 0.25 1.76489094973317 0.1875 1.81373356276722 0.125 0.824522918031463 0.75 0.769949279406497 0.625 1.39762951511503 0.4375 1.41330255960685 0.3125 1.375 0.5 1.4375 0.5 1.6321851286666 0.3125 1.59384608898364 0.25 1.65747083596252 0.25 1.26334899892172 0.5625 1.9921875 0.1875 1.93057248044488 0.25 1.94966124022244 0.25 1.96875 0.25 1.61651208417478 0.4375 1.625 0.5 1.5625 0.5 0.899517197115847 0.875 1.1437716364684 0.75 1.57243962238178 0.5625 1.64487924476356 0.625 1.52101262022522 0.6875 1.39714599568687 0.75 1.55349845555014 0.6875 1.37266832993351 0.8125 1.30339599568687 0.75 1.30713499520744 0.875 1.96875 0.5 1.984375 0.375 1.26456065880424 0.9375 1.73985746402409 0.6875 1.9765625 0.5625 1.92287594025951 0.625 1.89162594025952 0.625 1.953125 0.625 1.9921875 0.6875 1.66972817484212 0.9375 1.8496076922911 0.9375 0.153969118474331 0.03125 0.153405342213948 0.09375 0.0837091841735886 0.125 0.307833844612948 0.0625 0.377427979933056 0.125 0.46941155523754 0.125 0.484549764276073 0.0625 0.287874819004104 0.21875 0.177177296043397 0.34375 0.289050752285437 0.28125 0.561395130542023 0.125 0.554337490677156 0.1875 0.614956022713532 0.09375 0.653378705846507 0.125 0.462353915372672 0.1875 0.264486103315427 0.3125 0.231438182460174 0.34375 0.826932089740881 0.03125 0.728662248708841 0.125 0.803945791571175 0.125 0.741540643062227 0.1875 0.697459674454367 0.15625 0.592537368238948 0.21875 0.647939066869691 0.1875 0.489119483642563 0.28125 0.879229334433509 0.125 0.911985948110856 0.09375 0.954512877295844 0.125 0.934912285345771 0.09375 1.00036555176567 0.125 0.785621611670087 0.21875 0.467611103315427 0.40625 0.520074068876951 0.4375 0.669232061300891 0.3125 0.723129338312601 0.28125 0.716191571509949 0.25 0.765856501167205 0.28125 0.829702580277947 0.25 0.188478725861016 0.625 1.0142504066816 0.15625 1.07398793606735 0.1875 0.988656450323487 0.25 1.07984248678844 0.125 1.03717674391651 0.15625 0.909179515300717 0.25 0.866614757743203 0.28125 0.90352693520846 0.3125 0.815521430824461 0.3125 0.572537034438476 0.46875 0.635037034438476 0.46875 1.23879635683398 0.125 0.865186360481717 0.34375 0.914851290138973 0.375 1.30333101643158 0.09375 1.31827329185676 0.125 1.36201112530809 0.125 0.567487319851624 0.53125 1.06813338534626 0.25 1.14761032036903 0.25 1.23294180611289 0.1875 1.062480805254 0.3125 1.2270872553918 0.25 1.22143467529954 0.3125 1.30656419041457 0.25 0.98301346760423 0.40625 0.977351290138973 0.375 1.41996986622698 0.15625 1.39189567615843 0.1875 1.64163989765671 0.03125 1.05682822516174 0.375 1.05117564506949 0.4375 1.13630516018451 0.375 0.702461959554872 0.59375 0.963087822534743 0.46875 0.764961959554872 0.59375 1.38604112543734 0.25 1.35993337501071 0.28125 1.3173686174532 0.3125 1.21578209520728 0.375 1.1875 0.5 1.53588734806476 0.21875 1.53134608898364 0.25 1.11933782253474 0.46875 1.125 0.5 1.62140977843952 0.1875 1.67936851935841 0.21875 1.52274384413673 0.3125 1.19417449946086 0.53125 1.15169799784344 0.625 1.0718858182342 0.625 1.51490732189081 0.375 1.5070707996449 0.4375 1.5 0.5 1.35042449946086 0.53125 1.41789431065175 0.5625 1.39218080957347 0.625 1.22358381607764 0.75 1.99609375 0.34375 1.64667795978711 0.6875 1.35325066149219 0.90625 1.94190672012976 0.65625 1.61729856693847 0.90625 1.80528631016965 0.90625 1.75966793356661 0.9375 1.73219977070569 0.96875 1.89455478640507 0.96875 0.236225806702593 0.171875 0.712773805157718 0.03125 0.743164467295537 0.0625 0.659848903438047 0.0625 0.604667098705857 0.15625 0.503818417732102 0.21875 0.773555129433356 0.09375 0.68206531918982 0.21875 0.595370220814014 0.34375 0.667797749850706 0.375 0.946739870557553 0.140625 0.125489362930508 0.625 0.567704426583066 0.390625 0.847400563485402 0.234375 0.251468088791524 0.625 0.766492055166212 0.359375 0.79132451999484 0.375 1.15346487109012 0.1875 0.98300387023123 0.3125 1.56758800928846 0.015625 1.602166037812 0.015625 1.31241874113566 0.1875 1.14195774027677 0.3125 1.68111375750142 0.046875 1.72058761734613 0.0625 1.76028741831545 0.0625 1.79998721928477 0.0625 1.54966919279269 0.1875 1.52068982233325 0.171875 1.83968702025409 0.0625 1.46802320187179 0.3125 1.69315036408634 0.1875 1.57746448640166 0.3125 1.45235015737997 0.4375 1.34062165478673 0.5625 1.56179144190984 0.4375 1.27193940370845 0.625 1.94770811522244 0.296875 1.49516696651676 0.5625 1.96333311522244 0.296875 1.48231021597762 0.59375 1.41999299708281 0.953125 0.159967495438091 0.1484375 0.625207371810556 0.03125 0.694255576073444 0.09375 0.717862058233552 0.3359375 1.60461395347259 0.0234375 1.47032984428011 0.1640625 1.57104980038638 0.1796875 1.33206010664096 0.625 1.56359473037059 0.609375 1.51864578201064 0.9296875 1.4161704847941 0.14453125 1.59418697842638 0.93359375 55 32 2 56 33 32 57 34 33 58 36 35 58 37 36 59 37 58 59 38 37 60 1 30 61 62 63 64 2 1 64 1 60 64 55 2 64 60 65 66 32 55 66 56 32 67 33 56 67 57 33 68 58 35 68 35 34 68 34 57 69 70 71 72 73 74 75 76 77 75 74 76 75 72 74 75 78 72 75 79 78 80 81 79 80 75 77 80 79 75 82 83 81 82 81 80 84 83 82 85 47 46 86 47 85 87 88 78 89 87 78 89 78 79 90 79 81 90 89 79 91 90 81 92 93 94 95 94 96 95 92 94 97 95 96 97 96 98 99 98 100 99 97 98 101 99 100 101 100 102 101 102 103 104 101 103 104 103 105 106 104 105 106 105 107 108 106 107 109 108 107 109 107 110 111 109 110 112 111 110 113 114 115 116 26 25 117 24 23 118 64 65 118 63 64 118 65 119 118 119 120 118 120 121 122 123 124 125 124 123 126 125 127 126 62 61 128 20 19 129 127 125 129 130 131 132 64 63 132 63 62 133 16 15 133 17 16 134 18 17 134 17 133 135 57 67 135 68 57 135 67 56 135 62 136 137 68 135 137 58 68 138 137 139 138 139 140 141 142 143 144 4 3 144 5 4 144 6 5 144 7 6 144 3 145 144 146 147 144 145 146 148 149 150 148 151 149 148 150 152 153 144 147 153 154 155 156 77 76 156 157 153 156 74 73 156 76 74 156 155 77 156 153 155 158 59 159 158 159 149 158 149 151 160 69 161 160 70 69 160 162 70 160 163 162 164 165 166 164 166 73 164 73 72 167 71 70 168 145 3 168 169 154 168 170 169 168 171 170 168 153 147 168 154 153 168 147 146 168 146 145 172 173 174 172 164 72 172 78 88 172 72 78 172 88 173 175 85 46 175 38 59 175 59 158 175 39 38 175 40 39 175 41 40 175 42 41 175 43 42 175 44 43 175 45 44 175 46 45 175 158 151 175 151 85 176 85 151 176 86 85 177 174 173 177 87 178 177 88 87 177 173 88 179 93 180 179 94 93 181 96 94 181 94 179 182 180 93 182 183 180 182 93 92 184 182 92 185 83 84 185 84 186 187 48 47 187 47 86 187 86 184 188 90 91 188 102 100 188 100 98 188 103 102 188 105 103 188 87 89 188 89 90 188 91 105 189 190 191 189 191 91 189 192 190 189 81 83 189 83 185 189 91 81 193 112 110 193 31 112 193 192 189 193 110 107 194 51 50 195 106 108 195 108 109 196 28 27 196 29 28 196 30 29 196 27 114 196 60 30 197 60 196 197 196 114 197 114 113 197 113 198 197 198 60 199 27 26 199 115 114 199 114 27 199 26 116 200 115 199 200 199 116 200 116 201 200 122 115 202 25 24 202 201 116 202 24 117 202 116 25 203 122 124 204 63 118 204 61 63 205 203 124 205 121 203 205 124 125 206 201 202 206 202 117 206 207 201 208 206 117 208 209 206 210 200 201 210 122 200 210 123 122 210 201 207 211 121 205 211 205 125 211 118 121 211 125 126 212 204 118 212 61 204 212 211 126 212 126 61 212 118 211 213 21 20 213 20 128 214 215 216 217 214 216 217 209 214 218 131 130 219 218 207 219 217 216 220 129 125 220 130 129 220 123 130 220 125 123 221 222 223 221 215 128 221 128 222 224 18 225 224 19 18 224 223 222 224 222 128 224 225 223 224 128 19 226 216 215 226 215 221 227 126 127 227 62 126 227 136 62 227 127 129 227 228 136 229 129 131 230 131 231 230 229 131 232 230 231 232 231 226 232 226 233 234 66 55 235 236 237 238 225 18 238 18 134 239 235 225 239 238 236 239 236 235 239 225 238 240 235 237 241 242 243 241 240 242 241 233 240 241 232 233 241 243 232 244 136 228 245 139 244 245 140 139 246 134 133 247 242 248 247 243 242 249 15 14 249 250 246 249 246 133 249 251 250 249 133 15 249 14 251 252 135 136 252 139 137 252 244 139 252 136 244 252 137 135 253 236 254 253 237 236 255 134 246 256 237 253 257 258 254 257 255 259 257 259 258 260 248 261 262 263 251 262 143 263 264 11 10 265 266 260 265 267 266 265 256 267 265 260 261 268 59 58 268 159 59 268 58 137 268 137 138 269 260 266 269 248 260 269 266 152 269 150 248 269 152 150 270 138 140 270 149 159 270 150 149 270 140 150 270 159 268 270 268 138 271 142 161 271 143 142 271 263 143 272 259 271 272 271 161 273 69 258 273 161 69 273 259 272 273 272 161 273 258 259 274 69 71 274 258 69 274 71 275 276 277 142 276 165 277 276 142 141 278 275 279 278 266 267 278 152 266 278 279 152 278 274 275 278 267 274 280 165 276 281 166 165 281 73 166 281 156 73 281 165 280 282 142 277 283 279 275 283 71 167 283 167 284 283 275 71 285 283 284 285 284 176 285 151 148 285 148 152 285 279 283 285 152 279 285 176 151 286 160 161 286 164 172 287 174 288 289 167 70 289 70 162 289 162 163 290 289 163 291 179 180 292 176 284 292 86 176 292 183 182 292 182 184 292 184 86 293 189 185 293 31 193 293 3 31 293 171 168 293 168 3 293 193 189 293 84 82 293 186 84 293 185 186 294 188 98 294 178 87 294 98 96 294 181 178 294 96 181 294 87 188 295 184 92 295 187 184 296 191 190 296 91 191 296 190 192 296 193 107 296 192 193 296 107 105 296 105 91 297 95 97 297 99 194 297 97 99 298 101 104 298 104 106 298 106 195 299 194 99 299 99 101 299 195 52 299 298 195 299 101 298 300 51 194 300 194 299 300 299 52 300 52 51 301 195 109 301 52 195 301 109 111 301 111 112 301 112 31 301 53 52 301 54 53 301 31 54 302 122 203 302 203 121 302 121 120 302 113 115 302 115 122 303 22 21 303 213 304 303 21 213 305 303 304 305 208 117 306 206 209 306 207 206 306 209 217 306 217 219 306 219 207 307 123 210 307 210 207 307 207 218 307 218 130 307 130 123 308 304 213 308 213 128 308 128 215 308 215 214 309 231 131 309 131 218 309 218 219 309 219 216 309 216 226 309 226 231 310 129 229 310 229 311 312 225 235 312 221 223 312 235 240 312 223 225 313 234 55 313 64 132 313 132 234 313 55 64 314 129 310 314 311 245 314 245 244 314 310 311 314 227 129 314 228 227 314 244 228 315 221 312 315 240 233 315 312 240 315 226 221 315 233 226 316 62 135 316 234 132 316 56 66 316 132 62 316 135 56 316 66 234 317 243 247 318 311 317 318 245 311 318 140 245 318 247 248 318 317 247 318 150 140 318 248 150 319 254 236 319 238 134 319 236 238 319 257 254 319 255 257 319 134 255 320 248 242 320 242 240 320 261 248 320 265 261 320 256 265 320 240 237 320 237 256 321 13 12 322 12 11 322 11 264 322 321 12 323 251 263 323 271 259 323 246 250 323 250 251 323 263 271 323 259 255 323 255 246 324 256 253 324 253 254 324 254 258 324 267 256 324 258 274 324 274 267 325 10 9 325 264 10 325 9 326 325 326 280 327 9 8 327 157 326 327 8 328 327 326 9 327 328 157 329 141 330 329 280 276 329 276 141 331 8 7 331 144 153 331 153 157 331 7 144 331 328 8 331 157 328 332 142 282 332 286 161 332 282 286 332 161 142 333 157 156 333 326 157 333 280 326 333 156 281 333 281 280 334 286 282 334 164 286 334 277 165 334 165 164 334 282 277 335 287 288 335 286 287 335 160 286 335 288 163 335 163 160 336 289 290 336 290 291 336 167 289 337 287 286 337 174 287 337 172 174 337 286 172 338 167 336 338 284 167 338 183 292 338 292 284 339 293 82 339 77 155 339 155 154 339 154 169 339 169 170 339 80 77 339 82 80 340 288 174 340 163 288 340 290 163 340 174 177 341 170 171 341 339 170 341 171 293 341 293 339 342 179 291 342 290 340 342 291 290 343 295 92 343 48 187 343 187 295 343 49 48 344 113 302 344 302 120 344 119 65 344 198 113 344 120 119 344 65 60 344 60 198 345 23 22 345 117 23 345 303 305 345 22 303 345 305 117 346 209 208 346 208 305 346 304 308 346 305 304 346 214 209 346 308 214 347 317 311 347 243 317 347 311 229 347 229 230 347 230 232 347 232 243 348 330 321 348 321 322 348 322 264 348 264 330 349 321 330 349 330 141 349 141 143 349 143 262 350 264 325 350 325 280 350 329 330 350 280 329 350 330 264 351 338 336 351 336 291 351 180 183 351 183 338 351 291 180 352 342 340 352 179 342 352 340 177 352 178 181 352 177 178 352 181 179 353 343 92 353 50 49 353 92 95 353 49 343 354 14 13 354 262 251 354 13 321 354 349 262 354 321 349 354 251 14 355 194 50 355 95 297 355 297 194 355 353 95 355 50 353 
1040 1999 1 0.0462505837362456
4.27734141656408e-16 6.98542864692438 41.2277747886721 0.478921772903006 6.99548631850545 41.1902390473257 0.964646737862774 7.0252618412074 41.0791152837801 1.45654471963922 7.07415897696835 40.8966286887756 1.95398554299226 7.1415814877264 40.6450044530527 2.60906136580699 7.25617193679205 40.2173470750776 3.31466402043381 7.41025051446877 39.6423179948301 4.07542965246529 7.60958777954664 38.8983811937177 4.8946859513519 7.86033441870633 37.9625819965466 5.77428812479439 8.16875971566172 36.8115231179696 6.71435799650103 8.54093888258036 35.4225315575105 7.71291464480483 8.98236115821226 33.7751211972596 8.76540242336262 9.49743370062815 31.8528442993799 9.86414585789139 10.0888660599846 29.6455886850214 10.9977980743525 10.7569421357916 27.1522948267885 12.1509034774907 11.4987279398771 24.383912517608 13.3037596805945 12.3073278581397 21.3661765396559 14.4328120665758 13.1713804457683 18.1414883822144 15.5117963091953 14.0750435288023 14.7689718434072 16.5137019073813 14.9986977956444 11.3218471909247 17.3283299675746 15.8286775152426 8.22432070813234 18.0444832426431 16.6405232451648 5.19447119615483 18.6513089504853 17.4193507657819 2.28784731887921 19.142911162457 18.1526381490046 -0.448818451857292 19.5183477053184 18.830918355587 -2.9801946445912 19.7810665012962 19.4480043981227 -5.2831911079761 19.9379964335411 20.0008166997976 -7.34631470487566 19.9843550465851 20.2934546716938 -8.43845448421636 20 20.5734285148067 -9.48333109150404 4.80029693981121e-16 7.83947982904682 40.9842489925083 5.33280298900727e-16 8.70912820369135 40.6408270247035 5.9187574982778e-16 9.66606453778947 40.1601744010828 6.53863560042265e-16 10.6784023033827 39.5425266891545 7.19238031213767e-16 11.746048439673 38.7768235971016 7.87875254803055e-16 12.8669793666485 37.8528119412398 8.59517432793817e-16 14.0369849231998 36.7618788678827 9.33760288795565e-16 15.2494627748292 35.4979269566114 1.01004619133265e-15 16.4953061084369 34.0582397502386 1.08766609269749e-15 17.7629352961975 32.4442550888108 1.16577317648756e-15 19.0385207767531 30.6621380888752 1.24340993768681e-15 20.306425306505 28.7230382315068 1.31954826445125e-15 21.5498585448468 26.6429375412193 1.3931393454739e-15 22.7516921032882 24.4420532440573 1.45635129159702e-15 23.7840215254061 22.3773693839991 1.51597923354882e-15 24.7578197175594 20.2528477573909 1.57142470732909e-15 25.6633130209163 18.0874464455435 1.62218818432774e-15 26.4923435141817 15.8997756154557 1.66787804090236e-15 27.238515497915 13.7074344363119 1.69627484540842e-15 27.7022705091694 12.2015287729618 1.72237655677227e-15 28.1285438049804 10.6865398213216 1.04889896744422 28.1368835597532 10.6383651526151 2.06198966073399 28.1496108266354 10.4989661650748 3.07216848822281 28.1656054711927 10.2648573812037 4.06970922434698 28.1830960964729 9.93616296564661 5.05882203348699 28.2002130356937 9.5101695845012 6.0433507978335 28.2146911380468 8.98271482209925 7.02672466924665 28.2236776238512 8.34832517741772 8.01190917066898 28.2234795097854 7.60042853469023 9.00132051375934 28.2092282308788 6.73171289952343 9.99661771699 28.1744388332525 5.73481220112376 10.9981810424655 28.1104689538929 4.60375006235908 12.0038760299044 28.0060122395259 3.3371004967918 13.0064436157022 27.8471796237524 1.94462932136049 13.9027082484687 27.6367049466925 0.599480253979078 14.8452246687043 27.3019740332855 -0.896765989454262 15.6327814805714 26.9400378437384 -2.23223841371638 16.3429644349752 26.5280857026755 -3.49775279409249 16.9664999402443 26.0775524729916 -4.64904754116441 17.5045981405671 25.5999285769728 -5.66309658402728 17.9651690117961 25.1042803857818 -6.53504514101262 18.3585206951809 24.5969051792242 -7.27064861557704 18.694863518839 24.0817910934591 -7.88036012334813 18.9833287650153 23.5610737279281 -8.37595969736768 19.2317382942669 23.0353143106034 -8.76880611639369 19.4466513240091 22.503650348028 -9.06889147156808 19.6334779897933 21.9639031731791 -9.2842588127419 19.7965856994774 21.4127090776706 -9.4205993588329 19.9027187522116 21.0004417157361 -9.47210961914347 20 20.5734285148067 -9.48333109150404 0.155788437618004 7.84064369935429 40.9800720364971 0.233994733626637 7.84203666953359 40.9748773759679 0.47267172914421 7.56292664450696 41.0393439195146 0.469827559913249 7.84942672512866 40.9469907519408 0.308839760284994 8.44640650570543 40.7396060192393 0.465600155645866 8.31868261590361 40.7732994559198 0.786618252464886 7.8906391819533 40.8732902187241 0.7011112460048 8.3306566854633 40.7274009866538 0.459695698617227 9.09944267261619 40.4253822350876 0.695283426737213 8.82495514589664 40.5156215975774 1.09973641682473 8.24206170661646 40.6576951716921 0.930585330666226 8.84123322405926 40.4522076960526 0.489914042101584 12.4545377224696 38.1741392936574 0.490289661058922 13.1872827077931 37.5353012596097 0.737863056106812 12.8160564957978 37.8245774608198 0.244964644497809 13.9443374318955 36.8456764791476 0.745246103577855 14.9395196441999 35.7673940519309 0.368043472230748 13.8996167547831 36.8796687538679 0.738558696470692 13.3539336547232 37.3430923947022 1.11311810147169 12.8422650092591 37.7105737492541 0.740141112056058 13.915285492374 36.8117946129594 0.74152769383158 14.2570301381504 36.4740597723901 2.3712734840859 11.0977470433404 38.5086453150046 2.22326139444059 9.75438281437554 39.4312024683789 2.06047322993195 11.0480660047376 38.7181514988049 1.24041576078558 13.5601318444467 37.0251962143807 1.504084475107 14.9950186222663 35.5063089304842 0.373918436762103 15.7151489582663 34.9613089263984 0.251226004158254 16.4017878893281 34.1652421557089 0.377082339548655 16.356373665603 34.2112280083375 0.75256366246267 15.8951019501393 34.7059875044405 0.757118580378617 16.3703503502568 34.1467060837414 0.510598160686231 17.2673422690633 33.0677840622453 0.76437605235959 17.0235338057999 33.343619148749 1.26745109847466 16.3638962818382 34.0403918651205 1.1502326635276 17.0445107818713 33.2389020976146 4.35929090532407 12.8453163581184 35.6363208171578 4.25238296255331 11.510933014428 36.7470762898452 3.86225942031307 11.4105388888106 37.1775862171036 4.65677082997357 11.6224224855794 36.2674357840662 0.282696935187612 21.4838901466531 26.7545663583469 0.876202787838846 22.5583752965803 24.7645899118231 0.551542201522943 20.6698516514145 28.1133693050749 0.423460944209067 21.4517439785893 26.8039323643724 0.831310351425097 20.8538314193774 27.7801547409194 5.17264804575861 13.0667228948139 34.6266103985644 5.07720080488976 11.7460081247312 35.7339743794238 5.48414225459759 11.8727735886449 35.1849441286338 0.846127149573815 21.4620692924479 26.747617976273 1.24649167588164 20.8699091610718 27.6855853998569 0.855789676805735 21.8325969975174 26.0956343007856 1.74445597531768 22.5901829790628 24.5513753237095 5.71075316454934 13.2273606755962 33.8882945774315 1.40710622691166 21.4550433555044 26.6652722875729 2.78867784207968 19.0468286556904 29.9417669894514 2.86516375469273 17.7820166622738 31.6078418528704 2.38795565820532 19.0055597510492 30.188835470442 0.306036404224227 23.7204799357996 22.507457677026 0.457922427108761 23.6893061833815 22.5665373264474 3.18971721795394 19.0930254124518 29.6604446604889 3.65891902715255 17.8937217060877 30.9689527147154 0.900085685037898 23.3251844943289 23.2737518918403 2.72121374991929 20.2831176535624 28.1449088398318 0.91263795497532 23.6979865845977 22.514398970593 3.59090027845233 19.1438537668048 29.3458775729712 0.626903592901709 24.3811692424016 21.0821578569087 0.930300645393222 24.191734876414 21.470397963687 3.99205351619909 19.199017464221 28.9990748163154 4.45493013810034 18.0251594338177 30.1979205080724 1.51192016016165 23.6800508191168 22.4653328844688 3.53563972630657 20.3665710047639 27.5913518448307 1.38968286231492 24.2034832187677 21.3861603746452 4.39300342381845 19.2582202501722 28.6210454799384 4.79357649393464 19.3211658701298 28.212798653257 4.98606380271906 18.1225600640689 29.6145615593709 4.34711686374383 20.4650313956493 26.9123080341186 5.1935992191719 19.3875580695654 27.7753434256881 0.649187200398122 26.8417562109357 14.8964442766561 9.49266686369127 13.4491702532316 28.2164764623087 9.22632247244095 12.1343765872402 29.6048280482032 8.95960979318951 13.2084059067748 29.2973247127653 5.59289809215446 19.4571005939506 27.3096888866486 6.04729128655749 18.3376172386953 28.2924371289087 0.667629622253837 27.3282403993475 13.4198344255498 0.978278803639934 27.012044899291 14.3759431635405 5.99129960550656 19.5294971887571 26.8168441255554 5.42250205281767 20.6156181973361 25.8253695139952 0.998909098662424 27.3737534044858 13.2595479899085 1.47287758483842 27.0194341665186 14.3106619911427 6.38863025185243 19.6044515994564 26.2978182318255 6.84042702961567 18.5138294646772 27.1744910761812 1.01976370674013 27.7109329092108 12.1521800147138 5.9566024268957 20.6976282027812 25.2093614000329 1.02937828766532 27.8571686157932 11.6484586397919 1.66252210602347 27.4214997251766 13.0481943109655 6.7847165238163 19.68166757152 25.7536202948757 3.72488210563596 25.7946135453752 17.0797713470931 3.32815989160571 24.8151828256079 19.5210109377645 3.26518508226337 25.7762788978985 17.2936870677936 4.21464326660529 24.8623580706722 19.0230676357209 7.1793849140224 19.7608488504197 25.1852594041229 7.36696520359867 18.6370732177915 26.3736104965844 3.20695151188724 26.6608997639369 14.9985655415048 2.81150691429578 25.7596393766909 17.4765655396764 6.75229975517403 20.8270920721821 24.2012592938955 4.18078619085515 25.8140449022768 16.8389907715999 7.57246191509497 19.8416991816269 24.593744648984 4.6288253030771 25.8341239547881 16.5744120506236 5.09291055053417 24.9147779361009 18.4138042123955 7.96377401965825 19.9239223106133 23.9800851188759 4.14636818173096 26.6904121632526 14.5888252508467 5.08912762079888 25.8555120320399 16.2735614741949 7.80125263801795 21.0081142359165 22.7124447200894 5.5253868134134 25.8762381654875 15.9611156529784 5.96420347933315 24.9703982177809 17.6953396625451 12.7430185760906 15.0975422170069 20.6341576093179 12.5199021897394 13.9170505046513 22.0267709959682 12.1703200768385 14.7866499734992 22.0952955126537 5.07798305501214 26.7220509984396 14.0726967900923 8.57748670048199 21.1471551095323 21.4975661711335 8.74040950975384 20.09130194381 22.6903680914198 5.99223501849587 25.8986053134131 15.5971667004772 9.50790332530305 20.2606177137824 21.3241810370897 8.93069047340389 19.0266603522269 23.7310665767131 6.41655536581622 25.9188160596281 15.2396999422893 6.82974254830905 25.0270085747565 16.8692562956636 6.0045028897518 26.7537093780773 13.4484270570371 13.1105266784682 16.3002071995207 18.810368279905 13.4836230157367 15.5023074525439 18.6670624882225 6.89206257980164 25.9409662815606 14.808794993211 14.0501184791413 15.8236981375342 17.0899802751113 13.7770012792988 14.6862729533505 18.6457283504082 14.5264858531412 15.1734112608177 16.4772209297788 7.30424579767764 25.9594151066003 14.4092506199688 7.37077474592891 25.0619758000768 16.2961065146383 6.92848585263944 26.7829039459633 12.7132745749456 10.0979973341971 21.4235325073609 18.8493557984489 10.2648674072997 20.4294995843033 19.8895966712208 7.71078375439341 25.9766104628248 13.9914288244602 14.6118266861568 16.1530247916919 15.4591705325872 11.0099136967378 20.5955775191453 18.3946877091484 10.460581837812 19.4310735401192 20.7800186467994 8.1902687154595 25.9951710325814 13.468242954817 8.21820950421269 25.1141686261693 15.3108341942814 15.2811350748522 16.5602952862556 13.4201377782413 15.6845478593991 15.9777055110144 12.8603863809772 8.12301220316875 26.812002042257 11.5926950670525 8.58447764430199 26.0086507920882 13.0134201246816 14.8069623414627 17.1556991007999 14.0777960482222 15.8034705954645 16.8903878541663 11.747850174913 11.5681943215074 21.682062283167 15.9625434501875 11.741654134611 20.7564814820813 16.8475268662074 9.03882202758741 26.8228824414656 10.6013323253444 9.07623513565503 26.0226460097087 12.4147898213625 12.4587006619134 20.9098414368839 15.2561868577333 11.9437821190184 19.8310813768058 17.5864871860163 9.83390515060986 26.0364194555415 11.4245522082826 9.31535466185178 25.172590403299 13.8773455005668 16.0158888612747 17.811101439397 10.3037517552988 16.4117495088796 17.289988049411 9.69727923128404 16.8348093189675 17.5788419544009 8.19515050172943 16.7100463531246 16.7532332414074 9.32402830417544 10.2057608915263 26.814097002627 9.16964040186795 10.3319465775931 26.0390184442124 10.7288775765408 12.9984456198986 21.8886935920344 12.8708719244623 13.1860592536727 21.0324233093028 13.5867432425234 17.5924979541309 17.484094530048 5.93869502015493 13.8888102257135 21.1443403423153 11.8907392268664 13.3983927051221 20.1826195407786 14.1642637387593 17.3762386136383 17.9638732177895 6.16338402668423 10.8808101132333 26.7929648676564 8.25486412718369 10.8513868035219 26.0350026147492 9.96567197658976 17.0703741746292 18.4196703201617 6.64862536510127 11.5567121471231 26.0162353466741 8.86832810909991 10.9784774372953 25.2244111330085 11.3687859352633 17.7434466909767 18.236642082056 4.70080914757489 18.0548206852935 17.8992167179627 3.9884746651235 14.5649115713148 21.2437747820784 10.1773870035261 14.3266960126143 20.389006355917 11.8029901221084 18.0806953903742 18.4972292022687 3.28286732420761 12.032118216674 26.7194342994312 6.54914511651998 12.0795066101038 25.9904345248294 8.01016941114107 14.8148839382823 22.0427465744073 8.51520281853974 15.2123212837552 21.3289088747493 8.4558987652664 12.7469085331487 25.9396880892801 6.86028316749009 12.2591774927636 25.2140179945288 9.1677096160928 18.513933847408 18.8497900075165 1.32686892833607 18.7304610708716 18.5653304594421 0.807649807544146 18.2040595473789 19.1249155501149 2.15497565320525 18.7853465658171 19.0839254718609 -0.00037198390316906 15.6470310195579 22.0767974505654 6.31959450164057 15.8289973563137 21.3979248664851 6.73548670485121 13.1195275289059 26.5915215329067 4.77324576181134 13.2178527050983 25.8863931204878 6.01585870672882 18.9661312772014 19.2473500446234 -0.942563197409664 16.4128977822692 21.4490050034431 5.02536301504443 16.0286607708319 20.7353716074922 7.03067146572306 13.8810755164885 25.7669105252986 4.79268024315364 13.4798199957086 25.1208502011025 6.87616566026864 14.375465976942 25.6586966683754 3.83914609776121 14.1932645981132 26.3547056046543 2.89438265108021 16.7879376848383 22.0625960893864 3.06462587982641 16.9619805549004 21.4803315317802 3.33473988860994 17.4742036674862 21.4900866976536 1.67282951831166 17.1490265835959 20.9192668710057 3.49483566106016 14.798032252256 26.176104089288 1.76858079888895 14.8092851197198 25.5479926468574 2.97272281828925 15.3985916357459 25.3699303612842 1.7507547507407 14.9631671566107 24.8602851240818 3.82524128485673 15.7885544977198 25.2315489828618 0.913333738078143 16.0003710536406 24.572230366766 1.48661623466502 17.7870288189725 21.957732817302 -0.0795049887255255 17.9475251133055 21.4764527472206 0.0488440969134618 15.7130263686871 25.8332843487797 -0.0329512248745463 18.379902885637 21.4376119266382 -1.52800418282074 18.6661392603543 21.0360945954521 -2.09471779485441 18.1157799091812 21.0211981807524 0.0790151437187685 16.3256830000686 25.0087150387991 -0.278069972897953 18.5800997671445 21.408170891965 -2.29587308432513 18.7692949777597 21.3717464820635 -3.04850312812707 18.5006907626189 21.7910847637624 -2.5624295679831 16.5345021461333 25.4272601726701 -1.74962333989779 16.6646116621686 24.845383253811 -1.05263701865602 16.9512971628239 25.1741792691144 -2.65515664527373 16.9715199180377 24.6795229901079 -1.76930307193722 17.4357804882126 24.3899007712706 -2.88098376671308 17.1300894505928 24.1047012541564 -1.26723278457567 17.6119770714153 24.686149682244 -4.1343438005295 17.692668201147 24.2056867478152 -3.51028534468946 17.9237886976754 24.4085208294455 -4.84885189168852 17.9225516599381 24.0235064238689 -4.08187735985002 18.3165284661428 23.6651882276018 -5.07951238378442 18.0585137087846 23.5280395935391 -3.70758473157588 18.5752775923117 23.0839233076789 -5.1437298750473 18.5055029152274 23.4682172289159 -5.56576172947494 18.6811630209898 23.2672862373812 -6.02193135453837 18.4436667964004 23.8539036227031 -6.05726248697458 1.27483026159643 7.65271412057426 40.8062342299107 0.150977161317455 9.80995064330637 40.0756724319515 1.49807006855813 7.4774168388272 40.771957810263 0.226601608569076 9.88273672922458 40.0295112771126 1.51892395787449 7.68045453877053 40.7010168232523 0.601904196889076 10.2067903908222 39.7905564031085 0.916120398659652 9.6006578611975 40.073155467541 1.4164437070877 8.93228547739599 40.2478830896919 1.75423152216029 8.36133978018993 40.3485922571526 0.909779236007903 9.98344929667499 39.8577048814644 0.16262976736975 11.6225675474423 38.867579675082 0.2443610651009 11.5616752849518 38.9088273143136 0.673123578626062 10.7663731093792 39.4183960091408 1.36057596235191 10.8903536531913 39.1411604914318 1.14503429439216 9.85833332837215 39.8619599673721 1.66152279033914 8.98448841505076 40.1189374256094 2.25518829139651 8.03417570384916 40.2022414715028 1.57434133881811 9.2825060491191 40.0112770102966 2.0849932782327 8.43280344064518 40.1476107676498 0.610861427270704 11.3265926429425 39.0382272697583 1.50049389129306 9.8142137932317 39.7567825423524 2.40524265496547 8.48774415706335 39.9345756385215 0.919702203298133 11.6625265493509 38.72316922947 2.94163635767633 8.16786322592058 39.6901883129168 2.76222943436482 8.55666164981823 39.6670609748155 0.858373714998723 12.0459816411373 38.4400913295954 2.57829144840475 8.94993437450669 39.6197546921613 2.92523640961139 9.8862205491974 38.8975592861385 1.78582006248711 10.3125246404311 39.3356626679133 1.04468200405897 11.8460491641076 38.5491624235029 1.87716206055644 10.5568509608973 39.1379746372912 1.06707288800866 12.1777001007657 38.2805597355908 3.10774581890062 8.63076803616848 39.3791167442891 1.2338650888695 11.8626094715753 38.478606047278 1.50598622144198 11.584551707644 38.5912652394933 3.67609534354136 8.34244442078329 39.0206458064313 1.57943466210922 11.9330328312712 38.296227166032 3.29318600090604 9.10216017850704 39.019904654708 3.48391394898383 8.71940518631515 39.0343810309467 3.6656283056533 10.055834582691 38.2081331003762 2.64387930548883 10.4859878951702 38.7381129390374 2.7648150349989 11.1687073985082 38.2083031389061 3.10064445165322 11.2360529816762 37.9222764751503 3.85697914272619 8.81519648286552 38.6614661885151 1.91220586861445 12.1034652049714 38.0137821640229 2.58445489288774 12.4634162064803 37.3526065891224 1.63966144654428 12.9397999843776 37.4409303061938 4.36914979579532 8.53503258547333 38.2811819166687 4.11528745960626 8.88597210782338 38.3857233664112 1.84182796496594 12.6347926609582 37.6138680104773 3.96134563138328 9.27069344011176 38.3541734801878 4.17402663970757 10.1891507113715 37.6644622382438 1.90543802066647 12.995028512352 37.2756745000024 4.51708569133754 9.00307200949966 37.9291341910186 3.3784983548353 10.639734023215 38.0998219178722 3.49924925973148 11.3237197913878 37.5487244773323 2.83885019966021 11.8449669101557 37.6703226439902 3.33083258927209 12.6057858688024 36.7171505597235 1.1278116731666 15.441032932459 35.1379004694552 2.02489074162187 13.6917839377031 36.5890791116052 1.75247770964945 14.3169577790211 36.1083822496988 2.27451378265973 15.0825393698421 35.0817000547837 4.67506397094747 9.47679783317603 37.5381586199952 4.93386228929489 9.1332733592844 37.4209624749655 4.99451788245184 10.4312260273182 36.6738759702073 1.66937264143279 14.5425316622155 35.9149880400578 4.01444336845933 10.7959401678037 37.448214915397 2.42200038813601 13.7707593961177 36.3067045950113 0.259159421905342 18.157787063499 31.9047324502869 5.36606439470403 9.27737456223515 36.8579698450818 5.20800511895082 8.80196082222505 37.2550415450553 1.68051741652119 15.4759102531099 34.9219225698659 3.59248286807528 12.003079576066 36.9802053982558 1.76972049760652 15.7160778187271 34.6204395022103 2.98176949363864 13.4208993306716 36.2760019239193 2.81147977988775 13.8336375476255 36.0125789995042 2.63042925668335 14.2472145506826 35.7310740668408 3.05453269430836 15.1996119230799 34.5021955420832 0.946984670339997 17.763750891463 32.3545239647419 6.19484309997012 9.16046675453983 35.8748779580818 5.94324575301138 9.48372785801452 36.0507835197725 5.62091339036278 9.78862039324571 36.3002282910804 0.696595995805272 18.4296870418646 31.4887380517985 4.82160975662629 11.0226577742149 36.4979127042628 1.16218631736893 17.6919847564392 32.4034469510895 3.18342035316657 13.9004302280362 35.6980502013986 1.04049219929324 18.1311997489227 31.842081281171 1.16875300784337 18.013500579208 31.9735342579284 1.58986027689587 18.9923345534086 30.4990836595749 1.753793648339 17.0546393030402 33.0426487644849 0.793571589566818 19.0026519794235 30.6593205503431 2.12719187505893 16.4075086029808 33.6742441881983 6.40613598494144 9.66034165806624 35.3590576590753 1.36508432072698 18.0258732995096 31.9076245261345 3.5773711047796 13.9779868387915 35.330510019868 3.83407986569622 13.5939997780854 35.4704376938161 3.40059618279978 14.3823416583118 35.0825144974343 3.84213987812518 15.3437663181323 33.7764235096366 0.714496640618449 19.5654161420548 29.835636402648 2.05712613413015 17.0659483777142 32.9091081458581 2.00127786195325 17.4006281448828 32.5117768519743 2.72387606570962 16.0266394025843 33.806738212334 2.56066842982936 16.442242999454 33.4195974594015 1.75804976754125 18.0283362106518 31.7835019444495 7.14178444337236 9.5471392934551 34.3839754552216 6.61524918091623 10.1607880886722 34.8180129777467 6.86418789633514 9.84456327004219 34.636712521139 1.70202976718821 18.3511485705796 31.3649725577054 5.80312772640168 11.3378612374996 35.1689233319022 6.34356181678601 12.162380722448 33.92400625605 6.13258540944099 10.8179994084548 35.0832187950246 5.89186949778566 12.0065568895164 34.6035792432628 4.08891808521172 14.088566627551 34.8026664554758 1.07913673250074 19.8335516576223 29.3699224285623 2.12692532873029 17.9404858000805 31.7599850715213 0.997630750968601 20.1763741143132 28.8506515533073 2.95300218035357 16.496889215877 33.1317382888502 1.21690641003109 19.9300924635031 29.193881431223 7.35673014349029 10.052889344258 33.8188680747837 1.22639213171872 20.2460440645788 28.698090686741 4.71153145997635 13.8045701862423 34.4782446056857 4.48680467965456 14.1818603130028 34.354176791928 1.4200728605944 19.9408351765365 29.1312491170705 4.26879353853689 14.5648641859633 34.1936812981579 4.6353340021825 15.5125325911521 32.9130120746976 3.50999373975008 16.1513403247662 33.1571617029481 3.34682950608387 16.5576853588402 32.8080062559479 3.1851902027284 16.9651888720049 32.4330900427504 7.56299293097552 10.5552614595902 33.241762993677 7.83344576181517 10.2644006710206 32.9874718138843 8.13917553392722 9.99749198036483 32.6447028918331 6.68496503233603 11.6551758353829 33.8227103459828 6.75193467684799 12.3099014046049 33.2782938768556 7.23331747606076 12.4916036139641 32.4798781892636 7.03694463918524 11.1644639945998 33.6507659251058 4.89075692387754 14.2827398794103 33.8661939311183 1.85258204474542 20.0500699449407 28.8412781377241 6.02228664517254 12.6881115114564 33.940356193052 6.54832089899777 13.4981372934336 32.633473880973 3.74192392177103 16.6243267519107 32.4494561411293 5.42738145092828 13.9983096194046 33.5550587019471 5.29092250698767 14.3884976929788 33.3514016333625 5.06895958518084 14.7584982041231 33.2373095431264 5.43211373455261 15.7034407782919 31.9205893545201 8.35373487336217 10.5061248892778 32.0360423224629 1.79772328535882 20.8652159311861 27.5594671990103 1.98932505959343 20.5686930504575 27.9813351212822 4.30142847655142 16.2998348757941 32.3687985799629 4.13805894216586 16.6965087186553 32.0571427248292 3.97671340720361 17.0946552728495 31.7196616068052 5.55811819592164 14.462202244854 32.9907536107516 2.0726338951457 20.8660725099172 27.4727833588996 7.60111092766831 12.0166300605439 32.2796056017609 7.6409171225518 12.6518444304771 31.7729663751051 6.88584515099109 12.9872463249232 32.5918108127552 7.40537133436141 13.7994728687016 31.2223213068724 4.53500808201914 16.773926582641 31.6321207874823 8.98387122838994 10.8138406738231 30.8229176605219 8.64439493867153 11.050388272922 31.2560417950293 9.27307945713531 10.5613946511787 30.4627215149522 6.15173189103768 14.2126581508407 32.5230318268063 7.80569756110298 12.1015717995845 31.9155173132837 8.15063298467843 12.8602025984044 30.8498744933469 7.9793133951757 11.5599307516186 32.0074130326516 5.95933833094261 14.5773265079567 32.4244185566376 5.78014810580624 14.9490672677084 32.2838634460247 6.23047774330783 15.9140209157044 30.8077834663579 2.24416571261759 21.4692260263474 26.4081457398147 2.60410557496874 22.6371189551622 24.2050380018093 5.00787251638054 16.4498256176459 31.5583915843426 4.79998128594183 16.8282968662676 31.3311223078964 4.68286072520388 17.2270558626701 30.9749939358325 6.37508284521916 14.7020170244029 31.8069503524367 2.66045513808388 21.4826395262732 26.228787427494 9.5275540078901 11.0923476936688 29.7230607931034 5.19778399100537 16.913764166915 30.8539301253263 7.77306468818831 13.3211704108174 31.0723568550982 8.54691775328734 14.2357045772694 29.1522082306525 6.98211269191983 14.4791713409796 31.224868465975 6.77656671680601 14.8274025691133 31.1818204971429 2.06835111559906 23.1611676218984 23.3778153870905 3.23040905189785 21.1358095861291 26.5435339177567 6.59088801562388 15.1855474999373 31.084708821868 7.02842469652045 16.1418030395422 29.5832225274649 8.68358952946574 12.4828813952409 30.2742949813918 3.07640371597468 21.5164183137102 25.9884259062069 9.66949932585166 11.56247869647 29.1938560094192 9.89719124713205 11.2885358743328 28.9472106746434 9.95953265955528 12.498297696312 28.073181451768 10.2611126452986 11.0970531367017 28.3857468526225 2.92095439946925 21.8937881248762 25.4132592040459 3.45449759932425 22.6969119773124 23.7331626501375 1.14035802292731 24.7799909647449 20.1439922919847 0.843996009276103 25.2657583290105 19.037547981164 5.89274203331346 16.6584112957685 30.409717095525 5.47858170657676 17.3932841293396 30.0205376109817 5.7284753658375 17.0345487937141 30.1713516535075 1.397130033932 24.7233152001759 20.2387135138126 7.2017424577684 14.9652631439221 30.4896345184744 1.24868226381023 25.0654686581761 19.4717539999973 3.49091159890407 21.5536721769304 25.7166443999058 1.40099013974846 24.9764743892589 19.6587490750468 1.89540393212711 25.7191981242335 17.7912268504379 10.4614209504471 11.5986628286826 27.7189359968532 0.958219302679199 25.6864083458906 17.9970824474659 2.07377269338633 24.2359906833188 21.1798413233468 6.12641613103242 17.1298634823336 29.6260434363204 2.47761538990919 23.730021394206 22.1249822502618 1.63584405302548 24.9827909905929 19.6073129448821 0.859586109660792 26.0873423244876 16.9742889437447 4.05181518079708 21.2201041493229 25.9347981258529 7.60234674687918 15.099713853188 29.8096584140196 7.40725711413691 15.442476393863 29.7621313413379 7.82395326226278 16.3843171859581 28.2555346550947 3.90386496840402 21.5941132200346 25.414410050912 8.74886773963583 13.7173226437008 29.2505827498589 7.91297557525026 14.8020442091523 29.6302250483321 3.75524284355677 21.9652019945475 24.8736415152399 4.29497806091647 22.7672907979473 23.1433339727093 2.41262816554246 24.2545947192973 21.0504650412602 6.68886730071252 16.8635963804051 29.2560010352375 2.36004127166061 24.507944100604 20.5171357317463 9.72170960125512 12.9677641313739 28.1710613350036 10.050322349496 13.7103591848664 27.0369940519378 6.52403858943972 17.2288906860289 29.0533006002599 3.12405482389275 23.4104069587926 22.5299347051758 2.08631947802067 25.0031993668745 19.4715101113145 2.95469180511549 23.7599883967656 21.9004246310623 6.3622900829584 17.5965923582089 28.8249260348499 9.01525543470507 13.8304538787812 28.7264663966572 2.02396949811255 25.2463734585736 18.9164176524349 11.1069542245902 11.9693355605729 26.2478605700768 10.7219918545144 12.1306940950425 26.8954777851443 11.2438611144591 13.1812786797429 25.1779599273695 4.31515000600646 21.6374535471233 25.0826900015466 1.29501643246718 26.2955072461683 16.3817555645703 11.4532007966031 11.7985033760609 25.6594896236385 8.16883393761031 15.2969939887035 28.8030680098402 2.50646409998461 24.9387778446116 19.5143698392703 6.92111625581019 17.331325728367 28.454177925761 1.35307934163961 26.5439432641184 15.6946522085697 3.39038435415249 23.7858933307805 21.671495660429 4.72465289324334 21.6834052622975 24.7224513941308 1.69166251981176 26.3925287590628 16.0690581971595 4.95771015976134 21.3276786616615 25.120526655164 4.58185300902021 22.0478679195256 24.2160417222201 5.12489297227763 22.8459841695008 22.4431366735398 7.39475400525459 17.0578123867042 28.1422461782973 7.18542019324697 17.4013585427851 28.0406282228561 7.0673825166592 17.7711867445158 27.7734869049869 3.98234737631544 23.4695613868259 22.0091439930255 3.82322444583225 23.8139982711777 21.4135983224023 9.44154069977245 14.603158871471 27.3829620115423 3.66123216542504 24.1533566006563 20.8001322926983 8.57989715172252 15.8409680109407 27.6696981784051 7.58108657233556 17.5087962574543 27.3998831074811 2.20076941269581 26.481586329154 15.7395847157573 8.96353464480267 15.5869595195443 27.3040176902902 9.39974990362576 16.9036616911346 25.3252905789385 5.26768778571244 21.7482387772564 24.1994426535103 4.25186412414445 23.8439383549237 21.1284386740826 11.0368164699863 13.6327417792206 25.2560712251588 10.8378367339745 14.0949895266797 25.286486298208 11.4073155195402 14.3843815923047 23.9583038461355 5.76582740865305 21.4344850939929 24.272101593756 2.35988492241362 26.8398542604033 14.7014761752023 5.6725896947206 21.7991641361326 23.7764218530042 5.49029839072072 22.1501276439071 23.3563483666242 5.94358834593997 22.9307208444066 21.6401554566442 4.83112600195275 23.5367715363141 21.3749665077661 10.5775688111554 14.5343930546004 25.4251738073056 10.3254519294803 14.9865984388467 25.5107366068176 4.68270301033316 23.8759157270803 20.8121296944277 4.5288418136305 24.2100322133715 20.2337011329474 8.03174589527098 18.025232801854 26.2015551661886 5.94133046808014 21.8340497773397 23.4802956467941 8.36874658715934 17.7311531148236 26.0487463853279 10.8636674430054 14.6704819115082 24.7786508731188 11.7308615625171 15.6347654442734 22.2805950370021 8.70903863458622 17.4457957037076 25.8515953666904 12.8980569656772 13.0887903788865 21.7842622915634 12.3224701767141 12.7140841346739 23.2819420758629 5.10405139560178 23.9087830570824 20.4741589505252 2.6576940398109 27.4464485711368 12.8076174144147 6.47760280828602 21.5354262093752 23.4325622346196 6.34256656917427 21.8875680858628 23.0156542303894 6.20873343997498 22.2377864582045 22.5776360124989 6.75041019443572 23.0192295750988 20.7419750260375 8.15225350306313 18.8288115655357 25.0950278178524 11.9626069026233 14.1340302210875 23.033812539967 5.67041817335456 23.6098974098052 20.6330489163911 5.53348423270475 23.943654588636 20.1007338393635 5.38794582993123 24.2723366925782 19.5567458936802 3.14342570132536 27.4601758439949 12.6515406283445 6.74145142756259 21.942258302975 22.5273299675405 9.14999970918378 17.9614540333469 24.6117795442018 13.527029916294 13.5110080163605 20.0782769045717 10.6230990025556 16.2367327344716 23.8548044370541 10.2126721343514 16.4454475128208 24.3941317600968 10.9418570119752 17.4522947204554 22.0860761759199 5.94729012943735 23.9783221069571 19.7133828932895 3.80500257846655 27.2201162638806 13.1958405571519 8.44432679029119 19.4678805816533 23.903830415269 3.62638726395138 27.4713122261116 12.4809027351956 10.99024740892 16.0228465070841 23.3711826733016 3.44798360616943 27.7129753251575 11.7524251967422 7.13787122477703 21.997832532777 22.0162900005686 7.3575476196488 21.666975293581 22.2787861640472 7.00735117341633 22.3404543333062 21.6122001902775 7.54470453029712 23.109239114011 19.7561800857349 11.9469657035584 15.2049273373448 22.2115944820931 6.5002543321525 23.6867564477173 19.7888477643949 6.37592679056701 24.0150629211184 19.2838373233685 4.1101779693277 27.4829602646028 12.2838167424418 6.23920445968102 24.3381595137198 18.7728976988327 14.0936950278598 13.9076564342742 18.4710547379867 9.58925399362331 18.4651442488197 23.3510823209785 12.2348137862025 15.3519132213256 21.4973250692959 9.9230340564152 18.1972616015598 23.0974208275805 7.66239969151437 22.0728090388467 21.3012394422047 11.3210535580111 16.5256965323145 22.2770390288781 10.2597993330429 17.938769403872 22.8017360460288 13.2621118578926 14.8748158030499 19.6736483807459 4.75782028220534 27.2460306933651 12.7449959130494 6.78192435452636 24.0503787033021 18.8505624384211 4.59113530627168 27.4947853302332 12.0614808640558 4.42286541591555 27.7342110829286 11.3641817114911 14.4660632929059 14.1773551387153 17.3760117593995 8.22535991567332 21.8015313120498 21.0190375974033 8.05262505194736 22.1293263697613 20.7409572746396 7.88178662055994 22.4568727028824 20.4375067832648 8.32581736605642 23.1984782135773 18.6903553397516 7.21470329852184 23.7549316074563 18.9751165344896 7.05043088960914 24.0738789119239 18.5499703332961 6.97597585796763 24.3967203809199 18.0043047972381 9.04022163172039 20.6978650682151 21.4572948985153 5.06871248543511 27.5065034012513 11.8142068542163 11.694954968806 17.0351733347244 21.0648054931177 10.6860377468599 18.4361384079979 21.5141084789417 8.44000595631296 22.1857680603681 20.1611832106889 12.0738785221948 16.8464076514734 20.490423086699 12.4342639318895 18.0104565631417 18.6069163840693 7.44991711615085 24.1088562514793 18.0821582272925 15.0149027804674 14.5889570928111 15.7012197734634 9.9812326959737 19.8376304676332 21.0982747849528 5.70480162731582 27.2717433150056 12.1887074055178 5.54970016618952 27.517983970737 11.538021863647 5.3907889327292 27.7551099865244 10.8741666184654 8.02165973679355 23.8321843993625 17.9606556171153 7.70442444573849 24.4544295749792 17.1628020532693 7.87134705469096 24.1454962425667 17.5621013623845 13.5818376066613 16.0465921105863 17.9821843395648 11.1091104514315 18.9182022981087 20.2135521944 6.02234160774977 27.5286301894675 11.2396520716303 8.91161451554203 22.5955410657424 18.9005456841394 11.4371988985241 18.6756470411966 19.8702807417632 12.7603023777605 17.1383623364497 18.7901386234754 15.5864324708452 15.0370778049859 13.8726878170349 9.20577912296981 22.2972729370616 18.9470279629158 9.84588258739764 23.3655601044074 16.3489552468029 8.26257589298232 24.1789740329393 17.0550673260054 11.7676008275995 18.4431281990089 19.4876585353529 9.5013485767164 22.0020594635246 18.9540929453962 6.64891680246535 27.2948134996639 11.523509027777 6.50525303712146 27.5384901050748 10.9067310707118 6.3551455463873 27.7733035852353 10.2784450057613 13.9781825191879 16.7289119461886 16.4632129536431 10.5512314791729 21.0027089054186 18.666579325667 8.61387826961159 24.5235533444669 15.9993809305484 8.81210791860221 24.2245405087483 16.3037331039944 16.0964973294022 15.4558688278662 12.1586961083588 6.97411652325373 27.5466866825924 10.5559271602736 12.1747056294142 18.9133500896916 18.1743758595226 13.4956120837989 17.4474095293903 16.8891415863381 9.95880864374052 22.4050205017333 17.6665108374553 9.1574945727071 23.9368237089725 16.3641264751218 11.4741638662882 20.2043250706474 18.034309482196 13.9396162319088 17.3309090784879 15.9902932098064 13.8942173939476 18.5303764104029 14.8931889395829 7.46068407197369 27.5532983470219 10.1627235206217 7.31900518820335 27.7858351282401 9.5719159721987 7.6856132374412 27.3134997373761 10.6622176500409 16.6020657655306 15.8910927523995 10.3718171035241 12.5829427848647 19.3610180832634 16.8476292637387 9.57048518603895 24.2830991421723 15.1924906188982 10.4124006287131 22.7901089210663 16.3726091822933 12.9120779390551 19.135507417646 16.4106518632693 10.6981839708806 22.5067075871889 16.3273689728771 11.3053739587173 23.5023052670599 13.7784523793126 14.343449792525 17.8145361591315 14.5708337023967 8.0647404257842 27.5580254041588 9.63261831533746 10.98597718098 22.2271115540227 16.2439418826299 17.0163480670649 16.2650549729132 8.83152291092374 10.0451518704402 24.6166926146408 13.9182168137316 16.2645599005987 16.8029567196869 10.5583368075304 8.37629261151735 27.7885539447384 8.66468937928607 12.0109098779777 21.2882889087053 15.6517019953434 8.55350519711619 27.5582903024257 9.16917532896139 8.71687023273765 27.3202508189337 9.66593827125358 10.4073250037227 24.3389940938367 13.8675074484617 13.6347490735494 19.3463657123986 14.6004819396277 11.4229945566458 22.6000310262345 14.937339507751 10.7057309107844 24.0584450228664 13.8776304854526 15.0198795926088 18.1155884593535 12.614357536817 10.1593226369696 25.2059988558964 12.6544486386838 17.4530411022183 16.6792651988485 7.11967271230953 12.9287892196718 20.5354760763905 14.7499568649326 9.01484276785149 27.5549465582404 8.70304561024289 14.1023933218508 19.48290379019 13.3792967566066 11.8545641972108 22.9522538568347 13.6323280814752 11.1291337097483 24.3768391672325 12.6427395502253 9.34261174802809 27.7756942877004 7.71078530002731 17.8157747244251 17.0420845228925 5.61476920632926 9.50994744755161 27.5467110979339 8.17147115682413 12.1323298532915 22.6826876516759 13.5041595806468 12.6990595802733 23.5905437210058 11.0395243694016 15.6266974292041 18.3917647912202 10.7685502206688 15.2477038941165 19.0265871045348 11.0853660584475 9.74443630044371 27.3088815417832 8.53172730431065 10.6544413315388 25.6345694212678 11.0819286732906 12.4123086848074 22.4176811479214 13.3393236732036 18.0422186219937 17.2789386081565 4.62936544615366 14.7808839874086 19.68018404644 11.5328824170046 11.5103055447722 24.6746924337087 11.477724280617 13.4439298717807 21.5070064674969 12.4193778694669 10.0952495660128 27.5295356138602 7.50083325033392 11.7779219313828 24.4000350712661 11.4782499796427 12.836028567658 22.7439927144254 12.0203320333589 12.0836732344893 24.127667300991 11.3725288818936 16.2406152626831 18.6770574319854 8.80153195120101 18.358669223292 17.6261188791934 3.18033037388819 10.3971443354126 27.7373676725285 6.53037656001564 10.68858730238 27.2756168645278 7.3632317614363 10.5942046317046 27.5073001017064 6.89275996942452 11.2186783809821 26.408916750384 8.59550680970386 13.6448531868372 22.2305725510825 11.007884920985 15.208664748899 20.1918616847479 9.86780343672858 12.4652587179919 24.4104885280154 10.1800977865563 13.2587627673104 23.0411165742402 10.7005047937659 10.9303332751007 27.4877331167155 6.4641833922502 18.68515002153 18.0090872849046 1.57489545453215 11.9065751156008 25.6169750588377 9.05432335545492 15.6389312377608 19.9260753156436 9.05831474295879 16.7688068069264 18.9272994534485 7.01583737909289 16.4744945628345 19.4824363144874 7.25941638899318 13.5389658353487 22.774309107869 10.4790774372147 14.0759179232969 23.5612454110286 8.10235599122697 13.9592925574686 22.3860373547501 10.0832476300194 14.2481047703847 22.2684923198034 9.57551301463809 11.2919531509027 27.6774083962426 5.41287988726295 11.4388428577065 27.4500495141239 5.78682814068375 18.9409586959419 18.3324738069689 0.212797797599574 11.636511246205 27.212000443303 6.06776503770683 13.0850689851896 24.3941803469226 8.96254012892188 12.7995823142537 24.6736507813275 9.07906885520023 16.2444122942405 20.0950495190485 7.20507732167673 17.3113737218791 19.189062118914 5.07364287051578 13.4169449447439 24.1119934641373 8.71602987792166 15.6233879074812 21.0196848072224 7.77525980128964 14.4351955623588 22.7903361537933 8.39778261053699 12.0075430386094 27.3945693859613 4.98811062160365 13.7659312301482 24.3418581618751 7.57312990626293 19.1550282410441 18.8370040776274 -1.26943874587592 19.1869686489315 19.457600799333 -2.17699876775875 16.8146188923415 20.2485722716121 5.36460111562634 12.344882386659 27.5627076106214 3.96144466120398 17.8826534263336 19.4700281507526 2.88043404613577 17.5543605305399 19.8812717092106 3.49130857955026 12.5159680333248 27.3309813112443 4.23759991027138 12.7162290797585 27.0894261079691 4.44448909870651 15.0745234608604 22.7819182126716 6.82873297535176 19.3546522493153 19.1103676490324 -2.52053293830405 19.336599014316 19.6087996054427 -3.08271054048991 14.1770254244347 24.5414852917964 6.29899722130488 19.4230093876284 19.2104581925221 -2.981449967533 16.0327880718603 21.7515877313072 5.70375868543199 14.521286414642 24.256642648245 5.94761463064217 17.3471602565136 20.3846514021326 3.54629736066431 19.4878027975133 19.3092347245328 -3.43793856232304 19.472306883111 19.7542720508424 -3.97078014256274 15.4842106890774 22.7656557136033 5.78384069124804 15.3418145363336 23.4577569168655 5.12983584404624 13.05106926506 27.2473139956128 3.41123576946499 18.3335940814112 19.695908209955 1.00780047417443 18.4670729276709 20.2064409576542 -0.142988721551122 16.7856127603798 21.1709693299013 4.2878013144585 18.6199907215158 19.6248606545463 0.00368154641650054 19.6368458042078 19.5553436571894 -4.58296705707732 19.6248501441867 19.9312942317604 -5.07756596531793 13.3357152992983 27.3960700440497 2.46362052926633 13.5023587934397 27.1612840887974 2.68600902680958 18.811435815332 19.740328002791 -0.911785407302748 15.1410435396986 24.1603882056256 4.54536042142967 13.7320248792765 26.8969856084708 2.78776228386435 19.702309367368 19.6748847703135 -5.14347785615677 17.8396456112069 20.5012947394083 1.75957729264737 16.0727562327563 22.7240620909117 4.2248637648005 18.9024556195392 19.796029370892 -1.36416000651613 14.6679859251951 25.2585672702776 3.86371044503228 19.749264413889 19.7667646836601 -5.5764240289365 19.7275545070235 20.06262854356 -5.92094049611319 19.0189778913939 19.8681958900018 -1.96213130460063 18.8544250155329 20.336196923568 -1.88621822887055 19.1924028846657 20.4412917287681 -3.56750686598076 19.801160681811 19.8762997469639 -6.09517978736054 19.8320203535791 20.2131393031934 -6.91624381197874 14.0358860193306 27.0180392552539 1.8120678699636 17.1356165006738 21.7642541716208 2.39596280667501 15.6716932678189 24.0547242180095 3.29340725917132 19.1826956253595 19.9714660678534 -2.84467221548992 18.2896841808712 20.5965101122374 0.013852147432232 16.6286935270952 22.6603597393833 2.68390098681667 16.4859101714401 23.2674817462099 2.19275573315698 19.8877295287001 20.088271678538 -7.1080676121118 19.9008991719775 20.3292614659517 -7.71012959995367 14.310907432269 27.1289664718613 0.89200720118866 19.2595788393672 20.02084361841 -3.27960809774942 14.5150999319248 26.8674589574608 0.99496994115523 19.3330889900861 20.0686699586244 -3.71012086108104 19.4784779263741 20.5196438318733 -5.17735855184049 15.0973944606663 25.7734959854466 1.79204612225424 19.949280950592 20.2844664437815 -8.05778926164542 19.9386493975617 20.4039088386827 -8.23517130377922 19.9689985221196 20.4750827624479 -8.74864549535393 16.2335999877497 23.9141103800872 1.9134145220744 14.810033848248 26.7634825718492 0.476699563044772 19.4698222177406 20.1595304537387 -4.55727682054732 17.1504184447593 22.5728961690967 1.16993024971236 18.7578916133783 20.6778543822577 -1.95845858499036 19.549847129252 20.2141135079859 -5.08820637057429 19.9920165832989 20.4981618039143 -9.10848002814024 19.6084558257175 20.2549138411425 -5.49810636792308 19.7101215319627 20.5691716915023 -6.70627720540846 15.2178871621529 26.6036006979117 -0.259126806187568 18.9389288102351 20.7021738661529 -2.779028551472 16.8127626299687 23.7305270751997 0.428759137424684 17.6363268584135 22.4600188901307 -0.308070554096587 17.4973655806729 22.977823406755 -0.638092536143299 19.772306209739 20.3741560925922 -6.77975184887367 15.6609371428838 26.4058045562347 -1.08319296876601 19.9865589144897 20.5252415497408 -9.11930573956507 19.1475377112789 20.864287632119 -3.99956992976754 19.8548831373984 20.4387905892012 -7.54771147094857 19.8848050927364 20.5877937662739 -8.1447667456434 18.8994011672883 21.1855971794743 -3.33742794394477 18.9472332666424 21.3281114777032 -3.78474279013105 19.1136593829524 21.2770386596538 -4.50344054624161 17.3062012541314 23.5346208759558 -0.890163696204817 19.2256134455686 20.8608674440741 -4.38269597572144 19.2683180758496 21.2183008086849 -5.20344487236324 18.0848146407231 22.3200754125641 -1.74112353219438 18.3653415160888 22.576185406194 -3.29191715855706 16.0283505353375 26.2197311428958 -1.7855639340557 16.8966091141396 24.471938684489 -1.13289486723679 19.372315901379 20.8485193387861 -5.13469395103706 19.4109540944939 21.1516707055661 -5.88360424440046 16.4268647560348 25.9915163128644 -2.56598315756495 17.784927210217 23.299321557714 -2.22217994896275 19.5061787895338 20.8286246850714 -5.86671091307802 19.5413121880452 21.0769211310671 -6.54276713825781 17.612813512039 23.8332193724816 -2.51481620327155 19.6269130492769 20.8009399915354 -6.57757623246216 19.6591371056632 20.9938248659576 -7.17978202983976 19.7641735965078 20.9021546910071 -7.79349739505085 17.1932272732202 24.780141707029 -2.73992507716216 16.7484523657643 25.7840918088798 -3.20898645292007 18.804528972509 21.9877313644628 -4.22185314587965 18.742137416133 22.3294376291529 -4.53032316302603 19.0789987297441 22.0499712522202 -5.69792632878679 16.9494268039821 25.6423877313735 -3.61636441128719 18.2069880951171 23.0431382128055 -3.44465943052937 19.0093106911903 21.7244747949586 -4.7493115015175 19.0908017667522 21.6740861026087 -5.07194918828676 19.8278394405029 20.7212265194192 -7.93116942573144 19.8561664097389 20.8016833869854 -8.38276170979558 19.169525422667 21.6216646653801 -5.3897723441477 17.2317995514144 25.4254705168101 -4.19521913642503 19.9074534504736 20.6687107580493 -8.57155604085228 19.9499966661004 20.5848646526565 -8.82713307293559 19.3185628878862 21.5106177609529 -6.01041009325313 18.6546361119751 22.702682784235 -4.79865052491797 17.5488277119917 25.1534860877897 -4.85281366365136 19.4562079115099 21.3911224910101 -6.61009480905073 19.3745705509293 21.7362117138575 -6.78587768017716 19.6274979736957 21.3865844525267 -7.78532824153496 18.8300820398085 22.5434407638126 -5.34812764179915 18.1204110458368 24.0337486860231 -4.93923122591094 17.7887616271903 24.9243279913821 -5.3546101817162 19.5822453181999 21.2629672648848 -7.18769655175744 19.6964599326182 21.1259404919101 -7.74208538159016 19.033374655565 22.4536597199832 -6.23435960255897 19.0011932851371 22.8465014721464 -6.86216840007565 19.1383383003801 22.6392028090181 -7.22518011916416 18.7968775609286 22.9893916644165 -6.05005374875095 18.8424015469334 23.0651327453119 -6.44390797378586 18.1461197292632 24.5382570841044 -6.10537355320907 19.7986365794269 20.9798305814191 -8.27213135876584 19.1793963113362 22.2701337947246 -6.69190922321178 19.2804826417109 22.4027143531083 -7.6026505199525 18.3942341727049 24.2321830388325 -6.62606002402834 19.3227935233916 22.0691797643087 -7.14978320504509 19.3966735184655 22.1897825453316 -7.91163548289778 19.9288596643196 20.7431719782559 -9.01908573252192 19.4479101607259 21.873147701395 -7.55708577593032 19.5223302263474 21.9352430217448 -8.24553414176384 18.7279228363023 23.7583715149827 -7.31929537158589 19.5723800075224 21.6540606152133 -7.97056444230199 19.6201869506993 21.7156749255432 -8.50472750022493 19.7090916557118 21.4962146190208 -8.73891895486761 18.9082397734719 23.3448501139896 -7.41317855212408 19.8816244522784 20.8967126443453 -8.89670634588852 19.8364260920502 20.9995149066892 -8.68742903719798 18.9840093118583 23.2190381506634 -7.57762477307572 19.9634325766595 20.6836940509282 -9.29479563828627 19.1170384394119 22.9835755964271 -7.86344036526241 19.7732786061234 21.2304188206211 -8.65938956121389 19.8110668774829 21.2151403068004 -9.00495523597039 19.1810993545269 22.8628288772858 -7.99941939938937 19.2495142546546 22.727989424036 -8.14316915519944 19.876450544361 20.9638893851151 -9.02650156954632 19.8659061010251 21.0478509187441 -9.14628836453693 19.917694390985 20.8770623466044 -9.27817796851564 19.3635461152075 22.4881662025763 -8.37864614889086 19.4796507401265 22.221625186831 -8.61166506871567 19.5774113213587 21.9764120612858 -8.80097861210139 19.6683189309408 21.7280066409415 -8.96970269850989 19.7526210113087 21.476647233259 -9.11810866501686 19.8300629744839 21.2242747224163 -9.24571749350043 19.9591919667919 20.7445785584368 -9.43301910708667 1.85159900743912 7.74671677873577 40.5243856019143 3.20800912137147 8.0156509774596 39.538671769286 4.70137403681517 8.42579094829434 37.9753033420723 5.56542244280946 8.71692804518688 36.8640514031345 5.17587999520853 9.8491338060844 36.7942430753515 6.55580167055299 9.09540404700659 35.4178629170027 5.70832974539574 10.5609754385202 35.7674327271157 6.26513954788069 10.2348451843161 35.2471560802434 7.53017680329018 9.51205274844331 33.8239258656185 6.64569163782398 10.9056180012667 34.3519320905839 7.19238556620233 10.6039905139302 33.7608410254238 8.55484587112929 9.99571199336713 31.9712731157064 7.57729499646704 11.2837738756771 32.7913613528178 8.16193914864309 11.0278204991223 32.0478449220471 9.69138177291316 10.5853862865794 29.7091751636368 10.7253529076611 11.1701639112869 27.4622086126686 10.2061197004565 12.0416475996747 27.9225456688719 8.55709506888709 15.039152759471 28.4436844636705 11.9125505994392 11.8993862676242 24.6549839679055 11.6818349911572 12.3138463822758 24.8776051098994 9.74160926972663 14.1493100706557 27.2398132216148 11.4588989682422 12.7413912553812 25.05187716209 9.19823807595632 15.0899137978914 27.370552975069 9.41461828391284 15.3707823598169 26.7614611400954 12.812710628508 12.4952364561746 22.3566712532474 11.8150476352653 13.22780520562 23.9970869115209 9.40078180713658 16.1382743685312 26.0746407717984 9.84601857042239 15.9255241745988 25.5230044019117 12.1339214202885 13.4163003107224 23.2042846299499 10.081584992763 15.4506413061073 25.5432793274779 9.61875522785173 16.4102176571824 25.4502104496016 10.2623984051241 15.7151619079178 24.9851979805236 13.0726245443636 13.9901558207826 20.7678049201062 13.3868194575725 14.1872229408312 19.9176089563993 12.1463565779511 16.0973491438794 21.0329962356043 12.4892090787649 16.2606365339776 20.1766645024877 12.9665573591627 17.7134592656814 17.7877263427468 7.48923612874936 26.6647133792607 12.5509549232667 13.1920150003372 18.2779465748197 16.7265161879333 8.83826848230306 25.2974235321126 14.2249733309056 16.1750577728095 16.1381999198508 11.3851628626805 16.4291910435148 16.3379783420591 10.4981114438744 13.4045079717057 18.8190315547333 15.6897270225231 15.445641205392 17.4968210837859 12.131805627039 9.40436863500515 26.6955564709346 10.4814826684296 14.5544387465458 18.7710803919559 13.0836882502697 13.7495662237385 19.8232873530588 13.8018629024174 15.6237877461646 19.166043517098 9.95488729077897 16.6627397518876 18.5309981245971 7.74844314349853 15.9334003500915 19.2811279488205 8.99732188472582 14.8827178608114 20.7045326795942 10.0723298768192 16.0615200160672 19.689082514276 8.18742672799386 14.4015984816609 21.753041682635 9.90793497719343 17.5239849851251 18.6943674058149 4.93757465325387 16.9011532819503 19.318325318367 6.19073711747182 17.8076382382469 18.8709144220676 3.81309234675824 12.7643871605249 25.3196013953822 8.00582025873011 13.0010442124244 25.3035708493854 7.56224351185361 12.3936180342412 26.5684078511004 6.23003067026829 17.0588248866232 19.6991758951878 5.27683586510329 19.3464496989087 18.8107489062967 -2.11378471544164 12.7231283136316 26.5318724641602 5.6863275476043 14.4680963631814 23.5385440466804 7.21047895275386 14.7868449530092 23.5142911453968 6.46670626726535 13.4704295078945 26.4173624673734 4.40655700428966 15.7085510379814 23.0830003215079 4.71051181301591 18.641270422868 19.9575531925863 -0.501583795650769 17.6527188857446 20.9814300563751 1.76726528525156 16.146284776016 23.3362547419075 3.09163141329438 16.8207606767042 22.9113180154301 1.71116508180106 16.9737069207567 23.1458299633331 0.858023967700698 16.5715682979403 24.225035415661 0.357989805419556 19.9350821853456 20.4568911659459 -8.32789749917465 17.7953621905131 22.6391866377715 -1.16339382530478 17.929466304228 22.8012057385412 -1.92891045579384 18.0801768965198 22.9289955846844 -2.7307507136969 19.9889403493859 20.5770993120777 -9.32179978042127 19.2000617412059 21.7682636114763 -5.82514444804988 19.952425895932 20.6633715149055 -9.08320353851897 19.2772659992211 21.9940312717978 -6.71122663637207 19.7166113950191 21.1693241891857 -8.00339972328659 18.6851345249132 23.615612685085 -6.77270759436416 19.5392312280499 21.6191604998261 -7.64412522445236 19.7023113134302 21.3280985799325 -8.25653786530199 19.9411483396909 20.7715596897061 -9.26292745982428 19.9802854100573 20.6503361718471 -9.43480391003114 5.59177749901566 11.2131503710819 35.5052154968978 11.6050913981222 13.7991822119768 24.0120884782427 12.9026013389667 14.5380064741664 20.7314936279457 12.6103628907304 15.675532502203 20.434970729933 15.9076494136198 23.6910562177162 3.21865745305558 19.9607519501956 20.5463811244416 -8.84899373619468 19.9771771932755 20.6190607821683 -9.28519906665958 19.7931896267074 21.1599495632336 -8.67118509764231 19.9911310034248 20.6012317780798 -9.43686593493038 0 0 0 0.0381775195551215 0 0.076355039110243 0 0.114532558665364 0 0.152710078220486 0 0.202427835355321 0 0.255403326601771 0 0.312009513276008 0 0.372558328074956 0 0.437307822032711 0 0.50646387907978 0 0.580175408703725 0 0.658522310506593 0 0.741495809843933 0 0.828971476746599 0 0.920676825686259 0 1.01615817246716 0 1.11475517636876 0 1.21559483944411 0 1.3176168569801 0 1.40943415981694 0 1.50031202668539 0 1.58940744898439 0 1.67597594034222 0 1.75940746625066 0 1.83924140411996 0 1.91516326330565 0 1.95758163165282 0 2 0.0375288031316128 0 0.0750576062632255 0 0.115717401421144 0 0.158177300318824 0 0.202521156360093 0 0.248788838514356 0 0.296973370850724 0 0.347018000796603 0 0.398813866438831 0 0.452199226094991 0 0.506961324393797 0 0.5628418017929 0 0.619546054246136 0 0.676756173530734 0 0.728407241307898 0 0.779958823067553 0 0.831193108761514 0 0.881913394797752 0 0.93194876340836 0 0.96597438170418 0 1 0 1 0.0575171035646647 1 0.115034207129329 1 0.174471319439587 1 0.235387788633251 1 0.298169683867747 1 0.363237396962783 1 0.431049400207552 1 0.502107251159227 1 0.576959301149351 1 0.656195339002303 1 0.740411340519883 1 0.830093166670377 1 0.925313964543632 1 1.01514824008051 1 1.11214336788295 1 1.20030861955518 1 1.28682740908196 1 1.36974046641139 1 1.44796147941693 1 1.52120406995598 1 1.58966313707382 1 1.65376085855877 1 1.71401214435942 1 1.77096715645982 1 1.82518960188691 1 1.87724694865018 1 1.92770110899285 1 1.96385055449643 1 2 0.0375288031316128 0.0127258398517072 0.0375288031316128 0.0190887597775607 0.0250192020877418 0.0381775195551215 0.0375288031316128 0.0381775195551215 0.0635916692281233 0.0254516797034143 0.0578587007105721 0.0381775195551215 0.0385724671403814 0.0636291992585358 0.0578587007105721 0.0572662793326822 0.0912982339133227 0.0381775195551215 0.0790886501594119 0.0572662793326822 0.0527257667729413 0.0890808789619502 0.0790886501594119 0.076355039110243 0.231343930004083 0.0416666666666667 0.261547776069261 0.0416666666666667 0.245755316826079 0.0625 0.293031847566138 0.0208333333333333 0.333333333333333 0.0625 0.291061085923844 0.03125 0.267927244846713 0.0625 0.245755316826079 0.09375 0.291061085923844 0.0625 0.305151835060341 0.0625 0.166666666666667 0.19496391767766 0.111111111111111 0.180879304525269 0.166666666666667 0.170105039110243 0.274947988995163 0.104166666666667 0.333333333333333 0.125 0.366073599886082 0.03125 0.394782141955718 0.0208333333333333 0.392766279714162 0.03125 0.372955297587219 0.0625 0.392766279714162 0.0625 0.430831294607374 0.0416666666666667 0.420147328863565 0.0625 0.391209330353488 0.104166666666667 0.420147328863565 0.09375 0.222222222222222 0.353352776024985 0.166666666666667 0.342529164037478 0.166666666666667 0.312254756638004 0.166666666666667 0.373779164037478 0.616351507568568 0.0208333333333333 0.666666666666667 0.0625 0.578823264284455 0.0416666666666667 0.614754234229783 0.03125 0.586813995530232 0.0625 0.222222222222222 0.416602607344237 0.166666666666667 0.406153911016356 0.166666666666667 0.437403911016356 0.614754234229783 0.0625 0.586813995530232 0.09375 0.632058378375411 0.0625 0.666666666666667 0.125 0.222222222222222 0.458269274010904 0.61343155257571 0.104166666666667 0.5 0.21875 0.444444444444444 0.229166666666667 0.5 0.1875 0.725010910347372 0.0208333333333333 0.72331274486711 0.03125 0.5 0.25 0.444444444444444 0.291666666666667 0.704430718800295 0.0625 0.555555555555555 0.208333333333333 0.72331274486711 0.0625 0.5 0.28125 0.759272866165245 0.0416666666666667 0.748929887714091 0.0625 0.5 0.3125 0.444444444444444 0.354166666666667 0.721508814031616 0.104166666666667 0.555555555555555 0.270833333333333 0.748929887714091 0.09375 0.5 0.34375 0.5 0.375 0.444444444444444 0.395833333333333 0.555555555555555 0.333333333333333 0.5 0.40625 0.904368834519756 0.0383447357097765 0.166666666666667 0.745747904921967 0.111111111111111 0.716672706783509 0.166666666666667 0.704261155253296 0.5 0.4375 0.444444444444444 0.479166666666667 0.937954052735371 0.0383447357097765 0.915596554380757 0.0575171035646647 0.5 0.46875 0.555555555555555 0.416666666666667 0.940956697398876 0.0575171035646647 0.915596554380757 0.0872356597197935 0.5 0.5 0.444444444444444 0.541666666666667 0.96597438170418 0.0575171035646647 0.555555555555555 0.458333333333333 0.977316254469453 0.0575171035646647 0.943731036253838 0.0965018421896388 0.5 0.53125 0.833333333333333 0.242693894316626 0.777777777777778 0.224295929544417 0.833333333333333 0.211443894316626 0.777777777777778 0.286889894622582 0.5 0.5625 0.444444444444444 0.583333333333333 0.888888888888889 0.199119702690946 0.833333333333333 0.180985659719793 0.555555555555555 0.520833333333333 0.833333333333333 0.274084841933874 0.5 0.59375 0.833333333333333 0.305334841933874 0.777777777777778 0.350245798987594 0.5 0.625 0.888888888888889 0.261185824166999 0.833333333333333 0.337868698481392 0.555555555555555 0.604166666666667 0.833333333333333 0.369118698481392 0.777777777777778 0.414516466735851 0.166666666666667 1.00807908623358 0.111111111111111 0.978944999384472 0.166666666666667 0.960338412843129 0.888888888888889 0.324635693610177 0.555555555555555 0.666666666666667 0.5 0.6875 0.833333333333333 0.403024700103776 0.5 0.75 0.444444444444444 0.708333333333333 0.833333333333333 0.434274700103776 0.777777777777778 0.479869083719742 0.888888888888889 0.389762265723445 0.222222222222222 1.04705272415572 0.166666666666667 1.07057908623358 0.833333333333333 0.469803625579613 0.166666666666667 1.11987758818438 0.111111111111111 1.08530444961197 0.111111111111111 1.15178333860429 0.833333333333333 0.501053625579613 0.777777777777778 0.521535750386409 0.888888888888889 0.456885550455593 0.555555555555555 0.791666666666667 0.5 0.8125 0.833333333333333 0.532303625579613 0.166666666666667 1.17029741972205 0.5 0.875 0.444444444444444 0.833333333333333 0.833333333333333 0.569729650574675 0.777777777777778 0.588153100383117 0.166666666666667 1.23279741972205 0.111111111111111 1.26107056547474 0.888888888888889 0.547188850769526 0.833333333333333 0.600979650574675 0.222222222222222 1.19686494648137 0.166666666666667 1.28380842849005 0.555555555555555 0.916666666666667 0.5 0.9375 0.888888888888889 0.619384880050551 0.833333333333333 0.640597669501152 0.5 1 0.444444444444444 0.958333333333333 0.833333333333333 0.703097669501152 0.777777777777778 0.677065113000768 0.222222222222222 1.31420561899337 0.166666666666667 1.34630842849005 0.166666666666667 1.39221707990847 0.111111111111111 1.36735033893235 0.888888888888889 0.715535559840729 0.833333333333333 0.745205670259942 0.555555555555555 1.04166666666667 0.5 1.0625 0.111111111111111 1.46991539550078 0.5 1.125 0.444444444444444 1.08333333333333 0.166666666666667 1.45471707990847 0.888888888888889 0.773501502396753 0.833333333333333 0.790046583335188 0.222222222222222 1.42814471993898 0.833333333333333 0.852546583335188 0.777777777777778 0.818364388890126 0.166666666666667 1.5001560133427 0.111111111111111 1.52990649188993 0.5 1.1875 0.444444444444444 1.16666666666667 0.166666666666667 1.5447037244922 0.888888888888889 0.876802377071336 0.833333333333333 0.900156982271816 0.555555555555555 1.20833333333333 0.5 1.25 0.833333333333333 0.962656982271816 0.777777777777778 0.933437988181211 0.166666666666667 1.6072037244922 0.111111111111111 1.6301277964422 0.222222222222222 1.57146914966146 0.166666666666667 1.65048797017111 0.555555555555555 1.29166666666667 0.5 1.3125 0.888888888888889 0.980154068208048 0.833333333333333 1.00757412004026 0.166666666666667 1.68173797017111 0.5 1.375 0.444444444444444 1.33333333333333 0.833333333333333 1.07007412004026 0.777777777777778 1.04671608002684 0.833333333333333 1.11857168394148 0.888888888888889 1.08409720265449 0.555555555555555 1.41666666666667 0.5 1.4375 0.5 1.5 0.444444444444444 1.45833333333333 0.888888888888889 1.14581732914605 0.833333333333333 1.16265430977759 0.833333333333333 1.22515430977759 0.777777777777778 1.19176953985173 0.833333333333333 1.26841370454098 0.777777777777778 1.30394246969399 0.555555555555555 1.54166666666667 0.5 1.5625 0.888888888888889 1.24571200954571 0.5 1.625 0.444444444444444 1.66666666666667 0.444444444444444 1.58333333333333 0.833333333333333 1.33091370454098 0.5 1.65625 0.5 1.6875 0.555555555555555 1.64583333333333 0.888888888888889 1.34385595849778 0.833333333333333 1.37237023320569 0.888888888888889 1.3975673152761 0.833333333333333 1.41148073970846 0.833333333333333 1.47398073970846 0.777777777777778 1.44098715980564 0.888888888888889 1.48972184979097 0.833333333333333 1.51060203497799 0.888888888888889 1.5369557356766 0.833333333333333 1.54483156853691 0.833333333333333 1.60733156853691 0.777777777777778 1.57155437902461 0.777777777777778 1.65542028618626 0.833333333333333 1.63938042927939 0.833333333333333 1.67063042927939 0.888888888888889 1.6228079985442 0.0263628833864706 0.101806718813657 0.121730978551097 0.0127258398517072 0.0175752555909804 0.1187745052826 0.124737767116073 0.0190887597775607 0.0263628833864706 0.120895478591218 0.137770804038733 0.0505269596539834 0.111407920652262 0.0759786393573977 0.0809751760144881 0.115438407532487 0.0546122926280175 0.140890087235902 0.127567555898688 0.0757904394809751 0.197347462227667 0.0138888888888889 0.194760615161454 0.0208333333333333 0.161007089101438 0.0567016797034143 0.163836877884052 0.113403359406829 0.121462764021732 0.0948791992585358 0.0819184389420262 0.13498009174361 0.037037037037037 0.178672406033692 0.0950998806352615 0.128617171817756 0.0555555555555556 0.166794691372877 0.184452702735653 0.0516900086911651 0.118012213051525 0.123545901014114 0.0555555555555556 0.191653569940295 0.197590403944068 0.0775350130367477 0.037037037037037 0.231258294203152 0.0555555555555556 0.219185778003842 0.213645374904738 0.0725233420244984 0.0740740740740741 0.206416953510985 0.111111111111111 0.235943720652364 0.137473994497582 0.147141331966049 0.204796097355065 0.0879516797034143 0.14720488522061 0.154795901014114 0.21844917051207 0.0898844531356096 0.0555555555555556 0.245673523627067 0.204796097355065 0.103576679703414 0.192086287125599 0.125752799505691 0.037037037037037 0.286905706612346 0.206210991746373 0.131927519555121 0.0740740740740741 0.261550442404465 0.0555555555555556 0.274353803280515 0.111111111111111 0.293304279959259 0.138888888888889 0.215453819165012 0.166666666666667 0.22621391767766 0.166666666666667 0.252701663300885 0.0555555555555556 0.302656896617634 0.211548068571656 0.159054772520672 0.222222222222222 0.213309278451774 0.247641842681155 0.13707531503948 0.037037037037037 0.338974596155984 0.0555555555555556 0.322182730196498 0.23398876952415 0.153529639225887 0.0740740740740741 0.312556580117418 0.111111111111111 0.332355947116988 0.248585105608693 0.15873797255922 0.0555555555555556 0.352457137595972 0.138888888888889 0.273002971630072 0.166666666666667 0.283951663300885 0.194444444444444 0.233005470876329 0.222222222222222 0.27263444220059 0.353144315460276 0.09375 0.27683451485024 0.16832531503948 0.304140661164248 0.145833333333333 0.333333333333333 0.1875 0.0740740740740741 0.366623219520389 0.0555555555555556 0.383756855722089 0.111111111111111 0.394955383369222 0.313871551887277 0.138888888888889 0.138888888888889 0.322305351877496 0.277777777777778 0.200404639225887 0.468896309500585 0.0208333333333333 0.0555555555555556 0.416131602700967 0.037037037037037 0.40160717782563 0.352625332340051 0.138888888888889 0.194444444444444 0.292444599419297 0.362271331843411 0.145833333333333 0.259259259259259 0.245314573550788 0.277777777777778 0.231654639225887 0.296296296296296 0.216936426150591 0.333333333333333 0.25 0.451099688311846 0.0763888888888889 0.037037037037037 0.475009644938885 0.0555555555555556 0.459282527868438 0.0740740740740741 0.437840146368699 0.480037686821923 0.0555555555555556 0.138888888888889 0.38436727370335 0.447538366397243 0.09375 0.277777777777778 0.261317221100295 0.466575868035986 0.0833333333333333 0.461233885164082 0.09375 0.502320441464599 0.125 0.418600367887166 0.142361111111111 0.504640882929198 0.0625 0.389662369377088 0.173611111111111 0.0555555555555556 0.493860556391972 0.461233885164082 0.109375 0.277777777777778 0.292567221100295 0.259259259259259 0.312829072741859 0.296296296296296 0.278378147400197 0.333333333333333 0.3125 0.52936834338095 0.0555555555555556 0.417826887398966 0.166666666666667 0.432295886654005 0.161458333333333 0.37037037037037 0.222222222222222 0.388888888888889 0.208333333333333 0.460073664431782 0.140625 0.037037037037037 0.545450794570447 0.0740740740740741 0.512478069570593 0.0555555555555556 0.528088487503808 0.474155923442721 0.135416666666667 0.138888888888889 0.45933057236026 0.166666666666667 0.50323193953989 0.111111111111111 0.481257233704164 0.166666666666667 0.468653911016356 0.277777777777778 0.332926388012493 0.540571852874527 0.0833333333333333 0.454863924436003 0.170138888888889 0.555985900426428 0.0763888888888889 0.388888888888889 0.239583333333333 0.544567218497415 0.09375 0.0555555555555556 0.56494425231578 0.558649477508354 0.09375 0.259259259259259 0.381651794456407 0.277777777777778 0.364176388012493 0.544567218497415 0.109375 0.296296296296296 0.346950925341662 0.333333333333333 0.375 0.37037037037037 0.284722222222222 0.388888888888889 0.270833333333333 0.407407407407407 0.256944444444444 0.0740740740740741 0.583707025900555 0.0555555555555556 0.600703990886916 0.037037037037037 0.619976764093475 0.138888888888889 0.526472517733863 0.166666666666667 0.53448193953989 0.166666666666667 0.571337704351863 0.111111111111111 0.549713095927835 0.277777777777778 0.395801303672119 0.548229997516795 0.142361111111111 0.194444444444444 0.480750606775397 0.222222222222222 0.52298795969326 0.388888888888889 0.302083333333333 0.259259259259259 0.437457293785047 0.277777777777778 0.427051303672119 0.296296296296296 0.409700869114746 0.333333333333333 0.4375 0.0555555555555556 0.639877441788349 0.585267034553832 0.135416666666667 0.571184775542894 0.151041666666667 0.37037037037037 0.347222222222222 0.388888888888889 0.333333333333333 0.407407407407407 0.319444444444444 0.277777777777778 0.447884637005452 0.584493554065633 0.15625 0.138888888888889 0.596285138710984 0.166666666666667 0.602587704351863 0.194444444444444 0.547162832022561 0.222222222222222 0.589225136234575 0.388888888888889 0.364583333333333 0.0555555555555556 0.687597508645051 0.0740740740740741 0.665475863453402 0.037037037037037 0.705563609044678 0.259259259259259 0.493752411234721 0.138888888888889 0.611910138710984 0.166666666666667 0.641761155253296 0.111111111111111 0.621232573070106 0.277777777777778 0.479134637005452 0.296296296296296 0.465256424670301 0.333333333333333 0.5 0.611884591599311 0.166666666666667 0.666666666666667 0.1875 0.37037037037037 0.402777777777778 0.388888888888889 0.385416666666667 0.407407407407407 0.375 0.277777777777778 0.51149397984663 0.611111111111111 0.197916666666667 0.0555555555555556 0.729084258313721 0.388888888888889 0.416666666666667 0.194444444444444 0.615493145743936 0.222222222222222 0.677840770168864 0.259259259259259 0.558237698642612 0.277777777777778 0.54274397984663 0.694087740349141 0.145833333333333 0.592592592592593 0.243055555555556 0.296296296296296 0.52849598656442 0.333333333333333 0.5625 0.138888888888889 0.679216931018402 0.611111111111111 0.229166666666667 0.0740740740740741 0.743885870719206 0.0555555555555556 0.757492452687055 0.111111111111111 0.773489095530178 0.037037037037037 0.781318794040237 0.62962962962963 0.215277777777778 0.666666666666667 0.25 0.780274226340687 0.0749412577155097 0.807695300023162 0.0541079243821763 0.37037037037037 0.472222222222222 0.407407407407407 0.4375 0.388888888888889 0.458333333333333 0.776826566856969 0.0923023688266208 0.277777777777778 0.575862568117288 0.795946395653986 0.0811618865732645 0.611111111111111 0.260416666666667 0.790774906428409 0.0915785532399312 0.832619925142727 0.120657106479862 0.0555555555555556 0.801230286138388 0.831906516952121 0.0603285532399312 0.749405493174495 0.140737532070361 0.388888888888889 0.489583333333333 0.72198441949202 0.171987532070361 0.790774906428409 0.107203553239931 0.856060622807999 0.0530006140632129 0.592592592592593 0.305555555555556 0.277777777777778 0.607112568117288 0.296296296296296 0.592241712078192 0.333333333333333 0.625 0.611111111111111 0.291666666666667 0.194444444444444 0.69105096271108 0.259259259259259 0.630688635467813 0.62962962962963 0.277777777777778 0.666666666666667 0.3125 0.749643295904697 0.164231298105542 0.37037037037037 0.534722222222222 0.763353832745934 0.159022964772209 0.138888888888889 0.759618500226072 0.166666666666667 0.7894857383733 0.388888888888889 0.520833333333333 0.703703703703704 0.220598643181472 0.791131610523712 0.137367829859897 0.722222222222222 0.205897964772209 0.407407407407407 0.506944444444444 0.194444444444444 0.711794337545415 0.80496104873005 0.131797588733219 0.0555555555555556 0.851927122112109 0.0740740740740741 0.825781113251466 0.111111111111111 0.87488276747762 0.611111111111111 0.322916666666667 0.868494379831241 0.0795009210948194 0.037037037037037 0.874843689970159 0.277777777777778 0.651420385084432 0.786680332941734 0.16634386308807 0.388888888888889 0.552083333333333 0.88419510468108 0.0820791673031441 0.722222222222222 0.237147964772209 0.611111111111111 0.354166666666667 0.874108239761742 0.103946383099828 0.592592592592593 0.375 0.62962962962963 0.340277777777778 0.666666666666667 0.375 0.37037037037037 0.590277777777778 0.388888888888889 0.572916666666667 0.407407407407407 0.5625 0.703703703703704 0.283129964874194 0.722222222222222 0.268444947311291 0.222222222222222 0.747915631208865 0.740740740740741 0.253728608055666 0.296296296296296 0.684280256722955 0.388888888888889 0.604166666666667 0.879035122804124 0.135670822963534 0.277777777777778 0.713920385084432 0.333333333333333 0.75 0.611111111111111 0.395833333333333 0.722222222222222 0.299694947311291 0.138888888888889 0.86343425292546 0.166666666666667 0.8519857383733 0.166666666666667 0.897838412843129 0.592592592592593 0.4375 0.902242721634823 0.14317768120537 0.611111111111111 0.427083333333333 0.62962962962963 0.409722222222222 0.666666666666667 0.4375 0.703703703703704 0.345915266329198 0.194444444444444 0.834988115311083 0.222222222222222 0.817990492248867 0.722222222222222 0.331372899493797 0.740740740740741 0.316545231203392 0.407407407407407 0.638888888888889 0.611111111111111 0.447916666666667 0.388888888888889 0.666666666666667 0.194444444444444 0.857914452545998 0.222222222222222 0.931892275228753 0.37037037037037 0.694444444444445 0.0555555555555556 0.997551585925814 0.0555555555555556 0.949810912535365 0.722222222222222 0.362622899493797 0.944206641714243 0.156697621440057 0.592592592592593 0.493055555555556 0.611111111111111 0.479166666666667 0.62962962962963 0.465277777777778 0.666666666666667 0.5 0.444444444444444 0.645833333333333 0.138888888888889 0.938391706113801 0.703703703703704 0.40900548891195 0.722222222222222 0.394758233367925 0.740740740740741 0.379920755241148 0.944444444444445 0.186795511065266 0.611111111111111 0.510416666666667 0.388888888888889 0.729166666666667 0.0555555555555556 1.05073131103956 0.277777777777778 0.846495246124433 0.296296296296296 0.814330164082956 0.333333333333333 0.875 0.722222222222222 0.426008233367925 0.925925925925926 0.231897771830399 0.472222222222222 0.666666666666667 0.944444444444445 0.217253745662099 0.259259259259259 0.87496092249254 0.962962962962963 0.202992936921261 0.611111111111111 0.541666666666667 0.592592592592593 0.5625 0.62962962962963 0.527777777777778 0.666666666666667 0.5625 0.194444444444444 0.946115344035941 0.703703703703704 0.472456361239914 0.722222222222222 0.458684541859871 0.944444444444445 0.248286806400125 0.740740740740741 0.443961850151864 0.0555555555555556 1.10002981299036 0.407407407407407 0.763888888888889 0.194444444444444 0.969985680731166 0.388888888888889 0.791666666666667 0.611111111111111 0.583333333333333 0.277777777777778 0.903446137614376 0.37037037037037 0.819444444444445 0.138888888888889 1.04669176792277 0.925925925925926 0.294663733881641 0.722222222222222 0.489934541859871 0.944444444444445 0.279677754017373 0.962962962962963 0.264914432222666 0.0555555555555556 1.13326925748652 0.592592592592593 0.631944444444444 0.611111111111111 0.614583333333333 0.62962962962963 0.597222222222222 0.666666666666667 0.625 0.703703703703704 0.52801191679547 0.722222222222222 0.510767875193204 0.740740740740741 0.500468278035384 0.527777777777778 0.708333333333333 0.944444444444445 0.311402688738962 0.296296296296296 0.935630758409584 0.388888888888889 0.854166666666667 0.611111111111111 0.645833333333333 0.277777777777778 0.965946137614377 0.333333333333333 1 0.722222222222222 0.542017875193204 0.0555555555555556 1.1836890890242 0.472222222222222 0.791666666666667 0.925925925925926 0.359211785432135 0.944444444444445 0.34393654528648 0.962962962962963 0.328680924813569 0.703703703703704 0.591884366794372 0.740740740740741 0.557396283589842 0.722222222222222 0.575326550191559 0.194444444444444 1.08346515617005 0.407407407407407 0.888888888888889 0.944444444444445 0.376499831343114 0.62962962962963 0.680555555555555 0.388888888888889 0.916666666666667 0.277777777777778 1.02352636207786 0.0555555555555556 1.23833270245942 0.611111111111111 0.708333333333333 0.666666666666667 0.75 0.722222222222222 0.606576550191559 0.37037037037037 0.944444444444445 0.592592592592593 0.736111111111111 0.925925925925926 0.425899072128863 0.944444444444445 0.410405832965499 0.962962962962963 0.394683020964593 0.222222222222222 1.12195883531854 0.527777777777778 0.833333333333333 0.740740740740741 0.630072737794628 0.722222222222222 0.651032556500384 0.0555555555555556 1.28934371122742 0.944444444444445 0.443967475331573 0.388888888888889 0.979166666666667 0.277777777777778 1.08602636207786 0.611111111111111 0.770833333333333 0.703703703703704 0.684021704333589 0.472222222222222 0.916666666666667 0.259259259259259 1.12297255687903 0.333333333333333 1.125 0.944444444444445 0.47949640080741 0.962962962962963 0.463347400607457 0.925925925925926 0.502060550794782 0.0555555555555556 1.34248359795622 0.407407407407407 1.01388888888889 0.722222222222222 0.713532556500384 0.62962962962963 0.805555555555555 0.388888888888889 1.04166666666667 0.611111111111111 0.833333333333333 0.666666666666667 0.875 0.277777777777778 1.16093247324068 0.944444444444445 0.524648050964376 0.592592592592593 0.861111111111111 0.0555555555555556 1.38839224937464 0.740740740740741 0.748476500630298 0.138888888888889 1.3255793837112 0.962962962962963 0.542085134359368 0.527777777777778 0.958333333333333 0.944444444444445 0.562074075959438 0.925925925925926 0.581177677323143 0.722222222222222 0.784182194445063 0.388888888888889 1.10416666666667 0.611111111111111 0.895833333333333 0.703703703703704 0.814454796296709 0.277777777777778 1.22343247324068 0.777777777777778 0.747714750945447 0.0555555555555556 1.43967477765886 0.472222222222222 1.04166666666667 0.944444444444445 0.598172090599951 0.388888888888889 1.14583333333333 0.62962962962963 0.930555555555556 0.722222222222222 0.846682194445063 0.962962962962963 0.617513173400735 0.0555555555555556 1.48511371109308 0.944444444444445 0.637790109526427 0.611111111111111 0.958333333333333 0.666666666666667 1 0.277777777777778 1.28210280949668 0.333333333333333 1.25 0.925925925925926 0.663705259631195 0.805555555555555 0.781785029575034 0.592592592592593 0.986111111111111 0.0555555555555556 1.51510925928766 0.388888888888889 1.20833333333333 0.740740740740741 0.875600792357112 0.527777777777778 1.08333333333333 0.944444444444445 0.685865449421516 0.722222222222222 0.904218994090605 0.611111111111111 1.02083333333333 0.703703703703704 0.936145996060404 0.277777777777778 1.34460280949668 0.0555555555555556 1.55965697043716 0.962962962962963 0.704047413120972 0.925925925925926 0.743149467585789 0.944444444444445 0.727973450180306 0.861111111111111 0.813024042865971 0.574074074074074 1.09722222222222 0.416666666666667 1.25 0.722222222222222 0.966718994090605 0.62962962962963 1.05555555555556 0.944444444444445 0.756956421458318 0.0555555555555556 1.6097676227133 0.805555555555555 0.8929922857582 0.388888888888889 1.29166666666667 0.277777777777778 1.40157235996949 0.333333333333333 1.375 0.611111111111111 1.08333333333333 0.666666666666667 1.125 0.583333333333333 1.125 0.574074074074074 1.15277777777778 0.962962962962963 0.781335336529004 0.944444444444445 0.801797334533565 0.0555555555555556 1.65305186839221 0.925925925925926 0.826799015379489 0.722222222222222 1.02335804001342 0.740740740740741 0.993384689402682 0.388888888888889 1.35416666666667 0.277777777777778 1.46407235996949 0.703703703703704 1.05723869334228 0.472222222222222 1.29166666666667 0.611111111111111 1.16666666666667 0.944444444444445 0.853447771870857 0.722222222222222 1.08585804001342 0.0833333333333333 1.69971483673377 0.166666666666667 1.72345373312533 0.388888888888889 1.41666666666667 0.962962962962963 0.877403169428448 0.277777777777778 1.53573457483073 0.333333333333333 1.5 0.944444444444445 0.901058170807484 0.925925925925926 0.927423469941005 0.611111111111111 1.22916666666667 0.0833333333333333 1.74143059968799 0.166666666666667 1.75470373312533 0.740740740740741 1.12116187329285 0.0833333333333333 1.75705559968799 0.527777777777778 1.33333333333333 0.722222222222222 1.15838476992586 0.388888888888889 1.47916666666667 0.0833333333333333 1.77268059968799 0.166666666666667 1.78595373312533 0.611111111111111 1.27083333333333 0.666666666666667 1.25 0.944444444444445 0.95273401637584 0.277777777777778 1.59823457483073 0.333333333333333 1.625 0.472222222222222 1.41666666666667 0.25 1.63774398508555 0.0833333333333333 1.81259756862264 0.166666666666667 1.82587070205998 0.962962962962963 0.97353875761073 0.944444444444445 0.997651154144279 0.25 1.66899398508555 0.722222222222222 1.22088476992586 0.925925925925926 1.02646650364768 0.0833333333333333 1.83255605308997 0.388888888888889 1.54166666666667 0.611111111111111 1.33333333333333 0.25 1.68461898508555 0.805555555555555 1.1551706118966 0.0833333333333333 1.84818105308997 0.166666666666667 1.85712070205998 0.25 1.70547686656266 0.333333333333333 1.6875 0.333333333333333 1.75 0.0833333333333333 1.86716151788639 0.166666666666667 1.89508163165282 0.944444444444445 1.0496227213675 0.527777777777778 1.45833333333333 0.722222222222222 1.27697123484699 0.25 1.73672686656266 0.388888888888889 1.60416666666667 0.611111111111111 1.39583333333333 0.666666666666667 1.375 0.0833333333333333 1.90512244747923 0.166666666666667 1.92633163165282 0.962962962962963 1.07046293687265 0.25 1.75235186656267 0.944444444444445 1.09812028526872 0.25 1.76797686656267 0.333333333333333 1.8125 0.861111111111111 1.18548581946182 0.0833333333333333 1.94195663165282 0.166666666666667 1.94754081582641 0.166666666666667 1.96875 0.722222222222222 1.33947123484699 0.944444444444445 1.1289803485145 0.25 1.79922686656266 0.611111111111111 1.45833333333333 0.388888888888889 1.67708333333333 0.25 1.81918535102999 0.0833333333333333 1.984375 0.25 1.83481035102999 0.333333333333333 1.875 0.944444444444445 1.17306297435061 0.388888888888889 1.70833333333333 0.722222222222222 1.40799357990282 0.611111111111111 1.52083333333333 0.666666666666667 1.5 0.25 1.88504081582641 0.944444444444445 1.22301031455045 0.166666666666667 1.984375 0.416666666666667 1.75 0.25 1.91629081582641 0.333333333333333 1.9375 0.472222222222222 1.70833333333333 0.5 1.71875 0.5 1.75 0.722222222222222 1.47049357990282 0.416666666666667 1.765625 0.5 1.78125 0.611111111111111 1.58333333333333 0.666666666666667 1.625 0.944444444444445 1.26626970931384 0.805555555555555 1.40667869650567 0.416666666666667 1.796875 0.5 1.8125 0.944444444444445 1.31534168378987 0.722222222222222 1.5357771895123 0.416666666666667 1.828125 0.5 1.84375 0.777777777777778 1.50627076941512 0.416666666666667 1.859375 0.5 1.875 0.5 1.90625 0.861111111111111 1.43577402749228 0.944444444444445 1.35679821245459 0.611111111111111 1.69791666666667 0.666666666666667 1.6875 0.666666666666667 1.75 0.944444444444445 1.38365389084375 0.722222222222222 1.5982771895123 0.583333333333333 1.734375 0.583333333333333 1.75 0.416666666666667 1.921875 0.5 1.9375 0.583333333333333 1.765625 0.944444444444445 1.42276439734652 0.416666666666667 1.953125 0.333333333333333 1.96875 0.583333333333333 1.796875 0.722222222222222 1.67146014309313 0.944444444444445 1.46884166460395 0.583333333333333 1.828125 0.666666666666667 1.8125 0.666666666666667 1.875 0.722222222222222 1.70271014309313 0.861111111111111 1.57214365210676 0.944444444444445 1.50546295987348 0.583333333333333 1.859375 0.583333333333333 1.890625 0.75 1.74100303608986 0.833333333333333 1.73200607217971 0.833333333333333 1.76048357822991 0.805555555555555 1.69371317918298 0.833333333333333 1.70075607217971 0.944444444444445 1.56330943637521 0.583333333333333 1.921875 0.75 1.77086678911495 0.833333333333333 1.79173357822991 0.944444444444445 1.60623556780901 0.75 1.80211678911495 0.833333333333333 1.81884480094345 0.583333333333333 1.96875 0.75 1.83129740047173 0.833333333333333 1.85009480094345 0.944444444444445 1.66841007145181 0.75 1.86254740047173 0.833333333333333 1.87612347432509 0.833333333333333 1.90135055449643 0.916666666666667 1.70738410826957 0.666666666666667 1.953125 0.666666666666667 1.9375 0.916666666666667 1.72300910826957 0.666666666666667 1.984375 0.916666666666667 1.75148661431977 0.75 1.91942527724821 0.833333333333333 1.93260055449643 0.916666666666667 1.76572536734486 0.916666666666667 1.78135036734486 0.75 1.953125 0.833333333333333 1.95067527724821 0.833333333333333 1.96875 0.916666666666667 1.80846159005841 0.916666666666667 1.83764220141518 0.916666666666667 1.86367087479682 0.916666666666667 1.8892987515733 0.916666666666667 1.91452583174464 0.916666666666667 1.93918819312053 0.916666666666667 1.984375 0.0273061463140087 0.146800082728194 0.0277777777777778 0.250538425114419 0.0277777777777778 0.362507732835464 0.0277777777777778 0.426719712366839 0.0833333333333333 0.405543493035095 0.0277777777777778 0.500162217735876 0.106481481481481 0.44858535936448 0.0833333333333333 0.487558895048068 0.0277777777777778 0.572559830509753 0.106481481481481 0.519475293652228 0.0833333333333333 0.557328674121808 0.0277777777777778 0.649199876147471 0.106481481481481 0.58999608230577 0.0833333333333333 0.630555007429228 0.0277777777777778 0.735290034078827 0.0277777777777778 0.815100881442494 0.0833333333333333 0.787359690834283 0.259259259259259 0.681060513445909 0.0277777777777778 0.909228311134099 0.0555555555555556 0.897779796581939 0.194444444444444 0.768700684791082 0.0833333333333333 0.886331282029779 0.25 0.730918008146649 0.259259259259259 0.74861042080591 0.0277777777777778 0.982984542501261 0.0972222222222222 0.91808575134787 0.296296296296296 0.749305210402955 0.277777777777778 0.783995246124433 0.0972222222222222 0.944101309324583 0.25 0.80099286918665 0.305555555555556 0.766997623062217 0.259259259259259 0.816160328165911 0.0972222222222222 1.02212167692429 0.0972222222222222 1.04871153948117 0.236111111111111 0.967965909172771 0.236111111111111 0.996756021404513 0.305555555555556 1.04301318103893 0.87962962962963 0.501557088187198 0.333333333333333 1.06384651437226 0.787037037037037 0.63533520364789 0.0972222222222222 1.30746154746931 0.0972222222222222 1.33403149083371 0.361111111111111 1.08333333333333 0.222222222222222 1.25745011460937 0.87962962962963 0.652151464566173 0.333333333333333 1.18463290328701 0.416666666666667 1.11458333333333 0.333333333333333 1.28688473808168 0.25 1.38637376471783 0.333333333333333 1.31813473808168 0.458333333333333 1.21875 0.361111111111111 1.33333333333333 0.537037037037037 1.17013888888889 0.222222222222222 1.48211418665609 0.305555555555556 1.41953617998474 0.222222222222222 1.51794529408671 0.787037037037037 0.978020835837249 0.787037037037037 1.00047940472147 0.87962962962963 0.913790226106411 0.333333333333333 1.44036951331808 0.0416666666666667 1.72956115149222 0.87962962962963 0.945040226106411 0.666666666666667 1.16252571829626 0.666666666666667 1.19377571829626 0.87962962962963 1.01702031184397 0.638888888888889 1.29166666666667 0.291666666666667 1.64699699254278 0.444444444444444 1.52083333333333 0.666666666666667 1.33640228409016 0.638888888888889 1.41666666666667 0.666666666666667 1.43316345661808 0.763888888888889 1.37307496567633 0.208333333333333 1.95033290791321 0.638888888888889 1.54166666666667 0.666666666666667 1.55955526142282 0.694444444444444 1.58038859475615 0.333333333333333 1.9921875 0.625 1.7734375 0.5 1.9765625 0.708333333333333 1.79168339455748 0.625 1.8984375 0.902777777777778 1.66509605340688 0.708333333333333 1.85314870023586 0.708333333333333 1.89721263862411 0.75 1.9765625 0.833333333333333 1.9921875 0.136574074074074 0.442994635190418 0.131944444444444 0.9079620820955 0.131944444444444 1.01510038157894 0.201388888888889 1.00241755381905 0.694444444444444 1.30668675946858 0.270833333333333 1.9712602039566 0.5 1.98828125 0.729166666666667 1.92516881931205 0.666666666666667 1.99609375 80 1 30 80 30 31 81 1 80 82 2 1 82 3 2 82 1 81 83 82 81 84 80 31 84 81 80 85 83 81 85 81 84 86 82 83 86 3 82 87 86 83 87 83 85 88 84 31 88 85 84 88 31 32 89 85 88 89 87 85 90 86 87 91 87 89 91 90 87 92 34 35 93 92 35 94 92 93 95 37 96 95 35 36 95 36 37 95 93 35 97 93 95 97 95 96 98 94 93 99 94 98 100 93 97 100 98 93 101 97 96 101 100 97 102 103 104 105 99 98 105 98 100 105 101 106 105 100 101 107 96 37 108 37 38 108 107 37 109 107 108 110 96 107 110 107 109 111 110 109 112 38 39 112 108 38 112 109 108 113 109 112 113 111 109 114 110 111 115 111 113 115 114 111 116 117 118 116 119 117 120 43 121 120 41 42 120 122 41 120 42 43 123 120 121 123 122 120 124 122 123 125 126 119 125 119 116 125 127 126 128 124 123 129 124 128 130 121 131 130 123 121 130 128 123 132 127 125 133 130 131 133 129 128 133 128 130 134 135 136 137 43 44 138 43 137 139 135 134 139 140 135 141 121 43 141 43 138 142 139 134 142 134 136 143 141 138 144 140 139 145 138 137 145 44 45 145 137 44 146 143 138 146 138 145 147 148 140 147 140 144 149 141 143 149 131 121 149 121 141 150 139 142 150 144 139 150 147 144 151 149 143 151 143 146 152 148 147 153 148 152 153 154 148 155 147 150 155 153 152 155 152 147 156 154 153 157 47 48 158 159 160 161 154 156 161 162 154 163 164 157 163 48 49 163 157 48 165 162 161 166 161 156 166 153 155 166 156 153 167 164 163 168 164 167 169 170 162 169 162 165 171 163 49 171 167 163 172 161 166 172 165 161 172 169 165 173 171 49 173 49 50 173 50 51 173 51 52 174 167 171 174 171 173 174 173 52 174 168 167 175 170 169 176 177 178 176 179 177 180 181 170 180 170 175 182 178 183 182 176 178 184 175 169 184 169 172 184 180 175 185 179 176 186 181 180 187 179 185 187 188 179 189 181 186 190 176 182 190 185 176 190 187 185 191 188 187 192 186 180 192 180 184 192 189 186 193 188 191 193 194 188 195 196 197 198 187 190 198 193 191 198 191 187 199 200 189 199 189 192 201 194 193 202 203 200 204 194 201 204 205 194 206 201 193 206 204 201 206 193 198 207 208 195 209 205 204 210 211 208 210 212 211 213 205 209 213 214 205 215 209 204 215 204 206 216 217 202 218 214 213 219 212 210 220 221 217 222 214 218 222 223 214 224 212 219 224 225 212 226 222 218 227 223 222 228 224 219 229 225 224 230 231 220 232 222 226 232 233 227 232 227 222 234 235 231 236 237 233 238 239 229 240 241 239 242 243 236 244 245 234 246 241 240 247 248 245 249 246 240 250 243 242 250 251 243 252 249 240 253 254 251 255 246 249 255 256 246 257 258 247 259 256 255 260 261 253 262 263 257 264 265 261 266 267 256 266 256 259 268 266 259 269 267 266 270 271 263 270 263 262 272 273 264 274 267 269 275 276 271 277 278 273 279 278 277 280 279 277 281 282 275 283 284 282 285 279 280 285 286 279 287 288 286 289 290 288 289 288 287 291 292 283 293 289 287 294 295 296 294 296 292 297 290 289 298 295 294 299 295 298 300 298 294 300 294 292 300 292 291 300 299 298 301 297 289 301 289 293 301 302 297 303 304 302 303 302 301 305 306 304 307 308 305 309 310 308 309 308 307 311 312 310 311 313 312 314 313 311 315 313 314 316 314 311 317 4 3 317 3 86 317 86 90 318 88 32 318 32 33 319 4 317 319 5 4 320 88 318 320 318 33 321 317 90 321 319 317 322 88 320 322 320 33 323 89 88 323 91 89 323 88 322 324 90 91 324 91 323 325 90 324 325 321 90 326 323 322 327 34 92 327 33 34 328 327 92 328 33 327 329 330 326 329 322 33 329 326 322 329 33 328 331 326 330 331 324 323 331 323 326 332 325 324 333 6 5 334 103 332 334 332 324 335 332 103 335 325 332 336 328 92 336 329 328 337 324 331 337 334 324 337 331 330 338 333 335 338 335 103 339 329 336 339 330 329 340 7 6 340 333 338 340 6 333 341 340 338 342 339 336 342 92 94 342 336 92 343 338 103 343 341 338 343 103 344 345 103 334 345 337 330 345 334 337 346 339 342 346 330 339 347 104 103 347 103 345 347 345 330 348 342 94 348 346 342 348 94 99 349 340 341 349 341 343 349 343 344 350 330 346 350 346 348 350 348 99 351 104 347 351 347 330 351 330 350 352 8 7 353 351 350 354 349 344 354 355 349 354 344 356 357 344 103 357 103 102 357 102 358 357 358 359 357 359 344 360 352 355 361 362 102 361 104 351 361 102 104 361 351 353 363 99 105 363 350 99 363 353 350 364 8 352 365 352 360 365 364 352 366 362 361 366 361 353 366 353 363 367 356 368 367 354 356 367 355 354 367 360 355 367 365 360 369 362 366 369 366 363 370 365 367 370 364 365 371 359 372 371 356 344 371 344 359 373 374 359 373 362 374 373 102 362 373 358 102 373 359 358 375 110 114 375 101 96 375 106 101 375 96 110 376 369 363 377 363 105 377 378 376 377 376 363 379 380 370 379 368 381 379 367 368 379 370 367 382 378 377 382 377 105 382 105 106 383 356 371 383 118 117 383 368 356 383 371 372 383 372 118 384 369 376 384 362 369 384 376 378 385 39 40 385 112 39 386 387 380 388 106 375 388 378 382 388 382 106 388 375 114 389 359 374 389 372 359 389 116 118 389 118 372 390 378 388 390 388 114 391 374 362 392 362 384 392 391 362 393 378 394 393 394 392 393 392 384 393 384 378 395 113 112 395 115 113 396 11 10 397 386 398 399 395 112 399 385 40 399 112 385 400 117 119 400 383 117 400 368 383 400 119 126 400 381 368 401 115 395 402 374 391 402 392 394 402 391 392 403 395 399 404 395 403 404 401 395 404 403 405 406 114 115 406 390 114 407 399 40 407 403 399 407 405 403 408 378 390 408 390 406 409 396 397 410 115 401 410 406 115 410 401 404 410 404 405 411 374 402 412 374 411 412 116 389 412 389 374 413 411 402 413 414 411 413 402 394 413 394 414 415 40 41 415 41 122 415 407 40 416 408 406 417 416 406 418 394 378 419 408 416 419 418 378 419 416 135 419 378 408 420 406 410 420 417 406 421 12 11 422 423 409 424 420 410 424 405 136 424 410 405 425 426 427 425 127 428 425 428 426 429 412 411 429 116 412 429 411 414 430 407 415 430 405 407 431 417 420 431 416 417 431 424 136 431 420 424 431 135 416 431 136 135 432 415 122 432 430 415 432 122 124 432 124 129 433 394 418 433 418 419 433 419 135 434 405 430 434 430 432 435 421 423 436 432 129 436 434 432 437 125 116 438 116 429 438 437 116 439 434 436 439 405 434 440 414 441 440 429 414 440 438 429 440 441 438 442 414 394 443 394 433 443 442 394 444 135 140 444 433 135 444 443 433 444 140 443 445 446 435 447 13 12 448 449 450 448 427 426 448 450 451 448 426 449 452 125 437 452 438 441 452 437 438 453 136 405 453 405 439 453 142 136 454 455 426 454 428 127 454 127 132 454 426 428 456 414 442 456 443 140 456 442 443 457 125 452 457 132 125 458 457 452 459 452 441 459 458 452 459 460 458 459 441 460 461 447 446 462 436 129 462 439 436 462 453 439 462 129 133 463 453 462 463 142 453 464 441 414 465 464 414 465 414 456 466 456 140 466 465 456 466 148 465 466 140 148 467 458 460 467 457 458 468 142 463 468 463 462 469 450 470 469 451 450 471 450 449 471 426 455 471 472 450 471 449 426 473 464 465 473 441 464 474 475 159 476 14 13 477 454 132 477 455 454 478 469 470 478 470 479 478 479 480 478 480 469 481 132 457 481 477 132 481 457 467 482 483 481 482 467 460 482 481 467 482 460 483 484 462 133 484 468 462 484 131 485 484 133 131 486 460 441 487 441 473 487 486 441 488 473 465 488 465 148 488 148 154 488 487 473 489 481 483 489 455 477 489 477 481 490 142 468 490 468 484 490 484 485 491 474 159 491 476 474 492 460 486 492 486 487 492 488 154 492 487 488 493 470 450 493 479 470 493 450 472 493 494 479 495 471 455 495 472 471 496 495 455 496 455 489 497 131 149 497 485 131 498 150 142 499 496 489 499 500 496 499 489 483 499 483 500 501 480 479 501 159 475 501 475 480 501 160 159 502 142 490 502 498 142 503 504 491 503 159 505 503 491 159 506 15 14 507 508 502 507 502 490 507 490 485 507 485 508 509 151 146 509 146 145 510 145 45 510 509 145 510 45 46 511 483 460 512 492 154 512 154 162 513 511 460 513 492 512 513 512 162 513 460 492 514 151 509 515 472 495 515 496 500 515 495 496 516 509 510 517 502 508 517 150 498 517 498 502 518 514 509 518 516 519 518 509 516 520 506 504 521 516 510 521 510 46 521 519 516 522 149 151 522 497 149 523 483 511 523 513 162 523 511 513 524 485 497 524 497 522 525 151 514 525 522 151 525 514 518 525 518 519 526 47 157 526 46 47 526 521 46 527 155 150 528 472 515 529 515 500 529 500 530 529 528 515 529 530 528 531 150 517 531 527 150 532 160 501 532 501 479 532 479 494 533 494 493 533 472 528 533 493 472 534 517 508 534 531 517 534 508 535 534 535 531 536 524 522 537 500 483 538 536 522 539 540 505 539 158 540 539 505 159 539 159 158 541 537 483 541 483 523 542 508 485 543 522 525 543 538 522 544 524 536 544 485 524 544 536 177 544 542 485 545 170 541 545 541 523 545 162 170 545 523 162 546 160 532 546 158 160 546 532 494 547 543 525 547 519 183 547 525 519 548 549 550 551 155 527 551 531 535 551 527 531 552 519 521 552 521 526 553 15 548 553 16 15 554 533 528 554 528 530 555 536 538 555 547 183 555 178 177 555 183 178 555 543 547 555 177 536 555 538 543 556 537 541 556 500 537 557 157 164 557 526 157 557 164 168 557 552 526 558 508 542 558 544 177 558 542 544 559 155 551 560 552 557 560 557 168 560 519 552 561 166 155 561 155 559 562 535 563 562 563 559 562 551 535 562 559 551 564 530 500 565 500 556 565 564 500 566 556 541 566 541 170 566 170 181 566 565 556 567 535 508 568 508 558 568 567 508 569 158 546 570 558 177 570 568 558 570 179 568 570 177 179 571 554 530 572 530 564 572 564 565 572 566 181 572 565 566 573 183 519 573 519 560 573 182 183 574 571 575 576 559 563 576 166 561 576 561 559 577 535 567 577 567 568 577 568 179 578 540 579 578 505 540 578 550 549 578 549 505 578 579 580 581 166 576 581 172 166 582 182 573 582 560 168 582 168 174 582 573 560 583 581 576 584 576 563 584 583 576 584 585 583 584 563 585 586 563 535 587 579 540 587 540 588 589 586 535 589 535 577 590 577 179 590 589 577 590 188 589 590 179 188 591 572 181 591 530 572 592 581 583 592 583 585 593 530 591 594 587 588 594 580 579 594 579 587 594 595 580 596 571 530 596 575 571 596 593 203 596 530 593 597 598 196 599 589 188 599 586 589 599 563 586 600 582 174 600 174 52 600 52 53 601 184 172 602 172 581 602 601 172 602 581 592 603 592 585 603 585 604 603 602 592 603 604 602 605 181 189 605 591 181 605 203 593 605 593 591 606 197 196 607 585 563 608 563 599 608 607 563 609 599 188 609 188 194 609 608 599 609 194 608 610 182 582 610 582 600 610 600 53 611 184 601 611 601 602 611 602 604 612 596 203 612 575 596 613 18 17 613 17 597 614 615 616 617 607 608 617 585 607 617 608 194 618 190 182 619 189 200 619 605 189 619 200 203 619 203 605 620 618 182 620 182 610 621 595 594 621 594 588 622 610 53 622 620 610 622 54 620 622 53 54 623 184 611 624 184 623 624 192 184 625 626 623 625 623 611 625 604 626 625 611 604 627 606 580 627 580 595 627 197 606 628 604 585 629 585 617 629 628 585 630 190 618 630 618 620 630 620 54 631 617 194 631 629 617 631 205 629 631 194 205 632 18 613 633 612 203 633 575 612 634 197 627 634 195 197 635 575 633 635 633 221 636 192 624 636 623 626 636 624 623 637 595 621 637 621 614 637 614 616 638 616 615 638 575 635 638 635 221 639 195 208 639 208 211 640 198 190 641 628 629 641 604 628 642 190 630 642 640 190 643 54 55 643 642 630 643 630 54 643 55 642 644 211 212 644 632 211 644 18 632 645 199 192 646 192 636 646 645 192 647 646 636 647 648 646 647 636 626 647 626 648 649 626 604 650 649 604 650 604 641 651 650 641 651 205 214 651 629 205 651 641 629 652 202 200 652 200 199 652 216 202 653 198 640 653 640 642 653 642 55 654 595 637 654 637 616 655 616 638 655 638 221 656 199 645 656 645 646 656 646 648 657 654 658 657 595 654 659 626 649 659 651 214 659 650 651 659 649 650 660 19 18 660 18 644 660 644 212 660 212 225 661 203 202 661 221 633 661 217 221 661 202 217 661 633 203 662 206 198 663 662 198 663 198 653 664 653 55 664 56 663 664 55 56 664 663 653 665 648 626 666 214 223 666 659 214 667 626 659 667 666 223 667 665 626 667 659 666 668 208 207 668 210 208 669 616 655 669 655 221 670 206 662 670 662 663 670 663 56 671 199 656 671 656 648 672 669 235 672 616 669 673 657 658 674 19 660 674 660 225 675 199 671 675 671 676 677 648 665 677 667 223 677 665 667 678 654 616 678 658 654 678 672 235 678 616 672 679 652 199 679 216 652 679 199 675 679 675 676 680 215 206 681 680 206 681 206 670 682 681 670 682 56 57 682 670 56 682 57 681 683 228 219 683 210 668 683 668 207 683 219 210 684 230 220 684 217 216 684 220 217 685 677 223 686 677 685 686 648 677 686 685 237 687 20 19 687 19 674 687 674 225 688 680 681 688 215 680 688 681 57 689 678 235 689 658 678 690 683 207 690 207 673 691 216 679 691 679 676 692 648 686 692 686 237 692 671 648 692 676 671 693 231 235 693 235 669 693 220 231 693 669 221 693 221 220 694 683 690 694 690 695 696 215 688 697 688 57 697 696 688 697 58 696 697 57 58 698 215 696 699 20 687 699 21 20 700 689 235 700 658 689 701 676 692 701 692 237 702 216 691 702 691 676 703 658 700 703 700 248 704 702 705 704 216 702 706 683 694 706 228 683 706 694 695 707 698 696 707 696 58 707 226 698 708 684 216 708 216 704 708 230 684 708 704 705 709 21 699 709 699 241 710 676 701 711 225 229 711 229 239 711 239 241 712 58 59 712 707 58 713 234 231 713 231 230 713 244 234 714 226 707 714 712 59 714 707 712 715 232 226 715 226 714 716 676 710 717 703 248 718 708 705 718 230 708 719 702 676 719 676 716 719 705 702 719 716 254 720 228 706 721 237 236 721 236 243 721 701 237 721 710 701 721 716 710 721 254 716 722 22 21 722 241 246 722 709 241 722 21 709 723 234 245 723 700 235 723 245 248 723 248 700 723 235 234 724 232 715 724 714 59 724 715 714 725 695 717 726 230 718 726 718 705 727 719 254 727 705 719 728 724 59 728 59 60 729 722 246 729 22 722 729 246 256 730 724 728 730 728 60 730 232 724 731 726 732 731 230 726 733 720 734 735 232 730 736 254 721 736 251 254 736 243 251 736 721 243 737 731 732 737 230 731 737 713 230 737 244 713 738 22 729 738 729 256 739 725 258 740 727 254 741 245 244 741 247 245 742 242 735 742 735 730 742 730 60 743 740 265 743 705 727 743 727 740 744 737 732 744 244 737 745 732 726 745 743 265 745 705 743 745 726 705 746 238 733 747 256 267 747 23 22 747 22 738 747 738 256 748 60 61 748 742 60 749 250 242 750 242 742 750 742 748 750 748 61 750 749 242 751 251 250 751 260 253 751 253 251 752 247 741 752 741 244 753 734 739 754 732 745 754 745 265 755 744 732 755 244 744 756 250 749 756 750 61 756 749 750 757 747 267 757 23 747 758 253 261 758 265 740 758 254 253 758 740 254 758 261 265 759 734 753 760 746 761 762 752 244 762 244 755 762 755 763 764 762 763 764 752 762 764 247 752 765 247 764 766 756 61 766 61 62 767 766 62 767 250 756 767 756 766 768 23 757 768 757 267 768 24 23 769 250 767 769 751 250 769 260 751 770 754 771 770 771 278 770 732 754 772 759 276 773 252 760 774 755 732 774 763 755 774 732 770 774 770 278 775 263 271 775 759 753 775 271 276 775 276 759 776 765 764 776 262 765 776 764 763 777 769 767 777 260 769 777 767 62 778 774 278 778 763 774 779 267 274 779 768 267 779 274 780 781 761 772 782 62 63 782 777 62 783 773 784 785 782 63 785 260 777 785 777 782 786 260 785 787 262 776 788 780 789 788 779 780 790 278 279 790 778 278 790 763 778 791 788 789 792 271 270 792 275 271 792 281 275 793 790 288 793 763 790 794 781 284 795 791 789 795 789 796 797 262 787 797 270 262 797 787 798 799 272 786 799 785 63 799 786 785 800 268 783 800 783 801 802 275 282 802 276 275 802 772 276 802 781 772 802 282 284 802 284 781 803 266 268 803 269 266 803 268 800 804 25 795 804 795 796 804 26 25 804 796 805 806 799 63 806 63 64 807 799 806 807 806 64 807 272 799 808 269 803 808 274 269 809 793 288 809 288 290 810 272 807 811 26 804 811 804 805 812 784 794 812 801 783 812 783 784 813 792 270 813 270 797 814 274 808 815 288 790 815 790 279 815 279 286 815 286 288 816 805 817 816 26 811 816 811 805 818 819 820 818 814 819 818 274 814 818 780 274 821 816 817 821 817 822 821 27 26 821 26 816 823 807 64 823 810 807 823 280 810 824 291 283 824 282 281 824 283 282 825 798 809 825 809 290 826 818 820 826 780 818 826 789 780 827 296 295 827 801 812 827 812 296 828 792 813 828 813 829 828 281 792 830 821 822 830 822 831 830 27 821 832 64 65 832 823 64 833 826 820 833 789 826 834 280 823 834 832 65 834 823 832 835 820 836 835 833 820 835 796 789 835 789 833 837 286 285 837 293 287 837 287 286 838 831 839 838 28 27 838 27 830 838 830 831 838 839 840 841 825 290 842 280 834 842 285 280 842 834 65 843 796 835 843 835 836 843 805 796 844 281 828 844 824 281 845 819 801 845 827 295 845 801 827 846 843 836 846 805 843 847 838 840 847 29 28 847 28 838 848 817 805 848 836 849 848 805 846 848 846 836 850 842 65 850 837 285 850 285 842 850 65 66 851 845 295 851 820 819 851 819 845 852 829 841 853 824 844 853 844 854 853 291 824 855 822 817 855 848 849 855 817 848 856 293 837 856 837 850 856 850 66 856 66 67 857 847 840 857 29 847 858 820 851 859 855 849 859 822 855 859 849 860 861 299 862 861 295 299 861 862 863 861 851 295 861 863 858 861 858 851 864 852 306 865 820 858 865 858 863 865 863 866 867 291 853 867 300 291 867 868 300 869 293 856 869 856 67 870 304 306 870 302 304 871 836 820 871 820 865 871 865 866 871 866 872 873 293 869 873 301 293 873 67 68 873 869 67 874 854 864 875 849 836 875 836 871 875 871 872 875 872 876 877 310 312 877 308 310 877 874 864 877 864 306 877 306 305 877 312 874 877 305 308 878 879 880 878 876 879 878 849 875 878 875 876 881 305 304 881 304 303 881 307 305 882 301 873 882 873 68 883 300 868 883 868 884 883 884 885 886 882 68 886 303 301 886 301 882 887 312 313 887 874 312 888 862 299 888 863 862 888 299 300 888 300 883 889 863 888 890 849 878 890 880 891 890 860 849 890 878 880 892 863 889 892 866 863 893 68 69 893 303 886 893 886 68 893 881 303 894 890 891 894 860 890 894 895 860 896 872 866 896 866 892 897 887 313 897 868 887 897 884 868 898 893 69 898 881 893 898 69 70 898 307 881 899 872 896 899 900 901 899 876 872 902 884 897 902 897 313 902 885 884 903 316 311 903 311 310 903 310 309 904 309 307 904 307 898 904 898 70 905 879 876 905 876 899 905 899 901 906 880 879 906 879 905 907 908 909 907 885 902 910 907 902 910 313 315 910 315 911 910 902 313 910 908 907 910 911 908 912 316 903 912 904 70 912 309 904 912 70 71 912 903 309 913 891 880 913 880 906 914 907 909 914 909 915 916 912 71 916 71 72 916 316 912 917 914 915 917 915 918 919 891 913 920 918 921 920 917 918 922 916 72 922 72 73 923 921 924 923 924 925 923 920 921 926 922 73 927 913 928 927 919 913 929 911 926 929 908 911 929 926 73 930 919 927 931 909 908 931 73 74 931 908 929 931 929 73 932 923 925 932 925 933 934 931 74 934 909 931 935 909 934 935 934 74 935 915 909 936 933 937 936 937 938 936 932 933 939 935 74 939 915 935 939 918 915 939 74 75 940 918 939 940 939 75 940 921 918 941 921 940 941 940 75 941 924 921 941 75 76 942 941 76 942 924 941 942 925 924 943 942 76 943 925 942 943 933 925 943 76 77 944 943 77 944 937 933 944 933 943 944 938 937 944 77 78 945 938 944 945 944 78 945 78 79 946 325 335 946 335 333 946 333 5 946 5 319 946 319 321 946 321 325 947 7 340 947 340 349 947 352 7 947 349 355 947 355 352 948 9 8 948 387 9 948 370 380 948 380 387 948 8 364 948 364 370 949 10 9 949 9 387 949 396 10 949 386 397 949 387 386 949 397 396 950 386 380 950 398 386 950 380 379 950 379 381 951 421 11 951 423 421 951 409 423 951 11 396 951 396 409 952 425 427 952 398 950 952 950 381 953 422 409 953 398 952 953 952 427 953 397 398 953 409 397 954 12 421 954 421 435 954 447 12 954 435 446 954 446 447 955 953 427 955 427 448 955 422 953 955 448 451 956 423 422 956 422 955 956 435 423 956 445 435 956 955 451 957 476 13 957 447 461 957 461 475 957 475 474 957 474 476 957 13 447 958 469 480 958 451 469 958 956 451 958 445 956 959 461 446 959 475 461 959 480 475 959 445 958 959 958 480 959 446 445 960 491 504 960 504 506 960 506 14 960 14 476 960 476 491 961 548 15 961 15 506 961 520 549 961 549 548 961 506 520 962 503 505 962 504 503 962 520 504 962 549 520 962 505 549 963 554 571 963 571 574 963 494 533 963 533 554 964 965 598 964 598 16 964 16 553 964 553 965 966 540 158 966 158 569 966 588 540 967 548 550 967 553 548 967 965 553 968 969 569 968 569 546 968 963 574 968 494 963 968 574 969 968 546 494 970 17 16 970 16 598 970 597 17 970 598 597 971 598 965 971 965 967 971 967 550 972 574 575 972 973 969 972 969 574 974 971 606 974 196 598 974 606 196 974 598 971 975 569 969 975 969 973 975 966 569 975 588 966 976 972 575 976 973 972 976 638 615 976 615 973 976 575 638 977 615 614 977 975 973 977 621 588 977 614 621 977 973 615 977 588 975 978 613 597 978 597 196 979 978 639 979 639 211 979 211 632 979 632 613 979 613 978 980 627 595 980 595 657 980 634 627 981 634 980 981 980 657 981 657 673 981 673 207 982 673 658 982 690 673 983 226 218 983 213 209 983 698 226 983 215 698 983 209 215 983 218 213 984 695 690 984 982 658 984 690 982 984 658 703 985 227 233 985 223 227 985 685 223 985 233 237 985 237 685 986 699 687 986 687 225 986 225 711 987 986 711 987 241 699 987 711 241 987 699 986 988 717 695 988 703 717 988 984 703 988 695 984 989 229 224 989 228 720 989 238 229 989 224 228 989 733 238 989 720 733 990 236 233 990 735 242 990 232 735 990 242 236 990 233 232 991 720 706 991 734 720 991 706 695 991 695 725 991 725 739 991 739 734 992 717 248 992 258 725 992 247 258 992 725 717 992 248 247 993 733 734 993 734 759 994 760 252 994 746 760 994 239 238 994 238 746 994 240 239 994 252 240 995 733 993 995 993 759 995 746 733 995 761 746 996 257 263 996 739 258 996 753 739 996 263 775 996 775 753 996 258 257 997 772 761 997 759 772 997 761 995 997 995 759 998 247 765 998 262 257 998 765 262 998 257 247 999 252 773 999 773 783 999 249 252 999 255 249 1000 773 760 1000 760 761 1001 259 255 1001 783 268 1001 255 999 1001 999 783 1001 268 259 1002 754 265 1002 771 754 1002 265 264 1002 264 273 1003 278 771 1003 771 1002 1003 273 278 1003 1002 273 1004 260 786 1004 261 260 1005 794 784 1005 781 794 1005 761 781 1005 784 773 1005 1000 761 1005 773 1000 1006 788 791 1006 795 25 1006 25 24 1006 24 768 1006 779 788 1006 768 779 1006 791 795 1007 1004 786 1007 261 1004 1007 264 261 1007 272 264 1007 786 272 1008 763 793 1008 776 763 1009 1008 793 1009 776 1008 1009 793 809 1009 809 798 1009 787 776 1009 798 787 1010 277 273 1010 810 280 1010 273 272 1010 272 810 1010 280 277 1011 797 798 1011 813 797 1012 800 801 1012 803 800 1012 801 819 1012 808 803 1012 819 814 1012 814 808 1013 794 284 1013 812 794 1013 296 812 1013 283 292 1013 292 296 1013 284 283 1014 813 1011 1014 829 813 1014 841 829 1015 844 828 1015 828 829 1016 864 854 1016 844 1015 1016 854 844 1016 1015 829 1016 829 852 1016 852 864 1017 841 290 1017 870 306 1017 290 297 1017 306 852 1017 852 841 1017 297 302 1017 302 870 1018 839 831 1018 857 840 1018 822 859 1018 831 822 1018 840 839 1019 867 853 1019 853 854 1020 867 1019 1020 1019 854 1020 854 874 1020 868 867 1021 887 868 1021 874 887 1021 868 1020 1021 1020 874 1022 895 894 1022 29 857 1023 883 885 1023 888 883 1023 889 888 1023 896 892 1023 892 889 1023 899 896 1023 900 899 1023 885 900 1024 894 891 1024 891 919 1025 885 907 1025 907 914 1025 914 917 1025 917 920 1025 900 885 1026 905 901 1026 906 905 1026 928 913 1026 913 906 1026 901 928 1027 315 314 1027 911 315 1027 314 316 1027 926 911 1027 922 926 1027 316 916 1027 916 922 1028 1025 920 1028 900 1025 1028 901 900 1028 920 923 1029 923 932 1029 901 1028 1029 1028 923 1029 928 901 1030 936 938 1030 927 936 1030 930 927 1031 1030 938 1031 945 79 1031 938 945 1032 381 400 1032 400 126 1032 425 952 1032 127 425 1032 952 381 1032 126 127 1033 606 971 1033 971 550 1033 550 578 1033 578 580 1033 580 606 1034 639 978 1034 978 196 1034 196 195 1034 195 639 1035 634 981 1035 981 207 1035 207 195 1035 195 634 1036 825 841 1036 841 1014 1036 1011 798 1036 1014 1011 1036 798 825 1037 1022 857 1037 1018 859 1037 860 895 1037 857 1018 1037 859 860 1037 895 1022 1038 1022 894 1038 894 1024 1038 1024 919 1039 1029 932 1039 936 927 1039 932 936 1039 927 928 1039 928 1029 1040 1038 919 1040 1030 1031 1040 29 1022 1040 1022 1038 1040 930 1030 1040 919 930 1040 79 29 1040 1031 79 

TShapes 34
Ve
1.00000008702336e-07
1.37861988708594e-15 22.5145713530756 -16.7277747886721
0 0

0101101
*
Ve
1.00000010658141e-07
-20 20.5734285148067 -9.48333109150404
0 0

0101101
*
Ed
 1.00000008702336e-07 1 1 0
1  1 0 0 2
2  1 1 0 0 2
2  2 2 0 0 2
6  1 1 0
6  2 2 0
0

0101000
+34 0 -33 0 *
Ve
1e-07
1.72237655677227e-15 28.1285438049804 10.6865398213216
0 0

0101101
*
Ed
 1e-07 1 1 0
1  2 0 0 1
2  3 1 0 0 1
2  4 3 0 0 1
4 C0 1 0 3 0
6  3 1 0
6  4 3 0
0

0101000
+34 0 -31 0 *
Ed
 1e-07 1 1 0
1  3 0 0 2
2  5 1 0 0 2
2  6 4 0 0 2
4 C1 1 0 4 0
6  5 1 0
6  6 4 0
0

0101000
+31 0 -33 0 *
Ed
 1e-07 1 1 1
2  7 1 0 0 1
6  7 1 0
0

0101000
+33 0 -33 0 *
Wi

0101100
-32 0 +30 0 +29 0 -28 0 *
Fa
0  1e-07 1 0
2  1
0111000
+27 0 *
Ed
 1e-07 1 1 1
2  8 2 0 0 1
6  8 2 0
0

0101000
+33 0 -33 0 *
Ve
1.0689849592926e-07
4.27734141656408e-16 6.98542864692438 41.2277747886721
0 0

0101101
*
Ed
 1.00000003972055e-07 1 1 0
1  4 0 0 1
2  9 2 0 0 1
2  10 5 0 0 1
6  9 2 0
6  10 5 0
0

0101000
+34 0 -24 0 *
Ed
 1.00000010658141e-07 1 1 0
1  5 0 0 2
2  11 4 0 0 2
2  12 2 0 0 2
6  11 2 0
6  12 4 0
0

0101000
+33 0 -24 0 *
Wi

0101100
-25 0 -32 0 +23 0 -22 0 *
Fa
0  1e-07 2 0
2  2
0111000
+21 0 *
Ve
1.0689849592926e-07
20 20.5734285148067 -9.48333109150404
0 0

0101101
*
Ed
 1.00000005329071e-07 1 1 0
1  6 0 0 2
2  13 3 0 0 2
2  14 5 0 0 2
6  13 3 0
6  14 5 0
0

0101000
+19 0 -34 0 *
Ed
 1e-07 1 1 1
2  15 3 0 0 1
6  15 3 0
0

0101000
+19 0 -19 0 *
Ed
 1e-07 1 1 0
1  7 0 0 2
2  16 6 0 0 2
2  17 3 0 0 2
4 C1 6 0 3 0
6  16 3 0
6  17 6 0
0

0101000
+31 0 -19 0 *
Wi

0101100
-18 0 +17 0 -16 0 -30 0 *
Fa
0  1e-07 3 0
2  3
0111000
+15 0 *
Ed
 1e-07 1 1 1
2  18 4 0 0 1
6  18 4 0
0

0101000
+33 0 -33 0 *
Ed
 1e-07 1 1 0
1  8 0 0 1
2  19 4 0 0 1
2  20 6 0 0 1
4 C0 4 0 6 0
6  19 4 0
6  20 6 0
0

0101000
+24 0 -31 0 *
Wi

0101100
-22 0 +13 0 -29 0 -12 0 *
Fa
0  1e-07 4 0
2  4
0111000
+11 0 *
Ed
 1e-07 1 1 1
2  21 5 0 0 1
6  21 5 0
0

0101000
+19 0 -19 0 *
Ed
 1.0689849592926e-07 1 1 0
1  9 0 0 2
2  22 6 0 0 2
2  23 5 0 0 2
6  22 5 0
6  23 6 0
0

0101000
+24 0 -19 0 *
Wi

0101100
-9 0 -8 0 -23 0 -18 0 *
Fa
0  1e-07 5 0
2  5
0111000
+7 0 *
Ed
 1e-07 1 1 1
2  24 6 0 0 1
6  24 6 0
0

0101000
+19 0 -19 0 *
Wi

0101100
-8 0 +12 0 +16 0 -5 0 *
Fa
0  1e-07 6 0
2  6
0111000
+4 0 *
Sh

0101100
-26 0 +20 0 -14 0 -10 0 +6 0 -3 0 *
So

0100000
+2 0 *

+1 0 