DBRep_DrawableShape

CASCADE Topology V1, (c) Matra-Datavision
Locations 37
1
              1               0               0              -0 
              0               1               0             1.5 
              0               0               1              -0 
1
              1               0               0              -0 
              0               1               0              -0 
              0               0               1              -0 
1
              1               0               0              -0 
              0               1               0              -0 
              0               0               1              -0 
2  3 -1 0
1
              1               0               0               0 
              0               1               0              10 
              0               0               1               0 
2  5 -1 3 -1 0
2  1 1 3 -1 0
1
              1               0               0              -0 
              0               1               0              -0 
              0               0               1              -0 
2  8 -1 0
1
              1               0               0               0 
              0               1               0            6.25 
              0               0               1               0 
2  10 -1 8 -1 0
2  1 1 8 -1 0
1
              1               0               0              -0 
              0               1               0              -0 
              0               0               1              -0 
2  13 -1 0
1
              1               0               0               0 
              0               1               0           10.25 
              0               0               1               0 
2  15 -1 13 -1 0
2  1 1 13 -1 0
1
              1               0               0              -0 
              0               1               0              -0 
              0               0               1              -0 
2  18 -1 0
1
              1               0               0               0 
              0               1               0           10.25 
              0               0               1               0 
2  20 -1 18 -1 0
2  1 1 18 -1 0
1
              1               0               0              -0 
              0               1               0              -0 
              0               0               1              -0 
2  23 -1 0
1
              1               0               0               0 
              0               1               0            6.25 
              0               0               1               0 
2  25 -1 23 -1 0
2  1 1 23 -1 0
2  2 -1 0
1
              1               0               0               0 
              0               1               0           10.25 
              0               0               1               0 
2  29 -1 2 -1 0
2  1 1 2 -1 0
1
              1               0               0            -5.6 
              0               1               0              -0 
              0               0               1              -0 
2  32 -1 0
1
              1               0               0            11.2 
              0               1               0               0 
              0               0               1               0 
2  34 -1 32 -1 0
2  32 1 34 1 0
2  2 1 29 1 0
Curve2ds 135
1 3.4230727268206382 0 1 0 
8 -1.5000204000000004 2.0400000000364571e-05
1 3.4230727268206378 0 0 1 
8 -1.5000204000000004 2.0400000000364571e-05
1 12.968712349342937 -37.000000200000002 0 1 
8 -1.5 0
1 3.4230727268206378 0 0 1 
1 9.143297887538532 -1.5 -1 -0 
8 -1.5000204000000004 2.0400000000364571e-05
1 2.8601125803589484 0 0 1 
8 -1.5000204000000004 2.0400000000364571e-05
1 8.4968876506570616 -37.000000200000002 0 1 
8 -1.5 0
1 9.1432978875385338 0 0 1 
8 -13.5 0
1 -3.75 0 -0 -1 
8 -13.5 0
1 0 -37.000000200000002 -1 0 
8 -10.732799999999999 2.7672000000000008
1 3.75 10.732799999999999 0 1 
8 -10.732799999999999 2.7672000000000008
1 10.732799999999999 -37.000000200000002 -1 0 
2 3.75 8.5 0 -1 -1 -0 4.1559999999999997
1 6.2831853071795862 -37.000000200000002 -1 0 
8 1.7500000000000009 4.25
1 7.9059999999999997 4.25 0 1 
8 1.7500000000000009 4.25
1 4.25 -37.000000200000002 -1 0 
2 0 0 0 -1 1 0 10.85
1 0 0 1 0 
1 0 -10 1 0 
2 0 0 0 1 1 -0 10.85
1 0 0 1 0 
1 0 -6.25 1 0 
2 0 0 0 1 1 -0 10.85
1 0 0 1 0 
1 0 -10.25 1 0 
2 0 0 0 1 1 -0 10.85
1 0 0 1 0 
1 0 -10.25 1 0 
2 0 0 0 1 1 -0 10.85
1 0 0 1 0 
1 0 -6.25 1 0 
2 0 0 0 1 1 -0 10.85
1 0 0 1 0 
1 0 -10.25 1 0 
2 0 0 0 1 1 -0 10.85
8 -5.5 -3
1 -7.9059999999999997 3 -0 -1 
8 -5.5 -3
1 -3 -37.000000200000002 -1 0 
2 -3.7500000000000004 8.5 0 -1 -1 -0 4.1560000000000006
1 6.2831853071795862 -37.000000200000002 -1 0 
8 0 21.465599999999998
1 0 -10.750000200000002 1 0 
8 0 21.465599999999998
1 0 -3.75 -1 0 
1 0 0 0 -1 
1 21.465599999999998 0 0 -1 
2 18.865600000000001 -28.500000200000002 1 0 -0 1 2.6000000000000014
1 6.2831853071795862 -1.8499999999999996 -1 0 
8 14.250000100000001 24.250000100000001
1 16.265599999999999 -14.250000100000001 -0 -1 
8 14.250000100000001 24.250000100000001
1 -14.250000100000001 -1.8499999999999996 1 0 
8 -21.465599999999998 0
1 0 -38.500000200000002 -1 0 
8 -21.465599999999998 0
1 0 -3.75 -1 0 
1 3.1415926535897931 0 0 -1 
1 0 0 0 -1 
1 12.656000000000001 0 0 -1 
1 0 0 0 -1 
1 10.000000000000002 0 0 -1 
1 9.7499999999999982 16.265599999999999 3.4160708450004823e-16 1 
1 0 0 1 0 
1 0 -11.199999999999999 1 0 
8 -10.732799999999999 10.732799999999999
1 10.732799999999999 -38.500000200000002 -1 0 
8 -10.732799999999999 10.732799999999999
1 10.732799999999999 3.75 1 0 
8 -10.732799999999999 10.732799999999999
1 10.732799999999999 -10.750000200000002 1 0 
8 -10.732799999999999 10.732799999999999
1 -10.732799999999999 3.75 1 0 
1 3.1415926535897931 0 0 -1 
1 7.5 0 0 -1 
1 8.8095999999999997 0 0 -1 
8 -24.250000100000001 -14.250000100000001
1 5.1999999999999993 -14.250000100000001 0 1 
8 -24.250000100000001 -14.250000100000001
1 -14.250000100000001 -9.3499999999999996 -1 0 
2 2.5999999999999979 -28.500000200000002 -1 0 0 1 2.6000000000000014
1 6.2831853071795862 -9.3499999999999996 -1 0 
1 0 0 0 -1 
1 7.5 0 0 -1 
1 1.5707963267948966 0 0 -1 
1 0 0 0 -1 
1 6.2831853071795862 -10.750000200000002 -1 0 
2 -8.5 3.75 1 0 0 -1 4.1559999999999997
8 -4.25 -1.7500000000000009
1 4.25 -10.750000200000002 1 0 
8 -4.25 -1.7500000000000009
1 -4.25 7.9059999999999997 1 0 
1 1.5707963267948968 0 0 -1 
1 2.4999999999999991 0 0 -1 
8 -4.25 -1.7500000000000009
1 7.9059999999999997 -4.25 0 1 
8 -4.25 -1.7500000000000009
1 4.25 -26.750000200000002 1 0 
8 -10.2500204 2.0400000000364571e-05
1 0.81636859739975054 0 0 1 
8 -10.2500204 2.0400000000364571e-05
1 1.0691410994421382 -37.000000200000002 0 -1 
8 -10.2500204 2.0400000000364571e-05
1 5.4668167097798355 0 0 1 
8 -10.2500204 2.0400000000364571e-05
1 1.4308589005578618 -37.000000200000002 -0 -1 
8 3 5.5
1 -3 -10.750000200000002 1 0 
8 3 5.5
1 -3 -7.9059999999999997 -1 0 
1 4.7123889803846897 0 0 -1 
1 2.5 0 0 -1 
8 3 5.5
1 -7.9059999999999997 -3 0 -1 
8 3 5.5
1 -3 -26.750000200000002 1 0 
1 4.7123889803846897 0 0 -1 
1 0 0 0 -1 
1 6.2831853071795862 -10.750000200000002 -1 0 
2 -8.5 -3.7500000000000004 1 0 0 -1 4.1560000000000006
1 6.2831853071795862 -10.750000200000002 -1 0 
2 -6 -3.7500000000000004 1 0 0 -1 4.1559999999999988
1 12.566370614359172 -10.750000200000002 -1 0 
2 -4.592425496567664e-16 -1.9861570007375696e-16 1 0 0 -1 3.75
1 6.2831853071795862 -10.750000200000002 -1 0 
2 -6 3.7499999999999996 1 0 0 -1 4.1559999999999997
8 -1.875 5.625
1 1.875 -10.750000200000002 1 0 
8 -1.875 5.625
1 -21.465599999999998 -1.875 0 1 
1 6.2831853071795862 0 0 -1 
1 10 0 0 -1 
1 9.75 21.465599999999998 1 0 
1 0 0 1 0 
1 0 -11.199999999999999 1 0 
2 19.75 18.865600000000001 0 1 -1 0 2.6000000000000014
1 0 0 1 0 
1 0 -11.199999999999999 1 0 
1 3.1415926535897931 0 0 -1 
1 0 -0 0 -1 
1 19.75 16.265599999999999 -1 0 
1 0 -0 1 0 
1 0 -11.199999999999999 1 0 
2 3.7499999999999996 -6 0 1 -1 0 4.1559999999999997
1 6.2831853071795862 -26.750000200000002 -1 0 
1 0 0 0 -1 
1 0 0 0 -1 
1 19.621599999999997 0 0 -1 
8 -0.11720000000000041 10.732799999999999
1 3.75 -10.732799999999999 0 1 
8 -0.11720000000000041 10.732799999999999
1 10.732799999999999 -26.750000200000002 1 0 
2 -1.9861570007375696e-16 -4.592425496567664e-16 0 1 -1 0 3.75
1 12.566370614359172 -26.750000200000002 -1 0 
8 0 10.85
1 -3.75 0 0 -1 
8 0 10.85
1 0 -26.750000200000002 1 0 
2 -3.7500000000000004 -6 0 1 -1 0 4.1559999999999988
1 6.2831853071795862 -26.750000200000002 -1 0 
1 6.2831853071795862 0 0 -1 
1 7.5 0 0 -1 
1 1.8440000000000007 0 0 -1 
1 4.7123889803846897 0 0 -1 
1 0 0 0 -1 
1 7.8539816339744828 0 0 -1 
1 21.465599999999998 0 0 -1 
Curves 56
8 0 5.720225160717896
2 0 11.25 0 -0 -1 0 -0.27777777777777785 0 0.96064535921058791 -0.96064535921058791 0 -0.27777777777777785 13.5
1 -3.75 11.25 12.968712349342937 -0 1 -0 
8 0 5.7202251607178898
2 0 9.75 0 -0 1 0 0.27777777777778068 0 0.96064535921058714 0.96064535921058714 0 -0.27777777777778068 13.5
1 3.75 11.25 12.968712349342937 -0 1 -0 
1 -3.75 11.25 0 -0 -0 -1 
1 3.75 11.25 10.732799999999999 -0 0 1 
2 3.75 11.25 8.5 -0 1 0 0 0 -1 -1 0 -0 4.1559999999999997
1 7.9059999999999997 11.25 4.25 -0 0 1 
2 0 11.25 0 0 1 0 0 -0 1 1 0 -0 10.85
1 -7.9059999999999997 11.25 3 -0 -0 -1 
2 -3.7500000000000004 11.25 8.5 -0 1 0 0 0 -1 -1 0 -0 4.1560000000000006
1 -3.75 37.5 0 0 -0 1 
1 -3.75 48.250000200000002 21.465599999999998 0 -1 0 
2 -3.75 19.75 18.865600000000001 -1 0 -0 0 0 1 0 1 -0 2.6000000000000014
1 -3.75 34.000000100000001 16.265599999999999 -0 -1 -0 
1 -3.75 9.75 0 -0 -0 -1 
1 -3.7500000000000009 48.250000200000002 12.656000000000001 0 -1 0 
1 -5.5999999999999996 9.7499999999999982 16.265599999999999 1 0 0 
1 0 9.7499999999999982 16.265599999999999 0 3.4160708450004823e-16 1 
8 0 11.199999999999999
1 5.5999999999999996 9.75 21.465599999999998 -1 0 0 
1 3.75 9.75 10.732799999999999 -0 0 1 
1 3.75 37.5 10.732799999999999 0 0 -1 
1 3.7499999999999996 48.250000200000002 12.655999999999999 0 -1 0 
1 3.75 34.000000100000001 16.265599999999999 -0 1 0 
2 3.75 19.75 18.865600000000001 -1 0 -0 0 0 1 0 1 -0 2.6000000000000014
1 3.75 48.250000200000002 21.465599999999998 0 -1 0 
1 7.9059999999999997 48.250000200000002 8.5 0 -1 0 
2 3.75 37.5 8.5 -0 1 0 0 0 -1 -1 0 -0 4.1559999999999997
1 7.9059999999999997 37.5 4.25 0 0 -1 
1 7.9059999999999988 48.250000200000002 6.0000000000000009 0 -1 0 
1 7.9059999999999997 21.5 4.25 0 0 -1 
1 7.9059999999999997 11.25 7.4308589005578618 -0 -1 -0 
1 -7.9059999999999997 11.25 7.4308589005578618 -0 -1 -0 
1 -7.9059999999999997 37.5 3 0 -0 1 
1 -7.9060000000000006 48.250000200000002 8.5 0 -1 0 
1 -7.9059999999999997 21.5 3 0 -0 1 
1 -7.9059999999999997 48.250000200000002 6 0 -1 0 
2 -3.7500000000000004 37.5 8.5 -0 1 0 0 0 -1 -1 0 -0 4.1560000000000006
2 -3.7500000000000004 37.5 6 -0 1 0 0 0 -1 -1 0 -0 4.1559999999999988
2 -1.9861570007375696e-16 37.5 4.592425496567664e-16 -0 1 0 0 0 -1 -1 0 -0 3.75
2 3.7499999999999996 37.5 6 -0 1 0 0 0 -1 -1 0 -0 4.1559999999999997
1 -1.875 37.5 21.465599999999998 1 -0 0 
1 -5.5999999999999996 19.75 21.465600000000002 1 0 0 
1 0 9.75 21.465599999999998 0 1 0 
2 0 19.75 18.865600000000001 1 0 0 -0 0 1 0 -1 0 2.6000000000000014
1 -5.5999999999999996 19.75 16.265599999999999 1 0 0 
1 0 19.75 16.265599999999999 0 -1 0 
2 3.7499999999999996 21.5 6 -0 1 0 0 0 -1 -1 0 -0 4.1559999999999997
1 3.75 48.250000200000002 1.8440000000000003 0 -1 0 
1 3.75 21.5 10.732799999999999 0 0 -1 
2 -1.9861570007375696e-16 21.5 4.592425496567664e-16 -0 1 0 0 0 -1 -1 0 -0 3.75
1 -3.75 21.5 0 0 -0 1 
2 -3.7500000000000004 21.5 6 -0 1 0 0 0 -1 -1 0 -0 4.1559999999999988
1 -3.75 48.250000200000002 1.8440000000000007 0 -1 0 
1 -3.75 48.250000200000002 0 0 -1 0 
1 3.75 48.250000200000002 0 0 -1 0 
Polygon3D 0
PolygonOnTriangulations 132
90 1 2 3 4 5 6 7 8 9 10 11 12 13 14 15 16 17 18 19 20 21 22 23 24 25 26 27 28 29 30 31 32 33 34 35 36 37 38 39 40 41 42 43 44 45 46 47 48 49 50 51 52 53 54 55 56 57 58 59 60 61 62 63 64 65 66 67 68 69 70 71 72 73 74 75 76 77 78 79 80 81 82 83 84 85 86 87 88 89 90 
p 0.01398624408 1 0 0.064272192817055 0.12854438563411 0.192816578451165 0.25708877126822 0.321360964085275 0.38563315690233 0.449905349719385 0.51417754253644 0.578449735353495 0.64272192817055 0.706994120987605 0.77126631380466 0.835538506621715 0.89981069943877 0.964082892255825 1.02835508507288 1.09262727788994 1.15689947070699 1.22117166352405 1.2854438563411 1.34971604915816 1.41398824197521 1.47826043479227 1.54253262760932 1.60680482042638 1.67107701324343 1.73534920606049 1.79962139887754 1.8638935916946 1.92816578451165 1.99243797732871 2.05671017014576 2.12098236296282 2.18525455577987 2.24952674859693 2.31379894141398 2.37807113423104 2.44234332704809 2.50661551986515 2.5708877126822 2.63515990549926 2.69943209831631 2.76370429113337 2.82797648395042 2.89224867676748 2.95652086958453 3.02079306240159 3.08506525521864 3.1493374480357 3.21360964085275 3.27788183366981 3.34215402648686 3.40642621930392 3.47069841212097 3.53497060493803 3.59924279775508 3.66351499057214 3.72778718338919 3.79205937620625 3.8563315690233 3.92060376184036 3.98487595465741 4.04914814747447 4.11342034029152 4.17769253310858 4.24196472592563 4.30623691874269 4.37050911155974 4.4347813043768 4.49905349719385 4.56332569001091 4.62759788282796 4.69187007564502 4.75614226846207 4.82041446127912 4.88468665409618 4.94895884691323 5.01323103973029 5.07750323254734 5.1417754253644 5.20604761818145 5.27031981099851 5.33459200381556 5.39886419663262 5.46313638944967 5.52740858226673 5.59168077508378 5.65595296790084 5.7202251607179 
90 1 3 4 5 6 7 8 9 10 11 12 13 14 15 16 17 18 19 20 21 22 23 24 25 26 27 28 29 30 31 32 33 34 35 36 37 38 39 40 41 42 43 44 45 46 47 48 49 50 51 52 53 54 55 56 57 58 59 60 61 62 63 64 65 66 67 68 69 70 71 72 73 74 75 76 77 78 79 80 81 82 83 84 85 86 87 88 89 90 91 
p 0.01398624408 1 0 0.064272192817055 0.12854438563411 0.192816578451165 0.25708877126822 0.321360964085275 0.38563315690233 0.449905349719385 0.51417754253644 0.578449735353495 0.64272192817055 0.706994120987605 0.77126631380466 0.835538506621715 0.89981069943877 0.964082892255825 1.02835508507288 1.09262727788994 1.15689947070699 1.22117166352405 1.2854438563411 1.34971604915816 1.41398824197521 1.47826043479227 1.54253262760932 1.60680482042638 1.67107701324343 1.73534920606049 1.79962139887754 1.8638935916946 1.92816578451165 1.99243797732871 2.05671017014576 2.12098236296282 2.18525455577987 2.24952674859693 2.31379894141398 2.37807113423104 2.44234332704809 2.50661551986515 2.5708877126822 2.63515990549926 2.69943209831631 2.76370429113337 2.82797648395042 2.89224867676748 2.95652086958453 3.02079306240159 3.08506525521864 3.1493374480357 3.21360964085275 3.27788183366981 3.34215402648686 3.40642621930392 3.47069841212097 3.53497060493803 3.59924279775508 3.66351499057214 3.72778718338919 3.79205937620625 3.8563315690233 3.92060376184036 3.98487595465741 4.04914814747447 4.11342034029152 4.17769253310858 4.24196472592563 4.30623691874269 4.37050911155974 4.4347813043768 4.49905349719385 4.56332569001091 4.62759788282796 4.69187007564502 4.75614226846207 4.82041446127912 4.88468665409618 4.94895884691323 5.01323103973029 5.07750323254734 5.1417754253644 5.20604761818145 5.27031981099851 5.33459200381556 5.39886419663262 5.46313638944967 5.52740858226673 5.59168077508378 5.65595296790084 5.7202251607179 
2 91 1 
p 0.01398624408 1 -1.5 0 
2 5 4 
p 0.01398624408 1 -1.5 0 
90 92 93 94 95 96 97 98 99 100 101 102 103 104 105 106 107 108 109 110 111 112 113 114 115 116 117 118 119 120 121 122 123 124 125 126 127 128 129 130 131 132 133 134 135 136 137 138 139 140 141 142 143 144 145 146 147 148 149 150 151 152 153 154 155 156 157 158 159 160 161 162 163 164 165 166 167 168 169 170 171 172 173 174 175 176 177 178 179 180 91 
p 0.01398624408 1 0 0.0642721928170549 0.12854438563411 0.192816578451165 0.25708877126822 0.321360964085275 0.38563315690233 0.449905349719385 0.51417754253644 0.578449735353495 0.64272192817055 0.706994120987605 0.771266313804659 0.835538506621714 0.899810699438769 0.964082892255824 1.02835508507288 1.09262727788993 1.15689947070699 1.22117166352404 1.2854438563411 1.34971604915815 1.41398824197521 1.47826043479226 1.54253262760932 1.60680482042637 1.67107701324343 1.73534920606048 1.79962139887754 1.86389359169459 1.92816578451165 1.9924379773287 2.05671017014576 2.12098236296281 2.18525455577987 2.24952674859692 2.31379894141398 2.37807113423103 2.44234332704809 2.50661551986514 2.5708877126822 2.63515990549925 2.69943209831631 2.76370429113336 2.82797648395042 2.89224867676747 2.95652086958453 3.02079306240158 3.08506525521864 3.14933744803569 3.21360964085275 3.2778818336698 3.34215402648686 3.40642621930391 3.47069841212097 3.53497060493802 3.59924279775508 3.66351499057213 3.72778718338919 3.79205937620624 3.8563315690233 3.92060376184036 3.98487595465741 4.04914814747447 4.11342034029152 4.17769253310857 4.24196472592563 4.30623691874268 4.37050911155974 4.43478130437679 4.49905349719385 4.5633256900109 4.62759788282796 4.69187007564501 4.75614226846207 4.82041446127912 4.88468665409618 4.94895884691323 5.01323103973029 5.07750323254734 5.14177542536439 5.20604761818145 5.2703198109985 5.33459200381556 5.39886419663261 5.46313638944967 5.52740858226672 5.59168077508378 5.65595296790083 5.72022516071789 
90 1 2 3 4 5 6 7 8 9 10 11 12 13 14 15 16 17 18 19 20 21 22 23 24 25 26 27 28 29 30 31 32 33 34 35 36 37 38 39 40 41 42 43 44 45 46 47 48 49 50 51 52 53 54 55 56 57 58 59 60 61 62 63 64 65 66 67 68 69 70 71 72 73 74 75 76 77 78 79 80 81 82 83 84 85 86 87 88 89 90 
p 0.01398624408 1 0 0.0642721928170549 0.12854438563411 0.192816578451165 0.25708877126822 0.321360964085275 0.38563315690233 0.449905349719385 0.51417754253644 0.578449735353495 0.64272192817055 0.706994120987605 0.771266313804659 0.835538506621714 0.899810699438769 0.964082892255824 1.02835508507288 1.09262727788993 1.15689947070699 1.22117166352404 1.2854438563411 1.34971604915815 1.41398824197521 1.47826043479226 1.54253262760932 1.60680482042637 1.67107701324343 1.73534920606048 1.79962139887754 1.86389359169459 1.92816578451165 1.9924379773287 2.05671017014576 2.12098236296281 2.18525455577987 2.24952674859692 2.31379894141398 2.37807113423103 2.44234332704809 2.50661551986514 2.5708877126822 2.63515990549925 2.69943209831631 2.76370429113336 2.82797648395042 2.89224867676747 2.95652086958453 3.02079306240158 3.08506525521864 3.14933744803569 3.21360964085275 3.2778818336698 3.34215402648686 3.40642621930391 3.47069841212097 3.53497060493802 3.59924279775508 3.66351499057213 3.72778718338919 3.79205937620624 3.8563315690233 3.92060376184036 3.98487595465741 4.04914814747447 4.11342034029152 4.17769253310857 4.24196472592563 4.30623691874268 4.37050911155974 4.43478130437679 4.49905349719385 4.5633256900109 4.62759788282796 4.69187007564501 4.75614226846207 4.82041446127912 4.88468665409618 4.94895884691323 5.01323103973029 5.07750323254734 5.14177542536439 5.20604761818145 5.2703198109985 5.33459200381556 5.39886419663261 5.46313638944967 5.52740858226672 5.59168077508378 5.65595296790083 5.72022516071789 
2 92 90 
p 0.01398624408 1 -1.5 0 
2 27 28 
p 0.01398624408 1 -1.5 0 
2 1 2 
p 0.01398624408 1 -12.9687123493429 -12.656 
2 4 3 
p 0.01398624408 1 -12.9687123493429 -12.656 
2 92 91 
p 0.01398624408 1 1.9232 2.23591234934294 
2 29 28 
p 0.01398624408 1 1.9232 2.23591234934294 
15 2 18 19 20 21 22 23 24 25 26 27 28 29 30 17 
p 0.01398624408 1 3.14159265358979 3.253792391218 3.36599212884621 3.47819186647441 3.59039160410262 3.70259134173083 3.81479107935903 3.92699081698724 4.03919055461545 4.15139029224366 4.26359002987186 4.37578976750007 4.48798950512828 4.60018924275648 4.71238898038469 
15 92 93 94 95 96 97 98 99 100 101 102 103 104 105 106 
p 0.01398624408 1 3.14159265358979 3.253792391218 3.36599212884621 3.47819186647441 3.59039160410262 3.70259134173083 3.81479107935903 3.92699081698724 4.03919055461545 4.15139029224366 4.26359002987186 4.37578976750007 4.48798950512828 4.60018924275648 4.71238898038469 
2 107 106 
p 0.01398624408 1 3.18085890055786 4.25 
2 4 3 
p 0.01398624408 1 3.18085890055786 4.25 
66 1 2 3 4 5 6 7 8 9 10 11 12 13 14 15 16 17 18 19 20 21 22 23 24 25 26 27 28 29 30 31 32 33 34 35 36 37 38 39 40 41 42 43 44 45 46 47 48 49 50 51 52 53 54 55 56 57 58 59 60 61 62 63 64 65 66 
p 0.01398624408 1 0.81636859739975 0.887913952974829 0.959459308549907 1.03100466412499 1.10255001970006 1.17409537527514 1.24564073085022 1.3171860864253 1.38873144200038 1.46027679757545 1.53182215315053 1.60336750872561 1.67491286430069 1.74645821987577 1.81800357545085 1.88954893102592 1.961094286601 2.03263964217608 2.10418499775116 2.17573035332624 2.24727570890132 2.31882106447639 2.39036642005147 2.46191177562655 2.53345713120163 2.60500248677671 2.67654784235178 2.74809319792686 2.81963855350194 2.89118390907702 2.9627292646521 3.03427462022718 3.10581997580225 3.17736533137733 3.24891068695241 3.32045604252749 3.39200139810257 3.46354675367765 3.53509210925272 3.6066374648278 3.67818282040288 3.74972817597796 3.82127353155304 3.89281888712811 3.96436424270319 4.03590959827827 4.10745495385335 4.17900030942843 4.25054566500351 4.32209102057858 4.39363637615366 4.46518173172874 4.53672708730382 4.6082724428789 4.67981779845397 4.75136315402905 4.82290850960413 4.89445386517921 4.96599922075429 5.03754457632937 5.10908993190444 5.18063528747952 5.2521806430546 5.32372599862968 5.39527135420476 5.46681670977984 
66 107 108 109 110 111 112 113 114 115 116 117 118 119 120 121 122 123 124 125 126 127 128 129 130 131 132 133 134 135 136 137 138 139 140 141 142 143 144 145 146 147 148 149 150 151 152 153 154 155 156 157 158 159 160 161 162 163 164 165 166 167 168 169 170 171 172 
p 0.01398624408 1 0.81636859739975 0.887913952974829 0.959459308549907 1.03100466412499 1.10255001970006 1.17409537527514 1.24564073085022 1.3171860864253 1.38873144200038 1.46027679757545 1.53182215315053 1.60336750872561 1.67491286430069 1.74645821987577 1.81800357545085 1.88954893102592 1.961094286601 2.03263964217608 2.10418499775116 2.17573035332624 2.24727570890132 2.31882106447639 2.39036642005147 2.46191177562655 2.53345713120163 2.60500248677671 2.67654784235178 2.74809319792686 2.81963855350194 2.89118390907702 2.9627292646521 3.03427462022718 3.10581997580225 3.17736533137733 3.24891068695241 3.32045604252749 3.39200139810257 3.46354675367765 3.53509210925272 3.6066374648278 3.67818282040288 3.74972817597796 3.82127353155304 3.89281888712811 3.96436424270319 4.03590959827827 4.10745495385335 4.17900030942843 4.25054566500351 4.32209102057858 4.39363637615366 4.46518173172874 4.53672708730382 4.6082724428789 4.67981779845397 4.75136315402905 4.82290850960413 4.89445386517921 4.96599922075429 5.03754457632937 5.10908993190444 5.18063528747952 5.2521806430546 5.32372599862968 5.39527135420476 5.46681670977984 
2 173 172 
p 0.01398624408 1 -5.5 -4.43085890055786 
2 6 5 
p 0.01398624408 1 -5.5 -4.43085890055786 
15 2 18 19 20 21 22 23 24 25 26 27 28 29 30 17 
p 0.01398624408 1 1.5707963267949 1.6829960644231 1.79519580205131 1.90739553967952 2.01959527730772 2.13179501493593 2.24399475256414 2.35619449019234 2.46839422782055 2.58059396544876 2.69279370307697 2.80499344070517 2.91719317833338 3.02939291596159 3.14159265358979 
15 173 174 175 176 177 178 179 180 181 182 183 184 185 186 2 
p 0.01398624408 1 1.5707963267949 1.6829960644231 1.79519580205131 1.90739553967952 2.01959527730772 2.13179501493593 2.24399475256414 2.35619449019234 2.46839422782055 2.58059396544876 2.69279370307697 2.80499344070517 2.91719317833338 3.02939291596159 3.14159265358979 
2 1 2 
p 0.01398624408 1 12.656 21.4656 
2 1 2 
p 0.01398624408 1 12.656 21.4656 
2 2 8 
p 0.01398624408 1 10.7500002 28.5000002 
2 1 3 
p 0.01398624408 1 10.7500002 28.5000002 
23 25 26 27 28 29 30 31 32 33 34 35 36 37 38 39 40 41 42 43 44 45 46 24 
p 0.01398624408 1 0 0.142799666072263 0.285599332144527 0.42839899821679 0.571198664289053 0.713998330361317 0.85679799643358 0.999597662505843 1.14239732857811 1.28519699465037 1.42799666072263 1.5707963267949 1.71359599286716 1.85639565893942 1.99919532501169 2.14199499108395 2.28479465715621 2.42759432322848 2.57039398930074 2.713193655373 2.85599332144527 2.99879298751753 3.14159265358979 
23 8 9 10 11 12 13 14 15 16 17 18 19 20 21 22 23 24 25 26 27 28 29 7 
p 0.01398624408 1 0 0.142799666072263 0.285599332144527 0.42839899821679 0.571198664289053 0.713998330361317 0.85679799643358 0.999597662505843 1.14239732857811 1.28519699465037 1.42799666072263 1.5707963267949 1.71359599286716 1.85639565893942 1.99919532501169 2.14199499108395 2.28479465715621 2.42759432322848 2.57039398930074 2.713193655373 2.85599332144527 2.99879298751753 3.14159265358979 
2 7 6 
p 0.01398624408 1 14.2500001 24.2500001 
2 3 4 
p 0.01398624408 1 14.2500001 24.2500001 
2 6 5 
p 0.01398624408 1 -16.2656 -12.9687123493429 
2 96 90 
p 0.01398624408 1 -16.2656 -12.9687123493429 
2 16 17 
p 0.01398624408 1 10.7500002 37.0000002 
2 1 3 
p 0.01398624408 1 10.7500002 37.0000002 
2 95 96 
p 0.01398624408 1 0 1.85 
2 2 4 
p 0.01398624408 1 0 1.85 
2 95 94 
p 0.01398624408 1 0 5.2 
2 1 2 
p 0.01398624408 1 0 5.2 
2 93 94 
p 0.01398624408 1 0 11.2 
2 6 5 
p 0.01398624408 1 0 11.2 
2 92 93 
p 0.01398624408 1 0 5.2 
2 1 2 
p 0.01398624408 1 0 5.2 
2 91 92 
p 0.01398624408 1 9.35 11.2 
2 1 4 
p 0.01398624408 1 9.35 11.2 
2 1 91 
p 0.01398624408 1 2.23591234934292 5.5328 
2 27 26 
p 0.01398624408 1 2.23591234934292 5.5328 
2 1 2 
p 0.01398624408 1 -10.7328 -1.9232 
2 89 75 
p 0.01398624408 1 -10.7328 -1.9232 
2 1 2 
p 0.01398624408 1 10.7500002 37.0000002 
2 2 29 
p 0.01398624408 1 10.7500002 37.0000002 
2 26 25 
p 0.01398624408 1 -24.2500001 -14.2500001 
2 1 2 
p 0.01398624408 1 -24.2500001 -14.2500001 
23 1 2 3 4 5 6 7 8 9 10 11 12 13 14 15 16 17 18 19 20 21 22 23 
p 0.01398624408 1 0 0.142799666072263 0.285599332144527 0.42839899821679 0.571198664289053 0.713998330361317 0.85679799643358 0.999597662505843 1.14239732857811 1.28519699465037 1.42799666072263 1.5707963267949 1.71359599286716 1.85639565893942 1.99919532501169 2.14199499108395 2.28479465715621 2.42759432322848 2.57039398930074 2.713193655373 2.85599332144527 2.99879298751753 3.14159265358979 
23 3 4 5 6 7 8 9 10 11 12 13 14 15 16 17 18 19 20 21 22 23 24 25 
p 0.01398624408 1 0 0.142799666072263 0.285599332144527 0.42839899821679 0.571198664289053 0.713998330361317 0.85679799643358 0.999597662505843 1.14239732857811 1.28519699465037 1.42799666072263 1.5707963267949 1.71359599286716 1.85639565893942 1.99919532501169 2.14199499108395 2.28479465715621 2.42759432322848 2.57039398930074 2.713193655373 2.85599332144527 2.99879298751753 3.14159265358979 
2 1 3 
p 0.01398624408 1 10.7500002 28.5000002 
2 2 8 
p 0.01398624408 1 10.7500002 28.5000002 
2 16 17 
p 0.01398624408 1 10.7500002 37.0000002 
2 1 3 
p 0.01398624408 1 10.7500002 37.0000002 
15 1 3 4 5 6 7 8 9 10 11 12 13 14 15 16 
p 0.01398624408 1 3.14159265358979 3.253792391218 3.36599212884621 3.47819186647441 3.59039160410262 3.70259134173083 3.81479107935903 3.92699081698724 4.03919055461545 4.15139029224366 4.26359002987186 4.37578976750007 4.48798950512828 4.60018924275648 4.71238898038469 
15 75 76 77 78 79 80 81 82 83 84 85 86 87 88 74 
p 0.01398624408 1 3.14159265358979 3.253792391218 3.36599212884621 3.47819186647441 3.59039160410262 3.70259134173083 3.81479107935903 3.92699081698724 4.03919055461545 4.15139029224366 4.26359002987186 4.37578976750007 4.48798950512828 4.60018924275648 4.71238898038469 
2 1 2 
p 0.01398624408 1 -4.25 -1.75 
2 74 60 
p 0.01398624408 1 -4.25 -1.75 
2 1 2 
p 0.01398624408 1 10.7500002 26.7500002 
2 2 6 
p 0.01398624408 1 10.7500002 26.7500002 
2 5 6 
p 0.01398624408 1 -3.18085890055786 -1.75 
2 17 3 
p 0.01398624408 1 -3.18085890055786 -1.75 
2 67 1 
p 0.01398624408 1 -10.25 0 
2 5 4 
p 0.01398624408 1 -10.25 0 
2 132 66 
p 0.01398624408 1 -10.25 0 
2 4 5 
p 0.01398624408 1 -10.25 0 
66 67 68 69 70 71 72 73 74 75 76 77 78 79 80 81 82 83 84 85 86 87 88 89 90 91 92 93 94 95 96 97 98 99 100 101 102 103 104 105 106 107 108 109 110 111 112 113 114 115 116 117 118 119 120 121 122 123 124 125 126 127 128 129 130 131 132 
p 0.01398624408 1 0.81636859739975 0.887913952974829 0.959459308549907 1.03100466412499 1.10255001970006 1.17409537527514 1.24564073085022 1.3171860864253 1.38873144200038 1.46027679757545 1.53182215315053 1.60336750872561 1.67491286430069 1.74645821987577 1.81800357545085 1.88954893102592 1.961094286601 2.03263964217608 2.10418499775116 2.17573035332624 2.24727570890132 2.31882106447639 2.39036642005147 2.46191177562655 2.53345713120163 2.60500248677671 2.67654784235178 2.74809319792686 2.81963855350194 2.89118390907702 2.9627292646521 3.03427462022718 3.10581997580225 3.17736533137733 3.24891068695241 3.32045604252749 3.39200139810257 3.46354675367765 3.53509210925272 3.6066374648278 3.67818282040288 3.74972817597796 3.82127353155304 3.89281888712811 3.96436424270319 4.03590959827827 4.10745495385335 4.17900030942843 4.25054566500351 4.32209102057858 4.39363637615366 4.46518173172874 4.53672708730382 4.6082724428789 4.67981779845397 4.75136315402905 4.82290850960413 4.89445386517921 4.96599922075429 5.03754457632937 5.10908993190444 5.18063528747952 5.2521806430546 5.32372599862968 5.39527135420476 5.46681670977984 
66 17 18 19 20 21 22 23 24 25 26 27 28 29 30 31 32 33 34 35 36 37 38 39 40 41 42 43 44 45 46 47 48 49 50 51 52 53 54 55 56 57 58 59 60 61 62 63 64 65 66 67 68 69 70 71 72 73 74 75 76 77 78 79 80 81 82 
p 0.01398624408 1 0.81636859739975 0.887913952974829 0.959459308549907 1.03100466412499 1.10255001970006 1.17409537527514 1.24564073085022 1.3171860864253 1.38873144200038 1.46027679757545 1.53182215315053 1.60336750872561 1.67491286430069 1.74645821987577 1.81800357545085 1.88954893102592 1.961094286601 2.03263964217608 2.10418499775116 2.17573035332624 2.24727570890132 2.31882106447639 2.39036642005147 2.46191177562655 2.53345713120163 2.60500248677671 2.67654784235178 2.74809319792686 2.81963855350194 2.89118390907702 2.9627292646521 3.03427462022718 3.10581997580225 3.17736533137733 3.24891068695241 3.32045604252749 3.39200139810257 3.46354675367765 3.53509210925272 3.6066374648278 3.67818282040288 3.74972817597796 3.82127353155304 3.89281888712811 3.96436424270319 4.03590959827827 4.10745495385335 4.17900030942843 4.25054566500351 4.32209102057858 4.39363637615366 4.46518173172874 4.53672708730382 4.6082724428789 4.67981779845397 4.75136315402905 4.82290850960413 4.89445386517921 4.96599922075429 5.03754457632937 5.10908993190444 5.18063528747952 5.2521806430546 5.32372599862968 5.39527135420476 5.46681670977984 
2 1 2 
p 0.01398624408 1 3 5.5 
2 17 3 
p 0.01398624408 1 3 5.5 
2 1 2 
p 0.01398624408 1 10.7500002 37.0000002 
2 2 6 
p 0.01398624408 1 10.7500002 37.0000002 
2 3 4 
p 0.01398624408 1 3 4.43085890055786 
2 83 82 
p 0.01398624408 1 3 4.43085890055786 
2 16 17 
p 0.01398624408 1 10.7500002 26.7500002 
2 1 3 
p 0.01398624408 1 10.7500002 26.7500002 
15 1 3 4 5 6 7 8 9 10 11 12 13 14 15 16 
p 0.01398624408 1 1.5707963267949 1.6829960644231 1.79519580205131 1.90739553967952 2.01959527730772 2.13179501493593 2.24399475256414 2.35619449019234 2.46839422782055 2.58059396544876 2.69279370307697 2.80499344070517 2.91719317833338 3.02939291596159 3.14159265358979 
15 3 4 5 6 7 8 9 10 11 12 13 14 15 16 1 
p 0.01398624408 1 1.5707963267949 1.6829960644231 1.79519580205131 1.90739553967952 2.01959527730772 2.13179501493593 2.24399475256414 2.35619449019234 2.46839422782055 2.58059396544876 2.69279370307697 2.80499344070517 2.91719317833338 3.02939291596159 3.14159265358979 
15 1 3 4 5 6 7 8 9 10 11 12 13 14 15 16 
p 0.01398624408 1 2.13709918118413e-16 0.112199737628207 0.224399475256414 0.336599212884621 0.448798950512828 0.560998688141035 0.673198425769242 0.785398163397449 0.897597901025655 1.00979763865386 1.12199737628207 1.23419711391028 1.34639685153848 1.45859658916669 1.5707963267949 
15 18 19 20 21 22 23 24 25 26 27 28 29 30 31 17 
p 0.01398624408 1 2.13709918118413e-16 0.112199737628207 0.224399475256414 0.336599212884621 0.448798950512828 0.560998688141035 0.673198425769242 0.785398163397449 0.897597901025655 1.00979763865386 1.12199737628207 1.23419711391028 1.34639685153848 1.45859658916669 1.5707963267949 
2 32 18 
p 0.01398624408 1 0 1.844 
2 1 2 
p 0.01398624408 1 0 1.844 
27 1 3 4 5 6 7 8 9 10 11 12 13 14 15 16 17 18 19 20 21 22 23 24 25 26 27 28 
p 0.01398624408 1 4.71238898038469 4.83321946706122 4.95404995373775 5.07488044041428 5.19571092709081 5.31654141376734 5.43737190044387 5.55820238712041 5.67903287379694 5.79986336047347 5.92069384715 6.04152433382653 6.16235482050306 6.28318530717959 6.40401579385612 6.52484628053265 6.64567676720918 6.76650725388571 6.88733774056224 7.00816822723878 7.12899871391531 7.24982920059184 7.37065968726837 7.4914901739449 7.61232066062143 7.73315114729796 7.85398163397448 
27 33 34 35 36 37 38 39 40 41 42 43 44 45 46 47 48 49 50 51 52 53 54 55 56 57 58 32 
p 0.01398624408 1 4.71238898038469 4.83321946706122 4.95404995373775 5.07488044041428 5.19571092709081 5.31654141376734 5.43737190044387 5.55820238712041 5.67903287379694 5.79986336047347 5.92069384715 6.04152433382653 6.16235482050306 6.28318530717959 6.40401579385612 6.52484628053265 6.64567676720918 6.76650725388571 6.88733774056224 7.00816822723878 7.12899871391531 7.24982920059184 7.37065968726837 7.4914901739449 7.61232066062143 7.73315114729796 7.85398163397448 
2 59 33 
p 0.01398624408 1 8.8888 10.7328 
2 1 2 
p 0.01398624408 1 8.8888 10.7328 
15 1 3 4 5 6 7 8 9 10 11 12 13 14 15 16 
p 0.01398624408 1 4.71238898038469 4.8245887180129 4.9367884556411 5.04898819326931 5.16118793089752 5.27338766852572 5.38558740615393 5.49778714378214 5.60998688141034 5.72218661903855 5.83438635666676 5.94658609429497 6.05878583192317 6.17098556955138 6.28318530717959 
15 60 61 62 63 64 65 66 67 68 69 70 71 72 73 59 
p 0.01398624408 1 4.71238898038469 4.8245887180129 4.9367884556411 5.04898819326931 5.16118793089752 5.27338766852572 5.38558740615393 5.49778714378214 5.60998688141034 5.72218661903855 5.83438635666676 5.94658609429497 6.05878583192317 6.17098556955138 6.28318530717959 
2 2 89 
p 0.01398624408 1 -1.875 5.625 
2 1 2 
p 0.01398624408 1 -1.875 5.625 
2 23 25 
p 0.01398624408 1 0 1.85 
2 4 3 
p 0.01398624408 1 0 1.85 
2 5 4 
p 0.01398624408 1 0 10 
2 2 25 
p 0.01398624408 1 0 10 
2 6 7 
p 0.01398624408 1 0 10 
2 2 25 
p 0.01398624408 1 0 10 
2 1 46 
p 0.01398624408 1 9.35 11.2 
2 8 7 
p 0.01398624408 1 9.35 11.2 
23 1 2 3 4 5 6 7 8 9 10 11 12 13 14 15 16 17 18 19 20 21 22 23 
p 0.01398624408 1 3.14159265358979 3.28439231966206 3.42719198573432 3.56999165180658 3.71279131787885 3.85559098395111 3.99839065002337 4.14119031609564 4.2839899821679 4.42678964824016 4.56958931431243 4.71238898038469 4.85518864645695 4.99798831252922 5.14078797860148 5.28358764467374 5.426387310746 5.56918697681827 5.71198664289053 5.85478630896279 5.99758597503506 6.14038564110732 6.28318530717959 
23 3 4 5 6 7 8 9 10 11 12 13 14 15 16 17 18 19 20 21 22 23 24 25 
p 0.01398624408 1 3.14159265358979 3.28439231966206 3.42719198573432 3.56999165180658 3.71279131787885 3.85559098395111 3.99839065002337 4.14119031609564 4.2839899821679 4.42678964824016 4.56958931431243 4.71238898038469 4.85518864645695 4.99798831252922 5.14078797860148 5.28358764467374 5.426387310746 5.56918697681827 5.71198664289053 5.85478630896279 5.99758597503506 6.14038564110732 6.28318530717959 
23 24 25 26 27 28 29 30 31 32 33 34 35 36 37 38 39 40 41 42 43 44 45 46 
p 0.01398624408 1 3.14159265358979 3.28439231966206 3.42719198573432 3.56999165180658 3.71279131787885 3.85559098395111 3.99839065002337 4.14119031609564 4.2839899821679 4.42678964824016 4.56958931431243 4.71238898038469 4.85518864645695 4.99798831252922 5.14078797860148 5.28358764467374 5.426387310746 5.56918697681827 5.71198664289053 5.85478630896279 5.99758597503506 6.14038564110732 6.28318530717959 
23 3 4 5 6 7 8 9 10 11 12 13 14 15 16 17 18 19 20 21 22 23 24 25 
p 0.01398624408 1 3.14159265358979 3.28439231966206 3.42719198573432 3.56999165180658 3.71279131787885 3.85559098395111 3.99839065002337 4.14119031609564 4.2839899821679 4.42678964824016 4.56958931431243 4.71238898038469 4.85518864645695 4.99798831252922 5.14078797860148 5.28358764467374 5.426387310746 5.56918697681827 5.71198664289053 5.85478630896279 5.99758597503506 6.14038564110732 6.28318530717959 
2 1 24 
p 0.01398624408 1 0 1.85 
2 1 3 
p 0.01398624408 1 0 1.85 
2 1 2 
p 0.01398624408 1 0 10 
2 3 1 
p 0.01398624408 1 0 10 
2 3 1 
p 0.01398624408 1 0 10 
2 3 4 
p 0.01398624408 1 0 10 
2 23 24 
p 0.01398624408 1 9.35 11.2 
2 2 3 
p 0.01398624408 1 9.35 11.2 
15 2 18 19 20 21 22 23 24 25 26 27 28 29 30 17 
p 0.01398624408 1 4.71238898038469 4.8245887180129 4.9367884556411 5.04898819326931 5.16118793089752 5.27338766852572 5.38558740615393 5.49778714378214 5.60998688141034 5.72218661903855 5.83438635666676 5.94658609429497 6.05878583192317 6.17098556955138 6.28318530717959 
15 3 4 5 6 7 8 9 10 11 12 13 14 15 16 1 
p 0.01398624408 1 4.71238898038469 4.8245887180129 4.9367884556411 5.04898819326931 5.16118793089752 5.27338766852572 5.38558740615393 5.49778714378214 5.60998688141034 5.72218661903855 5.83438635666676 5.94658609429497 6.05878583192317 6.17098556955138 6.28318530717959 
2 16 17 
p 0.01398624408 1 10.7500002 26.7500002 
2 1 3 
p 0.01398624408 1 10.7500002 26.7500002 
2 1 2 
p 0.01398624408 1 8.8888 10.7328 
2 3 4 
p 0.01398624408 1 8.8888 10.7328 
27 2 30 31 32 33 34 35 36 37 38 39 40 41 42 43 44 45 46 47 48 49 50 51 52 53 54 29 
p 0.01398624408 1 4.71238898038469 4.83321946706122 4.95404995373775 5.07488044041428 5.19571092709081 5.31654141376734 5.43737190044387 5.55820238712041 5.67903287379694 5.79986336047347 5.92069384715 6.04152433382653 6.16235482050306 6.28318530717959 6.40401579385612 6.52484628053265 6.64567676720918 6.76650725388571 6.88733774056224 7.00816822723878 7.12899871391531 7.24982920059184 7.37065968726837 7.4914901739449 7.61232066062143 7.73315114729796 7.85398163397448 
27 2 99 100 101 102 103 104 105 106 107 108 109 110 111 112 113 114 115 116 117 118 119 120 121 122 123 98 
p 0.01398624408 1 4.71238898038469 4.83321946706122 4.95404995373775 5.07488044041428 5.19571092709081 5.31654141376734 5.43737190044387 5.55820238712041 5.67903287379694 5.79986336047347 5.92069384715 6.04152433382653 6.16235482050306 6.28318530717959 6.40401579385612 6.52484628053265 6.64567676720918 6.76650725388571 6.88733774056224 7.00816822723878 7.12899871391531 7.24982920059184 7.37065968726837 7.4914901739449 7.61232066062143 7.73315114729796 7.85398163397448 
2 98 84 
p 0.01398624408 1 0 1.844 
2 3 4 
p 0.01398624408 1 0 1.844 
15 2 18 19 20 21 22 23 24 25 26 27 28 29 30 17 
p 0.01398624408 1 2.13709918118413e-16 0.112199737628207 0.224399475256414 0.336599212884621 0.448798950512828 0.560998688141035 0.673198425769242 0.785398163397449 0.897597901025655 1.00979763865386 1.12199737628207 1.23419711391028 1.34639685153848 1.45859658916669 1.5707963267949 
15 84 85 86 87 88 89 90 91 92 93 94 95 96 97 83 
p 0.01398624408 1 2.13709918118413e-16 0.112199737628207 0.224399475256414 0.336599212884621 0.448798950512828 0.560998688141035 0.673198425769242 0.785398163397449 0.897597901025655 1.00979763865386 1.12199737628207 1.23419711391028 1.34639685153848 1.45859658916669 1.5707963267949 
2 1 2 
p 0.01398624408 1 10.7500002 26.7500002 
2 2 4 
p 0.01398624408 1 10.7500002 26.7500002 
2 28 29 
p 0.01398624408 1 10.7500002 26.7500002 
2 1 3 
p 0.01398624408 1 10.7500002 26.7500002 
2 1 2 
p 0.01398624408 1 10.7500002 26.7500002 
2 2 4 
p 0.01398624408 1 10.7500002 26.7500002 
Surfaces 33
10 3.1415926535897927 9.4247779607693793 -2e+100 2e+100
2 0 11.25 0 -0 1 -0 0 0 -1 1 0 0 13.5
2 0 11.25 0 -0 1 -0 0 0 -1 1 0 0 13.5
1 -3.75 48.250000200000002 0 -1 0 0 0 0 1 0 1 -0 
1 3.75 48.250000200000002 21.465599999999998 1 0 0 0 0 -1 -0 1 0 
1 -0 9.75 -0 0 -1 0 1 0 0 -0 0 1 
2 3.75 48.250000200000002 8.5 -0 1 -0 0 0 -1 1 0 0 4.1559999999999997
1 7.9059999999999997 48.250000200000002 8.5 1 0 0 0 0 -1 -0 1 0 
1 -0 11.25 -0 0 1 0 1 0 0 0 0 -1 
2 0 11.25 0 -0 -1 -0 0 -0 1 1 -0 -0 10.85
2 0 11.25 0 -0 -1 -0 0 -0 1 1 -0 -0 10.85
2 0 11.25 0 -0 -1 -0 0 -0 1 1 -0 -0 10.85
2 0 11.25 0 -0 -1 -0 0 -0 1 1 -0 -0 10.85
2 0 11.25 0 -0 -1 -0 0 -0 1 1 -0 -0 10.85
2 0 11.25 0 -0 -1 -0 0 -0 1 1 -0 -0 10.85
1 -7.9059999999999997 48.250000200000002 6 -1 0 0 0 0 1 0 1 -0 
2 -3.7500000000000004 48.250000200000002 8.5 -0 1 -0 0 0 -1 1 0 0 4.1560000000000006
1 0 37.5 0 -0 -1 -0 0 0 -1 1 -0 0 
1 -3.75 48.250000200000002 21.465599999999998 -0 0 1 1 0 0 0 1 -0 
2 -5.5999999999999996 19.75 18.865600000000001 -1 -0 -0 -0 0 1 -0 -1 0 2.6000000000000014
1 -5.5999999999999996 19.75 16.265599999999999 0 0 -1 0 -1 0 -1 -0 -0 
1 0 9.75 0 -0 1 -0 0 0 1 1 0 -0 
1 -3.7500000000000009 48.250000200000002 12.656000000000001 -0 0 1 1 0 0 0 1 -0 
1 0 9.75 0 0 -1 0 1 0 0 -0 0 1 
1 -5.5999999999999996 9.7499999999999982 16.265599999999999 0 -1 3.4160708450004823e-16 0 3.4160708450004823e-16 1 -1 0 0 
1 0 0 0 1 0 0 -0 1 0 0 -0 1 
1 0 37.5 0 -0 -1 -0 0 0 -1 1 -0 0 
2 3.7499999999999996 48.250000200000002 6 -0 1 -0 0 0 -1 1 0 0 4.1559999999999997
2 -3.7500000000000004 48.250000200000002 6 -0 1 -0 0 0 -1 1 0 0 4.1559999999999988
1 0 37.5 0 -0 -1 -0 0 0 -1 1 -0 0 
2 -1.9861570007375696e-16 48.250000200000002 4.592425496567664e-16 -0 1 -0 0 0 -1 1 0 0 3.75
1 -3.75 48.250000200000002 21.465599999999998 -0 0 1 1 0 0 0 1 -0 
1 -5.5999999999999996 9.75 21.465599999999998 0 0 1 0 1 0 -1 0 0 
1 3.75 48.250000200000002 1.8440000000000003 -0 -0 -1 -1 0 0 0 1 -0 
Triangulations 24
180 178 1 0.00697031877190075
-3.75 11.25 12.9687123493429 -4.57521102808747 11.25 12.7010804283914 -5.38152875459382 11.25 12.3809994856425 -6.16562349617034 11.25 12.0097912930855 -6.9242573391274 11.25 11.5889887523261 -7.65429751037615 11.25 11.1203295644801 -8.35272931419282 11.25 10.605749054349 -9.01666858138338 11.25 10.0473721785098 -9.64337357943986 11.25 9.44750475032224 -10.2302563345053 11.25 8.80862391808811 -10.7748933183936 11.25 8.13336793568553 -11.2750354565318 11.25 7.42452526791789 -11.7286174154979 11.25 6.68502307556828 -12.1337661318003 11.25 5.91791512770968 -12.4888085466808 11.25 5.12636919118719 -12.792278514998 11.25 4.31365394934728 -13.0429228596644 11.25 3.48312550403298 -13.2397065466311 11.25 2.63821351658509 -13.3818169590549 11.25 1.78240704507992 -13.4686672529926 11.25 0.919240136288621 -13.4998987807698 11.25 0.0522772318560882 -13.4753825720133 11.25 -0.814901551035652 -13.3952198662338 11.25 -1.67871520373599 -13.2597416947579 11.25 -2.53559661387566 -13.0695075137365 11.25 -3.38200729573199 -12.8253028938746 11.25 -4.21445200238072 -12.5281362764228 11.25 -5.02949315929344 -12.179234808826 11.25 -5.82376505977725 -11.7800392772269 11.25 -6.59398776363681 -11.3321981567499 11.25 -7.33698064166412 -10.8375608041346 11.25 -8.04967551002439 -10.29816982083 11.25 -8.72912930029945 -9.71625261808681 11.25 -9.37253621286795 -9.09421221887797 11.25 -9.97723930343513 -8.43461733463245 11.25 -10.5407414548654 -7.7401917577596 11.25 -11.0607156890099 -7.01380311376761 11.25 -11.5350147759465 -6.25845101942426 11.25 -11.9616801009502 -5.47725469586072 11.25 -12.3389497525791 -4.67344008776993 11.25 -12.6652657984752 -3.85032654189083 11.25 -12.9392807188348 -3.01131309978942 11.25 -13.1598629709825 -2.15986446154073 11.25 -13.3261016620681 -1.29949667827431 11.25 -13.4373103105924 -0.433762632665986 11.25 -13.4930296812281 0.433762632666033 11.25 -13.4930296812281 1.29949667827436 11.25 -13.4373103105924 2.15986446154078 11.25 -13.3261016620681 3.01131309978947 11.25 -13.1598629709825 3.85032654189087 11.25 -12.9392807188348 4.67344008776998 11.25 -12.6652657984752 5.47725469586076 11.25 -12.3389497525791 6.2584510194243 11.25 -11.9616801009502 7.01380311376765 11.25 -11.5350147759465 7.74019175775964 11.25 -11.0607156890099 8.43461733463249 11.25 -10.5407414548654 9.094212218878 11.25 -9.97723930343509 9.71625261808685 11.25 -9.37253621286792 10.29816982083 11.25 -8.72912930029941 10.8375608041346 11.25 -8.04967551002435 11.3321981567499 11.25 -7.33698064166408 11.7800392772269 11.25 -6.59398776363676 12.179234808826 11.25 -5.8237650597772 12.5281362764228 11.25 -5.02949315929339 12.8253028938746 11.25 -4.21445200238069 13.0695075137365 11.25 -3.38200729573196 13.259741694758 11.25 -2.53559661387563 13.3952198662338 11.25 -1.67871520373597 13.4753825720133 11.25 -0.814901551035637 13.4998987807698 11.25 0.0522772318560967 13.4686672529926 11.25 0.919240136288624 13.3818169590549 11.25 1.78240704507991 13.2397065466312 11.25 2.63821351658508 13.0429228596644 11.25 3.48312550403297 12.7922785149981 11.25 4.31365394934726 12.4888085466808 11.25 5.12636919118717 12.1337661318004 11.25 5.91791512770965 11.7286174154979 11.25 6.68502307556825 11.2750354565318 11.25 7.42452526791786 10.7748933183936 11.25 8.13336793568549 10.2302563345053 11.25 8.80862391808808 9.64337357943989 11.25 9.4475047503222 9.01666858138343 11.25 10.0473721785098 8.35272931419287 11.25 10.6057490543489 7.65429751037621 11.25 11.12032956448 6.92425733912746 11.25 11.588988752326 6.16562349617041 11.25 12.0097912930855 5.38152875459389 11.25 12.3809994856425 4.57521102808755 11.25 12.7010804283914 3.75 11.25 12.9687123493429 -3.75000000000004 9.75 12.9687123493429 3.75000000000004 9.75 12.9687123493429 4.5752110280875 9.75 12.7010804283914 5.38152875459385 9.75 12.3809994856425 6.16562349617037 9.75 12.0097912930855 6.92425733912743 9.75 11.5889887523261 7.65429751037618 9.75 11.12032956448 8.35272931419285 9.75 10.6057490543489 9.01666858138341 9.75 10.0473721785098 9.64337357943988 9.75 9.44750475032222 10.2302563345053 9.75 8.80862391808809 10.7748933183936 9.75 8.1333679356855 11.2750354565318 9.75 7.42452526791786 11.7286174154979 9.75 6.68502307556825 12.1337661318004 9.75 5.91791512770965 12.4888085466808 9.75 5.12636919118716 12.7922785149981 9.75 4.31365394934725 13.0429228596644 9.75 3.48312550403295 13.2397065466312 9.75 2.63821351658507 13.3818169590549 9.75 1.78240704507989 13.4686672529926 9.75 0.919240136288601 13.4998987807698 9.75 0.0522772318560696 13.4753825720133 9.75 -0.814901551035668 13.3952198662338 9.75 -1.67871520373601 13.2597416947579 9.75 -2.53559661387567 13.0695075137365 9.75 -3.382007295732 12.8253028938746 9.75 -4.21445200238073 12.5281362764228 9.75 -5.02949315929344 12.179234808826 9.75 -5.82376505977725 11.7800392772269 9.75 -6.5939877636368 11.3321981567499 9.75 -7.33698064166412 10.8375608041346 9.75 -8.04967551002439 10.29816982083 9.75 -8.72912930029944 9.71625261808682 9.75 -9.37253621286794 9.09421221887798 9.75 -9.97723930343512 8.43461733463247 9.75 -10.5407414548654 7.74019175775961 9.75 -11.0607156890099 7.01380311376762 9.75 -11.5350147759465 6.25845101942427 9.75 -11.9616801009502 5.47725469586073 9.75 -12.3389497525791 4.67344008776995 9.75 -12.6652657984752 3.85032654189084 9.75 -12.9392807188348 3.01131309978943 9.75 -13.1598629709825 2.15986446154074 9.75 -13.3261016620681 1.29949667827432 9.75 -13.4373103105924 0.433762632666 9.75 -13.4930296812281 -0.433762632666019 9.75 -13.4930296812281 -1.29949667827434 9.75 -13.4373103105924 -2.15986446154076 9.75 -13.3261016620681 -3.01131309978945 9.75 -13.1598629709825 -3.85032654189086 9.75 -12.9392807188348 -4.67344008776996 9.75 -12.6652657984752 -5.47725469586075 9.75 -12.3389497525791 -6.25845101942428 9.75 -11.9616801009502 -7.01380311376763 9.75 -11.5350147759465 -7.74019175775963 9.75 -11.0607156890099 -8.43461733463248 9.75 -10.5407414548654 -9.09421221887799 9.75 -9.97723930343511 -9.71625261808684 9.75 -9.37253621286793 -10.29816982083 9.75 -8.72912930029942 -10.8375608041346 9.75 -8.04967551002437 -11.3321981567499 9.75 -7.33698064166409 -11.7800392772269 9.75 -6.59398776363678 -12.179234808826 9.75 -5.82376505977722 -12.5281362764228 9.75 -5.0294931592934 -12.8253028938746 9.75 -4.2144520023807 -13.0695075137365 9.75 -3.38200729573197 -13.259741694758 9.75 -2.53559661387564 -13.3952198662338 9.75 -1.67871520373598 -13.4753825720133 9.75 -0.814901551035645 -13.4998987807698 9.75 0.0522772318560878 -13.4686672529926 9.75 0.919240136288616 -13.3818169590549 9.75 1.78240704507991 -13.2397065466312 9.75 2.63821351658508 -13.0429228596644 9.75 3.48312550403296 -12.7922785149981 9.75 4.31365394934726 -12.4888085466808 9.75 5.12636919118716 -12.1337661318004 9.75 5.91791512770964 -11.7286174154979 9.75 6.68502307556824 -11.2750354565318 9.75 7.42452526791785 -10.7748933183936 9.75 8.13336793568549 -10.2302563345053 9.75 8.80862391808807 -9.6433735794399 9.75 9.4475047503222 -9.01666858138343 9.75 10.0473721785098 -8.35272931419287 9.75 10.6057490543489 -7.65429751037622 9.75 11.12032956448 -6.92425733912747 9.75 11.588988752326 -6.16562349617042 9.75 12.0097912930855 -5.3815287545939 9.75 12.3809994856425 -4.57521102808756 9.75 12.7010804283914 3.42307272682064 0 3.48734491963769 0 3.55161711245475 0 3.6158893052718 0 3.68016149808886 0 3.74443369090591 0 3.80870588372297 0 3.87297807654002 0 3.93725026935708 0 4.00152246217413 0 4.06579465499119 0 4.13006684780824 0 4.1943390406253 0 4.25861123344235 0 4.32288342625941 0 4.38715561907646 0 4.45142781189352 0 4.51570000471057 0 4.57997219752763 0 4.64424439034468 0 4.70851658316174 0 4.77278877597879 0 4.83706096879585 0 4.9013331616129 0 4.96560535442996 0 5.02987754724701 0 5.09414974006407 0 5.15842193288112 0 5.22269412569818 0 5.28696631851523 0 5.35123851133229 0 5.41551070414934 0 5.4797828969664 0 5.54405508978345 0 5.60832728260051 0 5.67259947541756 0 5.73687166823462 0 5.80114386105168 0 5.86541605386873 0 5.92968824668579 0 5.99396043950284 0 6.0582326323199 0 6.12250482513695 0 6.18677701795401 0 6.25104921077106 0 6.31532140358812 0 6.37959359640517 0 6.44386578922223 0 6.50813798203928 0 6.57241017485634 0 6.63668236767339 0 6.70095456049045 0 6.7652267533075 0 6.82949894612456 0 6.89377113894161 0 6.95804333175867 0 7.02231552457572 0 7.08658771739278 0 7.15085991020983 0 7.21513210302689 0 7.27940429584394 0 7.343676488661 0 7.40794868147805 0 7.47222087429511 0 7.53649306711216 0 7.60076525992922 0 7.66503745274627 0 7.72930964556333 0 7.79358183838038 0 7.85785403119744 0 7.92212622401449 0 7.98639841683154 0 8.0506706096486 0 8.11494280246565 0 8.17921499528271 0 8.24348718809976 0 8.30775938091682 0 8.37203157373387 0 8.43630376655093 0 8.50057595936798 0 8.56484815218504 0 8.62912034500209 0 8.69339253781915 0 8.7576647306362 0 8.82193692345325 0 8.88620911627031 0 8.95048130908736 0 9.01475350190442 0 9.07902569472147 0 9.14329788753853 0 3.42307272682064 -1.5 9.14329788753853 -1.5 9.07902569472148 -1.5 9.01475350190442 -1.5 8.95048130908737 -1.5 8.88620911627031 -1.5 8.82193692345326 -1.5 8.7576647306362 -1.5 8.69339253781915 -1.5 8.62912034500209 -1.5 8.56484815218504 -1.5 8.50057595936798 -1.5 8.43630376655093 -1.5 8.37203157373387 -1.5 8.30775938091682 -1.5 8.24348718809976 -1.5 8.17921499528271 -1.5 8.11494280246565 -1.5 8.0506706096486 -1.5 7.98639841683154 -1.5 7.92212622401449 -1.5 7.85785403119743 -1.5 7.79358183838038 -1.5 7.72930964556332 -1.5 7.66503745274627 -1.5 7.60076525992921 -1.5 7.53649306711216 -1.5 7.4722208742951 -1.5 7.40794868147805 -1.5 7.34367648866099 -1.5 7.27940429584394 -1.5 7.21513210302688 -1.5 7.15085991020983 -1.5 7.08658771739277 -1.5 7.02231552457572 -1.5 6.95804333175866 -1.5 6.89377113894161 -1.5 6.82949894612455 -1.5 6.7652267533075 -1.5 6.70095456049044 -1.5 6.63668236767339 -1.5 6.57241017485633 -1.5 6.50813798203928 -1.5 6.44386578922222 -1.5 6.37959359640517 -1.5 6.31532140358811 -1.5 6.25104921077106 -1.5 6.186777017954 -1.5 6.12250482513695 -1.5 6.05823263231989 -1.5 5.99396043950284 -1.5 5.92968824668578 -1.5 5.86541605386873 -1.5 5.80114386105167 -1.5 5.73687166823462 -1.5 5.67259947541756 -1.5 5.60832728260051 -1.5 5.54405508978345 -1.5 5.4797828969664 -1.5 5.41551070414934 -1.5 5.35123851133229 -1.5 5.28696631851523 -1.5 5.22269412569818 -1.5 5.15842193288112 -1.5 5.09414974006407 -1.5 5.02987754724701 -1.5 4.96560535442996 -1.5 4.9013331616129 -1.5 4.83706096879585 -1.5 4.77278877597879 -1.5 4.70851658316174 -1.5 4.64424439034468 -1.5 4.57997219752763 -1.5 4.51570000471057 -1.5 4.45142781189352 -1.5 4.38715561907647 -1.5 4.32288342625941 -1.5 4.25861123344236 -1.5 4.1943390406253 -1.5 4.13006684780825 -1.5 4.06579465499119 -1.5 4.00152246217414 -1.5 3.93725026935708 -1.5 3.87297807654003 -1.5 3.80870588372297 -1.5 3.74443369090592 -1.5 3.68016149808886 -1.5 3.61588930527181 -1.5 3.55161711245476 -1.5 3.4873449196377 -1.5 2 91 180 2 1 91 3 180 179 3 2 180 4 179 178 4 3 179 5 178 177 5 4 178 6 177 176 6 5 177 7 6 176 7 176 175 8 7 175 8 175 174 9 8 174 9 174 173 10 9 173 10 173 172 11 10 172 11 172 171 12 11 171 12 171 170 13 12 170 13 170 169 14 13 169 14 169 168 15 14 168 15 168 167 16 15 167 16 167 166 17 16 166 17 166 165 18 17 165 18 165 164 19 18 164 19 164 163 20 162 161 20 163 162 20 19 163 21 20 161 22 161 160 22 21 161 23 160 159 23 22 160 24 159 158 24 23 159 25 157 156 25 158 157 25 24 158 26 25 156 27 155 154 27 156 155 27 26 156 28 154 153 28 27 154 29 28 153 30 153 152 30 29 153 31 30 152 31 151 150 31 152 151 32 31 150 32 150 149 33 32 149 34 33 149 34 148 147 34 149 148 35 34 147 35 147 146 36 35 146 37 36 146 37 145 144 37 146 145 38 37 144 38 144 143 39 38 143 40 39 143 40 142 141 40 143 142 41 40 141 42 141 140 42 41 141 43 139 138 43 140 139 43 42 140 44 43 138 45 138 137 45 44 138 46 137 136 46 45 137 47 135 134 47 136 135 47 46 136 48 134 133 48 47 134 49 133 132 49 48 133 50 49 132 51 132 131 51 50 132 52 131 130 52 51 131 53 130 129 53 52 130 54 128 127 54 129 128 54 53 129 55 54 127 56 55 127 56 127 126 57 56 126 57 126 125 58 57 125 58 125 124 59 58 124 59 124 123 60 59 123 60 123 122 61 122 121 61 60 122 62 120 119 62 121 120 62 61 121 63 119 118 63 62 119 64 63 118 65 118 117 65 64 118 66 117 116 66 65 117 67 116 115 67 66 116 68 115 114 68 67 115 69 113 112 69 114 113 69 68 114 70 69 112 71 112 111 71 70 112 72 110 109 72 111 110 72 71 111 73 109 108 73 72 109 74 73 108 75 107 106 75 108 107 75 74 108 76 75 106 77 106 105 77 76 106 78 105 104 78 77 105 79 104 103 79 78 104 80 103 102 80 79 103 81 80 102 81 102 101 82 81 101 82 101 100 83 82 100 83 100 99 84 83 99 84 98 97 84 99 98 85 84 97 86 85 97 86 97 96 87 86 96 87 95 94 87 96 95 88 87 94 89 88 94 89 93 92 89 94 93 90 89 92 
186 184 1 3.66205343881779e-15
-3.75 11.25 12.9687123493429 -3.75 11.25 12.656 -4.57521102808747 11.25 12.7010804283914 -5.38152875459382 11.25 12.3809994856425 -6.16562349617034 11.25 12.0097912930855 -6.9242573391274 11.25 11.5889887523261 -7.65429751037615 11.25 11.1203295644801 -8.35272931419282 11.25 10.605749054349 -9.01666858138338 11.25 10.0473721785098 -9.64337357943986 11.25 9.44750475032224 -10.2302563345053 11.25 8.80862391808811 -10.7748933183936 11.25 8.13336793568553 -11.2750354565318 11.25 7.42452526791789 -11.7286174154979 11.25 6.68502307556828 -12.1337661318003 11.25 5.91791512770968 -12.4888085466808 11.25 5.12636919118719 -12.792278514998 11.25 4.31365394934728 -13.0429228596644 11.25 3.48312550403298 -13.2397065466311 11.25 2.63821351658509 -13.3818169590549 11.25 1.78240704507992 -13.4686672529926 11.25 0.919240136288621 -13.4998987807698 11.25 0.0522772318560882 -13.4753825720133 11.25 -0.814901551035652 -13.3952198662338 11.25 -1.67871520373599 -13.2597416947579 11.25 -2.53559661387566 -13.0695075137365 11.25 -3.38200729573199 -12.8253028938746 11.25 -4.21445200238072 -12.5281362764228 11.25 -5.02949315929344 -12.179234808826 11.25 -5.82376505977725 -11.7800392772269 11.25 -6.59398776363681 -11.3321981567499 11.25 -7.33698064166412 -10.8375608041346 11.25 -8.04967551002439 -10.29816982083 11.25 -8.72912930029945 -9.71625261808681 11.25 -9.37253621286795 -9.09421221887797 11.25 -9.97723930343513 -8.43461733463245 11.25 -10.5407414548654 -7.7401917577596 11.25 -11.0607156890099 -7.01380311376761 11.25 -11.5350147759465 -6.25845101942426 11.25 -11.9616801009502 -5.47725469586072 11.25 -12.3389497525791 -4.67344008776993 11.25 -12.6652657984752 -3.85032654189083 11.25 -12.9392807188348 -3.01131309978942 11.25 -13.1598629709825 -2.15986446154073 11.25 -13.3261016620681 -1.29949667827431 11.25 -13.4373103105924 -0.433762632665986 11.25 -13.4930296812281 0.433762632666033 11.25 -13.4930296812281 1.29949667827436 11.25 -13.4373103105924 2.15986446154078 11.25 -13.3261016620681 3.01131309978947 11.25 -13.1598629709825 3.85032654189087 11.25 -12.9392807188348 4.67344008776998 11.25 -12.6652657984752 5.47725469586076 11.25 -12.3389497525791 6.2584510194243 11.25 -11.9616801009502 7.01380311376765 11.25 -11.5350147759465 7.74019175775964 11.25 -11.0607156890099 8.43461733463249 11.25 -10.5407414548654 9.094212218878 11.25 -9.97723930343509 9.71625261808685 11.25 -9.37253621286792 10.29816982083 11.25 -8.72912930029941 10.8375608041346 11.25 -8.04967551002435 11.3321981567499 11.25 -7.33698064166408 11.7800392772269 11.25 -6.59398776363676 12.179234808826 11.25 -5.8237650597772 12.5281362764228 11.25 -5.02949315929339 12.8253028938746 11.25 -4.21445200238069 13.0695075137365 11.25 -3.38200729573196 13.259741694758 11.25 -2.53559661387563 13.3952198662338 11.25 -1.67871520373597 13.4753825720133 11.25 -0.814901551035637 13.4998987807698 11.25 0.0522772318560967 13.4686672529926 11.25 0.919240136288624 13.3818169590549 11.25 1.78240704507991 13.2397065466312 11.25 2.63821351658508 13.0429228596644 11.25 3.48312550403297 12.7922785149981 11.25 4.31365394934726 12.4888085466808 11.25 5.12636919118717 12.1337661318004 11.25 5.91791512770965 11.7286174154979 11.25 6.68502307556825 11.2750354565318 11.25 7.42452526791786 10.7748933183936 11.25 8.13336793568549 10.2302563345053 11.25 8.80862391808808 9.64337357943989 11.25 9.4475047503222 9.01666858138343 11.25 10.0473721785098 8.35272931419287 11.25 10.6057490543489 7.65429751037621 11.25 11.12032956448 6.92425733912746 11.25 11.588988752326 6.16562349617041 11.25 12.0097912930855 5.38152875459389 11.25 12.3809994856425 4.57521102808755 11.25 12.7010804283914 3.75 11.25 12.9687123493429 3.75 11.25 12.656 4.21532436268535 11.25 12.6298679443163 4.67479700152244 11.25 12.5518004030277 5.12263978148567 11.25 12.4227791207616 5.55322081977257 11.25 12.2444266150025 5.96112530999774 11.25 12.0189857719927 6.3412236165249 11.25 11.7492916411371 6.68873578261129 11.25 11.4387357826113 6.99929164113713 11.25 11.0912236165249 7.26898577199275 11.25 10.7111253099977 7.49442661500245 11.25 10.3032208197726 7.67277912076158 11.25 9.87263978148568 7.80180040302766 11.25 9.42479700152244 7.87986794431632 11.25 8.96532436268535 7.906 11.25 8.5 7.906 11.25 7.43085890055786 8.41696425989155 11.25 6.8466935558493 8.88486266072599 11.25 6.22749672822372 9.30730117468506 11.25 5.5764365721943 9.68211837195384 11.25 4.89684427274075 10.0073964797949 11.25 4.19219700111873 10.2814711949375 11.25 3.46610012372256 10.5029401990769 11.25 2.72226875503035 10.6706703339123 11.25 1.96450874901716 10.7838033990137 11.25 1.19669722629446 10.8417605428516 11.25 0.422762736609997 10.8442452245223 11.25 -0.353334841792354 10.7912447310159 11.25 -1.12762456310672 10.6830302422628 11.25 -1.89614473152711 10.5201554436272 11.25 -2.65496317148122 10.303453692945 11.25 -3.4001973468223 10.0340337566034 11.25 -4.12803422603817 9.71327413647641 11.25 -4.83474979183601 9.34281601674449 11.25 -5.51672809528099 8.92455486668595 11.25 -6.1704797569972 8.4606307424043 11.25 -6.79265982076853 7.95341733711395 11.25 -7.38008486819056 7.40550983600871 11.25 -7.92974930680525 6.81971163785448 11.25 -8.43884074837961 6.19902001124583 11.25 -8.90475439864423 5.54661075891685 11.25 -9.32510638486596 4.86582196857244 11.25 -9.69774595306341 4.1601369333795 11.25 -10.0207664724577 3.43316632950653 11.25 -10.2925151908531 2.68862974190108 11.25 -10.5116016910348 1.93033663282943 11.25 -10.676905004914 1.16216685055407 11.25 -10.7875793490233 0.388050777877394 11.25 -10.8430584520138 -0.388050777877392 11.25 -10.8430584520138 -1.16216685055407 11.25 -10.7875793490233 -1.93033663282943 11.25 -10.676905004914 -2.68862974190108 11.25 -10.5116016910348 -3.43316632950653 11.25 -10.2925151908531 -4.1601369333795 11.25 -10.0207664724577 -4.86582196857244 11.25 -9.69774595306342 -5.54661075891685 11.25 -9.32510638486596 -6.19902001124582 11.25 -8.90475439864423 -6.81971163785448 11.25 -8.43884074837961 -7.4055098360087 11.25 -7.92974930680525 -7.95341733711395 11.25 -7.38008486819056 -8.4606307424043 11.25 -6.79265982076854 -8.92455486668594 11.25 -6.1704797569972 -9.34281601674449 11.25 -5.51672809528099 -9.71327413647641 11.25 -4.83474979183602 -10.0340337566034 11.25 -4.12803422603818 -10.303453692945 11.25 -3.40019734682231 -10.5201554436272 11.25 -2.65496317148123 -10.6830302422628 11.25 -1.89614473152712 -10.7912447310159 11.25 -1.12762456310672 -10.8442452245223 11.25 -0.353334841792362 -10.8417605428516 11.25 0.42276273660999 -10.7838033990137 11.25 1.19669722629445 -10.6706703339123 11.25 1.96450874901715 -10.5029401990769 11.25 2.72226875503035 -10.2814711949375 11.25 3.46610012372255 -10.0073964797949 11.25 4.19219700111873 -9.68211837195385 11.25 4.89684427274074 -9.30730117468506 11.25 5.5764365721943 -8.88486266072599 11.25 6.22749672822371 -8.41696425989155 11.25 6.84669355584929 -7.906 11.25 7.43085890055786 -7.906 11.25 8.5 -7.87986794431632 11.25 8.96532436268535 -7.80180040302766 11.25 9.42479700152244 -7.67277912076158 11.25 9.87263978148567 -7.49442661500245 11.25 10.3032208197726 -7.26898577199275 11.25 10.7111253099977 -6.99929164113713 11.25 11.0912236165249 -6.68873578261129 11.25 11.4387357826113 -6.3412236165249 11.25 11.7492916411371 -5.96112530999774 11.25 12.0189857719927 -5.55322081977257 11.25 12.2444266150025 -5.12263978148568 11.25 12.4227791207616 -4.67479700152244 11.25 12.5518004030277 -4.21532436268535 11.25 12.6298679443163 -3.75 12.9687123493429 -3.75 12.656 -4.57521102808747 12.7010804283914 -5.38152875459382 12.3809994856425 -6.16562349617034 12.0097912930855 -6.9242573391274 11.5889887523261 -7.65429751037615 11.1203295644801 -8.35272931419282 10.605749054349 -9.01666858138338 10.0473721785098 -9.64337357943986 9.44750475032224 -10.2302563345053 8.80862391808811 -10.7748933183936 8.13336793568553 -11.2750354565318 7.42452526791789 -11.7286174154979 6.68502307556828 -12.1337661318003 5.91791512770968 -12.4888085466808 5.12636919118719 -12.792278514998 4.31365394934728 -13.0429228596644 3.48312550403298 -13.2397065466311 2.63821351658509 -13.3818169590549 1.78240704507992 -13.4686672529926 0.919240136288622 -13.4998987807698 0.0522772318560882 -13.4753825720133 -0.814901551035652 -13.3952198662338 -1.67871520373599 -13.2597416947579 -2.53559661387566 -13.0695075137365 -3.38200729573199 -12.8253028938746 -4.21445200238072 -12.5281362764228 -5.02949315929344 -12.179234808826 -5.82376505977725 -11.7800392772269 -6.59398776363681 -11.3321981567499 -7.33698064166412 -10.8375608041346 -8.04967551002439 -10.29816982083 -8.72912930029945 -9.71625261808681 -9.37253621286795 -9.09421221887797 -9.97723930343513 -8.43461733463245 -10.5407414548654 -7.7401917577596 -11.0607156890099 -7.01380311376761 -11.5350147759465 -6.25845101942426 -11.9616801009502 -5.47725469586072 -12.3389497525791 -4.67344008776993 -12.6652657984752 -3.85032654189083 -12.9392807188348 -3.01131309978942 -13.1598629709825 -2.15986446154073 -13.3261016620681 -1.29949667827431 -13.4373103105924 -0.433762632665985 -13.4930296812281 0.433762632666033 -13.4930296812281 1.29949667827436 -13.4373103105924 2.15986446154078 -13.3261016620681 3.01131309978947 -13.1598629709825 3.85032654189087 -12.9392807188348 4.67344008776998 -12.6652657984752 5.47725469586076 -12.3389497525791 6.2584510194243 -11.9616801009502 7.01380311376764 -11.5350147759465 7.74019175775964 -11.0607156890099 8.43461733463249 -10.5407414548654 9.09421221887801 -9.97723930343509 9.71625261808685 -9.37253621286792 10.29816982083 -8.72912930029941 10.8375608041346 -8.04967551002435 11.3321981567499 -7.33698064166408 11.7800392772269 -6.59398776363676 12.179234808826 -5.8237650597772 12.5281362764228 -5.02949315929339 12.8253028938746 -4.21445200238069 13.0695075137365 -3.38200729573196 13.2597416947579 -2.53559661387563 13.3952198662338 -1.67871520373597 13.4753825720133 -0.814901551035637 13.4998987807698 0.0522772318560971 13.4686672529926 0.919240136288625 13.3818169590549 1.78240704507991 13.2397065466312 2.63821351658508 13.0429228596644 3.48312550403297 12.7922785149981 4.31365394934726 12.4888085466808 5.12636919118717 12.1337661318003 5.91791512770965 11.7286174154979 6.68502307556825 11.2750354565318 7.42452526791786 10.7748933183936 8.13336793568549 10.2302563345053 8.80862391808807 9.6433735794399 9.4475047503222 9.01666858138343 10.0473721785098 8.35272931419287 10.6057490543489 7.65429751037621 11.12032956448 6.92425733912746 11.588988752326 6.1656234961704 12.0097912930855 5.38152875459389 12.3809994856425 4.57521102808755 12.7010804283914 3.75 12.9687123493429 3.75 12.656 4.21532436268535 12.6298679443163 4.67479700152244 12.5518004030277 5.12263978148567 12.4227791207616 5.55322081977257 12.2444266150025 5.96112530999774 12.0189857719927 6.3412236165249 11.7492916411371 6.68873578261129 11.4387357826113 6.99929164113713 11.0912236165249 7.26898577199275 10.7111253099977 7.49442661500245 10.3032208197726 7.67277912076158 9.87263978148567 7.80180040302766 9.42479700152244 7.87986794431632 8.96532436268535 7.906 8.5 7.906 7.43085890055787 8.41696425989155 6.8466935558493 8.88486266072599 6.22749672822372 9.30730117468506 5.5764365721943 9.68211837195384 4.89684427274075 10.0073964797949 4.19219700111873 10.2814711949375 3.46610012372256 10.5029401990769 2.72226875503036 10.6706703339123 1.96450874901716 10.7838033990137 1.19669722629446 10.8417605428516 0.422762736609997 10.8442452245223 -0.353334841792353 10.7912447310159 -1.12762456310672 10.6830302422628 -1.89614473152711 10.5201554436272 -2.65496317148122 10.303453692945 -3.4001973468223 10.0340337566034 -4.12803422603817 9.71327413647641 -4.83474979183601 9.34281601674449 -5.51672809528099 8.92455486668594 -6.1704797569972 8.4606307424043 -6.79265982076853 7.95341733711395 -7.38008486819056 7.4055098360087 -7.92974930680525 6.81971163785448 -8.43884074837961 6.19902001124583 -8.90475439864423 5.54661075891685 -9.32510638486596 4.86582196857244 -9.69774595306341 4.1601369333795 -10.0207664724577 3.43316632950653 -10.2925151908531 2.68862974190109 -10.5116016910348 1.93033663282943 -10.676905004914 1.16216685055407 -10.7875793490233 0.388050777877394 -10.8430584520138 -0.388050777877393 -10.8430584520138 -1.16216685055407 -10.7875793490233 -1.93033663282943 -10.676905004914 -2.68862974190108 -10.5116016910348 -3.43316632950653 -10.2925151908531 -4.16013693337949 -10.0207664724577 -4.86582196857244 -9.69774595306342 -5.54661075891685 -9.32510638486596 -6.19902001124582 -8.90475439864423 -6.81971163785448 -8.43884074837961 -7.4055098360087 -7.92974930680525 -7.95341733711395 -7.38008486819056 -8.4606307424043 -6.79265982076854 -8.92455486668594 -6.1704797569972 -9.34281601674449 -5.51672809528099 -9.71327413647641 -4.83474979183602 -10.0340337566034 -4.12803422603818 -10.303453692945 -3.40019734682231 -10.5201554436272 -2.65496317148123 -10.6830302422628 -1.89614473152712 -10.7912447310159 -1.12762456310672 -10.8442452245223 -0.353334841792362 -10.8417605428516 0.42276273660999 -10.7838033990137 1.19669722629445 -10.6706703339123 1.96450874901715 -10.5029401990769 2.72226875503035 -10.2814711949375 3.46610012372255 -10.0073964797949 4.19219700111872 -9.68211837195385 4.89684427274074 -9.30730117468506 5.5764365721943 -8.88486266072599 6.22749672822371 -8.41696425989155 6.84669355584929 -7.906 7.43085890055786 -7.906 8.5 -7.87986794431632 8.96532436268535 -7.80180040302766 9.42479700152244 -7.67277912076158 9.87263978148567 -7.49442661500245 10.3032208197726 -7.26898577199275 10.7111253099977 -6.99929164113713 11.0912236165249 -6.68873578261129 11.4387357826113 -6.3412236165249 11.7492916411371 -5.96112530999774 12.0189857719927 -5.55322081977257 12.2444266150025 -5.12263978148568 12.4227791207616 -4.67479700152244 12.5518004030277 -4.21532436268535 12.6298679443163 150 34 35 151 34 150 151 33 34 149 150 35 149 35 36 152 32 33 152 33 151 148 149 36 148 36 37 148 37 38 153 31 32 153 32 152 147 38 39 147 148 38 154 30 31 154 31 153 146 147 39 146 39 40 155 29 30 155 30 154 145 40 41 145 146 40 156 29 155 156 28 29 144 41 42 144 145 41 157 26 27 157 27 28 157 28 156 143 144 42 143 42 43 158 25 26 158 26 157 142 43 44 142 143 43 159 25 158 159 24 25 141 142 44 141 44 45 160 23 24 160 24 159 140 45 46 140 141 45 161 22 23 161 23 160 139 140 46 139 46 47 139 47 48 162 21 22 162 22 161 138 48 49 138 139 48 163 20 21 163 21 162 137 138 49 137 49 50 164 19 20 164 20 163 136 137 50 136 50 51 165 18 19 165 19 164 135 51 52 135 136 51 166 16 17 166 17 18 166 18 165 134 135 52 134 52 53 167 16 166 167 15 16 133 134 53 133 53 54 168 14 15 168 15 167 132 133 54 132 54 55 169 13 14 169 14 168 131 132 55 131 55 56 170 13 169 12 13 170 57 131 56 130 131 57 171 12 170 11 12 171 58 130 57 129 130 58 59 129 58 128 129 59 173 10 11 173 11 171 173 171 172 174 9 10 174 10 173 60 128 59 175 9 174 127 128 60 176 9 175 8 9 176 61 126 127 61 127 60 177 8 176 7 177 178 7 8 177 62 125 126 62 126 61 179 7 178 6 7 179 180 6 179 63 125 62 63 124 125 181 6 180 5 6 181 182 5 181 64 124 63 64 123 124 183 5 182 4 5 183 184 4 183 65 122 123 65 123 64 3 4 184 3 184 185 186 3 185 66 122 65 1 3 186 1 186 2 67 121 122 67 122 66 68 120 121 68 121 67 69 119 120 69 120 68 70 118 119 70 119 69 71 117 118 71 118 70 72 116 117 72 117 71 73 115 116 73 116 72 74 114 115 74 115 73 106 107 108 75 113 114 75 114 74 93 91 92 76 113 75 90 91 93 90 93 94 95 90 94 77 112 113 77 113 76 89 90 95 96 89 95 78 112 77 78 111 112 88 89 96 88 96 97 88 97 98 79 110 111 79 111 78 87 88 98 87 98 99 87 99 100 80 109 110 80 110 79 86 101 102 86 87 100 86 100 101 81 108 109 81 109 80 85 102 103 85 86 102 82 108 81 82 106 108 84 103 104 84 104 105 84 85 103 83 105 106 83 106 82 83 84 105 
29 27 1 1.28785870856518e-14
-3.75 37.5 12.656 -3.75 37.5 21.4656 -3.75 11.25 12.656 -3.75 11.25 12.9687123493429 -3.75000000000004 9.75 12.9687123493429 -3.75 9.75 16.2656 -3.75 19.75 16.2656 -3.75 19.75 21.4656 -3.75 20.1200185795105 21.4391357488904 -3.75 20.4825046477877 21.3602817313977 -3.75 20.8300790338049 21.2306431879217 -3.75 21.1556661253846 21.0528591853611 -3.75 21.4526379082577 20.8305488933211 -3.75 21.7149488933211 20.5682379082577 -3.75 21.9372591853611 20.2712661253846 -3.75 22.1150431879217 19.9456790338049 -3.75 22.2446817313977 19.5981046477877 -3.75 22.3235357488904 19.2356185795105 -3.75 22.35 18.8656 -3.75 22.3235357488904 18.4955814204895 -3.75 22.2446817313977 18.1330953522123 -3.75 22.1150431879217 17.7855209661951 -3.75 21.9372591853611 17.4599338746154 -3.75 21.7149488933211 17.1629620917423 -3.75 21.4526379082577 16.9006511066789 -3.75 21.1556661253846 16.6783408146389 -3.75 20.8300790338049 16.5005568120783 -3.75 20.4825046477877 16.3709182686023 -3.75 20.1200185795105 16.2920642511096 12.656 -10.7500002 21.4656 -10.7500002 12.656 -37.0000002 12.9687123493429 -37.0000002 12.9687123493429 -38.5000002 16.2656 -38.5000002 16.2656 -28.5000002 21.4656 -28.5000002 21.4391357488904 -28.1299816204895 21.3602817313977 -27.7674955522123 21.2306431879217 -27.4199211661951 21.0528591853611 -27.0943340746154 20.8305488933211 -26.7973622917423 20.5682379082577 -26.5350513066789 20.2712661253846 -26.3127410146389 19.9456790338049 -26.1349570120783 19.5981046477877 -26.0053184686023 19.2356185795105 -25.9264644511096 18.8656 -25.9000002 18.4955814204895 -25.9264644511096 18.1330953522123 -26.0053184686023 17.7855209661951 -26.1349570120783 17.4599338746154 -26.3127410146389 17.1629620917423 -26.5350513066789 16.9006511066789 -26.7973622917423 16.6783408146389 -27.0943340746154 16.5005568120783 -27.4199211661951 16.3709182686023 -27.7674955522123 16.2920642511096 -28.1299816204895 6 4 5 7 3 4 7 4 6 29 3 7 1 21 20 1 22 21 1 23 22 1 24 23 1 25 24 1 26 25 1 27 26 1 28 27 1 29 28 1 3 29 2 11 10 2 12 11 2 13 12 2 14 13 2 15 14 2 16 15 2 17 16 2 18 17 2 19 18 2 20 19 2 1 20 8 2 9 9 2 10 
96 94 1 1.96205025865255e-14
3.75000000000004 9.75 12.9687123493429 4.5752110280875 9.75 12.7010804283914 5.38152875459385 9.75 12.3809994856425 6.16562349617037 9.75 12.0097912930855 6.92425733912743 9.75 11.5889887523261 7.65429751037618 9.75 11.12032956448 8.35272931419285 9.75 10.6057490543489 9.01666858138341 9.75 10.0473721785098 9.64337357943988 9.75 9.44750475032222 10.2302563345053 9.75 8.80862391808809 10.7748933183936 9.75 8.1333679356855 11.2750354565318 9.75 7.42452526791786 11.7286174154979 9.75 6.68502307556825 12.1337661318004 9.75 5.91791512770965 12.4888085466808 9.75 5.12636919118716 12.7922785149981 9.75 4.31365394934725 13.0429228596644 9.75 3.48312550403295 13.2397065466312 9.75 2.63821351658507 13.3818169590549 9.75 1.78240704507989 13.4686672529926 9.75 0.919240136288601 13.4998987807698 9.75 0.0522772318560696 13.4753825720133 9.75 -0.814901551035668 13.3952198662338 9.75 -1.67871520373601 13.2597416947579 9.75 -2.53559661387567 13.0695075137365 9.75 -3.382007295732 12.8253028938746 9.75 -4.21445200238073 12.5281362764228 9.75 -5.02949315929344 12.179234808826 9.75 -5.82376505977725 11.7800392772269 9.75 -6.5939877636368 11.3321981567499 9.75 -7.33698064166412 10.8375608041346 9.75 -8.04967551002439 10.29816982083 9.75 -8.72912930029944 9.71625261808682 9.75 -9.37253621286794 9.09421221887798 9.75 -9.97723930343512 8.43461733463247 9.75 -10.5407414548654 7.74019175775961 9.75 -11.0607156890099 7.01380311376762 9.75 -11.5350147759465 6.25845101942427 9.75 -11.9616801009502 5.47725469586073 9.75 -12.3389497525791 4.67344008776995 9.75 -12.6652657984752 3.85032654189084 9.75 -12.9392807188348 3.01131309978943 9.75 -13.1598629709825 2.15986446154074 9.75 -13.3261016620681 1.29949667827432 9.75 -13.4373103105924 0.433762632666 9.75 -13.4930296812281 -0.433762632666019 9.75 -13.4930296812281 -1.29949667827434 9.75 -13.4373103105924 -2.15986446154076 9.75 -13.3261016620681 -3.01131309978945 9.75 -13.1598629709825 -3.85032654189086 9.75 -12.9392807188348 -4.67344008776996 9.75 -12.6652657984752 -5.47725469586075 9.75 -12.3389497525791 -6.25845101942428 9.75 -11.9616801009502 -7.01380311376763 9.75 -11.5350147759465 -7.74019175775963 9.75 -11.0607156890099 -8.43461733463248 9.75 -10.5407414548654 -9.09421221887799 9.75 -9.97723930343511 -9.71625261808684 9.75 -9.37253621286793 -10.29816982083 9.75 -8.72912930029942 -10.8375608041346 9.75 -8.04967551002437 -11.3321981567499 9.75 -7.33698064166409 -11.7800392772269 9.75 -6.59398776363678 -12.179234808826 9.75 -5.82376505977722 -12.5281362764228 9.75 -5.0294931592934 -12.8253028938746 9.75 -4.2144520023807 -13.0695075137365 9.75 -3.38200729573197 -13.259741694758 9.75 -2.53559661387564 -13.3952198662338 9.75 -1.67871520373598 -13.4753825720133 9.75 -0.814901551035645 -13.4998987807698 9.75 0.0522772318560878 -13.4686672529926 9.75 0.919240136288616 -13.3818169590549 9.75 1.78240704507991 -13.2397065466312 9.75 2.63821351658508 -13.0429228596644 9.75 3.48312550403296 -12.7922785149981 9.75 4.31365394934726 -12.4888085466808 9.75 5.12636919118716 -12.1337661318004 9.75 5.91791512770964 -11.7286174154979 9.75 6.68502307556824 -11.2750354565318 9.75 7.42452526791785 -10.7748933183936 9.75 8.13336793568549 -10.2302563345053 9.75 8.80862391808807 -9.6433735794399 9.75 9.4475047503222 -9.01666858138343 9.75 10.0473721785098 -8.35272931419287 9.75 10.6057490543489 -7.65429751037622 9.75 11.12032956448 -6.92425733912747 9.75 11.588988752326 -6.16562349617042 9.75 12.0097912930855 -5.3815287545939 9.75 12.3809994856425 -4.57521102808756 9.75 12.7010804283914 -3.75000000000004 9.75 12.9687123493429 3.75 9.75 16.2656 5.6 9.75 16.2656 5.6 9.75 21.4656 -5.6 9.75 21.4656 -5.6 9.75 16.2656 -3.75 9.75 16.2656 3.75 12.9687123493429 4.57521102808751 12.7010804283914 5.38152875459385 12.3809994856425 6.16562349617037 12.0097912930855 6.92425733912744 11.5889887523261 7.65429751037618 11.12032956448 8.35272931419285 10.6057490543489 9.01666858138341 10.0473721785098 9.64337357943988 9.44750475032222 10.2302563345053 8.80862391808809 10.7748933183936 8.1333679356855 11.2750354565318 7.42452526791787 11.7286174154979 6.68502307556825 12.1337661318004 5.91791512770965 12.4888085466808 5.12636919118716 12.7922785149981 4.31365394934725 13.0429228596644 3.48312550403295 13.2397065466312 2.63821351658507 13.3818169590549 1.78240704507989 13.4686672529926 0.9192401362886 13.4998987807698 0.0522772318560687 13.4753825720133 -0.814901551035668 13.3952198662338 -1.67871520373601 13.2597416947579 -2.53559661387567 13.0695075137365 -3.382007295732 12.8253028938746 -4.21445200238073 12.5281362764228 -5.02949315929344 12.179234808826 -5.82376505977725 11.7800392772269 -6.5939877636368 11.3321981567499 -7.33698064166412 10.8375608041346 -8.04967551002439 10.29816982083 -8.72912930029944 9.71625261808682 -9.37253621286794 9.09421221887798 -9.97723930343512 8.43461733463246 -10.5407414548654 7.74019175775961 -11.0607156890099 7.01380311376762 -11.5350147759465 6.25845101942427 -11.9616801009502 5.47725469586073 -12.3389497525791 4.67344008776995 -12.6652657984752 3.85032654189084 -12.9392807188348 3.01131309978943 -13.1598629709825 2.15986446154074 -13.3261016620681 1.29949667827432 -13.4373103105924 0.433762632665999 -13.4930296812281 -0.433762632666019 -13.4930296812281 -1.29949667827434 -13.4373103105924 -2.15986446154076 -13.3261016620681 -3.01131309978945 -13.1598629709825 -3.85032654189086 -12.9392807188348 -4.67344008776996 -12.6652657984752 -5.47725469586075 -12.3389497525791 -6.25845101942428 -11.9616801009502 -7.01380311376763 -11.5350147759465 -7.74019175775963 -11.0607156890099 -8.43461733463248 -10.5407414548654 -9.09421221887799 -9.97723930343511 -9.71625261808684 -9.37253621286793 -10.29816982083 -8.72912930029942 -10.8375608041346 -8.04967551002437 -11.3321981567499 -7.33698064166409 -11.7800392772269 -6.59398776363678 -12.179234808826 -5.82376505977722 -12.5281362764228 -5.0294931592934 -12.8253028938746 -4.2144520023807 -13.0695075137365 -3.38200729573197 -13.259741694758 -2.53559661387564 -13.3952198662338 -1.67871520373598 -13.4753825720133 -0.814901551035645 -13.4998987807698 0.0522772318560882 -13.4686672529926 0.919240136288616 -13.3818169590549 1.78240704507991 -13.2397065466312 2.63821351658508 -13.0429228596644 3.48312550403296 -12.7922785149981 4.31365394934726 -12.4888085466808 5.12636919118716 -12.1337661318004 5.91791512770964 -11.7286174154979 6.68502307556824 -11.2750354565318 7.42452526791785 -10.7748933183936 8.13336793568549 -10.2302563345053 8.80862391808807 -9.6433735794399 9.4475047503222 -9.01666858138343 10.0473721785098 -8.35272931419287 10.6057490543489 -7.65429751037622 11.12032956448 -6.92425733912747 11.588988752326 -6.16562349617042 12.0097912930855 -5.3815287545939 12.3809994856425 -4.57521102808756 12.7010804283914 -3.75 12.9687123493429 3.75 16.2656 5.6 16.2656 5.6 21.4656 -5.6 21.4656 -5.6 16.2656 -3.75 16.2656 61 58 57 61 59 58 61 60 59 54 56 55 65 61 57 65 56 54 65 57 56 65 62 61 65 63 62 65 64 63 50 52 51 49 52 50 49 53 52 49 54 53 68 66 65 68 67 66 46 54 49 46 48 47 46 49 48 70 69 68 44 46 45 72 71 70 43 46 44 75 73 72 75 74 73 40 42 41 40 43 42 77 76 75 37 39 38 37 40 39 37 46 43 37 43 40 79 77 75 79 78 77 80 79 75 33 35 34 33 36 35 33 37 36 83 81 80 83 82 81 83 80 75 84 83 75 30 32 31 30 33 32 86 85 84 90 84 75 90 86 84 90 65 54 90 70 68 90 68 65 90 72 70 90 75 72 90 87 86 90 88 87 90 89 88 25 27 26 24 27 25 24 28 27 23 33 30 23 28 24 23 29 28 23 30 29 19 21 20 94 95 96 1 90 54 1 54 46 1 46 37 1 37 33 16 18 17 16 19 18 16 22 21 16 23 22 16 33 23 16 1 33 16 21 19 3 2 1 13 15 14 5 4 3 5 3 1 12 16 15 12 15 13 11 16 12 8 6 5 8 7 6 8 5 1 8 1 16 9 11 10 9 16 11 9 8 16 91 90 1 91 96 90 93 96 91 93 91 92 93 94 96 
29 27 1 1.47086744221518e-14
3.75 37.5 21.4656 3.75 37.5 12.656 3.75 19.75 21.4656 3.75 20.1200185795105 21.4391357488904 3.75 20.4825046477877 21.3602817313977 3.75 20.8300790338049 21.2306431879217 3.75 21.1556661253846 21.0528591853611 3.75 21.4526379082577 20.8305488933211 3.75 21.7149488933211 20.5682379082577 3.75 21.9372591853611 20.2712661253846 3.75 22.1150431879217 19.9456790338049 3.75 22.2446817313977 19.5981046477877 3.75 22.3235357488904 19.2356185795105 3.75 22.35 18.8656 3.75 22.3235357488904 18.4955814204895 3.75 22.2446817313977 18.1330953522123 3.75 22.1150431879217 17.7855209661951 3.75 21.9372591853611 17.4599338746154 3.75 21.7149488933211 17.1629620917423 3.75 21.4526379082577 16.9006511066789 3.75 21.1556661253846 16.6783408146389 3.75 20.8300790338049 16.5005568120783 3.75 20.4825046477877 16.3709182686023 3.75 20.1200185795105 16.2920642511096 3.75 19.75 16.2656 3.75 9.75 16.2656 3.75000000000004 9.75 12.9687123493429 3.75 11.25 12.9687123493429 3.75 11.25 12.656 0 -10.7500002 8.8096 -10.7500002 -3.5527136788005e-15 -28.5000002 0.0264642511095716 -28.1299816204895 0.105318268602304 -27.7674955522123 0.234956812078249 -27.4199211661951 0.412740814638926 -27.0943340746154 0.635051106678925 -26.7973622917423 0.897362091742256 -26.5350513066789 1.19433387461544 -26.3127410146389 1.51992096619509 -26.1349570120783 1.86749535221228 -26.0053184686023 2.22998142048946 -25.9264644511096 2.6 -25.9000002 2.97001857951054 -25.9264644511096 3.33250464778771 -26.0053184686023 3.6800790338049 -26.1349570120783 4.00566612538455 -26.3127410146389 4.30263790825774 -26.5350513066789 4.56494889332107 -26.7973622917423 4.78725918536107 -27.0943340746154 4.96504318792175 -27.4199211661951 5.09468173139769 -27.7674955522123 5.17353574889042 -28.1299816204895 5.2 -28.5000002 5.2 -38.5000002 8.49688765065706 -38.5000002 8.49688765065706 -37.0000002 8.8096 -37.0000002 28 26 27 25 28 29 25 26 28 24 25 29 1 5 6 1 6 7 1 7 8 1 8 9 1 9 10 1 10 11 1 11 12 1 12 13 1 13 14 1 14 15 2 15 16 2 16 17 2 17 18 2 18 19 2 19 20 2 20 21 2 21 22 2 22 23 2 23 24 2 24 29 2 1 15 1 3 4 1 4 5 
30 28 1 0.0065381567859549
3.75 37.5 12.656 3.75 11.25 12.656 4.21532436268535 37.5 12.6298679443163 4.67479700152244 37.5 12.5518004030277 5.12263978148567 37.5 12.4227791207616 5.55322081977257 37.5 12.2444266150025 5.96112530999774 37.5 12.0189857719927 6.3412236165249 37.5 11.7492916411371 6.68873578261129 37.5 11.4387357826113 6.99929164113713 37.5 11.0912236165249 7.26898577199275 37.5 10.7111253099977 7.49442661500245 37.5 10.3032208197726 7.67277912076158 37.5 9.87263978148568 7.80180040302766 37.5 9.42479700152244 7.87986794431632 37.5 8.96532436268535 7.906 37.5 8.5 7.906 11.25 8.5 4.21532436268535 11.25 12.6298679443163 4.67479700152244 11.25 12.5518004030277 5.12263978148567 11.25 12.4227791207616 5.55322081977257 11.25 12.2444266150025 5.96112530999774 11.25 12.0189857719927 6.3412236165249 11.25 11.7492916411371 6.68873578261129 11.25 11.4387357826113 6.99929164113713 11.25 11.0912236165249 7.26898577199275 11.25 10.7111253099977 7.49442661500245 11.25 10.3032208197726 7.67277912076158 11.25 9.87263978148568 7.80180040302766 11.25 9.42479700152244 7.87986794431632 11.25 8.96532436268535 3.14159265358979 -10.7500002 3.14159265358979 -37.0000002 3.02939291596159 -10.7500002 2.91719317833338 -10.7500002 2.80499344070517 -10.7500002 2.69279370307697 -10.7500002 2.58059396544876 -10.7500002 2.46839422782055 -10.7500002 2.35619449019234 -10.7500002 2.24399475256414 -10.7500002 2.13179501493593 -10.7500002 2.01959527730772 -10.7500002 1.90739553967952 -10.7500002 1.79519580205131 -10.7500002 1.6829960644231 -10.7500002 1.5707963267949 -10.7500002 1.5707963267949 -37.0000002 3.02939291596159 -37.0000002 2.91719317833338 -37.0000002 2.80499344070517 -37.0000002 2.69279370307697 -37.0000002 2.58059396544876 -37.0000002 2.46839422782055 -37.0000002 2.35619449019234 -37.0000002 2.24399475256414 -37.0000002 2.13179501493593 -37.0000002 2.01959527730772 -37.0000002 1.90739553967952 -37.0000002 1.79519580205131 -37.0000002 1.6829960644231 -37.0000002 15 16 17 15 17 30 14 30 29 14 15 30 13 29 28 13 14 29 12 28 27 12 13 28 11 27 26 11 12 27 10 26 25 10 11 26 9 25 24 9 10 25 8 24 23 8 9 24 7 22 21 7 23 22 7 8 23 6 7 21 5 21 20 5 6 21 4 20 19 4 5 20 3 19 18 3 4 19 1 18 2 1 3 18 
6 4 1 7.1607233460989e-15
7.906 37.5 8.5 7.906 37.5 6 7.906 11.25 8.5 7.906 11.25 7.43085890055786 7.906 21.5 7.43085890055786 7.906 21.5 6 0 -10.7500002 2.5 -10.7500002 0 -37.0000002 1.06914109944214 -37.0000002 1.06914109944214 -26.7500002 2.5 -26.7500002 5 3 4 2 5 6 2 1 5 1 3 5 
132 130 1 0.00694154798616279
7.906 11.25 7.43085890055786 8.41696425989155 11.25 6.8466935558493 8.88486266072599 11.25 6.22749672822372 9.30730117468506 11.25 5.5764365721943 9.68211837195384 11.25 4.89684427274075 10.0073964797949 11.25 4.19219700111873 10.2814711949375 11.25 3.46610012372256 10.5029401990769 11.25 2.72226875503035 10.6706703339123 11.25 1.96450874901716 10.7838033990137 11.25 1.19669722629446 10.8417605428516 11.25 0.422762736609997 10.8442452245223 11.25 -0.353334841792354 10.7912447310159 11.25 -1.12762456310672 10.6830302422628 11.25 -1.89614473152711 10.5201554436272 11.25 -2.65496317148122 10.303453692945 11.25 -3.4001973468223 10.0340337566034 11.25 -4.12803422603817 9.71327413647641 11.25 -4.83474979183601 9.34281601674449 11.25 -5.51672809528099 8.92455486668595 11.25 -6.1704797569972 8.4606307424043 11.25 -6.79265982076853 7.95341733711395 11.25 -7.38008486819056 7.40550983600871 11.25 -7.92974930680525 6.81971163785448 11.25 -8.43884074837961 6.19902001124583 11.25 -8.90475439864423 5.54661075891685 11.25 -9.32510638486596 4.86582196857244 11.25 -9.69774595306341 4.1601369333795 11.25 -10.0207664724577 3.43316632950653 11.25 -10.2925151908531 2.68862974190108 11.25 -10.5116016910348 1.93033663282943 11.25 -10.676905004914 1.16216685055407 11.25 -10.7875793490233 0.388050777877394 11.25 -10.8430584520138 -0.388050777877392 11.25 -10.8430584520138 -1.16216685055407 11.25 -10.7875793490233 -1.93033663282943 11.25 -10.676905004914 -2.68862974190108 11.25 -10.5116016910348 -3.43316632950653 11.25 -10.2925151908531 -4.1601369333795 11.25 -10.0207664724577 -4.86582196857244 11.25 -9.69774595306342 -5.54661075891685 11.25 -9.32510638486596 -6.19902001124582 11.25 -8.90475439864423 -6.81971163785448 11.25 -8.43884074837961 -7.4055098360087 11.25 -7.92974930680525 -7.95341733711395 11.25 -7.38008486819056 -8.4606307424043 11.25 -6.79265982076854 -8.92455486668594 11.25 -6.1704797569972 -9.34281601674449 11.25 -5.51672809528099 -9.71327413647641 11.25 -4.83474979183602 -10.0340337566034 11.25 -4.12803422603818 -10.303453692945 11.25 -3.40019734682231 -10.5201554436272 11.25 -2.65496317148123 -10.6830302422628 11.25 -1.89614473152712 -10.7912447310159 11.25 -1.12762456310672 -10.8442452245223 11.25 -0.353334841792362 -10.8417605428516 11.25 0.42276273660999 -10.7838033990137 11.25 1.19669722629445 -10.6706703339123 11.25 1.96450874901715 -10.5029401990769 11.25 2.72226875503035 -10.2814711949375 11.25 3.46610012372255 -10.0073964797949 11.25 4.19219700111873 -9.68211837195385 11.25 4.89684427274074 -9.30730117468506 11.25 5.5764365721943 -8.88486266072599 11.25 6.22749672822371 -8.41696425989155 11.25 6.84669355584929 -7.906 11.25 7.43085890055786 7.906 21.5 7.43085890055786 8.41696425989155 21.5 6.8466935558493 8.88486266072599 21.5 6.22749672822372 9.30730117468506 21.5 5.5764365721943 9.68211837195384 21.5 4.89684427274075 10.0073964797949 21.5 4.19219700111873 10.2814711949375 21.5 3.46610012372256 10.5029401990769 21.5 2.72226875503035 10.6706703339123 21.5 1.96450874901716 10.7838033990137 21.5 1.19669722629446 10.8417605428516 21.5 0.422762736609997 10.8442452245223 21.5 -0.353334841792354 10.7912447310159 21.5 -1.12762456310672 10.6830302422628 21.5 -1.89614473152711 10.5201554436272 21.5 -2.65496317148122 10.303453692945 21.5 -3.4001973468223 10.0340337566034 21.5 -4.12803422603817 9.71327413647641 21.5 -4.83474979183601 9.34281601674449 21.5 -5.51672809528099 8.92455486668595 21.5 -6.1704797569972 8.4606307424043 21.5 -6.79265982076853 7.95341733711395 21.5 -7.38008486819056 7.40550983600871 21.5 -7.92974930680525 6.81971163785448 21.5 -8.43884074837961 6.19902001124583 21.5 -8.90475439864423 5.54661075891685 21.5 -9.32510638486596 4.86582196857244 21.5 -9.69774595306341 4.1601369333795 21.5 -10.0207664724577 3.43316632950653 21.5 -10.2925151908531 2.68862974190108 21.5 -10.5116016910348 1.93033663282943 21.5 -10.676905004914 1.16216685055407 21.5 -10.7875793490233 0.388050777877394 21.5 -10.8430584520138 -0.388050777877392 21.5 -10.8430584520138 -1.16216685055407 21.5 -10.7875793490233 -1.93033663282943 21.5 -10.676905004914 -2.68862974190108 21.5 -10.5116016910348 -3.43316632950653 21.5 -10.2925151908531 -4.1601369333795 21.5 -10.0207664724577 -4.86582196857244 21.5 -9.69774595306342 -5.54661075891685 21.5 -9.32510638486596 -6.19902001124582 21.5 -8.90475439864423 -6.81971163785448 21.5 -8.43884074837961 -7.4055098360087 21.5 -7.92974930680525 -7.95341733711395 21.5 -7.38008486819056 -8.4606307424043 21.5 -6.79265982076854 -8.92455486668594 21.5 -6.1704797569972 -9.34281601674449 21.5 -5.51672809528099 -9.71327413647641 21.5 -4.83474979183602 -10.0340337566034 21.5 -4.12803422603818 -10.303453692945 21.5 -3.40019734682231 -10.5201554436272 21.5 -2.65496317148123 -10.6830302422628 21.5 -1.89614473152712 -10.7912447310159 21.5 -1.12762456310672 -10.8442452245223 21.5 -0.353334841792362 -10.8417605428516 21.5 0.42276273660999 -10.7838033990137 21.5 1.19669722629445 -10.6706703339123 21.5 1.96450874901715 -10.5029401990769 21.5 2.72226875503035 -10.2814711949375 21.5 3.46610012372255 -10.0073964797949 21.5 4.19219700111873 -9.68211837195385 21.5 4.89684427274074 -9.30730117468506 21.5 5.5764365721943 -8.88486266072599 21.5 6.22749672822371 -8.41696425989155 21.5 6.84669355584929 -7.906 21.5 7.43085890055786 0.816368597399751 0 0.887913952974829 0 0.959459308549907 0 1.03100466412499 0 1.10255001970006 0 1.17409537527514 0 1.24564073085022 0 1.3171860864253 0 1.38873144200038 0 1.46027679757545 0 1.53182215315053 0 1.60336750872561 0 1.67491286430069 0 1.74645821987577 0 1.81800357545085 0 1.88954893102592 0 1.961094286601 0 2.03263964217608 0 2.10418499775116 0 2.17573035332624 0 2.24727570890132 0 2.31882106447639 0 2.39036642005147 0 2.46191177562655 0 2.53345713120163 0 2.60500248677671 0 2.67654784235178 0 2.74809319792686 0 2.81963855350194 0 2.89118390907702 0 2.9627292646521 0 3.03427462022718 0 3.10581997580225 0 3.17736533137733 0 3.24891068695241 0 3.32045604252749 0 3.39200139810257 0 3.46354675367765 0 3.53509210925272 0 3.6066374648278 0 3.67818282040288 0 3.74972817597796 0 3.82127353155304 0 3.89281888712811 0 3.96436424270319 0 4.03590959827827 0 4.10745495385335 0 4.17900030942843 0 4.25054566500351 0 4.32209102057858 0 4.39363637615366 0 4.46518173172874 0 4.53672708730382 0 4.6082724428789 0 4.67981779845397 0 4.75136315402905 0 4.82290850960413 0 4.89445386517921 0 4.96599922075429 0 5.03754457632937 0 5.10908993190444 0 5.18063528747952 0 5.2521806430546 0 5.32372599862968 0 5.39527135420476 0 5.46681670977984 0 0.81636859739975 -10.25 0.887913952974829 -10.25 0.959459308549907 -10.25 1.03100466412499 -10.25 1.10255001970006 -10.25 1.17409537527514 -10.25 1.24564073085022 -10.25 1.3171860864253 -10.25 1.38873144200038 -10.25 1.46027679757545 -10.25 1.53182215315053 -10.25 1.60336750872561 -10.25 1.67491286430069 -10.25 1.74645821987577 -10.25 1.81800357545085 -10.25 1.88954893102592 -10.25 1.961094286601 -10.25 2.03263964217608 -10.25 2.10418499775116 -10.25 2.17573035332624 -10.25 2.24727570890132 -10.25 2.31882106447639 -10.25 2.39036642005147 -10.25 2.46191177562655 -10.25 2.53345713120163 -10.25 2.60500248677671 -10.25 2.67654784235178 -10.25 2.74809319792686 -10.25 2.81963855350194 -10.25 2.89118390907702 -10.25 2.9627292646521 -10.25 3.03427462022718 -10.25 3.10581997580225 -10.25 3.17736533137733 -10.25 3.24891068695241 -10.25 3.32045604252749 -10.25 3.39200139810257 -10.25 3.46354675367765 -10.25 3.53509210925272 -10.25 3.6066374648278 -10.25 3.67818282040288 -10.25 3.74972817597796 -10.25 3.82127353155304 -10.25 3.89281888712811 -10.25 3.96436424270319 -10.25 4.03590959827827 -10.25 4.10745495385335 -10.25 4.17900030942843 -10.25 4.25054566500351 -10.25 4.32209102057858 -10.25 4.39363637615366 -10.25 4.46518173172874 -10.25 4.53672708730382 -10.25 4.6082724428789 -10.25 4.67981779845397 -10.25 4.75136315402905 -10.25 4.82290850960413 -10.25 4.89445386517921 -10.25 4.96599922075429 -10.25 5.03754457632937 -10.25 5.10908993190444 -10.25 5.18063528747952 -10.25 5.2521806430546 -10.25 5.32372599862968 -10.25 5.39527135420476 -10.25 5.46681670977984 -10.25 1 67 68 2 1 68 3 2 68 3 68 69 3 69 70 4 3 70 5 4 70 5 70 71 5 71 72 6 5 72 7 6 72 7 72 73 7 73 74 8 7 74 9 8 74 9 74 75 10 9 75 10 75 76 11 76 77 11 10 76 12 77 78 12 11 77 13 78 79 13 12 78 14 79 80 14 13 79 15 80 81 15 81 82 15 14 80 16 15 82 17 82 83 17 16 82 18 17 83 18 83 84 19 18 84 19 84 85 20 19 85 20 85 86 21 20 86 21 86 87 22 21 87 22 87 88 23 22 88 23 88 89 24 23 89 24 89 90 25 24 90 25 90 91 26 25 91 26 91 92 27 26 92 27 92 93 28 27 93 28 93 94 29 28 94 29 94 95 29 95 96 30 29 96 31 30 96 31 96 97 32 31 97 32 97 98 33 32 98 33 98 99 34 33 99 34 99 100 35 34 100 35 100 101 36 101 102 36 102 103 36 35 101 37 36 103 38 103 104 38 37 103 39 104 105 39 38 104 40 105 106 40 39 105 41 106 107 41 40 106 42 107 108 42 41 107 43 42 108 43 108 109 44 43 109 44 109 110 45 110 111 45 44 110 46 111 112 46 45 111 47 112 113 47 46 112 48 113 114 48 47 113 49 114 115 49 48 114 50 115 116 50 49 115 51 116 117 51 50 116 52 117 118 52 51 117 53 118 119 53 52 118 54 119 120 54 53 119 55 120 121 55 121 122 55 54 120 56 55 122 56 122 123 57 56 123 58 123 124 58 57 123 59 124 125 59 58 124 60 125 126 60 59 125 61 126 127 61 60 126 62 127 128 62 128 129 62 61 127 63 62 129 64 129 130 64 63 129 65 130 131 65 64 130 66 131 132 66 65 131 
6 4 1 7.37776405560993e-15
-7.906 37.5 6 -7.906 37.5 8.5 -7.906 21.5 6 -7.906 21.5 7.43085890055786 -7.906 11.25 7.43085890055786 -7.906 11.25 8.5 0 -10.7500002 2.5 -10.7500002 0 -26.7500002 1.43085890055786 -26.7500002 1.43085890055786 -37.0000002 2.5 -37.0000002 4 5 6 1 3 4 2 1 4 6 2 4 
30 28 1 0.00653815678595578
-7.906 37.5 8.5 -7.906 11.25 8.5 -7.87986794431632 37.5 8.96532436268535 -7.80180040302766 37.5 9.42479700152244 -7.67277912076158 37.5 9.87263978148567 -7.49442661500245 37.5 10.3032208197726 -7.26898577199275 37.5 10.7111253099977 -6.99929164113713 37.5 11.0912236165249 -6.68873578261129 37.5 11.4387357826113 -6.3412236165249 37.5 11.7492916411371 -5.96112530999774 37.5 12.0189857719927 -5.55322081977257 37.5 12.2444266150025 -5.12263978148568 37.5 12.4227791207616 -4.67479700152244 37.5 12.5518004030277 -4.21532436268535 37.5 12.6298679443163 -3.75 37.5 12.656 -3.75 11.25 12.656 -7.87986794431632 11.25 8.96532436268535 -7.80180040302766 11.25 9.42479700152244 -7.67277912076158 11.25 9.87263978148567 -7.49442661500245 11.25 10.3032208197726 -7.26898577199275 11.25 10.7111253099977 -6.99929164113713 11.25 11.0912236165249 -6.68873578261129 11.25 11.4387357826113 -6.3412236165249 11.25 11.7492916411371 -5.96112530999774 11.25 12.0189857719927 -5.55322081977257 11.25 12.2444266150025 -5.12263978148568 11.25 12.4227791207616 -4.67479700152244 11.25 12.5518004030277 -4.21532436268535 11.25 12.6298679443163 4.71238898038469 -10.7500002 4.71238898038469 -37.0000002 4.60018924275648 -10.7500002 4.48798950512828 -10.7500002 4.37578976750007 -10.7500002 4.26359002987186 -10.7500002 4.15139029224366 -10.7500002 4.03919055461545 -10.7500002 3.92699081698724 -10.7500002 3.81479107935903 -10.7500002 3.70259134173083 -10.7500002 3.59039160410262 -10.7500002 3.47819186647441 -10.7500002 3.36599212884621 -10.7500002 3.253792391218 -10.7500002 3.14159265358979 -10.7500002 3.14159265358979 -37.0000002 4.60018924275648 -37.0000002 4.48798950512828 -37.0000002 4.37578976750007 -37.0000002 4.26359002987186 -37.0000002 4.15139029224366 -37.0000002 4.03919055461545 -37.0000002 3.92699081698724 -37.0000002 3.81479107935903 -37.0000002 3.70259134173083 -37.0000002 3.59039160410262 -37.0000002 3.47819186647441 -37.0000002 3.36599212884621 -37.0000002 3.253792391218 -37.0000002 15 16 17 15 17 30 14 30 29 14 15 30 13 29 28 13 14 29 12 28 27 12 13 28 11 27 26 11 12 27 10 26 25 10 11 26 9 25 24 9 10 25 8 24 23 8 9 24 7 22 21 7 23 22 7 8 23 6 7 21 5 21 20 5 6 21 4 20 19 4 5 20 3 19 18 3 4 19 1 18 2 1 3 18 
89 87 1 1.98602732259782e-15
-3.75 37.5 12.656 -3.75 37.5 21.4656 -7.906 37.5 8.5 -7.87986794431632 37.5 8.96532436268535 -7.80180040302766 37.5 9.42479700152244 -7.67277912076158 37.5 9.87263978148567 -7.49442661500245 37.5 10.3032208197726 -7.26898577199275 37.5 10.7111253099977 -6.99929164113713 37.5 11.0912236165249 -6.68873578261129 37.5 11.4387357826113 -6.3412236165249 37.5 11.7492916411371 -5.96112530999774 37.5 12.0189857719927 -5.55322081977257 37.5 12.2444266150025 -5.12263978148568 37.5 12.4227791207616 -4.67479700152244 37.5 12.5518004030277 -4.21532436268535 37.5 12.6298679443163 -7.906 37.5 6 -3.75 37.5 1.844 -4.21532436268535 37.5 1.87013205568369 -4.67479700152244 37.5 1.94819959697234 -5.12263978148568 37.5 2.07722087923843 -5.55322081977257 37.5 2.25557338499755 -5.96112530999774 37.5 2.48101422800725 -6.3412236165249 37.5 2.75070835886287 -6.68873578261129 37.5 3.06126421738871 -6.99929164113713 37.5 3.40877638347511 -7.26898577199275 37.5 3.78887469000226 -7.49442661500245 37.5 4.19677918022743 -7.67277912076158 37.5 4.62736021851433 -7.80180040302766 37.5 5.07520299847756 -7.87986794431631 37.5 5.53467563731465 -3.75 37.5 0 3.75 37.5 0 3.7226582778677 37.5 -0.452012550957462 3.64103181534769 37.5 -0.897433741078343 3.5063109100703 37.5 -1.32976832640951 3.32046009619954 37.5 -1.74271189516414 3.08618949710121 37.5 -2.13024280024184 2.80691530564162 37.5 -2.48670996840299 2.48670996840298 37.5 -2.80691530564163 2.13024280024183 37.5 -3.08618949710122 1.74271189516412 37.5 -3.32046009619954 1.3297683264095 37.5 -3.50631091007031 0.897433741078329 37.5 -3.6410318153477 0.452012550957447 37.5 -3.7226582778677 -1.59334759700906e-14 37.5 -3.75 -0.452012550957479 37.5 -3.7226582778677 -0.897433741078359 37.5 -3.64103181534769 -1.32976832640953 37.5 -3.5063109100703 -1.74271189516415 37.5 -3.32046009619953 -2.13024280024185 37.5 -3.0861894971012 -2.486709968403 37.5 -2.80691530564161 -2.80691530564165 37.5 -2.48670996840296 -3.08618949710123 37.5 -2.13024280024181 -3.32046009619955 37.5 -1.74271189516411 -3.50631091007032 37.5 -1.32976832640948 -3.6410318153477 37.5 -0.897433741078312 -3.72265827786771 37.5 -0.45201255095743 3.75 37.5 1.844 7.906 37.5 6 7.87986794431631 37.5 5.53467563731465 7.80180040302766 37.5 5.07520299847756 7.67277912076158 37.5 4.62736021851433 7.49442661500245 37.5 4.19677918022743 7.26898577199275 37.5 3.78887469000226 6.99929164113713 37.5 3.4087763834751 6.68873578261129 37.5 3.06126421738871 6.3412236165249 37.5 2.75070835886287 5.96112530999774 37.5 2.48101422800725 5.55322081977257 37.5 2.25557338499755 5.12263978148567 37.5 2.07722087923843 4.67479700152244 37.5 1.94819959697234 4.21532436268535 37.5 1.87013205568368 7.906 37.5 8.5 3.75 37.5 12.656 4.21532436268535 37.5 12.6298679443163 4.67479700152244 37.5 12.5518004030277 5.12263978148567 37.5 12.4227791207616 5.55322081977257 37.5 12.2444266150025 5.96112530999774 37.5 12.0189857719927 6.3412236165249 37.5 11.7492916411371 6.68873578261129 37.5 11.4387357826113 6.99929164113713 37.5 11.0912236165249 7.26898577199275 37.5 10.7111253099977 7.49442661500245 37.5 10.3032208197726 7.67277912076158 37.5 9.87263978148568 7.80180040302766 37.5 9.42479700152244 7.87986794431632 37.5 8.96532436268535 3.75 37.5 21.4656 -12.656 -3.75 -21.4656 -3.75 -8.5 -7.906 -8.96532436268535 -7.87986794431632 -9.42479700152244 -7.80180040302766 -9.87263978148567 -7.67277912076158 -10.3032208197726 -7.49442661500245 -10.7111253099977 -7.26898577199275 -11.0912236165249 -6.99929164113713 -11.4387357826113 -6.68873578261129 -11.7492916411371 -6.3412236165249 -12.0189857719927 -5.96112530999774 -12.2444266150025 -5.55322081977257 -12.4227791207616 -5.12263978148568 -12.5518004030277 -4.67479700152244 -12.6298679443163 -4.21532436268535 -6 -7.906 -1.844 -3.75 -1.87013205568369 -4.21532436268535 -1.94819959697234 -4.67479700152244 -2.07722087923842 -5.12263978148568 -2.25557338499755 -5.55322081977257 -2.48101422800725 -5.96112530999774 -2.75070835886287 -6.3412236165249 -3.06126421738871 -6.68873578261129 -3.4087763834751 -6.99929164113713 -3.78887469000226 -7.26898577199275 -4.19677918022743 -7.49442661500245 -4.62736021851433 -7.67277912076158 -5.07520299847756 -7.80180040302766 -5.53467563731465 -7.87986794431631 0 -3.75 0 3.75 0.452012550957463 3.7226582778677 0.897433741078341 3.64103181534769 1.32976832640951 3.5063109100703 1.74271189516413 3.32046009619954 2.13024280024184 3.08618949710121 2.48670996840299 2.80691530564162 2.80691530564163 2.48670996840298 3.08618949710122 2.13024280024183 3.32046009619954 1.74271189516412 3.50631091007031 1.3297683264095 3.6410318153477 0.897433741078328 3.7226582778677 0.452012550957448 3.75 -1.59872115546023e-14 3.7226582778677 -0.452012550957479 3.64103181534769 -0.89743374107836 3.5063109100703 -1.32976832640953 3.32046009619953 -1.74271189516415 3.0861894971012 -2.13024280024185 2.80691530564161 -2.486709968403 2.48670996840296 -2.80691530564165 2.13024280024181 -3.08618949710123 1.74271189516411 -3.32046009619955 1.32976832640948 -3.50631091007032 0.897433741078313 -3.6410318153477 0.452012550957431 -3.72265827786771 -1.844 3.75 -6 7.906 -5.53467563731465 7.87986794431632 -5.07520299847756 7.80180040302766 -4.62736021851433 7.67277912076157 -4.19677918022743 7.49442661500245 -3.78887469000226 7.26898577199275 -3.4087763834751 6.99929164113713 -3.06126421738871 6.68873578261129 -2.75070835886287 6.3412236165249 -2.48101422800725 5.96112530999774 -2.25557338499755 5.55322081977257 -2.07722087923842 5.12263978148567 -1.94819959697234 4.67479700152244 -1.87013205568368 4.21532436268535 -8.5 7.906 -12.656 3.75 -12.6298679443163 4.21532436268535 -12.5518004030277 4.67479700152244 -12.4227791207616 5.12263978148567 -12.2444266150025 5.55322081977257 -12.0189857719927 5.96112530999774 -11.7492916411371 6.3412236165249 -11.4387357826113 6.68873578261129 -11.0912236165249 6.99929164113713 -10.7111253099977 7.26898577199275 -10.3032208197726 7.49442661500245 -9.87263978148568 7.67277912076157 -9.42479700152244 7.80180040302766 -8.96532436268535 7.87986794431632 -21.4656 3.75 11 10 9 12 11 9 15 14 13 3 5 4 3 6 5 3 7 6 3 8 7 3 9 8 3 13 12 3 15 13 3 16 15 3 1 16 3 12 9 17 1 3 27 29 28 25 27 26 25 30 29 25 31 30 25 29 27 75 2 1 75 89 2 23 25 24 23 31 25 77 76 75 78 77 75 21 23 22 21 17 31 21 31 23 20 17 21 80 78 75 80 79 78 18 1 17 18 20 19 18 75 1 18 17 20 81 80 75 83 82 81 85 84 83 57 32 58 86 85 83 55 57 56 88 87 86 54 32 57 54 57 55 74 81 75 74 83 81 74 86 83 74 88 86 51 53 52 51 54 53 51 32 54 59 75 18 60 75 59 60 74 75 49 51 50 61 60 59 71 73 72 71 59 73 63 62 61 64 61 59 64 59 71 64 63 61 68 70 69 67 64 71 67 70 68 67 65 64 67 66 65 67 71 70 33 18 32 33 59 18 44 46 45 44 47 46 44 48 47 44 49 48 35 34 33 36 51 49 36 35 33 36 33 32 36 32 51 41 43 42 41 44 43 39 38 37 40 36 49 40 44 41 40 37 36 40 49 44 40 39 37 
8 6 1 7.105427357601e-15
-3.75 37.5 21.4656 3.75 37.5 21.4656 -3.75 19.75 21.4656 -5.6 19.75 21.4656 -5.6 9.75 21.4656 5.6 9.75 21.4656 5.6 19.75 21.4656 3.75 19.75 21.4656 0 -10.7500002 7.5 -10.7500002 0 -28.5000002 -1.85 -28.5000002 -1.85 -38.5000002 9.35 -38.5000002 9.35 -28.5000002 7.5 -28.5000002 3 4 5 8 5 6 8 3 5 7 8 6 2 1 3 2 3 8 
46 44 1 0.00662450201334373
-5.6 19.75 16.2656 -5.6 20.1200185795105 16.2920642511096 -5.6 20.4825046477877 16.3709182686023 -5.6 20.8300790338049 16.5005568120783 -5.6 21.1556661253846 16.6783408146389 -5.6 21.4526379082577 16.9006511066789 -5.6 21.7149488933211 17.1629620917423 -5.6 21.9372591853611 17.4599338746154 -5.6 22.1150431879217 17.7855209661951 -5.6 22.2446817313977 18.1330953522123 -5.6 22.3235357488904 18.4955814204895 -5.6 22.35 18.8656 -5.6 22.3235357488904 19.2356185795105 -5.6 22.2446817313977 19.5981046477877 -5.6 22.1150431879217 19.9456790338049 -5.6 21.9372591853611 20.2712661253846 -5.6 21.7149488933211 20.5682379082577 -5.6 21.4526379082577 20.8305488933211 -5.6 21.1556661253846 21.0528591853611 -5.6 20.8300790338049 21.2306431879217 -5.6 20.4825046477877 21.3602817313977 -5.6 20.1200185795105 21.4391357488904 -5.6 19.75 21.4656 -3.75 19.75 16.2656 -3.75 19.75 21.4656 -3.75 20.1200185795105 21.4391357488904 -3.75 20.4825046477877 21.3602817313977 -3.75 20.8300790338049 21.2306431879217 -3.75 21.1556661253846 21.0528591853611 -3.75 21.4526379082577 20.8305488933211 -3.75 21.7149488933211 20.5682379082577 -3.75 21.9372591853611 20.2712661253846 -3.75 22.1150431879217 19.9456790338049 -3.75 22.2446817313977 19.5981046477877 -3.75 22.3235357488904 19.2356185795105 -3.75 22.35 18.8656 -3.75 22.3235357488904 18.4955814204895 -3.75 22.2446817313977 18.1330953522123 -3.75 22.1150431879217 17.7855209661951 -3.75 21.9372591853611 17.4599338746154 -3.75 21.7149488933211 17.1629620917423 -3.75 21.4526379082577 16.9006511066789 -3.75 21.1556661253846 16.6783408146389 -3.75 20.8300790338049 16.5005568120783 -3.75 20.4825046477877 16.3709182686023 -3.75 20.1200185795105 16.2920642511096 3.14159265358979 0 3.28439231966206 0 3.42719198573432 0 3.56999165180658 0 3.71279131787885 0 3.85559098395111 0 3.99839065002337 0 4.14119031609564 0 4.2839899821679 0 4.42678964824016 0 4.56958931431243 0 4.71238898038469 0 4.85518864645695 0 4.99798831252922 0 5.14078797860148 0 5.28358764467374 0 5.426387310746 0 5.56918697681827 0 5.71198664289053 0 5.85478630896279 0 5.99758597503506 0 6.14038564110732 0 6.28318530717959 0 3.14159265358979 -1.85 6.28318530717959 -1.85 6.14038564110732 -1.85 5.99758597503506 -1.85 5.8547863089628 -1.85 5.71198664289053 -1.85 5.56918697681827 -1.85 5.42638731074601 -1.85 5.28358764467374 -1.85 5.14078797860148 -1.85 4.99798831252922 -1.85 4.85518864645695 -1.85 4.71238898038469 -1.85 4.56958931431243 -1.85 4.42678964824016 -1.85 4.2839899821679 -1.85 4.14119031609564 -1.85 3.99839065002337 -1.85 3.85559098395111 -1.85 3.71279131787885 -1.85 3.56999165180658 -1.85 3.42719198573432 -1.85 3.28439231966206 -1.85 2 1 24 2 24 46 3 46 45 3 2 46 4 45 44 4 3 45 5 44 43 5 4 44 6 43 42 6 5 43 7 42 41 7 6 42 8 41 40 8 7 41 9 40 39 9 8 40 10 39 38 10 9 39 11 38 37 11 10 38 12 37 36 12 11 37 13 36 35 13 12 36 14 13 35 14 35 34 15 14 34 15 34 33 16 15 33 16 33 32 17 16 32 17 32 31 18 17 31 18 31 30 19 18 30 19 30 29 20 29 28 20 19 29 21 28 27 21 20 28 22 26 25 22 27 26 22 21 27 23 22 25 
4 2 1 3.5527136788005e-15
-5.6 19.75 16.2656 -5.6 9.75 16.2656 -3.75 19.75 16.2656 -3.75 9.75 16.2656 0 0 10 0 0 -1.85 10 -1.85 2 1 3 2 3 4 
25 23 1 7.1607233460989e-15
-5.6 9.75 16.2656 -5.6 9.75 21.4656 -5.6 19.75 16.2656 -5.6 20.1200185795105 16.2920642511096 -5.6 20.4825046477877 16.3709182686023 -5.6 20.8300790338049 16.5005568120783 -5.6 21.1556661253846 16.6783408146389 -5.6 21.4526379082577 16.9006511066789 -5.6 21.7149488933211 17.1629620917423 -5.6 21.9372591853611 17.4599338746154 -5.6 22.1150431879217 17.7855209661951 -5.6 22.2446817313977 18.1330953522123 -5.6 22.3235357488904 18.4955814204895 -5.6 22.35 18.8656 -5.6 22.3235357488904 19.2356185795105 -5.6 22.2446817313977 19.5981046477877 -5.6 22.1150431879217 19.9456790338049 -5.6 21.9372591853611 20.2712661253846 -5.6 21.7149488933211 20.5682379082577 -5.6 21.4526379082577 20.8305488933211 -5.6 21.1556661253846 21.0528591853611 -5.6 20.8300790338049 21.2306431879217 -5.6 20.4825046477877 21.3602817313977 -5.6 20.1200185795105 21.4391357488904 -5.6 19.75 21.4656 9.75 16.2656 9.75 21.4656 19.75 16.2656 20.1200185795105 16.2920642511096 20.4825046477877 16.3709182686023 20.8300790338049 16.5005568120783 21.1556661253846 16.6783408146389 21.4526379082577 16.9006511066789 21.7149488933211 17.1629620917423 21.9372591853611 17.4599338746154 22.1150431879217 17.7855209661951 22.2446817313977 18.1330953522123 22.3235357488904 18.4955814204895 22.35 18.8656 22.3235357488904 19.2356185795105 22.2446817313977 19.5981046477877 22.1150431879217 19.9456790338049 21.9372591853611 20.2712661253846 21.7149488933211 20.5682379082577 21.4526379082577 20.8305488933211 21.1556661253846 21.0528591853611 20.8300790338049 21.2306431879217 20.4825046477877 21.3602817313977 20.1200185795105 21.4391357488904 19.75 21.4656 3 2 1 7 3 4 7 4 5 7 5 6 9 7 8 9 3 7 13 10 11 13 11 12 14 9 10 14 10 13 25 2 3 16 14 15 16 9 14 17 9 16 22 23 24 22 24 25 18 3 9 18 25 3 18 9 17 20 18 19 20 21 22 20 22 25 20 25 18 
25 23 1 7.1607233460989e-15
5.6 9.75 16.2656 5.6 9.75 21.4656 5.6 19.75 16.2656 5.6 20.1200185795105 16.2920642511096 5.6 20.4825046477877 16.3709182686023 5.6 20.8300790338049 16.5005568120783 5.6 21.1556661253846 16.6783408146389 5.6 21.4526379082577 16.9006511066789 5.6 21.7149488933211 17.1629620917423 5.6 21.9372591853611 17.4599338746154 5.6 22.1150431879217 17.7855209661951 5.6 22.2446817313977 18.1330953522123 5.6 22.3235357488904 18.4955814204895 5.6 22.35 18.8656 5.6 22.3235357488904 19.2356185795105 5.6 22.2446817313977 19.5981046477877 5.6 22.1150431879217 19.9456790338049 5.6 21.9372591853611 20.2712661253846 5.6 21.7149488933211 20.5682379082577 5.6 21.4526379082577 20.8305488933211 5.6 21.1556661253846 21.0528591853611 5.6 20.8300790338049 21.2306431879217 5.6 20.4825046477877 21.3602817313977 5.6 20.1200185795105 21.4391357488904 5.6 19.75 21.4656 9.75 16.2656 9.75 21.4656 19.75 16.2656 20.1200185795105 16.2920642511096 20.4825046477877 16.3709182686023 20.8300790338049 16.5005568120783 21.1556661253846 16.6783408146389 21.4526379082577 16.9006511066789 21.7149488933211 17.1629620917423 21.9372591853611 17.4599338746154 22.1150431879217 17.7855209661951 22.2446817313977 18.1330953522123 22.3235357488904 18.4955814204895 22.35 18.8656 22.3235357488904 19.2356185795105 22.2446817313977 19.5981046477877 22.1150431879217 19.9456790338049 21.9372591853611 20.2712661253846 21.7149488933211 20.5682379082577 21.4526379082577 20.8305488933211 21.1556661253846 21.0528591853611 20.8300790338049 21.2306431879217 20.4825046477877 21.3602817313977 20.1200185795105 21.4391357488904 19.75 21.4656 3 2 1 7 3 4 7 4 5 7 5 6 9 7 8 9 3 7 13 10 11 13 11 12 14 9 10 14 10 13 25 2 3 16 14 15 16 9 14 17 9 16 22 23 24 22 24 25 18 3 9 18 25 3 18 9 17 20 18 19 20 21 22 20 22 25 20 25 18 
4 2 1 3.66205343881779e-15
3.75 9.75 16.2656 3.75 19.75 16.2656 5.6 19.75 16.2656 5.6 9.75 16.2656 10 -9.35 0 -9.35 0 -11.2 10 -11.2 1 2 3 1 3 4 
46 44 1 0.00662450201334228
3.75 19.75 21.4656 3.75 20.1200185795105 21.4391357488904 3.75 20.4825046477877 21.3602817313977 3.75 20.8300790338049 21.2306431879217 3.75 21.1556661253846 21.0528591853611 3.75 21.4526379082577 20.8305488933211 3.75 21.7149488933211 20.5682379082577 3.75 21.9372591853611 20.2712661253846 3.75 22.1150431879217 19.9456790338049 3.75 22.2446817313977 19.5981046477877 3.75 22.3235357488904 19.2356185795105 3.75 22.35 18.8656 3.75 22.3235357488904 18.4955814204895 3.75 22.2446817313977 18.1330953522123 3.75 22.1150431879217 17.7855209661951 3.75 21.9372591853611 17.4599338746154 3.75 21.7149488933211 17.1629620917423 3.75 21.4526379082577 16.9006511066789 3.75 21.1556661253846 16.6783408146389 3.75 20.8300790338049 16.5005568120783 3.75 20.4825046477877 16.3709182686023 3.75 20.1200185795105 16.2920642511096 3.75 19.75 16.2656 5.6 19.75 16.2656 5.6 20.1200185795105 16.2920642511096 5.6 20.4825046477877 16.3709182686023 5.6 20.8300790338049 16.5005568120783 5.6 21.1556661253846 16.6783408146389 5.6 21.4526379082577 16.9006511066789 5.6 21.7149488933211 17.1629620917423 5.6 21.9372591853611 17.4599338746154 5.6 22.1150431879217 17.7855209661951 5.6 22.2446817313977 18.1330953522123 5.6 22.3235357488904 18.4955814204895 5.6 22.35 18.8656 5.6 22.3235357488904 19.2356185795105 5.6 22.2446817313977 19.5981046477877 5.6 22.1150431879217 19.9456790338049 5.6 21.9372591853611 20.2712661253846 5.6 21.7149488933211 20.5682379082577 5.6 21.4526379082577 20.8305488933211 5.6 21.1556661253846 21.0528591853611 5.6 20.8300790338049 21.2306431879217 5.6 20.4825046477877 21.3602817313977 5.6 20.1200185795105 21.4391357488904 5.6 19.75 21.4656 6.28318530717959 -9.35 6.14038564110732 -9.35 5.99758597503506 -9.35 5.8547863089628 -9.35 5.71198664289053 -9.35 5.56918697681827 -9.35 5.42638731074601 -9.35 5.28358764467374 -9.35 5.14078797860148 -9.35 4.99798831252922 -9.35 4.85518864645695 -9.35 4.71238898038469 -9.35 4.56958931431243 -9.35 4.42678964824016 -9.35 4.2839899821679 -9.35 4.14119031609564 -9.35 3.99839065002337 -9.35 3.85559098395111 -9.35 3.71279131787885 -9.35 3.56999165180658 -9.35 3.42719198573432 -9.35 3.28439231966206 -9.35 3.14159265358979 -9.35 3.14159265358979 -11.2 3.28439231966206 -11.2 3.42719198573432 -11.2 3.56999165180658 -11.2 3.71279131787885 -11.2 3.85559098395111 -11.2 3.99839065002337 -11.2 4.14119031609564 -11.2 4.2839899821679 -11.2 4.42678964824016 -11.2 4.56958931431243 -11.2 4.71238898038469 -11.2 4.85518864645695 -11.2 4.99798831252922 -11.2 5.14078797860148 -11.2 5.28358764467374 -11.2 5.426387310746 -11.2 5.56918697681827 -11.2 5.71198664289053 -11.2 5.85478630896279 -11.2 5.99758597503506 -11.2 6.14038564110732 -11.2 6.28318530717959 -11.2 23 24 25 22 25 26 22 23 25 21 26 27 21 22 26 20 27 28 20 21 27 19 28 29 19 20 28 18 29 30 18 19 29 17 30 31 17 18 30 16 31 32 16 17 31 15 32 33 15 16 32 14 33 34 14 15 33 13 14 34 12 34 35 12 13 34 11 35 36 11 36 37 11 12 35 10 37 38 10 11 37 9 10 38 8 9 38 8 38 39 7 8 39 7 39 40 7 40 41 6 7 41 5 6 41 5 41 42 4 5 42 4 42 43 4 43 44 3 4 44 2 3 44 2 44 45 1 2 45 1 45 46 
30 28 1 0.00653815678595568
7.906 37.5 6 7.906 21.5 6 7.87986794431631 37.5 5.53467563731465 7.80180040302766 37.5 5.07520299847756 7.67277912076158 37.5 4.62736021851433 7.49442661500245 37.5 4.19677918022743 7.26898577199275 37.5 3.78887469000226 6.99929164113713 37.5 3.4087763834751 6.68873578261129 37.5 3.06126421738871 6.3412236165249 37.5 2.75070835886287 5.96112530999774 37.5 2.48101422800725 5.55322081977257 37.5 2.25557338499755 5.12263978148567 37.5 2.07722087923843 4.67479700152244 37.5 1.94819959697234 4.21532436268535 37.5 1.87013205568368 3.75 37.5 1.844 3.75 21.5 1.844 7.87986794431631 21.5 5.53467563731465 7.80180040302766 21.5 5.07520299847756 7.67277912076158 21.5 4.62736021851433 7.49442661500245 21.5 4.19677918022743 7.26898577199275 21.5 3.78887469000226 6.99929164113713 21.5 3.4087763834751 6.68873578261129 21.5 3.06126421738871 6.3412236165249 21.5 2.75070835886287 5.96112530999774 21.5 2.48101422800725 5.55322081977257 21.5 2.25557338499755 5.12263978148567 21.5 2.07722087923843 4.67479700152244 21.5 1.94819959697234 4.21532436268535 21.5 1.87013205568368 1.5707963267949 -10.7500002 1.5707963267949 -26.7500002 1.45859658916669 -10.7500002 1.34639685153848 -10.7500002 1.23419711391028 -10.7500002 1.12199737628207 -10.7500002 1.00979763865386 -10.7500002 0.897597901025655 -10.7500002 0.785398163397448 -10.7500002 0.673198425769241 -10.7500002 0.560998688141034 -10.7500002 0.448798950512828 -10.7500002 0.336599212884621 -10.7500002 0.224399475256414 -10.7500002 0.112199737628207 -10.7500002 0 -10.7500002 0 -26.7500002 1.45859658916669 -26.7500002 1.34639685153848 -26.7500002 1.23419711391028 -26.7500002 1.12199737628207 -26.7500002 1.00979763865386 -26.7500002 0.897597901025655 -26.7500002 0.785398163397448 -26.7500002 0.673198425769241 -26.7500002 0.560998688141034 -26.7500002 0.448798950512828 -26.7500002 0.336599212884621 -26.7500002 0.224399475256414 -26.7500002 0.112199737628207 -26.7500002 16 17 30 15 30 29 15 16 30 14 15 29 13 28 27 13 29 28 13 14 29 12 27 26 12 13 27 11 12 26 10 26 25 10 11 26 9 25 24 9 10 25 8 24 23 8 9 24 7 23 22 7 8 23 6 22 21 6 7 22 5 21 20 5 6 21 4 20 19 4 5 20 3 19 18 3 4 19 1 18 2 1 3 18 
123 121 1 2.66453525910038e-15
3.75 21.5 1.844 3.75 21.5 0 7.906 21.5 6 7.87986794431631 21.5 5.53467563731465 7.80180040302766 21.5 5.07520299847756 7.67277912076158 21.5 4.62736021851433 7.49442661500245 21.5 4.19677918022743 7.26898577199275 21.5 3.78887469000226 6.99929164113713 21.5 3.4087763834751 6.68873578261129 21.5 3.06126421738871 6.3412236165249 21.5 2.75070835886287 5.96112530999774 21.5 2.48101422800725 5.55322081977257 21.5 2.25557338499755 5.12263978148567 21.5 2.07722087923843 4.67479700152244 21.5 1.94819959697234 4.21532436268535 21.5 1.87013205568368 7.906 21.5 7.43085890055786 8.41696425989155 21.5 6.8466935558493 8.88486266072599 21.5 6.22749672822372 9.30730117468506 21.5 5.5764365721943 9.68211837195384 21.5 4.89684427274075 10.0073964797949 21.5 4.19219700111873 10.2814711949375 21.5 3.46610012372256 10.5029401990769 21.5 2.72226875503035 10.6706703339123 21.5 1.96450874901716 10.7838033990137 21.5 1.19669722629446 10.8417605428516 21.5 0.422762736609997 10.8442452245223 21.5 -0.353334841792354 10.7912447310159 21.5 -1.12762456310672 10.6830302422628 21.5 -1.89614473152711 10.5201554436272 21.5 -2.65496317148122 10.303453692945 21.5 -3.4001973468223 10.0340337566034 21.5 -4.12803422603817 9.71327413647641 21.5 -4.83474979183601 9.34281601674449 21.5 -5.51672809528099 8.92455486668595 21.5 -6.1704797569972 8.4606307424043 21.5 -6.79265982076853 7.95341733711395 21.5 -7.38008486819056 7.40550983600871 21.5 -7.92974930680525 6.81971163785448 21.5 -8.43884074837961 6.19902001124583 21.5 -8.90475439864423 5.54661075891685 21.5 -9.32510638486596 4.86582196857244 21.5 -9.69774595306341 4.1601369333795 21.5 -10.0207664724577 3.43316632950653 21.5 -10.2925151908531 2.68862974190108 21.5 -10.5116016910348 1.93033663282943 21.5 -10.676905004914 1.16216685055407 21.5 -10.7875793490233 0.388050777877394 21.5 -10.8430584520138 -0.388050777877392 21.5 -10.8430584520138 -1.16216685055407 21.5 -10.7875793490233 -1.93033663282943 21.5 -10.676905004914 -2.68862974190108 21.5 -10.5116016910348 -3.43316632950653 21.5 -10.2925151908531 -4.1601369333795 21.5 -10.0207664724577 -4.86582196857244 21.5 -9.69774595306342 -5.54661075891685 21.5 -9.32510638486596 -6.19902001124582 21.5 -8.90475439864423 -6.81971163785448 21.5 -8.43884074837961 -7.4055098360087 21.5 -7.92974930680525 -7.95341733711395 21.5 -7.38008486819056 -8.4606307424043 21.5 -6.79265982076854 -8.92455486668594 21.5 -6.1704797569972 -9.34281601674449 21.5 -5.51672809528099 -9.71327413647641 21.5 -4.83474979183602 -10.0340337566034 21.5 -4.12803422603818 -10.303453692945 21.5 -3.40019734682231 -10.5201554436272 21.5 -2.65496317148123 -10.6830302422628 21.5 -1.89614473152712 -10.7912447310159 21.5 -1.12762456310672 -10.8442452245223 21.5 -0.353334841792362 -10.8417605428516 21.5 0.42276273660999 -10.7838033990137 21.5 1.19669722629445 -10.6706703339123 21.5 1.96450874901715 -10.5029401990769 21.5 2.72226875503035 -10.2814711949375 21.5 3.46610012372255 -10.0073964797949 21.5 4.19219700111873 -9.68211837195385 21.5 4.89684427274074 -9.30730117468506 21.5 5.5764365721943 -8.88486266072599 21.5 6.22749672822371 -8.41696425989155 21.5 6.84669355584929 -7.906 21.5 7.43085890055786 -7.906 21.5 6 -3.75 21.5 1.844 -4.21532436268535 21.5 1.87013205568369 -4.67479700152244 21.5 1.94819959697234 -5.12263978148568 21.5 2.07722087923843 -5.55322081977257 21.5 2.25557338499755 -5.96112530999774 21.5 2.48101422800725 -6.3412236165249 21.5 2.75070835886287 -6.68873578261129 21.5 3.06126421738871 -6.99929164113713 21.5 3.40877638347511 -7.26898577199275 21.5 3.78887469000226 -7.49442661500245 21.5 4.19677918022743 -7.67277912076158 21.5 4.62736021851433 -7.80180040302766 21.5 5.07520299847756 -7.87986794431631 21.5 5.53467563731465 -3.75 21.5 0 3.7226582778677 21.5 -0.452012550957462 3.64103181534769 21.5 -0.897433741078343 3.5063109100703 21.5 -1.32976832640951 3.32046009619954 21.5 -1.74271189516414 3.08618949710121 21.5 -2.13024280024184 2.80691530564162 21.5 -2.48670996840299 2.48670996840298 21.5 -2.80691530564163 2.13024280024183 21.5 -3.08618949710122 1.74271189516412 21.5 -3.32046009619954 1.3297683264095 21.5 -3.50631091007031 0.897433741078329 21.5 -3.6410318153477 0.452012550957447 21.5 -3.7226582778677 -1.59334759700906e-14 21.5 -3.75 -0.452012550957479 21.5 -3.7226582778677 -0.897433741078359 21.5 -3.64103181534769 -1.32976832640953 21.5 -3.5063109100703 -1.74271189516415 21.5 -3.32046009619953 -2.13024280024185 21.5 -3.0861894971012 -2.486709968403 21.5 -2.80691530564161 -2.80691530564165 21.5 -2.48670996840296 -3.08618949710123 21.5 -2.13024280024181 -3.32046009619955 21.5 -1.74271189516411 -3.50631091007032 21.5 -1.32976832640948 -3.6410318153477 21.5 -0.897433741078312 -3.72265827786771 21.5 -0.45201255095743 3.75 -1.844 3.75 -8.88178419700125e-16 7.906 -6 7.87986794431632 -5.53467563731465 7.80180040302766 -5.07520299847756 7.67277912076158 -4.62736021851433 7.49442661500245 -4.19677918022743 7.26898577199275 -3.78887469000226 6.99929164113713 -3.4087763834751 6.68873578261129 -3.06126421738871 6.3412236165249 -2.75070835886287 5.96112530999774 -2.48101422800725 5.55322081977257 -2.25557338499755 5.12263978148567 -2.07722087923842 4.67479700152244 -1.94819959697234 4.21532436268535 -1.87013205568368 7.906 -7.43085890055786 8.41696425989155 -6.8466935558493 8.88486266072599 -6.22749672822372 9.30730117468506 -5.5764365721943 9.68211837195384 -4.89684427274075 10.0073964797949 -4.19219700111873 10.2814711949375 -3.46610012372256 10.5029401990769 -2.72226875503035 10.6706703339123 -1.96450874901716 10.7838033990137 -1.19669722629446 10.8417605428516 -0.422762736609998 10.8442452245223 0.353334841792354 10.7912447310159 1.12762456310672 10.6830302422628 1.89614473152711 10.5201554436272 2.65496317148122 10.303453692945 3.4001973468223 10.0340337566034 4.12803422603817 9.71327413647641 4.83474979183601 9.34281601674449 5.51672809528099 8.92455486668594 6.1704797569972 8.4606307424043 6.79265982076853 7.95341733711395 7.38008486819056 7.4055098360087 7.92974930680525 6.81971163785448 8.43884074837961 6.19902001124583 8.90475439864423 5.54661075891685 9.32510638486596 4.86582196857244 9.69774595306341 4.1601369333795 10.0207664724577 3.43316632950653 10.2925151908531 2.68862974190109 10.5116016910348 1.93033663282943 10.676905004914 1.16216685055407 10.7875793490233 0.388050777877394 10.8430584520138 -0.388050777877393 10.8430584520138 -1.16216685055407 10.7875793490233 -1.93033663282943 10.676905004914 -2.68862974190108 10.5116016910348 -3.43316632950653 10.2925151908531 -4.1601369333795 10.0207664724577 -4.86582196857244 9.69774595306342 -5.54661075891685 9.32510638486596 -6.19902001124582 8.90475439864423 -6.81971163785448 8.43884074837961 -7.4055098360087 7.92974930680525 -7.95341733711395 7.38008486819056 -8.4606307424043 6.79265982076854 -8.92455486668594 6.1704797569972 -9.34281601674449 5.51672809528099 -9.71327413647641 4.83474979183602 -10.0340337566034 4.12803422603818 -10.303453692945 3.40019734682231 -10.5201554436272 2.65496317148123 -10.6830302422628 1.89614473152712 -10.7912447310159 1.12762456310672 -10.8442452245223 0.353334841792361 -10.8417605428516 -0.42276273660999 -10.7838033990137 -1.19669722629445 -10.6706703339123 -1.96450874901715 -10.5029401990769 -2.72226875503035 -10.2814711949375 -3.46610012372255 -10.0073964797949 -4.19219700111873 -9.68211837195385 -4.89684427274074 -9.30730117468506 -5.5764365721943 -8.88486266072599 -6.22749672822371 -8.41696425989155 -6.84669355584929 -7.906 -7.43085890055786 -7.906 -6 -3.75 -1.844 -4.21532436268535 -1.87013205568369 -4.67479700152244 -1.94819959697234 -5.12263978148568 -2.07722087923843 -5.55322081977257 -2.25557338499755 -5.96112530999774 -2.48101422800725 -6.3412236165249 -2.75070835886287 -6.68873578261129 -3.06126421738871 -6.99929164113713 -3.40877638347511 -7.26898577199275 -3.78887469000226 -7.49442661500245 -4.19677918022743 -7.67277912076158 -4.62736021851433 -7.80180040302766 -5.07520299847756 -7.87986794431631 -5.53467563731465 -3.75 8.88178419700125e-16 3.7226582778677 0.452012550957462 3.6410318153477 0.897433741078343 3.5063109100703 1.32976832640951 3.32046009619954 1.74271189516413 3.08618949710121 2.13024280024184 2.80691530564162 2.48670996840299 2.48670996840298 2.80691530564163 2.13024280024183 3.08618949710122 1.74271189516412 3.32046009619954 1.3297683264095 3.50631091007031 0.897433741078329 3.6410318153477 0.452012550957447 3.7226582778677 -1.59872115546023e-14 3.75 -0.452012550957479 3.7226582778677 -0.897433741078359 3.64103181534769 -1.32976832640953 3.5063109100703 -1.74271189516415 3.32046009619953 -2.13024280024185 3.0861894971012 -2.486709968403 2.80691530564161 -2.80691530564165 2.48670996840296 -3.08618949710123 2.13024280024181 -3.32046009619955 1.74271189516411 -3.50631091007032 1.32976832640948 -3.6410318153477 0.897433741078313 -3.72265827786771 0.452012550957431 83 80 81 83 81 82 97 80 83 97 79 80 96 79 97 96 78 79 95 78 96 95 77 78 94 77 95 94 76 77 93 76 94 93 75 76 92 75 93 92 74 75 91 74 92 91 73 74 90 73 91 90 72 73 89 72 90 89 70 71 89 71 72 88 70 89 98 85 84 98 86 85 98 87 86 98 88 87 123 69 70 123 70 88 123 88 98 122 67 68 122 68 69 122 69 123 121 66 67 121 67 122 120 64 65 120 65 66 120 66 121 119 62 63 119 63 64 119 64 120 118 62 119 118 61 62 60 118 117 60 61 118 59 117 116 59 60 117 3 17 18 19 4 3 19 3 18 58 59 116 20 5 4 20 4 19 2 14 13 2 15 14 2 16 15 2 1 16 57 116 115 57 58 116 99 2 13 21 6 5 21 5 20 56 57 115 22 7 6 22 6 21 55 115 114 55 56 115 23 8 7 23 7 22 54 114 113 54 55 114 24 9 8 24 8 23 53 54 113 25 10 9 25 9 24 52 113 112 52 53 113 26 11 10 26 10 25 51 52 112 27 12 11 27 11 26 50 112 111 50 51 112 28 12 27 49 111 110 49 50 111 29 13 12 29 99 13 29 12 28 48 49 110 30 99 29 30 100 99 47 110 109 47 48 110 31 100 30 46 47 109 32 100 31 32 101 100 45 109 108 45 46 109 33 102 101 33 101 32 44 108 107 44 45 108 34 102 33 43 44 107 35 103 102 35 102 34 42 107 106 42 43 107 36 103 35 41 42 106 37 104 103 37 103 36 40 106 105 40 41 106 38 104 37 39 105 104 39 104 38 39 40 105 
30 28 1 0.00653815678595583
-3.75 37.5 1.844 -3.75 21.5 1.844 -4.21532436268535 37.5 1.87013205568369 -4.67479700152244 37.5 1.94819959697234 -5.12263978148568 37.5 2.07722087923843 -5.55322081977257 37.5 2.25557338499755 -5.96112530999774 37.5 2.48101422800725 -6.3412236165249 37.5 2.75070835886287 -6.68873578261129 37.5 3.06126421738871 -6.99929164113713 37.5 3.40877638347511 -7.26898577199275 37.5 3.78887469000226 -7.49442661500245 37.5 4.19677918022743 -7.67277912076158 37.5 4.62736021851433 -7.80180040302766 37.5 5.07520299847756 -7.87986794431631 37.5 5.53467563731465 -7.906 37.5 6 -7.906 21.5 6 -4.21532436268535 21.5 1.87013205568369 -4.67479700152244 21.5 1.94819959697234 -5.12263978148568 21.5 2.07722087923843 -5.55322081977257 21.5 2.25557338499755 -5.96112530999774 21.5 2.48101422800725 -6.3412236165249 21.5 2.75070835886287 -6.68873578261129 21.5 3.06126421738871 -6.99929164113713 21.5 3.40877638347511 -7.26898577199275 21.5 3.78887469000226 -7.49442661500245 21.5 4.19677918022743 -7.67277912076158 21.5 4.62736021851433 -7.80180040302766 21.5 5.07520299847756 -7.87986794431631 21.5 5.53467563731465 6.28318530717959 -10.7500002 6.28318530717959 -26.7500002 6.17098556955138 -10.7500002 6.05878583192317 -10.7500002 5.94658609429497 -10.7500002 5.83438635666676 -10.7500002 5.72218661903855 -10.7500002 5.60998688141034 -10.7500002 5.49778714378214 -10.7500002 5.38558740615393 -10.7500002 5.27338766852572 -10.7500002 5.16118793089752 -10.7500002 5.04898819326931 -10.7500002 4.9367884556411 -10.7500002 4.8245887180129 -10.7500002 4.71238898038469 -10.7500002 4.71238898038469 -26.7500002 6.17098556955138 -26.7500002 6.05878583192317 -26.7500002 5.94658609429497 -26.7500002 5.83438635666676 -26.7500002 5.72218661903855 -26.7500002 5.60998688141034 -26.7500002 5.49778714378214 -26.7500002 5.38558740615393 -26.7500002 5.27338766852572 -26.7500002 5.16118793089752 -26.7500002 5.04898819326931 -26.7500002 4.9367884556411 -26.7500002 4.8245887180129 -26.7500002 16 17 30 15 30 29 15 16 30 14 15 29 13 28 27 13 29 28 13 14 29 12 27 26 12 13 27 11 12 26 10 26 25 10 11 26 9 25 24 9 10 25 8 24 23 8 9 24 7 23 22 7 8 23 6 22 21 6 7 22 5 21 20 5 6 21 4 20 19 4 5 20 3 19 18 3 4 19 1 18 2 1 3 18 
4 2 1 7.105427357601e-15
-3.75 37.5 0 -3.75 37.5 1.844 -3.75 21.5 0 -3.75 21.5 1.844 0 -10.7500002 1.844 -10.7500002 0 -26.7500002 1.844 -26.7500002 1 3 4 2 1 4 
54 52 1 0.00684167166256001
3.75 37.5 0 3.75 21.5 0 3.7226582778677 37.5 -0.452012550957462 3.64103181534769 37.5 -0.897433741078343 3.5063109100703 37.5 -1.32976832640951 3.32046009619954 37.5 -1.74271189516414 3.08618949710121 37.5 -2.13024280024184 2.80691530564162 37.5 -2.48670996840299 2.48670996840298 37.5 -2.80691530564163 2.13024280024183 37.5 -3.08618949710122 1.74271189516412 37.5 -3.32046009619954 1.3297683264095 37.5 -3.50631091007031 0.897433741078329 37.5 -3.6410318153477 0.452012550957447 37.5 -3.7226582778677 -1.59334759700906e-14 37.5 -3.75 -0.452012550957479 37.5 -3.7226582778677 -0.897433741078359 37.5 -3.64103181534769 -1.32976832640953 37.5 -3.5063109100703 -1.74271189516415 37.5 -3.32046009619953 -2.13024280024185 37.5 -3.0861894971012 -2.486709968403 37.5 -2.80691530564161 -2.80691530564165 37.5 -2.48670996840296 -3.08618949710123 37.5 -2.13024280024181 -3.32046009619955 37.5 -1.74271189516411 -3.50631091007032 37.5 -1.32976832640948 -3.6410318153477 37.5 -0.897433741078312 -3.72265827786771 37.5 -0.45201255095743 -3.75 37.5 0 -3.75 21.5 0 3.7226582778677 21.5 -0.452012550957462 3.64103181534769 21.5 -0.897433741078343 3.5063109100703 21.5 -1.32976832640951 3.32046009619954 21.5 -1.74271189516414 3.08618949710121 21.5 -2.13024280024184 2.80691530564162 21.5 -2.48670996840299 2.48670996840298 21.5 -2.80691530564163 2.13024280024183 21.5 -3.08618949710122 1.74271189516412 21.5 -3.32046009619954 1.3297683264095 21.5 -3.50631091007031 0.897433741078329 21.5 -3.6410318153477 0.452012550957447 21.5 -3.7226582778677 -1.59334759700906e-14 21.5 -3.75 -0.452012550957479 21.5 -3.7226582778677 -0.897433741078359 21.5 -3.64103181534769 -1.32976832640953 21.5 -3.5063109100703 -1.74271189516415 21.5 -3.32046009619953 -2.13024280024185 21.5 -3.0861894971012 -2.486709968403 21.5 -2.80691530564161 -2.80691530564165 21.5 -2.48670996840296 -3.08618949710123 21.5 -2.13024280024181 -3.32046009619955 21.5 -1.74271189516411 -3.50631091007032 21.5 -1.32976832640948 -3.6410318153477 21.5 -0.897433741078312 -3.72265827786771 21.5 -0.45201255095743 7.85398163397448 -10.7500002 7.85398163397448 -26.7500002 7.73315114729795 -10.7500002 7.61232066062142 -10.7500002 7.49149017394489 -10.7500002 7.37065968726836 -10.7500002 7.24982920059183 -10.7500002 7.1289987139153 -10.7500002 7.00816822723877 -10.7500002 6.88733774056224 -10.7500002 6.76650725388571 -10.7500002 6.64567676720917 -10.7500002 6.52484628053264 -10.7500002 6.40401579385611 -10.7500002 6.28318530717958 -10.7500002 6.16235482050305 -10.7500002 6.04152433382652 -10.7500002 5.92069384714999 -10.7500002 5.79986336047346 -10.7500002 5.67903287379693 -10.7500002 5.5582023871204 -10.7500002 5.43737190044387 -10.7500002 5.31654141376734 -10.7500002 5.1957109270908 -10.7500002 5.07488044041427 -10.7500002 4.95404995373774 -10.7500002 4.83321946706121 -10.7500002 4.71238898038469 -10.7500002 4.71238898038469 -26.7500002 7.73315114729795 -26.7500002 7.61232066062142 -26.7500002 7.49149017394489 -26.7500002 7.37065968726836 -26.7500002 7.24982920059183 -26.7500002 7.1289987139153 -26.7500002 7.00816822723877 -26.7500002 6.88733774056224 -26.7500002 6.76650725388571 -26.7500002 6.64567676720917 -26.7500002 6.52484628053264 -26.7500002 6.40401579385611 -26.7500002 6.28318530717958 -26.7500002 6.16235482050305 -26.7500002 6.04152433382652 -26.7500002 5.92069384714999 -26.7500002 5.79986336047346 -26.7500002 5.67903287379693 -26.7500002 5.5582023871204 -26.7500002 5.43737190044387 -26.7500002 5.31654141376734 -26.7500002 5.1957109270908 -26.7500002 5.07488044041427 -26.7500002 4.95404995373774 -26.7500002 4.83321946706121 -26.7500002 27 28 29 27 54 53 27 29 54 26 53 52 26 27 53 25 26 52 24 51 50 24 52 51 24 25 52 23 24 50 22 49 48 22 50 49 22 23 50 21 48 47 21 22 48 20 21 47 19 47 46 19 20 47 18 45 44 18 46 45 18 19 46 17 18 44 16 17 44 16 43 42 16 44 43 15 16 42 14 15 42 14 41 40 14 42 41 13 14 40 13 40 39 12 13 39 11 12 39 11 38 37 11 39 38 10 11 37 9 10 37 9 36 35 9 37 36 8 9 35 7 35 34 7 8 35 6 34 33 6 7 34 5 33 32 5 6 33 4 32 31 4 5 32 3 30 2 3 31 30 3 4 31 1 3 2 
4 2 1 7.11929161928699e-15
3.75 37.5 1.844 3.75 37.5 0 3.75 21.5 1.844 3.75 21.5 0 19.6216 -10.7500002 21.4656 -10.7500002 19.6216 -26.7500002 21.4656 -26.7500002 2 1 3 2 3 4 

TShapes 157
Ve
5.10000000088818e-06
-3.75 11.25 12.9687123493429
0 0

0101101
*
Ve
5.1000000039968e-06
3.75 11.25 12.9687123493429
0 0

0101101
*
Ed
 1e-07 1 1 0
1  1 0 0 5.7202251607179
2  1 1 0 0 5.7202251607179
6  1 1 0
6  2 2 0
0

0101000
+157 0 -156 0 *
Ve
1.50000038191672e-07
-3.75000000000004 9.75 12.9687123493429
0 0

0101101
*
Ed
 1e-07 1 1 0
1  2 0 -1.5 0
2  2 2 0 -1.5 0
2  3 3 0 -1.5 0
2  4 1 0 -1.5 0
6  3 1 0
6  4 3 0
0

0101000
+154 0 -157 0 *
Ve
1.50000036415315e-07
3.75000000000004 9.75 12.9687123493429
0 0

0101101
*
Ed
 1.00000004782987e-07 1 1 0
1  3 0 0 5.72022516071789
2  5 1 0 0 5.72022516071789
6  5 1 0
6  6 4 0
0

0101000
+152 0 -154 0 *
Ed
 1e-07 1 1 0
1  4 0 -1.5 0
2  6 2 0 -1.5 0
2  7 4 0 -1.5 0
2  8 1 0 -1.5 0
6  7 1 0
6  8 5 0
0

0101000
+152 0 -156 0 *
Wi

0101100
-155 0 -153 0 -151 0 +150 0 *
Fa
0  1e-07 1 0
2  1
0101000
+149 0 *
Ve
5.100001e-06
-3.75 11.25 12.656
0 0

0101101
*
Ed
 5.1e-06 1 1 0
1  5 0 -12.9687123493429 -12.656
2  9 5 1 -12.9687123493429 -12.656
2  10 3 0 -12.9687123493429 -12.656
6  9 2 0
6  10 3 0
0

0101000
+157 0 -147 0 *
Ve
5.100001e-06
3.75 11.25 12.656
0 0

0101101
*
Ed
 5.1e-06 1 1 0
1  6 0 1.9232 2.23591234934294
2  11 5 1 1.9232 2.23591234934294
2  12 4 0 1.9232 2.23591234934294
6  11 2 0
6  12 5 0
0

0101000
+145 0 -156 0 *
Ve
5.1e-06
7.906 11.25 8.5
0 0

0101101
*
Ed
 1e-07 1 1 0
1  7 0 3.14159265358979 4.71238898038469
2  13 5 1 3.14159265358979 4.71238898038469
2  14 6 0 3.14159265358979 4.71238898038469
6  13 6 0
6  14 2 0
0

0101000
+145 0 -143 0 *
Ve
5.10000000088818e-06
7.906 11.25 7.43085890055786
0 0

0101101
*
Ed
 5.1e-06 1 1 0
1  8 0 3.18085890055786 4.25
2  15 5 1 3.18085890055786 4.25
2  16 7 0 3.18085890055786 4.25
6  15 2 0
6  16 7 0
0

0101000
+141 0 -143 0 *
Ve
5.10000000266454e-06
-7.906 11.25 7.43085890055786
0 0

0101101
*
Ed
 1e-07 1 1 0
1  9 0 0.81636859739975 5.46681670977984
2  17 8 0 0.81636859739975 5.46681670977984
2  18 9 4 0.81636859739975 5.46681670977984
2  19 9 6 0.81636859739975 5.46681670977984
2  20 5 7 0.81636859739975 5.46681670977984
2  21 10 9 0.81636859739975 5.46681670977984
2  22 10 11 0.81636859739975 5.46681670977984
2  23 5 12 0.81636859739975 5.46681670977984
2  24 11 14 0.81636859739975 5.46681670977984
2  25 11 16 0.81636859739975 5.46681670977984
2  26 5 17 0.81636859739975 5.46681670977984
2  27 12 19 0.81636859739975 5.46681670977984
2  28 12 21 0.81636859739975 5.46681670977984
2  29 5 22 0.81636859739975 5.46681670977984
2  30 13 24 0.81636859739975 5.46681670977984
2  31 13 26 0.81636859739975 5.46681670977984
2  32 5 27 0.81636859739975 5.46681670977984
2  33 14 28 0.81636859739975 5.46681670977984
2  34 14 30 0.81636859739975 5.46681670977984
2  35 5 31 0.81636859739975 5.46681670977984
6  17 8 28
6  18 2 28
0

0101000
+141 28 -139 28 *
Ve
5.10000000088818e-06
-7.906 11.25 8.5
0 0

0101101
*
Ed
 5.1e-06 1 1 0
1  10 0 -5.5 -4.43085890055786
2  36 5 1 -5.5 -4.43085890055786
2  37 15 0 -5.5 -4.43085890055786
6  19 2 0
6  20 9 0
0

0101000
+137 0 -139 0 *
Ed
 1e-07 1 1 0
1  11 0 1.5707963267949 3.14159265358979
2  38 5 1 1.5707963267949 3.14159265358979
2  39 16 0 1.5707963267949 3.14159265358979
6  21 10 0
6  22 2 0
0

0101000
+137 0 -147 0 *
Wi

0101100
-146 0 +155 0 -144 0 +142 0 -140 0 +138 2 -136 0 +135 0 *
Fa
0  1e-07 5 1
2  2
0101000
+134 0 *
Ve
1.50000000888178e-07
-3.75 37.5 12.656
0 0

0101101
*
Ve
1.5e-07
-3.75 37.5 21.4656
0 0

0101101
*
Ed
 1.5e-07 1 1 0
1  12 0 12.656 21.4656
2  40 3 0 12.656 21.4656
2  41 17 0 12.656 21.4656
6  23 3 0
6  24 11 0
0

0101000
+132 0 -131 0 *
Ve
1.00000003552714e-07
-3.75 19.75 21.4656
0 0

0101101
*
Ed
 1e-07 1 1 0
1  13 0 10.7500002 28.5000002
2  42 18 0 10.7500002 28.5000002
2  43 3 0 10.7500002 28.5000002
6  25 3 0
6  26 12 0
0

0101000
+131 0 -129 0 *
Ve
5.1e-06
-3.75 19.75 16.2656
0 0

0101101
*
Ed
 1e-07 1 1 0
1  14 0 0 3.14159265358979
2  44 3 0 0 3.14159265358979
2  45 19 0 0 3.14159265358979
6  27 13 0
6  28 3 0
0

0101000
+129 0 -127 0 *
Ve
5.1e-06
-3.75 9.75 16.2656
0 0

0101101
*
Ed
 5.1e-06 1 1 0
1  15 0 14.2500001 24.2500001
2  46 3 0 14.2500001 24.2500001
2  47 20 0 14.2500001 24.2500001
6  29 3 0
6  30 14 0
0

0101000
+127 0 -125 0 *
Ed
 1.5e-07 1 1 0
1  16 0 -16.2656 -12.9687123493429
2  48 3 0 -16.2656 -12.9687123493429
2  49 21 0 -16.2656 -12.9687123493429
6  31 3 0
6  32 4 0
0

0101000
+125 0 -154 0 *
Ed
 1.00000000888178e-07 1 1 0
1  17 0 10.7500002 37.0000002
2  50 16 0 10.7500002 37.0000002
4 G1 22 0 16 0
2  51 22 0 10.7500002 37.0000002
2  52 3 0 10.7500002 37.0000002
6  33 10 0
6  34 3 0
0

0101000
+132 0 -147 0 *
Wi

0101100
-130 0 -128 0 -126 0 -124 0 -123 0 -153 0 -146 0 +122 0 *
Fa
0  1e-07 3 0
2  3
0101000
+121 0 *
Ve
1.00000001776357e-07
-5.6 9.75 16.2656
0 0

0101101
*
Ed
 1.00000001776357e-07 1 1 0
1  18 0 0 1.85
2  53 24 0 0 1.85
2  54 20 0 0 1.85
6  35 4 0
6  36 14 0
0

0101000
+119 0 -125 0 *
Ve
1.00000001776357e-07
-5.6 9.75 21.4656
0 0

0101101
*
Ed
 1.00000001776357e-07 1 1 0
1  19 0 0 5.2
2  55 25 0 0 5.2
2  56 24 33 0 5.2
2  57 24 35 0 5.2
6  37 4 33
6  38 15 33
0

0101000
+119 33 -117 33 *
Ve
1.00000001776357e-07
5.6 9.75 21.4656
0 0

0101101
*
Ed
 1e-07 1 1 0
1  20 0 0 11.2
6  39 4 0
6  40 12 0
0

0101000
+115 0 -117 0 *
Ve
1.00000001776357e-07
5.6 9.75 16.2656
0 0

0101101
*
Ed
 1.00000001776357e-07 1 1 0
1  19 0 0 5.2
2  55 25 0 0 5.2
2  56 24 33 0 5.2
2  57 24 35 0 5.2
6  41 4 35
6  42 16 35
0

0101000
+113 35 -115 35 *
Ve
5.1e-06
3.75 9.75 16.2656
0 0

0101101
*
Ed
 1.00000001776357e-07 1 1 0
1  18 0 9.35 11.2
2  53 24 0 9.35 11.2
2  54 20 0 9.35 11.2
6  43 4 0
6  44 17 0
0

0101000
+111 0 -113 0 *
Ed
 1.5e-07 1 1 0
1  21 0 2.23591234934292 5.5328
2  58 4 0 2.23591234934292 5.5328
2  59 21 0 2.23591234934292 5.5328
6  45 4 0
6  46 5 0
0

0101000
+152 0 -111 0 *
Wi

0101100
-151 0 +123 0 +118 0 -116 32 +114 0 +112 36 +110 0 +109 0 *
Fa
0  1e-07 23 0
2  4
0101000
+108 0 *
Ve
1.5e-07
3.75 37.5 21.4656
0 0

0101101
*
Ve
1.50000001776357e-07
3.75 37.5 12.656
0 0

0101101
*
Ed
 1.5e-07 1 1 0
1  22 0 -10.7328 -1.9232
2  60 4 0 -10.7328 -1.9232
2  61 17 0 -10.7328 -1.9232
6  47 5 0
6  48 11 0
0

0101000
+106 0 -105 0 *
Ed
 1.00000000888178e-07 1 1 0
1  23 0 10.7500002 37.0000002
2  62 6 0 10.7500002 37.0000002
4 G1 6 0 22 0
2  63 22 0 10.7500002 37.0000002
2  64 4 0 10.7500002 37.0000002
6  49 6 0
6  50 5 0
0

0101000
+105 0 -145 0 *
Ve
5.1e-06
3.75 19.75 16.2656
0 0

0101101
*
Ed
 5.1e-06 1 1 0
1  24 0 -24.2500001 -14.2500001
2  65 4 0 -24.2500001 -14.2500001
2  66 20 0 -24.2500001 -14.2500001
6  51 5 0
6  52 17 0
0

0101000
+111 0 -102 0 *
Ve
1.00000003552714e-07
3.75 19.75 21.4656
0 0

0101101
*
Ed
 1e-07 1 1 0
1  25 0 0 3.14159265358979
2  67 4 0 0 3.14159265358979
2  68 19 0 0 3.14159265358979
6  53 18 0
6  54 5 0
0

0101000
+100 0 -102 0 *
Ed
 1e-07 1 1 0
1  26 0 10.7500002 28.5000002
2  69 4 0 10.7500002 28.5000002
2  70 18 0 10.7500002 28.5000002
6  55 5 0
6  56 12 0
0

0101000
+106 0 -100 0 *
Wi

0101100
-104 0 -103 0 -144 0 +150 0 -109 0 -101 0 +99 0 +98 0 *
Fa
0  1e-07 4 0
2  5
0101000
+97 0 *
Ve
1.5e-07
7.906 37.5 8.5
0 0

0101101
*
Ed
 1e-07 1 1 0
1  27 0 10.7500002 37.0000002
2  71 6 0 10.7500002 37.0000002
4 G1 7 0 6 0
2  72 7 0 10.7500002 37.0000002
6  57 6 0
6  58 7 0
0

0101000
+95 0 -143 0 *
Ed
 1e-07 1 1 0
1  28 0 3.14159265358979 4.71238898038469
2  73 6 0 3.14159265358979 4.71238898038469
2  74 26 0 3.14159265358979 4.71238898038469
6  59 6 0
6  60 11 0
0

0101000
+105 0 -95 0 *
Wi

0101100
-103 0 -142 0 +94 0 +93 0 *
Fa
0  1e-07 6 0
2  6
0101000
+92 0 *
Ve
1.50000000888178e-07
7.906 37.5 6
0 0

0101101
*
Ed
 1.5e-07 1 1 0
1  29 0 -4.25 -1.75
2  75 7 0 -4.25 -1.75
2  76 26 0 -4.25 -1.75
6  61 7 0
6  62 11 0
0

0101000
+95 0 -90 0 *
Ve
5.10000000088818e-06
7.906 21.5 6
0 0

0101101
*
Ed
 1.00000000444089e-07 1 1 0
1  30 0 10.7500002 26.7500002
2  77 27 0 10.7500002 26.7500002
4 G1 27 0 7 0
2  78 7 0 10.7500002 26.7500002
6  63 19 0
6  64 7 0
0

0101000
+90 0 -88 0 *
Ve
5.10000000088818e-06
7.906 21.5 7.43085890055786
0 0

0101101
*
Ed
 5.1e-06 1 1 0
1  31 0 -3.18085890055786 -1.75
2  79 8 37 -3.18085890055786 -1.75
2  80 7 0 -3.18085890055786 -1.75
6  65 7 0
6  66 20 0
0

0101000
+86 0 -88 0 *
Ed
 1e-07 1 1 0
1  32 0 -10.25 0
2  81 14 0 -10.25 0
2  82 7 0 -10.25 0
6  67 8 0
6  68 7 0
0

0101000
+86 0 -141 0 *
Wi

0101100
-89 0 -87 0 +85 0 -84 0 -140 0 +94 0 *
Fa
0  1e-07 7 0
2  7
0101000
+83 0 *
Ve
5.10000000266454e-06
-7.906 21.5 7.43085890055786
0 0

0101101
*
Ed
 1e-07 1 1 0
1  33 0 -10.25 0
2  83 14 0 -10.25 0
2  84 15 0 -10.25 0
6  69 8 0
6  70 9 0
0

0101000
+81 0 -139 0 *
Ed
 1e-07 1 1 0
1  9 0 0.81636859739975 5.46681670977984
2  17 8 0 0.81636859739975 5.46681670977984
2  18 9 4 0.81636859739975 5.46681670977984
2  19 9 6 0.81636859739975 5.46681670977984
2  20 5 7 0.81636859739975 5.46681670977984
2  21 10 9 0.81636859739975 5.46681670977984
2  22 10 11 0.81636859739975 5.46681670977984
2  23 5 12 0.81636859739975 5.46681670977984
2  24 11 14 0.81636859739975 5.46681670977984
2  25 11 16 0.81636859739975 5.46681670977984
2  26 5 17 0.81636859739975 5.46681670977984
2  27 12 19 0.81636859739975 5.46681670977984
2  28 12 21 0.81636859739975 5.46681670977984
2  29 5 22 0.81636859739975 5.46681670977984
2  30 13 24 0.81636859739975 5.46681670977984
2  31 13 26 0.81636859739975 5.46681670977984
2  32 5 27 0.81636859739975 5.46681670977984
2  33 14 28 0.81636859739975 5.46681670977984
2  34 14 30 0.81636859739975 5.46681670977984
2  35 5 31 0.81636859739975 5.46681670977984
6  71 8 30
6  72 20 30
0

0101000
+86 30 -81 30 *
Wi

0101100
-138 2 +80 0 +79 37 -84 0 *
Fa
0  1e-07 14 0
2  8
0101000
+78 0 *
Ve
1.5e-07
-7.906 37.5 6
0 0

0101101
*
Ve
1.50000000888178e-07
-7.906 37.5 8.5
0 0

0101101
*
Ed
 1.5e-07 1 1 0
1  34 0 3 5.5
2  85 15 0 3 5.5
2  86 26 0 3 5.5
6  73 9 0
6  74 11 0
0

0101000
+76 0 -75 0 *
Ed
 1.00000000444089e-07 1 1 0
1  35 0 10.7500002 37.0000002
2  87 16 0 10.7500002 37.0000002
4 G1 16 0 15 0
2  88 15 0 10.7500002 37.0000002
6  75 10 0
6  76 9 0
0

0101000
+75 0 -137 0 *
Ve
5.1e-06
-7.906 21.5 6
0 0

0101101
*
Ed
 5.1e-06 1 1 0
1  36 0 3 4.43085890055786
2  89 8 37 3 4.43085890055786
2  90 15 0 3 4.43085890055786
6  77 9 0
6  78 20 0
0

0101000
+72 0 -81 0 *
Ed
 1e-07 1 1 0
1  37 0 10.7500002 26.7500002
2  91 28 0 10.7500002 26.7500002
4 G1 15 0 28 0
2  92 15 0 10.7500002 26.7500002
6  79 21 0
6  80 9 0
0

0101000
+76 0 -72 0 *
Wi

0101100
-74 0 -73 0 -136 0 +80 0 +71 0 +70 0 *
Fa
0  1e-07 15 0
2  9
0101000
+69 0 *
Ed
 1e-07 1 1 0
1  38 0 1.5707963267949 3.14159265358979
2  93 16 0 1.5707963267949 3.14159265358979
2  94 26 0 1.5707963267949 3.14159265358979
6  81 10 0
6  82 11 0
0

0101000
+75 0 -132 0 *
Wi

0101100
-73 0 -135 0 +122 0 +67 0 *
Fa
0  1e-07 16 0
2  10
0101000
+66 0 *
Ve
1.50000000444089e-07
-3.75 37.5 1.844
0 0

0101101
*
Ed
 1e-07 1 1 0
1  39 0 2.13709918118413e-16 1.5707963267949
2  95 28 0 2.13709918118413e-16 1.5707963267949
2  96 26 0 2.13709918118413e-16 1.5707963267949
6  83 21 0
6  84 11 0
0

0101000
+64 0 -76 0 *
Ve
1.5e-07
-3.75 37.5 0
0 0

0101101
*
Ed
 1.5e-07 1 1 0
1  12 0 0 1.844
2  40 3 0 0 1.844
2  41 17 0 0 1.844
6  85 11 0
6  86 22 0
0

0101000
+62 0 -64 0 *
Ve
1.5e-07
3.75 37.5 0
0 0

0101101
*
Ed
 1e-07 1 1 0
1  40 0 4.71238898038469 7.85398163397448
2  97 30 0 4.71238898038469 7.85398163397448
2  98 17 0 4.71238898038469 7.85398163397448
6  87 23 0
6  88 11 0
0

0101000
+60 0 -62 0 *
Ve
1.50000000888178e-07
3.75 37.5 1.844
0 0

0101101
*
Ed
 1.5e-07 1 1 0
1  22 0 8.8888 10.7328
2  60 4 0 8.8888 10.7328
2  61 17 0 8.8888 10.7328
6  89 11 0
6  90 24 0
0

0101000
+58 0 -60 0 *
Ed
 1e-07 1 1 0
1  41 0 4.71238898038469 6.28318530717959
2  99 27 0 4.71238898038469 6.28318530717959
2  100 26 0 4.71238898038469 6.28318530717959
6  91 19 0
6  92 11 0
0

0101000
+90 0 -58 0 *
Ed
 1.5e-07 1 1 0
1  42 0 -1.875 5.625
2  101 18 0 -1.875 5.625
2  102 17 0 -1.875 5.625
6  93 11 0
6  94 12 0
0

0101000
+131 0 -106 0 *
Wi

0101100
-130 0 -67 0 -74 0 -63 0 -61 0 -59 0 -57 0 -56 0 -89 0 -93 0 
-104 0 -55 0 *
Fa
0  0 29 0
2  11
0101000
+54 0 *
Ve
1.00000001776357e-07
0 19.75 21.4656
0 0

0101101
*
Ed
 1.00000001776357e-07 1 1 0
1  43 0 0 1.85
2  103 19 0 0 1.85
4 G1 19 0 32 0
2  104 32 0 0 1.85
6  95 13 0
6  96 12 0
0

0101000
+52 32 -129 0 *
Ed
 1e-07 1 1 0
1  44 0 0 10
2  105 25 0 0 10
2  106 32 33 0 10
2  107 32 35 0 10
6  97 12 33
6  98 15 33
0

0101000
+117 33 -52 0 *
Ed
 1e-07 1 1 0
1  44 0 0 10
2  105 25 0 0 10
2  106 32 33 0 10
2  107 32 35 0 10
6  99 12 35
6  100 16 35
0

0101000
+115 35 -52 0 *
Ed
 1.00000001776357e-07 1 1 0
1  43 0 9.35 11.2
2  103 19 0 9.35 11.2
4 G1 19 0 32 0
2  104 32 0 9.35 11.2
6  101 18 0
6  102 12 0
0

0101000
+100 0 -52 36 *
Wi

0101100
-55 0 +128 0 -51 0 -50 32 -114 0 +49 36 -48 0 -98 0 *
Fa
0  1e-07 31 0
2  12
0101000
+47 0 *
Ve
1e-07
0 19.75 16.2656
0 0

0101101
*
Ed
 1e-07 1 1 0
1  45 0 3.14159265358979 6.28318530717959
2  108 25 0 3.14159265358979 6.28318530717959
2  109 19 33 3.14159265358979 6.28318530717959
2  110 19 35 3.14159265358979 6.28318530717959
6  103 13 33
6  104 15 33
6  105 18 35
6  106 16 35
0

0101000
+45 0 -52 0 *
Ed
 1e-07 1 1 0
1  46 0 0 1.85
2  111 19 0 0 1.85
4 G1 20 0 19 0
2  112 20 0 0 1.85
6  107 13 0
6  108 14 0
0

0101000
+45 32 -127 0 *
Wi

0101100
-44 32 -51 0 -126 0 +43 0 *
Fa
0  1e-07 19 0
2  13
0101000
+42 0 *
Ed
 1e-07 1 1 0
1  47 0 0 10
2  113 25 0 0 10
2  114 20 33 0 10
2  115 20 35 0 10
6  109 14 33
6  110 15 33
0

0101000
+45 0 -119 33 *
Wi

0101100
-40 32 -118 0 +124 0 +43 0 *
Fa
0  1e-07 20 0
2  14
0101000
+39 0 *
Wi

0101100
-116 32 -40 32 +44 32 -50 32 *
Fa
0  1e-07 25 32
2  15
0101000
+37 0 *
Ed
 1e-07 1 1 0
1  47 0 0 10
2  113 25 0 0 10
2  114 20 33 0 10
2  115 20 35 0 10
6  111 16 35
6  112 17 35
0

0101000
+45 0 -113 35 *
Wi

0101100
-112 36 -35 36 +44 36 -49 36 *
Fa
0  1e-07 25 36
2  16
0101000
+34 0 *
Ed
 1e-07 1 1 0
1  46 0 9.35 11.2
2  111 19 0 9.35 11.2
4 G1 20 0 19 0
2  112 20 0 9.35 11.2
6  113 18 0
6  114 17 0
0

0101000
+102 0 -45 36 *
Wi

0101100
+101 0 -110 0 +35 36 +32 0 *
Fa
0  1e-07 20 0
2  17
0101000
+31 0 *
Wi

0101100
+99 0 -48 0 +44 36 +32 0 *
Fa
0  1e-07 19 0
2  18
0101000
+29 0 *
Ve
5.100001e-06
3.75 21.5 1.844
0 0

0101101
*
Ed
 1e-07 1 1 0
1  48 0 4.71238898038469 6.28318530717959
2  116 8 37 4.71238898038469 6.28318530717959
2  117 27 0 4.71238898038469 6.28318530717959
6  115 19 0
6  116 20 0
0

0101000
+88 0 -27 0 *
Ed
 1e-07 1 1 0
1  49 0 10.7500002 26.7500002
2  118 27 0 10.7500002 26.7500002
4 G1 27 0 33 0
2  119 33 0 10.7500002 26.7500002
2  120 4 0 10.7500002 26.7500002
6  117 19 0
6  118 24 0
0

0101000
+58 0 -27 0 *
Wi

0101100
-87 0 -26 0 +25 0 +56 0 *
Fa
0  1e-07 27 0
2  19
0101000
+24 0 *
Ve
5.1e-06
3.75 21.5 0
0 0

0101101
*
Ed
 5.1e-06 1 1 0
1  50 0 8.8888 10.7328
2  121 8 37 8.8888 10.7328
2  122 4 0 8.8888 10.7328
6  119 20 0
6  120 24 0
0

0101000
+27 0 -22 0 *
Ve
5.1e-06
-3.75 21.5 0
0 0

0101101
*
Ed
 1e-07 1 1 0
1  51 0 4.71238898038469 7.85398163397448
2  123 8 37 4.71238898038469 7.85398163397448
2  124 30 0 4.71238898038469 7.85398163397448
6  121 23 0
6  122 20 0
0

0101000
+22 0 -20 0 *
Ve
5.100001e-06
-3.75 21.5 1.844
0 0

0101101
*
Ed
 5.1e-06 1 1 0
1  52 0 0 1.844
2  125 8 37 0 1.844
2  126 3 0 0 1.844
6  123 20 0
6  124 22 0
0

0101000
+20 0 -18 0 *
Ed
 1e-07 1 1 0
1  53 0 2.13709918118413e-16 1.5707963267949
2  127 8 37 2.13709918118413e-16 1.5707963267949
2  128 28 0 2.13709918118413e-16 1.5707963267949
6  125 21 0
6  126 20 0
0

0101000
+18 0 -72 0 *
Wi

0101100
-21 0 -19 0 -17 0 -16 0 -71 0 +79 37 -85 0 -26 0 *
Fa
0  1e-07 8 37
2  20
0101000
+15 0 *
Ed
 1.00000000444089e-07 1 1 0
1  54 0 10.7500002 26.7500002
2  129 28 0 10.7500002 26.7500002
4 G1 28 0 33 0
2  130 33 0 10.7500002 26.7500002
2  131 3 0 10.7500002 26.7500002
6  127 21 0
6  128 22 0
0

0101000
+64 0 -18 0 *
Wi

0101100
-13 0 -16 0 +70 0 +63 0 *
Fa
0  1e-07 28 0
2  21
0101000
+12 0 *
Ed
 1e-07 1 1 0
1  55 0 10.7500002 26.7500002
2  132 30 0 10.7500002 26.7500002
4 G1 30 0 3 0
2  133 3 0 10.7500002 26.7500002
6  129 23 0
6  130 22 0
0

0101000
+62 0 -20 0 *
Wi

0101100
-61 0 -13 0 +17 0 +10 0 *
Fa
0  1e-07 3 0
2  22
0101000
+9 0 *
Ed
 1e-07 1 1 0
1  56 0 10.7500002 26.7500002
2  134 30 0 10.7500002 26.7500002
4 G1 30 0 4 0
2  135 4 0 10.7500002 26.7500002
6  131 23 0
6  132 24 0
0

0101000
+60 0 -22 0 *
Wi

0101100
-7 0 -19 0 +10 0 +59 0 *
Fa
0  1e-07 30 0
2  23
0101000
+6 0 *
Wi

0101100
-57 0 -7 0 +21 0 +25 0 *
Fa
0  1e-07 4 0
2  24
0101000
+4 0 *
Sh

0101100
-148 0 -133 0 +120 0 +107 0 +96 0 -91 0 +82 0 -77 0 +68 0 -65 0 
-53 0 +46 0 -41 0 +38 0 -36 0 +33 0 +30 0 -28 0 -23 0 +14 0 
-11 0 +8 0 -5 0 +3 0 *
So

0100000
+2 0 *

+1 0 