DBRep_DrawableShape

CASCADE Topology V1, (c) Matra-Datavision
Locations 11
1
              1               0               0              -0 
              0               1               0              -0 
              0               0               1              -0 
1
              1               0               0               0 
              0               1               0           12.75 
              0               0               1               0 
2  1 1 2 1 0
2  1 -1 0
2  2 -1 1 -1 0
1
              1               0               0              -0 
              0               1               0              -0 
              0               0               1              -0 
1
              1               0               0               0 
              0               1               0            4.25 
              0               0               1               0 
2  6 1 7 1 0
2  6 -1 0
2  7 -1 6 -1 0
2  1 1 7 -1 6 -1 0
Curve2ds 21
1 0 0 0 -1 
1 6.2831853071795862 0 0 -1 
2 0 0 0 -1 1 0 13.5
1 0 0 1 0 
1 0 -12.75 1 0 
2 0 0 0 -1 1 0 11
1 0 0 1 0 
1 0 -4.25 1 0 
2 0 0 0 -1 1 0 11
1 0 0 0 -1 
1 6.2831853071795862 0 0 -1 
2 0 0 0 -1 1 0 3
1 0 10.547511554864494 1 0 
2 0 0 1 0 -0 1 3
2 0 0 0 1 1 -0 3
2 0 0 0 -1 1 0 12
1 0 0 1 0 
1 0 0 1 0 
1 0 0 1 0 
6 0 1 6.2831853071795862 0  6.2831853071795862 10.547511554864494  
6 0 1 0 0  0 10.547511554864494  
Curves 7
1 0 9.75 13.5 0 1 0 
2 0 9.75 0 0 1 0 0 -0 1 1 0 -0 13.5
2 0 5.5 0 0 1 0 0 -0 1 1 0 -0 11
1 0 5.5 11 0 1 0 
2 0 5.5 0 0 -1 0 0 -0 -1 1 0 0 3
2 0 0 0 0 -1 0 0 -0 -1 1 0 0 12
6 0 1 0 0 -12  0 5.5 -3  
Polygon3D 2
353 1
0.001080000008
0 9.75 13.5 0.240961640114422 9.75 13.4978493652875 0.481846506826236 9.75 13.4913981463694 0.722577851193805 9.75 13.4806483986848 0.963078973189637 9.75 13.4656035472384 1.20327324613797 9.75 13.4462683855086 1.44308414112902 9.75 13.4226490739206 1.68243525140201 9.75 13.3947531378835 1.92125031668935 9.75 13.3625894653926 2.15945324751411 9.75 13.3261683041976 2.39696814943309 9.75 13.2855012585376 2.63371934721773 9.75 13.2406012854436 2.86963140896518 9.75 13.1914826906107 3.10462917013189 9.75 13.1381611238394 3.33863775748191 9.75 13.0806535740504 3.57158261294251 9.75 13.0189783638704 3.8033895173593 9.75 12.9531551437957 4.03398461414334 9.75 12.8832048859302 4.26329443280284 9.75 12.8091498773038 4.49124591235172 9.75 12.7310137127718 4.71776642458783 9.75 12.6488212874968 4.94278379723312 9.75 12.5625987890169 5.16622633692871 9.75 12.4723736889024 5.38802285207725 9.75 12.3781747340023 5.60810267552546 9.75 12.280031937286 5.82639568707961 9.75 12.1779765682801 6.04283233584662 9.75 12.0720411431061 6.25734366239392 9.75 11.9622594141198 6.46986132072077 9.75 11.848666359158 6.68031760003411 9.75 11.7312981703934 6.88864544632214 9.75 11.610192242804 7.09477848371852 9.75 11.4853871622582 7.29865103565056 9.75 11.3569226932209 7.50019814576463 9.75 11.2248397660844 7.69935559862201 9.75 11.0891804641266 7.89605994015881 9.75 10.9499880101039 8.09024849790318 9.75 10.8073067524789 8.28185940094355 9.75 10.6611821512909 8.4708315996415 9.75 10.5116607636717 8.65710488508292 9.75 10.3587902290119 8.84061990826134 9.75 10.2026192537825 9.02131819898728 9.75 10.043197596016 9.19914218451753 9.75 9.8805760494533 9.37403520789861 9.75 9.7148064273601 9.54594154601839 9.75 9.5459415460184 9.7148064273601 9.75 9.37403520789862 9.88057604945329 9.75 9.19914218451753 10.043197596016 9.75 9.02131819898728 10.2026192537825 9.75 8.84061990826135 10.3587902290119 9.75 8.65710488508293 10.5116607636717 9.75 8.47083159964151 10.6611821512909 9.75 8.28185940094356 10.8073067524789 9.75 8.09024849790319 10.9499880101039 9.75 7.89605994015882 11.0891804641266 9.75 7.69935559862202 11.2248397660844 9.75 7.50019814576464 11.3569226932209 9.75 7.29865103565057 11.4853871622582 9.75 7.09477848371853 11.610192242804 9.75 6.88864544632215 11.7312981703934 9.75 6.68031760003412 11.8486663591579 9.75 6.46986132072077 11.9622594141198 9.75 6.25734366239393 12.0720411431061 9.75 6.04283233584662 12.1779765682801 9.75 5.82639568707961 12.280031937286 9.75 5.60810267552546 12.3781747340023 9.75 5.38802285207725 12.4723736889024 9.75 5.16622633692871 12.5625987890169 9.75 4.94278379723312 12.6488212874968 9.75 4.71776642458782 12.7310137127718 9.75 4.49124591235171 12.8091498773038 9.75 4.26329443280283 12.8832048859302 9.75 4.03398461414333 12.9531551437957 9.75 3.80338951735929 13.0189783638704 9.75 3.5715826129425 13.0806535740504 9.75 3.33863775748189 13.1381611238395 9.75 3.10462917013187 13.1914826906107 9.75 2.86963140896517 13.2406012854436 9.75 2.63371934721771 13.2855012585376 9.75 2.39696814943307 13.3261683041976 9.75 2.15945324751409 13.3625894653926 9.75 1.92125031668933 13.3947531378835 9.75 1.68243525140198 13.4226490739206 9.75 1.443084141129 13.4462683855086 9.75 1.20327324613795 13.4656035472384 9.75 0.963078973189607 13.4806483986848 9.75 0.722577851193774 13.4913981463694 9.75 0.481846506826204 13.4978493652875 9.75 0.240961640114388 13.5 9.75 -3.51445894084306e-14 13.4978493652875 9.75 -0.240961640114458 13.4913981463694 9.75 -0.481846506826274 13.4806483986848 9.75 -0.722577851193844 13.4656035472384 9.75 -0.963078973189677 13.4462683855086 9.75 -1.20327324613802 13.4226490739206 9.75 -1.44308414112907 13.3947531378835 9.75 -1.68243525140205 13.3625894653926 9.75 -1.92125031668939 13.3261683041976 9.75 -2.15945324751416 13.2855012585376 9.75 -2.39696814943314 13.2406012854436 9.75 -2.63371934721778 13.1914826906106 9.75 -2.86963140896524 13.1381611238394 9.75 -3.10462917013194 13.0806535740503 9.75 -3.33863775748196 13.0189783638704 9.75 -3.57158261294257 12.9531551437957 9.75 -3.80338951735936 12.8832048859301 9.75 -4.0339846141434 12.8091498773038 9.75 -4.26329443280289 12.7310137127718 9.75 -4.49124591235178 12.6488212874968 9.75 -4.71776642458789 12.5625987890169 9.75 -4.94278379723318 12.4723736889023 9.75 -5.16622633692877 12.3781747340023 9.75 -5.38802285207731 12.280031937286 9.75 -5.60810267552553 12.1779765682801 9.75 -5.82639568707967 12.0720411431061 9.75 -6.04283233584668 11.9622594141198 9.75 -6.25734366239399 11.8486663591579 9.75 -6.46986132072083 11.7312981703933 9.75 -6.68031760003418 11.6101922428039 9.75 -6.88864544632221 11.4853871622581 9.75 -7.09477848371859 11.3569226932209 9.75 -7.29865103565063 11.2248397660843 9.75 -7.5001981457647 11.0891804641266 9.75 -7.69935559862208 10.9499880101039 9.75 -7.89605994015888 10.8073067524788 9.75 -8.09024849790325 10.6611821512908 9.75 -8.28185940094362 10.5116607636716 9.75 -8.47083159964157 10.3587902290119 9.75 -8.65710488508299 10.2026192537824 9.75 -8.84061990826142 10.0431975960159 9.75 -9.02131819898735 9.88057604945323 9.75 -9.1991421845176 9.71480642736003 9.75 -9.37403520789869 9.54594154601832 9.75 -9.54594154601846 9.37403520789855 9.75 -9.71480642736017 9.19914218451746 9.75 -9.88057604945336 9.02131819898721 9.75 -10.043197596016 8.84061990826127 9.75 -10.2026192537826 8.65710488508284 9.75 -10.358790229012 8.47083159964142 9.75 -10.5116607636718 8.28185940094347 9.75 -10.6611821512909 8.0902484979031 9.75 -10.8073067524789 7.89605994015873 9.75 -10.949988010104 7.69935559862193 9.75 -11.0891804641267 7.50019814576454 9.75 -11.2248397660844 7.29865103565047 9.75 -11.356922693221 7.09477848371843 9.75 -11.4853871622582 6.88864544632205 9.75 -11.610192242804 6.68031760003401 9.75 -11.7312981703934 6.46986132072066 9.75 -11.848666359158 6.25734366239382 9.75 -11.9622594141199 6.04283233584651 9.75 -12.0720411431062 5.8263956870795 9.75 -12.1779765682802 5.60810267552536 9.75 -12.280031937286 5.38802285207714 9.75 -12.3781747340024 5.1662263369286 9.75 -12.4723736889024 4.942783797233 9.75 -12.562598789017 4.71776642458771 9.75 -12.6488212874968 4.4912459123516 9.75 -12.7310137127719 4.26329443280271 9.75 -12.8091498773039 4.03398461414322 9.75 -12.8832048859302 3.80338951735917 9.75 -12.9531551437958 3.57158261294239 9.75 -13.0189783638705 3.33863775748178 9.75 -13.0806535740504 3.10462917013175 9.75 -13.1381611238395 2.86963140896505 9.75 -13.1914826906107 2.63371934721759 9.75 -13.2406012854436 2.39696814943296 9.75 -13.2855012585376 2.15945324751397 9.75 -13.3261683041976 1.92125031668921 9.75 -13.3625894653926 1.68243525140187 9.75 -13.3947531378835 1.44308414112888 9.75 -13.4226490739206 1.20327324613783 9.75 -13.4462683855086 0.963078973189488 9.75 -13.4656035472384 0.722577851193655 9.75 -13.4806483986848 0.481846506826085 9.75 -13.4913981463694 0.240961640114269 9.75 -13.4978493652875 -1.54222039478523e-13 9.75 -13.5 -0.240961640114577 9.75 -13.4978493652875 -0.481846506826393 9.75 -13.4913981463694 -0.722577851193963 9.75 -13.4806483986848 -0.963078973189796 9.75 -13.4656035472384 -1.20327324613814 9.75 -13.4462683855086 -1.44308414112918 9.75 -13.4226490739206 -1.68243525140217 9.75 -13.3947531378835 -1.92125031668951 9.75 -13.3625894653926 -2.15945324751428 9.75 -13.3261683041976 -2.39696814943326 9.75 -13.2855012585375 -2.6337193472179 9.75 -13.2406012854436 -2.86963140896535 9.75 -13.1914826906106 -3.10462917013205 9.75 -13.1381611238394 -3.33863775748208 9.75 -13.0806535740503 -3.57158261294268 9.75 -13.0189783638704 -3.80338951735947 9.75 -12.9531551437957 -4.03398461414351 9.75 -12.8832048859301 -4.26329443280301 9.75 -12.8091498773038 -4.49124591235189 9.75 -12.7310137127718 -4.717766424588 9.75 -12.6488212874967 -4.94278379723329 9.75 -12.5625987890169 -5.16622633692888 9.75 -12.4723736889023 -5.38802285207742 9.75 -12.3781747340022 -5.60810267552564 9.75 -12.2800319372859 -5.82639568707978 9.75 -12.1779765682801 -6.04283233584679 9.75 -12.072041143106 -6.25734366239409 9.75 -11.9622594141197 -6.46986132072094 9.75 -11.8486663591579 -6.68031760003428 9.75 -11.7312981703933 -6.88864544632231 9.75 -11.6101922428039 -7.09477848371869 9.75 -11.4853871622581 -7.29865103565073 9.75 -11.3569226932208 -7.5001981457648 9.75 -11.2248397660842 -7.69935559862218 9.75 -11.0891804641265 -7.89605994015898 9.75 -10.9499880101038 -8.09024849790335 9.75 -10.8073067524787 -8.28185940094371 9.75 -10.6611821512907 -8.47083159964166 9.75 -10.5116607636716 -8.65710488508308 9.75 -10.3587902290118 -8.84061990826151 9.75 -10.2026192537824 -9.02131819898744 9.75 -10.0431975960158 -9.19914218451768 9.75 -9.88057604945315 -9.37403520789877 9.75 -9.71480642735995 -9.54594154601854 9.75 -9.54594154601824 -9.71480642736025 9.75 -9.37403520789846 -9.88057604945344 9.75 -9.19914218451737 -10.0431975960161 9.75 -9.02131819898712 -10.2026192537826 9.75 -8.84061990826118 -10.3587902290121 9.75 -8.65710488508275 -10.5116607636718 9.75 -8.47083159964133 -10.661182151291 9.75 -8.28185940094338 -10.807306752479 9.75 -8.090248497903 -10.949988010104 9.75 -7.89605994015863 -11.0891804641268 9.75 -7.69935559862183 -11.2248397660845 9.75 -7.50019814576444 -11.3569226932211 9.75 -7.29865103565037 -11.4853871622583 9.75 -7.09477848371833 -11.6101922428041 9.75 -6.88864544632195 -11.7312981703935 9.75 -6.68031760003391 -11.8486663591581 9.75 -6.46986132072056 -11.9622594141199 9.75 -6.25734366239371 -12.0720411431062 9.75 -6.04283233584641 -12.1779765682802 9.75 -5.82639568707939 -12.2800319372861 9.75 -5.60810267552525 -12.3781747340024 9.75 -5.38802285207703 -12.4723736889025 9.75 -5.16622633692849 -12.562598789017 9.75 -4.94278379723289 -12.6488212874969 9.75 -4.7177664245876 -12.7310137127719 9.75 -4.49124591235149 -12.8091498773039 9.75 -4.2632944328026 -12.8832048859302 9.75 -4.0339846141431 -12.9531551437958 9.75 -3.80338951735906 -13.0189783638705 9.75 -3.57158261294227 -13.0806535740504 9.75 -3.33863775748166 -13.1381611238395 9.75 -3.10462917013164 -13.1914826906107 9.75 -2.86963140896493 -13.2406012854437 9.75 -2.63371934721748 -13.2855012585376 9.75 -2.39696814943284 -13.3261683041976 9.75 -2.15945324751386 -13.3625894653926 9.75 -1.92125031668909 -13.3947531378835 9.75 -1.68243525140175 -13.4226490739206 9.75 -1.44308414112876 -13.4462683855086 9.75 -1.20327324613771 -13.4656035472384 9.75 -0.963078973189369 -13.4806483986849 9.75 -0.722577851193536 -13.4913981463694 9.75 -0.481846506825966 -13.4978493652875 9.75 -0.24096164011415 -13.5 9.75 2.73299489548615e-13 -13.4978493652875 9.75 0.240961640114696 -13.4913981463694 9.75 0.481846506826512 -13.4806483986848 9.75 0.722577851194082 -13.4656035472384 9.75 0.963078973189915 -13.4462683855086 9.75 1.20327324613825 -13.4226490739206 9.75 1.4430841411293 -13.3947531378835 9.75 1.68243525140229 -13.3625894653926 9.75 1.92125031668963 -13.3261683041976 9.75 2.15945324751439 -13.2855012585375 9.75 2.39696814943338 -13.2406012854436 9.75 2.63371934721801 -13.1914826906106 9.75 2.86963140896547 -13.1381611238394 9.75 3.10462917013217 -13.0806535740503 9.75 3.33863775748219 -13.0189783638704 9.75 3.5715826129428 -12.9531551437956 9.75 3.80338951735958 -12.8832048859301 9.75 4.03398461414362 -12.8091498773037 9.75 4.26329443280312 -12.7310137127717 9.75 4.491245912352 -12.6488212874967 9.75 4.71776642458811 -12.5625987890168 9.75 4.9427837972334 -12.4723736889023 9.75 5.16622633692899 -12.3781747340022 9.75 5.38802285207753 -12.2800319372859 9.75 5.60810267552575 -12.17797656828 9.75 5.82639568707989 -12.072041143106 9.75 6.04283233584689 -11.9622594141197 9.75 6.2573436623942 -11.8486663591578 9.75 6.46986132072104 -11.7312981703932 9.75 6.68031760003438 -11.6101922428038 9.75 6.88864544632241 -11.485387162258 9.75 7.09477848371879 -11.3569226932208 9.75 7.29865103565083 -11.2248397660842 9.75 7.50019814576489 -11.0891804641265 9.75 7.69935559862228 -10.9499880101037 9.75 7.89605994015908 -10.8073067524787 9.75 8.09024849790344 -10.6611821512907 9.75 8.28185940094381 -10.5116607636715 9.75 8.47083159964176 -10.3587902290117 9.75 8.65710488508317 -10.2026192537823 9.75 8.8406199082616 -10.0431975960157 9.75 9.02131819898752 -9.88057604945307 9.75 9.19914218451777 -9.71480642735987 9.75 9.37403520789886 -9.54594154601816 9.75 9.54594154601863 -9.37403520789838 9.75 9.71480642736033 -9.19914218451728 9.75 9.88057604945352 -9.02131819898703 9.75 10.0431975960162 -8.84061990826109 9.75 10.2026192537827 -8.65710488508266 9.75 10.3587902290122 -8.47083159964124 9.75 10.5116607636719 -8.28185940094328 9.75 10.6611821512911 -8.09024849790291 9.75 10.8073067524791 -7.89605994015854 9.75 10.9499880101041 -7.69935559862173 9.75 11.0891804641268 -7.50019814576434 9.75 11.2248397660846 -7.29865103565027 9.75 11.3569226932211 -7.09477848371823 9.75 11.4853871622583 -6.88864544632184 9.75 11.6101922428041 -6.68031760003381 9.75 11.7312981703935 -6.46986132072046 9.75 11.8486663591581 -6.25734366239361 9.75 11.96225941412 -6.0428323358463 9.75 12.0720411431063 -5.82639568707928 9.75 12.1779765682803 -5.60810267552514 9.75 12.2800319372861 -5.38802285207692 9.75 12.3781747340025 -5.16622633692838 9.75 12.4723736889025 -4.94278379723278 9.75 12.5625987890171 -4.71776642458749 9.75 12.6488212874969 -4.49124591235138 9.75 12.7310137127719 -4.26329443280249 9.75 12.8091498773039 -4.03398461414299 9.75 12.8832048859303 -3.80338951735895 9.75 12.9531551437958 -3.57158261294216 9.75 13.0189783638705 -3.33863775748155 9.75 13.0806535740504 -3.10462917013152 9.75 13.1381611238395 -2.86963140896482 9.75 13.1914826906107 -2.63371934721736 9.75 13.2406012854437 -2.39696814943272 9.75 13.2855012585376 -2.15945324751374 9.75 13.3261683041977 -1.92125031668897 9.75 13.3625894653926 -1.68243525140163 9.75 13.3947531378835 -1.44308414112864 9.75 13.4226490739207 -1.20327324613759 9.75 13.4462683855087 -0.963078973189251 9.75 13.4656035472385 -0.722577851193417 9.75 13.4806483986849 -0.481846506825847 9.75 13.4913981463694 -0.240961640114031 9.75 13.4978493652876 0 9.75 13.5 
0 0.0178499582590329 0.0356999165180658 0.0535498747770987 0.0713998330361317 0.0892497912951646 0.107099749554198 0.12494970781323 0.142799666072263 0.160649624331296 0.178499582590329 0.196349540849362 0.214199499108395 0.232049457367428 0.249899415626461 0.267749373885494 0.285599332144527 0.30344929040356 0.321299248662592 0.339149206921625 0.356999165180658 0.374849123439691 0.392699081698724 0.410549039957757 0.42839899821679 0.446248956475823 0.464098914734856 0.481948872993889 0.499798831252921 0.517648789511954 0.535498747770987 0.55334870603002 0.571198664289053 0.589048622548086 0.606898580807119 0.624748539066152 0.642598497325185 0.660448455584218 0.678298413843251 0.696148372102283 0.713998330361316 0.731848288620349 0.749698246879382 0.767548205138415 0.785398163397448 0.803248121656481 0.821098079915514 0.838948038174547 0.85679799643358 0.874647954692612 0.892497912951645 0.910347871210678 0.928197829469711 0.946047787728744 0.963897745987777 0.98174770424681 0.999597662505843 1.01744762076488 1.03529757902391 1.05314753728294 1.07099749554197 1.08884745380101 1.10669741206004 1.12454737031907 1.14239732857811 1.16024728683714 1.17809724509617 1.19594720335521 1.21379716161424 1.23164711987327 1.2494970781323 1.26734703639134 1.28519699465037 1.3030469529094 1.32089691116844 1.33874686942747 1.3565968276865 1.37444678594554 1.39229674420457 1.4101467024636 1.42799666072264 1.44584661898167 1.4636965772407 1.48154653549973 1.49939649375877 1.5172464520178 1.53509641027683 1.55294636853587 1.5707963267949 1.58864628505393 1.60649624331297 1.624346201572 1.64219615983103 1.66004611809006 1.6778960763491 1.69574603460813 1.71359599286716 1.7314459511262 1.74929590938523 1.76714586764426 1.7849958259033 1.80284578416233 1.82069574242136 1.83854570068039 1.85639565893943 1.87424561719846 1.89209557545749 1.90994553371653 1.92779549197556 1.94564545023459 1.96349540849363 1.98134536675266 1.99919532501169 2.01704528327072 2.03489524152976 2.05274519978879 2.07059515804782 2.08844511630686 2.10629507456589 2.12414503282492 2.14199499108396 2.15984494934299 2.17769490760202 2.19554486586105 2.21339482412009 2.23124478237912 2.24909474063815 2.26694469889719 2.28479465715622 2.30264461541525 2.32049457367429 2.33834453193332 2.35619449019235 2.37404444845138 2.39189440671042 2.40974436496945 2.42759432322848 2.44544428148752 2.46329423974655 2.48114419800558 2.49899415626462 2.51684411452365 2.53469407278268 2.55254403104172 2.57039398930075 2.58824394755978 2.60609390581881 2.62394386407785 2.64179382233688 2.65964378059591 2.67749373885495 2.69534369711398 2.71319365537301 2.73104361363205 2.74889357189108 2.76674353015011 2.78459348840914 2.80244344666818 2.82029340492721 2.83814336318624 2.85599332144528 2.87384327970431 2.89169323796334 2.90954319622238 2.92739315448141 2.94524311274044 2.96309307099947 2.98094302925851 2.99879298751754 3.01664294577657 3.03449290403561 3.05234286229464 3.07019282055367 3.08804277881271 3.10589273707174 3.12374269533077 3.1415926535898 3.15944261184884 3.17729257010787 3.1951425283669 3.21299248662594 3.23084244488497 3.248692403144 3.26654236140304 3.28439231966207 3.3022422779211 3.32009223618013 3.33794219443917 3.3557921526982 3.37364211095723 3.39149206921627 3.4093420274753 3.42719198573433 3.44504194399337 3.4628919022524 3.48074186051143 3.49859181877046 3.5164417770295 3.53429173528853 3.55214169354756 3.5699916518066 3.58784161006563 3.60569156832466 3.6235415265837 3.64139148484273 3.65924144310176 3.6770914013608 3.69494135961983 3.71279131787886 3.73064127613789 3.74849123439693 3.76634119265596 3.78419115091499 3.80204110917403 3.81989106743306 3.83774102569209 3.85559098395113 3.87344094221016 3.89129090046919 3.90914085872822 3.92699081698726 3.94484077524629 3.96269073350532 3.98054069176436 3.99839065002339 4.01624060828242 4.03409056654146 4.05194052480049 4.06979048305952 4.08764044131855 4.10549039957759 4.12334035783662 4.14119031609565 4.15904027435469 4.17689023261372 4.19474019087275 4.21259014913179 4.23044010739082 4.24829006564985 4.26614002390888 4.28398998216792 4.30183994042695 4.31968989868598 4.33753985694502 4.35538981520405 4.37323977346308 4.39108973172212 4.40893968998115 4.42678964824018 4.44463960649921 4.46248956475825 4.48033952301728 4.49818948127631 4.51603943953535 4.53388939779438 4.55173935605341 4.56958931431245 4.58743927257148 4.60528923083051 4.62313918908955 4.64098914734858 4.65883910560761 4.67668906386664 4.69453902212568 4.71238898038471 4.73023893864374 4.74808889690278 4.76593885516181 4.78378881342084 4.80163877167988 4.81948872993891 4.83733868819794 4.85518864645697 4.87303860471601 4.89088856297504 4.90873852123407 4.92658847949311 4.94443843775214 4.96228839601117 4.98013835427021 4.99798831252924 5.01583827078827 5.0336882290473 5.05153818730634 5.06938814556537 5.0872381038244 5.10508806208344 5.12293802034247 5.1407879786015 5.15863793686054 5.17648789511957 5.1943378533786 5.21218781163763 5.23003776989667 5.2478877281557 5.26573768641473 5.28358764467377 5.3014376029328 5.31928756119183 5.33713751945087 5.3549874777099 5.37283743596893 5.39068739422796 5.408537352487 5.42638731074603 5.44423726900506 5.4620872272641 5.47993718552313 5.49778714378216 5.5156371020412 5.53348706030023 5.55133701855926 5.56918697681829 5.58703693507733 5.60488689333636 5.62273685159539 5.64058680985443 5.65843676811346 5.67628672637249 5.69413668463153 5.71198664289056 5.72983660114959 5.74768655940863 5.76553651766766 5.78338647592669 5.80123643418572 5.81908639244476 5.83693635070379 5.85478630896282 5.87263626722186 5.89048622548089 5.90833618373992 5.92618614199896 5.94403610025799 5.96188605851702 5.97973601677605 5.99758597503509 6.01543593329412 6.03328589155315 6.05113584981219 6.06898580807122 6.08683576633025 6.10468572458929 6.12253568284832 6.14038564110735 6.15823559936638 6.17608555762542 6.19393551588445 6.21178547414348 6.22963543240252 6.24748539066155 6.26533534892058 6.28318530717959 
353 1
0.000880000008
0 5.5 11 0.196339114167307 5.5 10.998247630975 0.392615672228785 5.5 10.9929910822269 0.588767138009767 5.5 10.984232028558 0.784731015191556 5.5 10.9719732607128 0.980444867223535 5.5 10.9562186844885 1.17584633721624 5.5 10.9369733194909 1.37087316780905 5.5 10.9142432975347 1.56546322100614 5.5 10.8880358606903 1.75955449797446 5.5 10.8583593589758 1.95308515879734 5.5 10.8252232476973 2.14599354217741 5.5 10.7886380844355 2.33821818508274 5.5 10.7486155256828 2.52969784232968 5.5 10.7051683231284 2.72037150609637 5.5 10.6583103195966 2.91017842536057 5.5 10.6080564446352 3.09905812525573 5.5 10.5544227097595 3.28695042633902 5.5 10.4974262033505 3.47379546376527 5.5 10.4370850852105 3.65953370636066 5.5 10.373418580777 3.84410597559008 5.5 10.3064469749974 4.02745346441217 5.5 10.2361916058657 4.20951775601599 5.5 10.1626748576242 4.39024084243331 5.5 10.0859201536315 4.56956514302075 5.5 10.0059519488997 4.74743352280561 5.5 9.92279572230234 4.92378931068984 5.5 9.83647796845683 5.09857631750616 5.5 9.74702618928283 5.27173885392062 5.5 9.65446888523981 5.44322174817594 5.5 9.55883554624644 5.61297036366989 5.5 9.46015664228471 5.78093061636324 5.5 9.35846361369184 5.94704899201157 5.5 9.253788861143 6.11127256321562 5.5 9.146165735328 6.2735490062846 5.5 9.03562852632541 6.43382661790718 5.5 8.92221245267725 6.59205433162481 5.5 8.80595365016797 6.74818173410215 5.5 8.68688916031108 6.90215908118937 5.5 8.56505691854731 7.05393731377127 5.5 8.44049574215788 7.20346807339813 5.5 8.31324531789684 7.35070371769334 5.5 8.18334618934635 7.4955973355328 5.5 8.05083974399898 7.63810276199146 5.5 7.9157682000712 7.77817459305202 5.5 7.77817459305203 7.91576820007119 5.5 7.63810276199147 8.05083974399898 5.5 7.49559733553281 8.18334618934634 5.5 7.35070371769334 8.31324531789684 5.5 7.20346807339814 8.44049574215788 5.5 7.05393731377128 8.5650569185473 5.5 6.90215908118938 8.68688916031107 5.5 6.74818173410216 8.80595365016796 5.5 6.59205433162482 8.92221245267725 5.5 6.43382661790719 9.0356285263254 5.5 6.27354900628461 9.146165735328 5.5 6.11127256321563 9.25378886114299 5.5 5.94704899201158 9.35846361369184 5.5 5.78093061636325 9.4601566422847 5.5 5.6129703636699 9.55883554624643 5.5 5.44322174817595 9.65446888523981 5.5 5.27173885392063 9.74702618928283 5.5 5.09857631750616 9.83647796845682 5.5 4.92378931068984 9.92279572230234 5.5 4.74743352280561 10.0059519488997 5.5 4.56956514302075 10.0859201536315 5.5 4.39024084243331 10.1626748576242 5.5 4.20951775601598 10.2361916058657 5.5 4.02745346441217 10.3064469749974 5.5 3.84410597559008 10.373418580777 5.5 3.65953370636066 10.4370850852105 5.5 3.47379546376527 10.4974262033505 5.5 3.28695042633901 10.5544227097595 5.5 3.09905812525572 10.6080564446352 5.5 2.91017842536056 10.6583103195966 5.5 2.72037150609636 10.7051683231284 5.5 2.52969784232967 10.7486155256828 5.5 2.33821818508273 10.7886380844355 5.5 2.14599354217739 10.8252232476973 5.5 1.95308515879732 10.8583593589758 5.5 1.75955449797444 10.8880358606903 5.5 1.56546322100612 10.9142432975347 5.5 1.37087316780902 10.9369733194909 5.5 1.17584633721622 10.9562186844885 5.5 0.980444867223512 10.9719732607128 5.5 0.784731015191532 10.984232028558 5.5 0.588767138009742 10.9929910822269 5.5 0.392615672228759 10.998247630975 5.5 0.196339114167279 11 5.5 -2.86363321105731e-14 10.998247630975 5.5 -0.196339114167336 10.9929910822269 5.5 -0.392615672228816 10.984232028558 5.5 -0.588767138009799 10.9719732607128 5.5 -0.784731015191589 10.9562186844885 5.5 -0.980444867223569 10.9369733194909 5.5 -1.17584633721628 10.9142432975347 5.5 -1.37087316780908 10.8880358606903 5.5 -1.56546322100617 10.8583593589758 5.5 -1.7595544979745 10.8252232476973 5.5 -1.95308515879737 10.7886380844355 5.5 -2.14599354217745 10.7486155256827 5.5 -2.33821818508278 10.7051683231284 5.5 -2.52969784232973 10.6583103195966 5.5 -2.72037150609641 10.6080564446352 5.5 -2.91017842536061 10.5544227097595 5.5 -3.09905812525577 10.4974262033505 5.5 -3.28695042633906 10.4370850852105 5.5 -3.47379546376532 10.373418580777 5.5 -3.65953370636071 10.3064469749974 5.5 -3.84410597559013 10.2361916058656 5.5 -4.02745346441222 10.1626748576241 5.5 -4.20951775601604 10.0859201536315 5.5 -4.39024084243337 10.0059519488997 5.5 -4.5695651430208 9.92279572230231 5.5 -4.74743352280566 9.8364779684568 5.5 -4.92378931068989 9.7470261892828 5.5 -5.09857631750621 9.65446888523978 5.5 -5.27173885392068 9.55883554624641 5.5 -5.443221748176 9.46015664228467 5.5 -5.61297036366995 9.35846361369181 5.5 -5.7809306163633 9.25378886114296 5.5 -5.94704899201163 9.14616573532796 5.5 -6.11127256321568 9.03562852632537 5.5 -6.27354900628466 8.92221245267721 5.5 -6.43382661790724 8.80595365016792 5.5 -6.59205433162487 8.68688916031103 5.5 -6.74818173410221 8.56505691854726 5.5 -6.90215908118943 8.44049574215784 5.5 -7.05393731377133 8.31324531789679 5.5 -7.20346807339819 8.18334618934629 5.5 -7.35070371769339 8.05083974399893 5.5 -7.49559733553286 7.91576820007114 5.5 -7.63810276199152 7.77817459305197 5.5 -7.77817459305208 7.63810276199141 5.5 -7.91576820007125 7.49559733553274 5.5 -8.05083974399903 7.35070371769328 5.5 -8.1833461893464 7.20346807339807 5.5 -8.31324531789689 7.05393731377121 5.5 -8.44049574215794 6.90215908118931 5.5 -8.56505691854736 6.74818173410209 5.5 -8.68688916031113 6.59205433162475 5.5 -8.80595365016802 6.43382661790711 5.5 -8.9222124526773 6.27354900628453 5.5 -9.03562852632546 6.11127256321555 5.5 -9.14616573532805 5.9470489920115 5.5 -9.25378886114304 5.78093061636316 5.5 -9.35846361369189 5.61297036366982 5.5 -9.46015664228475 5.44322174817586 5.5 -9.55883554624648 5.27173885392054 5.5 -9.65446888523986 5.09857631750608 5.5 -9.74702618928287 4.92378931068975 5.5 -9.83647796845687 4.74743352280552 5.5 -9.92279572230238 4.56956514302066 5.5 -10.0059519488997 4.39024084243322 5.5 -10.0859201536316 4.20951775601589 5.5 -10.1626748576242 4.02745346441208 5.5 -10.2361916058657 3.84410597558998 5.5 -10.3064469749974 3.65953370636056 5.5 -10.3734185807771 3.47379546376517 5.5 -10.4370850852105 3.28695042633892 5.5 -10.4974262033505 3.09905812525562 5.5 -10.5544227097595 2.91017842536046 5.5 -10.6080564446352 2.72037150609626 5.5 -10.6583103195966 2.52969784232958 5.5 -10.7051683231285 2.33821818508263 5.5 -10.7486155256828 2.1459935421773 5.5 -10.7886380844356 1.95308515879722 5.5 -10.8252232476973 1.75955449797435 5.5 -10.8583593589758 1.56546322100602 5.5 -10.8880358606903 1.37087316780893 5.5 -10.9142432975347 1.17584633721612 5.5 -10.9369733194909 0.980444867223416 5.5 -10.9562186844885 0.784731015191435 5.5 -10.9719732607128 0.588767138009645 5.5 -10.984232028558 0.392615672228662 5.5 -10.9929910822269 0.196339114167182 5.5 -10.998247630975 -1.25662402538056e-13 5.5 -11 -0.196339114167433 5.5 -10.998247630975 -0.392615672228913 5.5 -10.9929910822269 -0.588767138009896 5.5 -10.984232028558 -0.784731015191686 5.5 -10.9719732607128 -0.980444867223666 5.5 -10.9562186844885 -1.17584633721637 5.5 -10.9369733194909 -1.37087316780918 5.5 -10.9142432975347 -1.56546322100627 5.5 -10.8880358606902 -1.7595544979746 5.5 -10.8583593589758 -1.95308515879747 5.5 -10.8252232476973 -2.14599354217755 5.5 -10.7886380844355 -2.33821818508288 5.5 -10.7486155256827 -2.52969784232982 5.5 -10.7051683231284 -2.72037150609651 5.5 -10.6583103195965 -2.91017842536071 5.5 -10.6080564446351 -3.09905812525586 5.5 -10.5544227097594 -3.28695042633916 5.5 -10.4974262033505 -3.47379546376541 5.5 -10.4370850852105 -3.6595337063608 5.5 -10.373418580777 -3.84410597559022 5.5 -10.3064469749973 -4.02745346441231 5.5 -10.2361916058656 -4.20951775601613 5.5 -10.1626748576241 -4.39024084243345 5.5 -10.0859201536315 -4.56956514302089 5.5 -10.0059519488996 -4.74743352280575 5.5 -9.92279572230227 -4.92378931068998 5.5 -9.83647796845676 -5.0985763175063 5.5 -9.74702618928276 -5.27173885392076 5.5 -9.65446888523974 -5.44322174817608 5.5 -9.55883554624636 -5.61297036367003 5.5 -9.46015664228463 -5.78093061636338 5.5 -9.35846361369176 -5.94704899201171 5.5 -9.2537888611429 -6.11127256321576 5.5 -9.14616573532791 -6.27354900628474 5.5 -9.03562852632531 -6.43382661790732 5.5 -8.92221245267716 -6.59205433162495 5.5 -8.80595365016787 -6.74818173410229 5.5 -8.68688916031097 -6.9021590811895 5.5 -8.5650569185472 -7.0539373137714 5.5 -8.44049574215778 -7.20346807339826 5.5 -8.31324531789673 -7.35070371769347 5.5 -8.18334618934623 -7.49559733553293 5.5 -8.05083974399886 -7.63810276199159 5.5 -7.91576820007107 -7.77817459305215 5.5 -7.7781745930519 -7.91576820007131 5.5 -7.63810276199134 -8.0508397439991 5.5 -7.49559733553267 -8.18334618934646 5.5 -7.35070371769321 -8.31324531789696 5.5 -7.203468073398 -8.440495742158 5.5 -7.05393731377113 -8.56505691854742 5.5 -6.90215908118923 -8.68688916031119 5.5 -6.74818173410201 -8.80595365016807 5.5 -6.59205433162467 -8.92221245267736 5.5 -6.43382661790703 -9.03562852632551 5.5 -6.27354900628445 -9.1461657353281 5.5 -6.11127256321547 -9.25378886114309 5.5 -5.94704899201142 -9.35846361369194 5.5 -5.78093061636308 -9.4601566422848 5.5 -5.61297036366973 -9.55883554624653 5.5 -5.44322174817578 -9.6544688852399 5.5 -5.27173885392046 -9.74702618928292 5.5 -5.09857631750599 -9.83647796845691 5.5 -4.92378931068966 -9.92279572230242 5.5 -4.74743352280543 -10.0059519488998 5.5 -4.56956514302057 -10.0859201536316 5.5 -4.39024084243314 -10.1626748576242 5.5 -4.2095177560158 -10.2361916058657 5.5 -4.02745346441199 -10.3064469749974 5.5 -3.84410597558989 -10.3734185807771 5.5 -3.65953370636047 -10.4370850852106 5.5 -3.47379546376508 -10.4974262033506 5.5 -3.28695042633882 -10.5544227097595 5.5 -3.09905812525553 -10.6080564446352 5.5 -2.91017842536037 -10.6583103195966 5.5 -2.72037150609617 -10.7051683231285 5.5 -2.52969784232948 -10.7486155256828 5.5 -2.33821818508254 -10.7886380844356 5.5 -2.1459935421772 -10.8252232476973 5.5 -1.95308515879713 -10.8583593589759 5.5 -1.75955449797425 -10.8880358606903 5.5 -1.56546322100592 -10.9142432975347 5.5 -1.37087316780883 -10.9369733194909 5.5 -1.17584633721603 -10.9562186844885 5.5 -0.980444867223319 -10.9719732607128 5.5 -0.784731015191338 -10.984232028558 5.5 -0.588767138009548 -10.9929910822269 5.5 -0.392615672228565 -10.998247630975 5.5 -0.196339114167085 -11 5.5 2.22688472965539e-13 -10.998247630975 5.5 0.19633911416753 -10.9929910822269 5.5 0.39261567222901 -10.984232028558 5.5 0.588767138009993 -10.9719732607128 5.5 0.784731015191782 -10.9562186844885 5.5 0.980444867223762 -10.9369733194908 5.5 1.17584633721647 -10.9142432975347 5.5 1.37087316780927 -10.8880358606902 5.5 1.56546322100637 -10.8583593589758 5.5 1.75955449797469 -10.8252232476972 5.5 1.95308515879757 -10.7886380844355 5.5 2.14599354217764 -10.7486155256827 5.5 2.33821818508297 -10.7051683231284 5.5 2.52969784232992 -10.6583103195965 5.5 2.7203715060966 -10.6080564446351 5.5 2.9101784253608 -10.5544227097594 5.5 3.09905812525596 -10.4974262033504 5.5 3.28695042633925 -10.4370850852104 5.5 3.4737954637655 -10.373418580777 5.5 3.65953370636089 -10.3064469749973 5.5 3.84410597559031 -10.2361916058656 5.5 4.0274534644124 -10.1626748576241 5.5 4.20951775601621 -10.0859201536314 5.5 4.39024084243354 -10.0059519488996 5.5 4.56956514302098 -9.92279572230223 5.5 4.74743352280583 -9.83647796845671 5.5 4.92378931069006 -9.74702618928271 5.5 5.09857631750638 -9.65446888523969 5.5 5.27173885392085 -9.55883554624631 5.5 5.44322174817616 -9.46015664228458 5.5 5.61297036367012 -9.3584636136917 5.5 5.78093061636346 -9.25378886114285 5.5 5.94704899201179 -9.14616573532785 5.5 6.11127256321584 -9.03562852632526 5.5 6.27354900628482 -8.9222124526771 5.5 6.4338266179074 -8.80595365016781 5.5 6.59205433162503 -8.68688916031091 5.5 6.74818173410236 -8.56505691854714 5.5 6.90215908118958 -8.44049574215771 5.5 7.05393731377147 -8.31324531789667 5.5 7.20346807339834 -8.18334618934616 5.5 7.35070371769354 -8.0508397439988 5.5 7.495597335533 -7.91576820007101 5.5 7.63810276199166 -7.77817459305183 5.5 7.77817459305222 -7.63810276199127 5.5 7.91576820007138 -7.4955973355326 5.5 8.05083974399917 -7.35070371769313 5.5 8.18334618934653 -7.20346807339793 5.5 8.31324531789702 -7.05393731377106 5.5 8.44049574215806 -6.90215908118916 5.5 8.56505691854748 -6.74818173410193 5.5 8.68688916031125 -6.59205433162459 5.5 8.80595365016813 -6.43382661790696 5.5 8.92221245267742 -6.27354900628437 5.5 9.03562852632557 -6.11127256321539 5.5 9.14616573532816 -5.94704899201133 5.5 9.25378886114315 -5.780930616363 5.5 9.35846361369199 -5.61297036366965 5.5 9.46015664228485 -5.44322174817569 5.5 9.55883554624658 -5.27173885392037 5.5 9.65446888523995 -5.0985763175059 5.5 9.74702618928296 -4.92378931068958 5.5 9.83647796845695 -4.74743352280534 5.5 9.92279572230246 -4.56956514302048 5.5 10.0059519488998 -4.39024084243305 5.5 10.0859201536316 -4.20951775601571 5.5 10.1626748576243 -4.0274534644119 5.5 10.2361916058658 -3.8441059755898 5.5 10.3064469749975 -3.65953370636038 5.5 10.3734185807771 -3.47379546376499 5.5 10.4370850852106 -3.28695042633873 5.5 10.4974262033506 -3.09905812525544 5.5 10.5544227097596 -2.91017842536028 5.5 10.6080564446353 -2.72037150609608 5.5 10.6583103195967 -2.52969784232939 5.5 10.7051683231285 -2.33821818508244 5.5 10.7486155256828 -2.14599354217711 5.5 10.7886380844356 -1.95308515879703 5.5 10.8252232476973 -1.75955449797416 5.5 10.8583593589759 -1.56546322100583 5.5 10.8880358606903 -1.37087316780874 5.5 10.9142432975347 -1.17584633721593 5.5 10.9369733194909 -0.980444867223222 5.5 10.9562186844885 -0.784731015191241 5.5 10.9719732607128 -0.588767138009451 5.5 10.984232028558 -0.392615672228468 5.5 10.9929910822269 -0.196339114166988 5.5 10.998247630975 0 5.5 11 
0 0.0178499582590329 0.0356999165180658 0.0535498747770987 0.0713998330361317 0.0892497912951646 0.107099749554198 0.12494970781323 0.142799666072263 0.160649624331296 0.178499582590329 0.196349540849362 0.214199499108395 0.232049457367428 0.249899415626461 0.267749373885494 0.285599332144527 0.30344929040356 0.321299248662592 0.339149206921625 0.356999165180658 0.374849123439691 0.392699081698724 0.410549039957757 0.42839899821679 0.446248956475823 0.464098914734856 0.481948872993889 0.499798831252921 0.517648789511954 0.535498747770987 0.55334870603002 0.571198664289053 0.589048622548086 0.606898580807119 0.624748539066152 0.642598497325185 0.660448455584218 0.678298413843251 0.696148372102283 0.713998330361316 0.731848288620349 0.749698246879382 0.767548205138415 0.785398163397448 0.803248121656481 0.821098079915514 0.838948038174547 0.85679799643358 0.874647954692612 0.892497912951645 0.910347871210678 0.928197829469711 0.946047787728744 0.963897745987777 0.98174770424681 0.999597662505843 1.01744762076488 1.03529757902391 1.05314753728294 1.07099749554197 1.08884745380101 1.10669741206004 1.12454737031907 1.14239732857811 1.16024728683714 1.17809724509617 1.19594720335521 1.21379716161424 1.23164711987327 1.2494970781323 1.26734703639134 1.28519699465037 1.3030469529094 1.32089691116844 1.33874686942747 1.3565968276865 1.37444678594554 1.39229674420457 1.4101467024636 1.42799666072264 1.44584661898167 1.4636965772407 1.48154653549973 1.49939649375877 1.5172464520178 1.53509641027683 1.55294636853587 1.5707963267949 1.58864628505393 1.60649624331297 1.624346201572 1.64219615983103 1.66004611809006 1.6778960763491 1.69574603460813 1.71359599286716 1.7314459511262 1.74929590938523 1.76714586764426 1.7849958259033 1.80284578416233 1.82069574242136 1.83854570068039 1.85639565893943 1.87424561719846 1.89209557545749 1.90994553371653 1.92779549197556 1.94564545023459 1.96349540849363 1.98134536675266 1.99919532501169 2.01704528327072 2.03489524152976 2.05274519978879 2.07059515804782 2.08844511630686 2.10629507456589 2.12414503282492 2.14199499108396 2.15984494934299 2.17769490760202 2.19554486586105 2.21339482412009 2.23124478237912 2.24909474063815 2.26694469889719 2.28479465715622 2.30264461541525 2.32049457367429 2.33834453193332 2.35619449019235 2.37404444845138 2.39189440671042 2.40974436496945 2.42759432322848 2.44544428148752 2.46329423974655 2.48114419800558 2.49899415626462 2.51684411452365 2.53469407278268 2.55254403104172 2.57039398930075 2.58824394755978 2.60609390581881 2.62394386407785 2.64179382233688 2.65964378059591 2.67749373885495 2.69534369711398 2.71319365537301 2.73104361363205 2.74889357189108 2.76674353015011 2.78459348840914 2.80244344666818 2.82029340492721 2.83814336318624 2.85599332144528 2.87384327970431 2.89169323796334 2.90954319622238 2.92739315448141 2.94524311274044 2.96309307099947 2.98094302925851 2.99879298751754 3.01664294577657 3.03449290403561 3.05234286229464 3.07019282055367 3.08804277881271 3.10589273707174 3.12374269533077 3.1415926535898 3.15944261184884 3.17729257010787 3.1951425283669 3.21299248662594 3.23084244488497 3.248692403144 3.26654236140304 3.28439231966207 3.3022422779211 3.32009223618013 3.33794219443917 3.3557921526982 3.37364211095723 3.39149206921627 3.4093420274753 3.42719198573433 3.44504194399337 3.4628919022524 3.48074186051143 3.49859181877046 3.5164417770295 3.53429173528853 3.55214169354756 3.5699916518066 3.58784161006563 3.60569156832466 3.6235415265837 3.64139148484273 3.65924144310176 3.6770914013608 3.69494135961983 3.71279131787886 3.73064127613789 3.74849123439693 3.76634119265596 3.78419115091499 3.80204110917403 3.81989106743306 3.83774102569209 3.85559098395113 3.87344094221016 3.89129090046919 3.90914085872822 3.92699081698726 3.94484077524629 3.96269073350532 3.98054069176436 3.99839065002339 4.01624060828242 4.03409056654146 4.05194052480049 4.06979048305952 4.08764044131855 4.10549039957759 4.12334035783662 4.14119031609565 4.15904027435469 4.17689023261372 4.19474019087275 4.21259014913179 4.23044010739082 4.24829006564985 4.26614002390888 4.28398998216792 4.30183994042695 4.31968989868598 4.33753985694502 4.35538981520405 4.37323977346308 4.39108973172212 4.40893968998115 4.42678964824018 4.44463960649921 4.46248956475825 4.48033952301728 4.49818948127631 4.51603943953535 4.53388939779438 4.55173935605341 4.56958931431245 4.58743927257148 4.60528923083051 4.62313918908955 4.64098914734858 4.65883910560761 4.67668906386664 4.69453902212568 4.71238898038471 4.73023893864374 4.74808889690278 4.76593885516181 4.78378881342084 4.80163877167988 4.81948872993891 4.83733868819794 4.85518864645697 4.87303860471601 4.89088856297504 4.90873852123407 4.92658847949311 4.94443843775214 4.96228839601117 4.98013835427021 4.99798831252924 5.01583827078827 5.0336882290473 5.05153818730634 5.06938814556537 5.0872381038244 5.10508806208344 5.12293802034247 5.1407879786015 5.15863793686054 5.17648789511957 5.1943378533786 5.21218781163763 5.23003776989667 5.2478877281557 5.26573768641473 5.28358764467377 5.3014376029328 5.31928756119183 5.33713751945087 5.3549874777099 5.37283743596893 5.39068739422796 5.408537352487 5.42638731074603 5.44423726900506 5.4620872272641 5.47993718552313 5.49778714378216 5.5156371020412 5.53348706030023 5.55133701855926 5.56918697681829 5.58703693507733 5.60488689333636 5.62273685159539 5.64058680985443 5.65843676811346 5.67628672637249 5.69413668463153 5.71198664289056 5.72983660114959 5.74768655940863 5.76553651766766 5.78338647592669 5.80123643418572 5.81908639244476 5.83693635070379 5.85478630896282 5.87263626722186 5.89048622548089 5.90833618373992 5.92618614199896 5.94403610025799 5.96188605851702 5.97973601677605 5.99758597503509 6.01543593329412 6.03328589155315 6.05113584981219 6.06898580807122 6.08683576633025 6.10468572458929 6.12253568284832 6.14038564110735 6.15823559936638 6.17608555762542 6.19393551588445 6.21178547414348 6.22963543240252 6.24748539066155 6.26533534892058 6.28318530717959 
PolygonOnTriangulations 19
2 1 2 
p 0.01080000008 1 0 12.75 
2 115 114 
p 0.01080000008 1 0 12.75 
113 1 116 117 118 119 120 121 122 123 124 125 126 127 128 129 130 131 132 133 134 135 136 137 138 139 140 141 142 143 144 145 146 147 148 149 150 151 152 153 154 155 156 157 158 159 160 161 162 163 164 165 166 167 168 169 170 171 172 173 174 175 176 177 178 179 180 181 182 183 184 185 186 187 188 189 190 191 192 193 194 195 196 197 198 199 200 201 202 203 204 205 206 207 208 209 210 211 212 213 214 215 216 217 218 219 220 221 222 223 224 225 226 115 
p 0.01080000008 1 0 0.0560998688141034 0.112199737628207 0.16829960644231 0.224399475256414 0.280499344070517 0.336599212884621 0.392699081698724 0.448798950512828 0.504898819326931 0.560998688141034 0.617098556955138 0.673198425769241 0.729298294583345 0.785398163397448 0.841498032211552 0.897597901025655 0.953697769839759 1.00979763865386 1.06589750746797 1.12199737628207 1.17809724509617 1.23419711391028 1.29029698272438 1.34639685153848 1.40249672035259 1.45859658916669 1.51469645798079 1.5707963267949 1.626896195609 1.6829960644231 1.73909593323721 1.79519580205131 1.85129567086541 1.90739553967952 1.96349540849362 2.01959527730772 2.07569514612183 2.13179501493593 2.18789488375003 2.24399475256414 2.30009462137824 2.35619449019234 2.41229435900645 2.46839422782055 2.52449409663466 2.58059396544876 2.63669383426286 2.69279370307697 2.74889357189107 2.80499344070517 2.86109330951928 2.91719317833338 2.97329304714748 3.02939291596159 3.08549278477569 3.14159265358979 3.1976925224039 3.253792391218 3.3098922600321 3.36599212884621 3.42209199766031 3.47819186647441 3.53429173528852 3.59039160410262 3.64649147291672 3.70259134173083 3.75869121054493 3.81479107935903 3.87089094817314 3.92699081698724 3.98309068580134 4.03919055461545 4.09529042342955 4.15139029224365 4.20749016105776 4.26359002987186 4.31968989868596 4.37578976750007 4.43188963631417 4.48798950512827 4.54408937394238 4.60018924275648 4.65628911157058 4.71238898038468 4.76848884919879 4.82458871801289 4.88068858682699 4.9367884556411 4.9928883244552 5.0489881932693 5.10508806208341 5.16118793089751 5.21728779971161 5.27338766852571 5.32948753733982 5.38558740615392 5.44168727496802 5.49778714378213 5.55388701259623 5.60998688141033 5.66608675022444 5.72218661903854 5.77828648785264 5.83438635666674 5.89048622548085 5.94658609429495 6.00268596310905 6.05878583192316 6.11488570073726 6.17098556955136 6.22708543836547 6.28318530717959 
113 1 2 3 4 5 6 7 8 9 10 11 12 13 14 15 16 17 18 19 20 21 22 23 24 25 26 27 28 29 30 31 32 33 34 35 36 37 38 39 40 41 42 43 44 45 46 47 48 49 50 51 52 53 54 55 56 57 58 59 60 61 62 63 64 65 66 67 68 69 70 71 72 73 74 75 76 77 78 79 80 81 82 83 84 85 86 87 88 89 90 91 92 93 94 95 96 97 98 99 100 101 102 103 104 105 106 107 108 109 110 111 112 1 
p 0.01080000008 1 0 0.0560998688141034 0.112199737628207 0.16829960644231 0.224399475256414 0.280499344070517 0.336599212884621 0.392699081698724 0.448798950512828 0.504898819326931 0.560998688141034 0.617098556955138 0.673198425769241 0.729298294583345 0.785398163397448 0.841498032211552 0.897597901025655 0.953697769839759 1.00979763865386 1.06589750746797 1.12199737628207 1.17809724509617 1.23419711391028 1.29029698272438 1.34639685153848 1.40249672035259 1.45859658916669 1.51469645798079 1.5707963267949 1.626896195609 1.6829960644231 1.73909593323721 1.79519580205131 1.85129567086541 1.90739553967952 1.96349540849362 2.01959527730772 2.07569514612183 2.13179501493593 2.18789488375003 2.24399475256414 2.30009462137824 2.35619449019234 2.41229435900645 2.46839422782055 2.52449409663466 2.58059396544876 2.63669383426286 2.69279370307697 2.74889357189107 2.80499344070517 2.86109330951928 2.91719317833338 2.97329304714748 3.02939291596159 3.08549278477569 3.14159265358979 3.1976925224039 3.253792391218 3.3098922600321 3.36599212884621 3.42209199766031 3.47819186647441 3.53429173528852 3.59039160410262 3.64649147291672 3.70259134173083 3.75869121054493 3.81479107935903 3.87089094817314 3.92699081698724 3.98309068580134 4.03919055461545 4.09529042342955 4.15139029224365 4.20749016105776 4.26359002987186 4.31968989868596 4.37578976750007 4.43188963631417 4.48798950512827 4.54408937394238 4.60018924275648 4.65628911157058 4.71238898038468 4.76848884919879 4.82458871801289 4.88068858682699 4.9367884556411 4.9928883244552 5.0489881932693 5.10508806208341 5.16118793089751 5.21728779971161 5.27338766852571 5.32948753733982 5.38558740615392 5.44168727496802 5.49778714378213 5.55388701259623 5.60998688141033 5.66608675022444 5.72218661903854 5.77828648785264 5.83438635666674 5.89048622548085 5.94658609429495 6.00268596310905 6.05878583192316 6.11488570073726 6.17098556955136 6.22708543836547 6.28318530717959 
113 2 3 4 5 6 7 8 9 10 11 12 13 14 15 16 17 18 19 20 21 22 23 24 25 26 27 28 29 30 31 32 33 34 35 36 37 38 39 40 41 42 43 44 45 46 47 48 49 50 51 52 53 54 55 56 57 58 59 60 61 62 63 64 65 66 67 68 69 70 71 72 73 74 75 76 77 78 79 80 81 82 83 84 85 86 87 88 89 90 91 92 93 94 95 96 97 98 99 100 101 102 103 104 105 106 107 108 109 110 111 112 113 114 
p 0.01080000008 1 0 0.0560998688141034 0.112199737628207 0.16829960644231 0.224399475256414 0.280499344070517 0.336599212884621 0.392699081698724 0.448798950512828 0.504898819326931 0.560998688141034 0.617098556955138 0.673198425769241 0.729298294583345 0.785398163397448 0.841498032211552 0.897597901025655 0.953697769839759 1.00979763865386 1.06589750746797 1.12199737628207 1.17809724509617 1.23419711391028 1.29029698272438 1.34639685153848 1.40249672035259 1.45859658916669 1.51469645798079 1.5707963267949 1.626896195609 1.6829960644231 1.73909593323721 1.79519580205131 1.85129567086541 1.90739553967952 1.96349540849362 2.01959527730772 2.07569514612183 2.13179501493593 2.18789488375003 2.24399475256414 2.30009462137824 2.35619449019234 2.41229435900645 2.46839422782055 2.52449409663466 2.58059396544876 2.63669383426286 2.69279370307697 2.74889357189107 2.80499344070517 2.86109330951928 2.91719317833338 2.97329304714748 3.02939291596159 3.08549278477569 3.14159265358979 3.1976925224039 3.253792391218 3.3098922600321 3.36599212884621 3.42209199766031 3.47819186647441 3.53429173528852 3.59039160410262 3.64649147291672 3.70259134173083 3.75869121054493 3.81479107935903 3.87089094817314 3.92699081698724 3.98309068580134 4.03919055461545 4.09529042342955 4.15139029224365 4.20749016105776 4.26359002987186 4.31968989868596 4.37578976750007 4.43188963631417 4.48798950512827 4.54408937394238 4.60018924275648 4.65628911157058 4.71238898038468 4.76848884919879 4.82458871801289 4.88068858682699 4.9367884556411 4.9928883244552 5.0489881932693 5.10508806208341 5.16118793089751 5.21728779971161 5.27338766852571 5.32948753733982 5.38558740615392 5.44168727496802 5.49778714378213 5.55388701259623 5.60998688141033 5.66608675022444 5.72218661903854 5.77828648785264 5.83438635666674 5.89048622548085 5.94658609429495 6.00268596310905 6.05878583192316 6.11488570073726 6.17098556955136 6.22708543836547 6.28318530717959 
113 1 2 3 4 5 6 7 8 9 10 11 12 13 14 15 16 17 18 19 20 21 22 23 24 25 26 27 28 29 30 31 32 33 34 35 36 37 38 39 40 41 42 43 44 45 46 47 48 49 50 51 52 53 54 55 56 57 58 59 60 61 62 63 64 65 66 67 68 69 70 71 72 73 74 75 76 77 78 79 80 81 82 83 84 85 86 87 88 89 90 91 92 93 94 95 96 97 98 99 100 101 102 103 104 105 106 107 108 109 110 111 112 1 
p 0.01080000008 1 0 0.0560998688141034 0.112199737628207 0.16829960644231 0.224399475256414 0.280499344070517 0.336599212884621 0.392699081698724 0.448798950512828 0.504898819326931 0.560998688141034 0.617098556955138 0.673198425769241 0.729298294583345 0.785398163397448 0.841498032211552 0.897597901025655 0.953697769839759 1.00979763865386 1.06589750746797 1.12199737628207 1.17809724509617 1.23419711391028 1.29029698272438 1.34639685153848 1.40249672035259 1.45859658916669 1.51469645798079 1.5707963267949 1.626896195609 1.6829960644231 1.73909593323721 1.79519580205131 1.85129567086541 1.90739553967952 1.96349540849362 2.01959527730772 2.07569514612183 2.13179501493593 2.18789488375003 2.24399475256414 2.30009462137824 2.35619449019234 2.41229435900645 2.46839422782055 2.52449409663466 2.58059396544876 2.63669383426286 2.69279370307697 2.74889357189107 2.80499344070517 2.86109330951928 2.91719317833338 2.97329304714748 3.02939291596159 3.08549278477569 3.14159265358979 3.1976925224039 3.253792391218 3.3098922600321 3.36599212884621 3.42209199766031 3.47819186647441 3.53429173528852 3.59039160410262 3.64649147291672 3.70259134173083 3.75869121054493 3.81479107935903 3.87089094817314 3.92699081698724 3.98309068580134 4.03919055461545 4.09529042342955 4.15139029224365 4.20749016105776 4.26359002987186 4.31968989868596 4.37578976750007 4.43188963631417 4.48798950512827 4.54408937394238 4.60018924275648 4.65628911157058 4.71238898038468 4.76848884919879 4.82458871801289 4.88068858682699 4.9367884556411 4.9928883244552 5.0489881932693 5.10508806208341 5.16118793089751 5.21728779971161 5.27338766852571 5.32948753733982 5.38558740615392 5.44168727496802 5.49778714378213 5.55388701259623 5.60998688141033 5.66608675022444 5.72218661903854 5.77828648785264 5.83438635666674 5.89048622548085 5.94658609429495 6.00268596310905 6.05878583192316 6.11488570073726 6.17098556955136 6.22708543836547 6.28318530717959 
102 1 105 106 107 108 109 110 111 112 113 114 115 116 117 118 119 120 121 122 123 124 125 126 127 128 129 130 131 132 133 134 135 136 137 138 139 140 141 142 143 144 145 146 147 148 149 150 151 152 153 154 155 156 157 158 159 160 161 162 163 164 165 166 167 168 169 170 171 172 173 174 175 176 177 178 179 180 181 182 183 184 185 186 187 188 189 190 191 192 193 194 195 196 197 198 199 200 201 202 203 204 104 
p 0.01080000008 1 0 0.0622097555166296 0.124419511033259 0.186629266549889 0.248839022066518 0.311048777583148 0.373258533099777 0.435468288616407 0.497678044133036 0.559887799649666 0.622097555166296 0.684307310682925 0.746517066199555 0.808726821716184 0.870936577232814 0.933146332749443 0.995356088266073 1.0575658437827 1.11977559929933 1.18198535481596 1.24419511033259 1.30640486584922 1.36861462136585 1.43082437688248 1.49303413239911 1.55524388791574 1.61745364343237 1.679663398949 1.74187315446563 1.80408290998226 1.86629266549889 1.92850242101552 1.99071217653215 2.05292193204878 2.11513168756541 2.17734144308204 2.23955119859867 2.30176095411529 2.36397070963192 2.42618046514855 2.48839022066518 2.55059997618181 2.61280973169844 2.67501948721507 2.7372292427317 2.79943899824833 2.86164875376496 2.92385850928159 2.98606826479822 3.04827802031485 3.11048777583148 3.17269753134811 3.23490728686474 3.29711704238137 3.359326797898 3.42153655341462 3.48374630893125 3.54595606444788 3.60816581996451 3.67037557548114 3.73258533099777 3.7947950865144 3.85700484203103 3.91921459754766 3.98142435306429 4.04363410858092 4.10584386409755 4.16805361961418 4.23026337513081 4.29247313064744 4.35468288616407 4.4168926416807 4.47910239719733 4.54131215271396 4.60352190823059 4.66573166374722 4.72794141926385 4.79015117478048 4.85236093029711 4.91457068581374 4.97678044133037 5.038990196847 5.10119995236363 5.16340970788026 5.22561946339689 5.28782921891352 5.35003897443015 5.41224872994678 5.47445848546341 5.53666824098004 5.59887799649667 5.6610877520133 5.72329750752993 5.78550726304656 5.84771701856319 5.90992677407982 5.97213652959645 6.03434628511308 6.09655604062971 6.15876579614634 6.22097555166297 6.28318530717959 
102 1 2 3 4 5 6 7 8 9 10 11 12 13 14 15 16 17 18 19 20 21 22 23 24 25 26 27 28 29 30 31 32 33 34 35 36 37 38 39 40 41 42 43 44 45 46 47 48 49 50 51 52 53 54 55 56 57 58 59 60 61 62 63 64 65 66 67 68 69 70 71 72 73 74 75 76 77 78 79 80 81 82 83 84 85 86 87 88 89 90 91 92 93 94 95 96 97 98 99 100 101 1 
p 0.01080000008 1 0 0.0622097555166296 0.124419511033259 0.186629266549889 0.248839022066518 0.311048777583148 0.373258533099777 0.435468288616407 0.497678044133036 0.559887799649666 0.622097555166296 0.684307310682925 0.746517066199555 0.808726821716184 0.870936577232814 0.933146332749443 0.995356088266073 1.0575658437827 1.11977559929933 1.18198535481596 1.24419511033259 1.30640486584922 1.36861462136585 1.43082437688248 1.49303413239911 1.55524388791574 1.61745364343237 1.679663398949 1.74187315446563 1.80408290998226 1.86629266549889 1.92850242101552 1.99071217653215 2.05292193204878 2.11513168756541 2.17734144308204 2.23955119859867 2.30176095411529 2.36397070963192 2.42618046514855 2.48839022066518 2.55059997618181 2.61280973169844 2.67501948721507 2.7372292427317 2.79943899824833 2.86164875376496 2.92385850928159 2.98606826479822 3.04827802031485 3.11048777583148 3.17269753134811 3.23490728686474 3.29711704238137 3.359326797898 3.42153655341462 3.48374630893125 3.54595606444788 3.60816581996451 3.67037557548114 3.73258533099777 3.7947950865144 3.85700484203103 3.91921459754766 3.98142435306429 4.04363410858092 4.10584386409755 4.16805361961418 4.23026337513081 4.29247313064744 4.35468288616407 4.4168926416807 4.47910239719733 4.54131215271396 4.60352190823059 4.66573166374722 4.72794141926385 4.79015117478048 4.85236093029711 4.91457068581374 4.97678044133037 5.038990196847 5.10119995236363 5.16340970788026 5.22561946339689 5.28782921891352 5.35003897443015 5.41224872994678 5.47445848546341 5.53666824098004 5.59887799649667 5.6610877520133 5.72329750752993 5.78550726304656 5.84771701856319 5.90992677407982 5.97213652959645 6.03434628511308 6.09655604062971 6.15876579614634 6.22097555166297 6.28318530717959 
102 2 3 4 5 6 7 8 9 10 11 12 13 14 15 16 17 18 19 20 21 22 23 24 25 26 27 28 29 30 31 32 33 34 35 36 37 38 39 40 41 42 43 44 45 46 47 48 49 50 51 52 53 54 55 56 57 58 59 60 61 62 63 64 65 66 67 68 69 70 71 72 73 74 75 76 77 78 79 80 81 82 83 84 85 86 87 88 89 90 91 92 93 94 95 96 97 98 99 100 101 102 103 
p 0.01080000008 1 0 0.0622097555166296 0.124419511033259 0.186629266549889 0.248839022066518 0.311048777583148 0.373258533099777 0.435468288616407 0.497678044133036 0.559887799649666 0.622097555166296 0.684307310682925 0.746517066199555 0.808726821716184 0.870936577232814 0.933146332749443 0.995356088266073 1.0575658437827 1.11977559929933 1.18198535481596 1.24419511033259 1.30640486584922 1.36861462136585 1.43082437688248 1.49303413239911 1.55524388791574 1.61745364343237 1.679663398949 1.74187315446563 1.80408290998226 1.86629266549889 1.92850242101552 1.99071217653215 2.05292193204878 2.11513168756541 2.17734144308204 2.23955119859867 2.30176095411529 2.36397070963192 2.42618046514855 2.48839022066518 2.55059997618181 2.61280973169844 2.67501948721507 2.7372292427317 2.79943899824833 2.86164875376496 2.92385850928159 2.98606826479822 3.04827802031485 3.11048777583148 3.17269753134811 3.23490728686474 3.29711704238137 3.359326797898 3.42153655341462 3.48374630893125 3.54595606444788 3.60816581996451 3.67037557548114 3.73258533099777 3.7947950865144 3.85700484203103 3.91921459754766 3.98142435306429 4.04363410858092 4.10584386409755 4.16805361961418 4.23026337513081 4.29247313064744 4.35468288616407 4.4168926416807 4.47910239719733 4.54131215271396 4.60352190823059 4.66573166374722 4.72794141926385 4.79015117478048 4.85236093029711 4.91457068581374 4.97678044133037 5.038990196847 5.10119995236363 5.16340970788026 5.22561946339689 5.28782921891352 5.35003897443015 5.41224872994678 5.47445848546341 5.53666824098004 5.59887799649667 5.6610877520133 5.72329750752993 5.78550726304656 5.84771701856319 5.90992677407982 5.97213652959645 6.03434628511308 6.09655604062971 6.15876579614634 6.22097555166297 6.28318530717959 
102 113 114 115 116 117 118 119 120 121 122 123 124 125 126 127 128 129 130 131 132 133 134 135 136 137 138 139 140 141 142 143 144 145 146 147 148 149 150 151 152 153 154 155 156 157 158 159 160 161 162 163 164 165 166 167 168 169 170 171 172 173 174 175 176 177 178 179 180 181 182 183 184 185 186 187 188 189 190 191 192 193 194 195 196 197 198 199 200 201 202 203 204 205 206 207 208 209 210 211 212 213 113 
p 0.01080000008 1 0 0.0622097555166296 0.124419511033259 0.186629266549889 0.248839022066518 0.311048777583148 0.373258533099777 0.435468288616407 0.497678044133036 0.559887799649666 0.622097555166296 0.684307310682925 0.746517066199555 0.808726821716184 0.870936577232814 0.933146332749443 0.995356088266073 1.0575658437827 1.11977559929933 1.18198535481596 1.24419511033259 1.30640486584922 1.36861462136585 1.43082437688248 1.49303413239911 1.55524388791574 1.61745364343237 1.679663398949 1.74187315446563 1.80408290998226 1.86629266549889 1.92850242101552 1.99071217653215 2.05292193204878 2.11513168756541 2.17734144308204 2.23955119859867 2.30176095411529 2.36397070963192 2.42618046514855 2.48839022066518 2.55059997618181 2.61280973169844 2.67501948721507 2.7372292427317 2.79943899824833 2.86164875376496 2.92385850928159 2.98606826479822 3.04827802031485 3.11048777583148 3.17269753134811 3.23490728686474 3.29711704238137 3.359326797898 3.42153655341462 3.48374630893125 3.54595606444788 3.60816581996451 3.67037557548114 3.73258533099777 3.7947950865144 3.85700484203103 3.91921459754766 3.98142435306429 4.04363410858092 4.10584386409755 4.16805361961418 4.23026337513081 4.29247313064744 4.35468288616407 4.4168926416807 4.47910239719733 4.54131215271396 4.60352190823059 4.66573166374722 4.72794141926385 4.79015117478048 4.85236093029711 4.91457068581374 4.97678044133037 5.038990196847 5.10119995236363 5.16340970788026 5.22561946339689 5.28782921891352 5.35003897443015 5.41224872994678 5.47445848546341 5.53666824098004 5.59887799649667 5.6610877520133 5.72329750752993 5.78550726304656 5.84771701856319 5.90992677407982 5.97213652959645 6.03434628511308 6.09655604062971 6.15876579614634 6.22097555166297 6.28318530717959 
113 1 2 3 4 5 6 7 8 9 10 11 12 13 14 15 16 17 18 19 20 21 22 23 24 25 26 27 28 29 30 31 32 33 34 35 36 37 38 39 40 41 42 43 44 45 46 47 48 49 50 51 52 53 54 55 56 57 58 59 60 61 62 63 64 65 66 67 68 69 70 71 72 73 74 75 76 77 78 79 80 81 82 83 84 85 86 87 88 89 90 91 92 93 94 95 96 97 98 99 100 101 102 103 104 105 106 107 108 109 110 111 112 1 
p 0.00880000008 1 0 0.0560998688141034 0.112199737628207 0.16829960644231 0.224399475256414 0.280499344070517 0.336599212884621 0.392699081698724 0.448798950512828 0.504898819326931 0.560998688141034 0.617098556955138 0.673198425769241 0.729298294583345 0.785398163397448 0.841498032211552 0.897597901025655 0.953697769839759 1.00979763865386 1.06589750746797 1.12199737628207 1.17809724509617 1.23419711391028 1.29029698272438 1.34639685153848 1.40249672035259 1.45859658916669 1.51469645798079 1.5707963267949 1.626896195609 1.6829960644231 1.73909593323721 1.79519580205131 1.85129567086541 1.90739553967952 1.96349540849362 2.01959527730772 2.07569514612183 2.13179501493593 2.18789488375003 2.24399475256414 2.30009462137824 2.35619449019234 2.41229435900645 2.46839422782055 2.52449409663466 2.58059396544876 2.63669383426286 2.69279370307697 2.74889357189107 2.80499344070517 2.86109330951928 2.91719317833338 2.97329304714748 3.02939291596159 3.08549278477569 3.14159265358979 3.1976925224039 3.253792391218 3.3098922600321 3.36599212884621 3.42209199766031 3.47819186647441 3.53429173528852 3.59039160410262 3.64649147291672 3.70259134173083 3.75869121054493 3.81479107935903 3.87089094817314 3.92699081698724 3.98309068580134 4.03919055461545 4.09529042342955 4.15139029224365 4.20749016105776 4.26359002987186 4.31968989868596 4.37578976750007 4.43188963631417 4.48798950512827 4.54408937394238 4.60018924275648 4.65628911157058 4.71238898038468 4.76848884919879 4.82458871801289 4.88068858682699 4.9367884556411 4.9928883244552 5.0489881932693 5.10508806208341 5.16118793089751 5.21728779971161 5.27338766852571 5.32948753733982 5.38558740615392 5.44168727496802 5.49778714378213 5.55388701259623 5.60998688141033 5.66608675022444 5.72218661903854 5.77828648785264 5.83438635666674 5.89048622548085 5.94658609429495 6.00268596310905 6.05878583192316 6.11488570073726 6.17098556955136 6.22708543836547 6.28318530717959 
2 1 2 
p 0.01080000008 1 0 4.25 
2 104 103 
p 0.01080000008 1 0 4.25 
54 113 114 115 116 117 118 119 120 121 122 123 124 125 126 127 128 129 130 131 132 133 134 135 136 137 138 139 140 141 142 143 144 145 146 147 148 149 150 151 152 153 154 155 156 157 158 159 160 161 162 163 164 165 112 
p 0.01080000008 1 0 0.1185506661732 0.237101332346399 0.355651998519599 0.474202664692799 0.592753330865999 0.711303997039198 0.829854663212398 0.948405329385598 1.0669559955588 1.185506661732 1.3040573279052 1.4226079940784 1.5411586602516 1.6597093264248 1.778259992598 1.8968106587712 2.01536132494439 2.13391199111759 2.25246265729079 2.37101332346399 2.48956398963719 2.60811465581039 2.72666532198359 2.84521598815679 2.96376665432999 3.08231732050319 3.20086798667639 3.31941865284959 3.43796931902279 3.55651998519599 3.67507065136919 3.79362131754239 3.91217198371559 4.03072264988879 4.14927331606199 4.26782398223519 4.38637464840839 4.50492531458159 4.62347598075479 4.74202664692799 4.86057731310119 4.97912797927439 5.09767864544759 5.21622931162079 5.33477997779399 5.45333064396719 5.57188131014039 5.69043197631359 5.80898264248679 5.92753330865999 6.04608397483319 6.16463464100639 6.28318530717959 
54 102 103 104 105 106 107 108 109 110 111 112 113 114 115 116 117 118 119 120 121 122 123 124 125 126 127 128 129 130 131 132 133 134 135 136 137 138 139 140 141 142 143 144 145 146 147 148 149 150 151 152 153 154 102 
p 0.01080000008 1 0 0.1185506661732 0.237101332346399 0.355651998519599 0.474202664692799 0.592753330865999 0.711303997039198 0.829854663212398 0.948405329385598 1.0669559955588 1.185506661732 1.3040573279052 1.4226079940784 1.5411586602516 1.6597093264248 1.778259992598 1.8968106587712 2.01536132494439 2.13391199111759 2.25246265729079 2.37101332346399 2.48956398963719 2.60811465581039 2.72666532198359 2.84521598815679 2.96376665432999 3.08231732050319 3.20086798667639 3.31941865284959 3.43796931902279 3.55651998519599 3.67507065136919 3.79362131754239 3.91217198371559 4.03072264988879 4.14927331606199 4.26782398223519 4.38637464840839 4.50492531458159 4.62347598075479 4.74202664692799 4.86057731310119 4.97912797927439 5.09767864544759 5.21622931162079 5.33477997779399 5.45333064396719 5.57188131014039 5.69043197631359 5.80898264248679 5.92753330865999 6.04608397483319 6.16463464100639 6.28318530717959 
106 1 2 3 4 5 6 7 8 9 10 11 12 13 14 15 16 17 18 19 20 21 22 23 24 25 26 27 28 29 30 31 32 33 34 35 36 37 38 39 40 41 42 43 44 45 46 47 48 49 50 51 52 53 54 55 56 57 58 59 60 61 62 63 64 65 66 67 68 69 70 71 72 73 74 75 76 77 78 79 80 81 82 83 84 85 86 87 88 89 90 91 92 93 94 95 96 97 98 99 100 101 102 103 104 105 106 
p 0.01080000008 1 0 0.059839860068377 0.119679720136754 0.179519580205131 0.239359440273508 0.299199300341885 0.359039160410262 0.418879020478639 0.478718880547016 0.538558740615393 0.59839860068377 0.658238460752147 0.718078320820524 0.777918180888901 0.837758040957278 0.897597901025655 0.957437761094032 1.01727762116241 1.07711748123079 1.13695734129916 1.19679720136754 1.25663706143592 1.31647692150429 1.37631678157267 1.43615664164105 1.49599650170942 1.5558363617778 1.61567622184618 1.67551608191456 1.73535594198293 1.79519580205131 1.85503566211969 1.91487552218806 1.97471538225644 2.03455524232482 2.09439510239319 2.15423496246157 2.21407482252995 2.27391468259833 2.3337545426667 2.39359440273508 2.45343426280346 2.51327412287183 2.57311398294021 2.63295384300859 2.69279370307697 2.75263356314534 2.81247342321372 2.8723132832821 2.93215314335048 2.99199300341885 3.05183286348723 3.11167272355561 3.17151258362398 3.23135244369236 3.29119230376074 3.35103216382912 3.41087202389749 3.47071188396587 3.53055174403425 3.59039160410262 3.650231464171 3.71007132423938 3.76991118430776 3.82975104437613 3.88959090444451 3.94943076451289 4.00927062458126 4.06911048464964 4.12895034471802 4.18879020478639 4.24863006485477 4.30846992492315 4.36830978499152 4.4281496450599 4.48798950512828 4.54782936519665 4.60766922526503 4.66750908533341 4.72734894540178 4.78718880547016 4.84702866553854 4.90686852560691 4.96670838567529 5.02654824574367 5.08638810581204 5.14622796588042 5.2060678259488 5.26590768601717 5.32574754608555 5.38558740615393 5.44542726622231 5.50526712629068 5.56510698635906 5.62494684642744 5.68478670649581 5.74462656656419 5.80446642663257 5.86430628670094 5.92414614676932 5.9839860068377 6.04382586690607 6.10366572697445 6.16350558704283 6.2233454471112 6.28318530717959 
106 1 2 3 4 5 6 7 8 9 10 11 12 13 14 15 16 17 18 19 20 21 22 23 24 25 26 27 28 29 30 31 32 33 34 35 36 37 38 39 40 41 42 43 44 45 46 47 48 49 50 51 52 53 54 55 56 57 58 59 60 61 62 63 64 65 66 67 68 69 70 71 72 73 74 75 76 77 78 79 80 81 82 83 84 85 86 87 88 89 90 91 92 93 94 95 96 97 98 99 100 101 102 103 104 105 1 
p 0.01080000008 1 0 0.059839860068377 0.119679720136754 0.179519580205131 0.239359440273508 0.299199300341885 0.359039160410262 0.418879020478639 0.478718880547016 0.538558740615393 0.59839860068377 0.658238460752147 0.718078320820524 0.777918180888901 0.837758040957278 0.897597901025655 0.957437761094032 1.01727762116241 1.07711748123079 1.13695734129916 1.19679720136754 1.25663706143592 1.31647692150429 1.37631678157267 1.43615664164105 1.49599650170942 1.5558363617778 1.61567622184618 1.67551608191456 1.73535594198293 1.79519580205131 1.85503566211969 1.91487552218806 1.97471538225644 2.03455524232482 2.09439510239319 2.15423496246157 2.21407482252995 2.27391468259833 2.3337545426667 2.39359440273508 2.45343426280346 2.51327412287183 2.57311398294021 2.63295384300859 2.69279370307697 2.75263356314534 2.81247342321372 2.8723132832821 2.93215314335048 2.99199300341885 3.05183286348723 3.11167272355561 3.17151258362398 3.23135244369236 3.29119230376074 3.35103216382912 3.41087202389749 3.47071188396587 3.53055174403425 3.59039160410262 3.650231464171 3.71007132423938 3.76991118430776 3.82975104437613 3.88959090444451 3.94943076451289 4.00927062458126 4.06911048464964 4.12895034471802 4.18879020478639 4.24863006485477 4.30846992492315 4.36830978499152 4.4281496450599 4.48798950512828 4.54782936519665 4.60766922526503 4.66750908533341 4.72734894540178 4.78718880547016 4.84702866553854 4.90686852560691 4.96670838567529 5.02654824574367 5.08638810581204 5.14622796588042 5.2060678259488 5.26590768601717 5.32574754608555 5.38558740615393 5.44542726622231 5.50526712629068 5.56510698635906 5.62494684642744 5.68478670649581 5.74462656656419 5.80446642663257 5.86430628670094 5.92414614676932 5.9839860068377 6.04382586690607 6.10366572697445 6.16350558704283 6.2233454471112 6.28318530717959 
7 106 107 108 109 110 111 112 
p 0.01080000008 1 0 0.166666666666667 0.333333333333333 0.5 0.666666666666667 0.833333333333333 1 
7 1 166 167 168 169 170 113 
p 0.01080000008 1 0 0.166666666666667 0.333333333333333 0.5 0.666666666666667 0.833333333333333 1 
Surfaces 13
2 0 9.75 0 -0 -1 -0 0 -0 1 1 -0 -0 13.5
1 0 9.75 0 0 1 0 1 0 0 0 0 -1 
1 0 5.5 0 0 1 0 1 0 0 0 0 -1 
2 0 5.5 0 -0 -1 -0 0 -0 1 1 -0 -0 11
1 -0 5.5 -0 0 -1 0 1 0 0 -0 0 1 
10 0 6.2831853071795862 0 10.547511554864494
3 0 0 0 -0 1 -0 0 0 -1 1 0 0 12
-1.0222469243443686
1 0 5.5 0 0 -1 0 0 -0 -1 1 0 0 
1 0 -0 0 0 -1 0 1 0 0 -0 0 1 
10 0 6.2831853071795862 0 10.547511554864494
3 0 0 0 -0 1 -0 0 0 -1 1 0 0 12
-1.0222469243443686
1 0 0 0 0 -1 0 0 -0 -1 1 0 0 
10 0 6.2831853071795862 0 11.715374513859983
3 0 0 0 -0 1 -0 0 0 -1 1 0 0 12
-0.87605805059819342
1 0 0 0 0 -1 0 0 -0 -1 1 0 0 
1 0 0 0 0 -1 0 0 -0 -1 1 0 0 
Triangulations 8
226 224 1 0.00531054382878936
0 9.75 13.5 0 22.5 13.5 0.756951037702089 22.5 13.4787620027405 1.51152042739466 22.5 13.4151148335588 2.26133401461394 22.5 13.3092587499962 3.00403260841024 22.5 13.1615268144546 3.73727940423547 22.5 12.9723838462588 4.45876733639476 22.5 12.742424959163 5.16622633692871 22.5 12.4723736889024 5.85743047808703 22.5 12.1630797166827 6.53020497592074 22.5 11.8155161957682 7.18243303295704 22.5 11.4307766895818 7.81206249842738 22.5 11.01007173095 8.4171123250929 22.5 10.5547250133184 8.99567880235205 22.5 10.0661692259227 9.54594154601839 22.5 9.54594154601839 10.0661692259227 22.5 8.99567880235205 10.5547250133184 22.5 8.4171123250929 11.01007173095 22.5 7.81206249842738 11.4307766895818 22.5 7.18243303295704 11.8155161957682 22.5 6.53020497592074 12.1630797166827 22.5 5.85743047808704 12.4723736889024 22.5 5.16622633692871 12.742424959163 22.5 4.45876733639476 12.9723838462588 22.5 3.73727940423547 13.1615268144546 22.5 3.00403260841024 13.3092587499962 22.5 2.26133401461394 13.4151148335588 22.5 1.51152042739466 13.4787620027405 22.5 0.75695103770209 13.5 22.5 8.26636589424463e-16 13.4787620027405 22.5 -0.756951037702088 13.4151148335588 22.5 -1.51152042739466 13.3092587499962 22.5 -2.26133401461394 13.1615268144546 22.5 -3.00403260841024 12.9723838462588 22.5 -3.73727940423547 12.742424959163 22.5 -4.45876733639475 12.4723736889024 22.5 -5.16622633692871 12.1630797166827 22.5 -5.85743047808703 11.8155161957682 22.5 -6.53020497592074 11.4307766895818 22.5 -7.18243303295704 11.01007173095 22.5 -7.81206249842738 10.5547250133184 22.5 -8.4171123250929 10.0661692259227 22.5 -8.99567880235205 9.54594154601839 22.5 -9.54594154601839 8.99567880235205 22.5 -10.0661692259227 8.4171123250929 22.5 -10.5547250133184 7.81206249842738 22.5 -11.01007173095 7.18243303295705 22.5 -11.4307766895818 6.53020497592074 22.5 -11.8155161957682 5.85743047808704 22.5 -12.1630797166827 5.16622633692871 22.5 -12.4723736889024 4.45876733639476 22.5 -12.742424959163 3.73727940423547 22.5 -12.9723838462588 3.00403260841025 22.5 -13.1615268144546 2.26133401461394 22.5 -13.3092587499962 1.51152042739466 22.5 -13.4151148335588 0.756951037702091 22.5 -13.4787620027405 1.65327317884893e-15 22.5 -13.5 -0.756951037702087 22.5 -13.4787620027405 -1.51152042739465 22.5 -13.4151148335588 -2.26133401461394 22.5 -13.3092587499962 -3.00403260841024 22.5 -13.1615268144546 -3.73727940423546 22.5 -12.9723838462588 -4.45876733639475 22.5 -12.742424959163 -5.16622633692871 22.5 -12.4723736889024 -5.85743047808703 22.5 -12.1630797166827 -6.53020497592074 22.5 -11.8155161957682 -7.18243303295704 22.5 -11.4307766895818 -7.81206249842738 22.5 -11.01007173095 -8.4171123250929 22.5 -10.5547250133184 -8.99567880235205 22.5 -10.0661692259227 -9.54594154601839 22.5 -9.54594154601839 -10.0661692259227 22.5 -8.99567880235205 -10.5547250133184 22.5 -8.4171123250929 -11.01007173095 22.5 -7.81206249842738 -11.4307766895818 22.5 -7.18243303295706 -11.8155161957682 22.5 -6.53020497592075 -12.1630797166826 22.5 -5.85743047808706 -12.4723736889024 22.5 -5.16622633692874 -12.7424249591629 22.5 -4.45876733639479 -12.9723838462588 22.5 -3.73727940423551 -13.1615268144546 22.5 -3.00403260841029 -13.3092587499962 22.5 -2.261334014614 -13.4151148335588 22.5 -1.51152042739472 -13.4787620027405 22.5 -0.756951037702157 -13.5 22.5 -7.44223617639835e-14 -13.4787620027405 22.5 0.756951037702009 -13.4151148335588 22.5 1.51152042739457 -13.3092587499962 22.5 2.26133401461385 -13.1615268144546 22.5 3.00403260841015 -12.9723838462589 22.5 3.73727940423537 -12.742424959163 22.5 4.45876733639465 -12.4723736889024 22.5 5.1662263369286 -12.1630797166827 22.5 5.85743047808692 -11.8155161957682 22.5 6.53020497592062 -11.4307766895819 22.5 7.18243303295693 -11.0100717309501 22.5 7.81206249842726 -10.5547250133185 22.5 8.41711232509279 -10.0661692259228 22.5 8.99567880235194 -9.5459415460185 22.5 9.54594154601828 -8.99567880235218 22.5 10.0661692259226 -8.41711232509304 22.5 10.5547250133183 -7.81206249842752 22.5 11.0100717309499 -7.1824330329572 22.5 11.4307766895817 -6.5302049759209 22.5 11.8155161957681 -5.85743047808721 22.5 12.1630797166826 -5.1662263369289 22.5 12.4723736889023 -4.45876733639495 22.5 12.7424249591629 -3.73727940423567 22.5 12.9723838462588 -3.00403260841046 22.5 13.1615268144546 -2.26133401461416 22.5 13.3092587499961 -1.51152042739489 22.5 13.4151148335588 -0.756951037702326 22.5 13.4787620027405 0 22.5 13.5 0 9.75 13.5 0.756951037702089 9.75 13.4787620027405 1.51152042739466 9.75 13.4151148335588 2.26133401461394 9.75 13.3092587499962 3.00403260841024 9.75 13.1615268144546 3.73727940423547 9.75 12.9723838462588 4.45876733639476 9.75 12.742424959163 5.16622633692871 9.75 12.4723736889024 5.85743047808703 9.75 12.1630797166827 6.53020497592074 9.75 11.8155161957682 7.18243303295704 9.75 11.4307766895818 7.81206249842738 9.75 11.01007173095 8.4171123250929 9.75 10.5547250133184 8.99567880235205 9.75 10.0661692259227 9.54594154601839 9.75 9.54594154601839 10.0661692259227 9.75 8.99567880235205 10.5547250133184 9.75 8.4171123250929 11.01007173095 9.75 7.81206249842738 11.4307766895818 9.75 7.18243303295704 11.8155161957682 9.75 6.53020497592074 12.1630797166827 9.75 5.85743047808704 12.4723736889024 9.75 5.16622633692871 12.742424959163 9.75 4.45876733639476 12.9723838462588 9.75 3.73727940423547 13.1615268144546 9.75 3.00403260841024 13.3092587499962 9.75 2.26133401461394 13.4151148335588 9.75 1.51152042739466 13.4787620027405 9.75 0.75695103770209 13.5 9.75 8.26636589424463e-16 13.4787620027405 9.75 -0.756951037702088 13.4151148335588 9.75 -1.51152042739466 13.3092587499962 9.75 -2.26133401461394 13.1615268144546 9.75 -3.00403260841024 12.9723838462588 9.75 -3.73727940423547 12.742424959163 9.75 -4.45876733639475 12.4723736889024 9.75 -5.16622633692871 12.1630797166827 9.75 -5.85743047808703 11.8155161957682 9.75 -6.53020497592074 11.4307766895818 9.75 -7.18243303295704 11.01007173095 9.75 -7.81206249842738 10.5547250133184 9.75 -8.4171123250929 10.0661692259227 9.75 -8.99567880235205 9.54594154601839 9.75 -9.54594154601839 8.99567880235205 9.75 -10.0661692259227 8.4171123250929 9.75 -10.5547250133184 7.81206249842738 9.75 -11.01007173095 7.18243303295705 9.75 -11.4307766895818 6.53020497592074 9.75 -11.8155161957682 5.85743047808704 9.75 -12.1630797166827 5.16622633692871 9.75 -12.4723736889024 4.45876733639476 9.75 -12.742424959163 3.73727940423547 9.75 -12.9723838462588 3.00403260841025 9.75 -13.1615268144546 2.26133401461394 9.75 -13.3092587499962 1.51152042739466 9.75 -13.4151148335588 0.756951037702091 9.75 -13.4787620027405 1.65327317884893e-15 9.75 -13.5 -0.756951037702087 9.75 -13.4787620027405 -1.51152042739465 9.75 -13.4151148335588 -2.26133401461394 9.75 -13.3092587499962 -3.00403260841024 9.75 -13.1615268144546 -3.73727940423546 9.75 -12.9723838462588 -4.45876733639475 9.75 -12.742424959163 -5.16622633692871 9.75 -12.4723736889024 -5.85743047808703 9.75 -12.1630797166827 -6.53020497592074 9.75 -11.8155161957682 -7.18243303295704 9.75 -11.4307766895818 -7.81206249842738 9.75 -11.01007173095 -8.4171123250929 9.75 -10.5547250133184 -8.99567880235205 9.75 -10.0661692259227 -9.54594154601839 9.75 -9.54594154601839 -10.0661692259227 9.75 -8.99567880235205 -10.5547250133184 9.75 -8.4171123250929 -11.01007173095 9.75 -7.81206249842738 -11.4307766895818 9.75 -7.18243303295706 -11.8155161957682 9.75 -6.53020497592075 -12.1630797166826 9.75 -5.85743047808706 -12.4723736889024 9.75 -5.16622633692874 -12.7424249591629 9.75 -4.45876733639479 -12.9723838462588 9.75 -3.73727940423551 -13.1615268144546 9.75 -3.00403260841029 -13.3092587499962 9.75 -2.261334014614 -13.4151148335588 9.75 -1.51152042739472 -13.4787620027405 9.75 -0.756951037702157 -13.5 9.75 -7.44223617639835e-14 -13.4787620027405 9.75 0.756951037702009 -13.4151148335588 9.75 1.51152042739457 -13.3092587499962 9.75 2.26133401461385 -13.1615268144546 9.75 3.00403260841015 -12.9723838462589 9.75 3.73727940423537 -12.742424959163 9.75 4.45876733639465 -12.4723736889024 9.75 5.1662263369286 -12.1630797166827 9.75 5.85743047808692 -11.8155161957682 9.75 6.53020497592062 -11.4307766895819 9.75 7.18243303295693 -11.0100717309501 9.75 7.81206249842726 -10.5547250133185 9.75 8.41711232509279 -10.0661692259228 9.75 8.99567880235194 -9.5459415460185 9.75 9.54594154601828 -8.99567880235218 9.75 10.0661692259226 -8.41711232509304 9.75 10.5547250133183 -7.81206249842752 9.75 11.0100717309499 -7.1824330329572 9.75 11.4307766895817 -6.5302049759209 9.75 11.8155161957681 -5.85743047808721 9.75 12.1630797166826 -5.1662263369289 9.75 12.4723736889023 -4.45876733639495 9.75 12.7424249591629 -3.73727940423567 9.75 12.9723838462588 -3.00403260841046 9.75 13.1615268144546 -2.26133401461416 9.75 13.3092587499961 -1.51152042739489 9.75 13.4151148335588 -0.756951037702326 9.75 13.4787620027405 0 0 0 -12.75 0.0560998688141034 -12.75 0.112199737628207 -12.75 0.16829960644231 -12.75 0.224399475256414 -12.75 0.280499344070517 -12.75 0.336599212884621 -12.75 0.392699081698724 -12.75 0.448798950512828 -12.75 0.504898819326931 -12.75 0.560998688141034 -12.75 0.617098556955138 -12.75 0.673198425769241 -12.75 0.729298294583345 -12.75 0.785398163397448 -12.75 0.841498032211552 -12.75 0.897597901025655 -12.75 0.953697769839759 -12.75 1.00979763865386 -12.75 1.06589750746797 -12.75 1.12199737628207 -12.75 1.17809724509617 -12.75 1.23419711391028 -12.75 1.29029698272438 -12.75 1.34639685153848 -12.75 1.40249672035259 -12.75 1.45859658916669 -12.75 1.51469645798079 -12.75 1.5707963267949 -12.75 1.626896195609 -12.75 1.6829960644231 -12.75 1.73909593323721 -12.75 1.79519580205131 -12.75 1.85129567086541 -12.75 1.90739553967952 -12.75 1.96349540849362 -12.75 2.01959527730772 -12.75 2.07569514612183 -12.75 2.13179501493593 -12.75 2.18789488375003 -12.75 2.24399475256414 -12.75 2.30009462137824 -12.75 2.35619449019234 -12.75 2.41229435900645 -12.75 2.46839422782055 -12.75 2.52449409663466 -12.75 2.58059396544876 -12.75 2.63669383426286 -12.75 2.69279370307697 -12.75 2.74889357189107 -12.75 2.80499344070517 -12.75 2.86109330951928 -12.75 2.91719317833338 -12.75 2.97329304714748 -12.75 3.02939291596159 -12.75 3.08549278477569 -12.75 3.14159265358979 -12.75 3.1976925224039 -12.75 3.253792391218 -12.75 3.3098922600321 -12.75 3.36599212884621 -12.75 3.42209199766031 -12.75 3.47819186647441 -12.75 3.53429173528852 -12.75 3.59039160410262 -12.75 3.64649147291672 -12.75 3.70259134173083 -12.75 3.75869121054493 -12.75 3.81479107935903 -12.75 3.87089094817314 -12.75 3.92699081698724 -12.75 3.98309068580134 -12.75 4.03919055461545 -12.75 4.09529042342955 -12.75 4.15139029224365 -12.75 4.20749016105776 -12.75 4.26359002987186 -12.75 4.31968989868596 -12.75 4.37578976750007 -12.75 4.43188963631417 -12.75 4.48798950512827 -12.75 4.54408937394238 -12.75 4.60018924275648 -12.75 4.65628911157058 -12.75 4.71238898038468 -12.75 4.76848884919879 -12.75 4.82458871801289 -12.75 4.88068858682699 -12.75 4.9367884556411 -12.75 4.9928883244552 -12.75 5.0489881932693 -12.75 5.10508806208341 -12.75 5.16118793089751 -12.75 5.21728779971161 -12.75 5.27338766852571 -12.75 5.32948753733982 -12.75 5.38558740615392 -12.75 5.44168727496802 -12.75 5.49778714378213 -12.75 5.55388701259623 -12.75 5.60998688141033 -12.75 5.66608675022444 -12.75 5.72218661903854 -12.75 5.77828648785264 -12.75 5.83438635666674 -12.75 5.89048622548085 -12.75 5.94658609429495 -12.75 6.00268596310905 -12.75 6.05878583192316 -12.75 6.11488570073726 -12.75 6.17098556955136 -12.75 6.22708543836547 -12.75 6.28318530717959 -12.75 6.28318530717959 0 0.0560998688141034 0 0.112199737628207 0 0.16829960644231 0 0.224399475256414 0 0.280499344070517 0 0.336599212884621 0 0.392699081698724 0 0.448798950512828 0 0.504898819326931 0 0.560998688141034 0 0.617098556955138 0 0.673198425769241 0 0.729298294583345 0 0.785398163397448 0 0.841498032211552 0 0.897597901025655 0 0.953697769839759 0 1.00979763865386 0 1.06589750746797 0 1.12199737628207 0 1.17809724509617 0 1.23419711391028 0 1.29029698272438 0 1.34639685153848 0 1.40249672035259 0 1.45859658916669 0 1.51469645798079 0 1.5707963267949 0 1.626896195609 0 1.6829960644231 0 1.73909593323721 0 1.79519580205131 0 1.85129567086541 0 1.90739553967952 0 1.96349540849362 0 2.01959527730772 0 2.07569514612183 0 2.13179501493593 0 2.18789488375003 0 2.24399475256414 0 2.30009462137824 0 2.35619449019234 0 2.41229435900645 0 2.46839422782055 0 2.52449409663466 0 2.58059396544876 0 2.63669383426286 0 2.69279370307697 0 2.74889357189107 0 2.80499344070517 0 2.86109330951928 0 2.91719317833338 0 2.97329304714748 0 3.02939291596159 0 3.08549278477569 0 3.14159265358979 0 3.1976925224039 0 3.253792391218 0 3.3098922600321 0 3.36599212884621 0 3.42209199766031 0 3.47819186647441 0 3.53429173528852 0 3.59039160410262 0 3.64649147291672 0 3.70259134173083 0 3.75869121054493 0 3.81479107935903 0 3.87089094817314 0 3.92699081698724 0 3.98309068580134 0 4.03919055461545 0 4.09529042342955 0 4.15139029224365 0 4.20749016105776 0 4.26359002987186 0 4.31968989868596 0 4.37578976750007 0 4.43188963631417 0 4.48798950512827 0 4.54408937394238 0 4.60018924275648 0 4.65628911157058 0 4.71238898038468 0 4.76848884919879 0 4.82458871801289 0 4.88068858682699 0 4.9367884556411 0 4.9928883244552 0 5.0489881932693 0 5.10508806208341 0 5.16118793089751 0 5.21728779971161 0 5.27338766852571 0 5.32948753733982 0 5.38558740615392 0 5.44168727496802 0 5.49778714378213 0 5.55388701259623 0 5.60998688141033 0 5.66608675022444 0 5.72218661903854 0 5.77828648785264 0 5.83438635666674 0 5.89048622548085 0 5.94658609429495 0 6.00268596310905 0 6.05878583192316 0 6.11488570073726 0 6.17098556955136 0 6.22708543836547 0 116 1 2 116 2 3 117 3 4 117 116 3 118 4 5 118 117 4 119 5 6 119 118 5 120 6 7 120 119 6 121 7 8 121 120 7 122 8 9 122 121 8 123 9 10 123 10 11 123 122 9 124 123 11 125 11 12 125 124 11 126 12 13 126 13 14 126 125 12 127 14 15 127 126 14 128 127 15 129 15 16 129 128 15 130 16 17 130 17 18 130 129 16 131 130 18 132 18 19 132 19 20 132 131 18 133 132 20 133 20 21 134 133 21 135 134 21 135 21 22 135 22 23 136 135 23 137 136 23 137 23 24 138 137 24 138 24 25 139 25 26 139 138 25 140 26 27 140 27 28 140 139 26 141 140 28 142 28 29 142 141 28 143 29 30 143 142 29 144 30 31 144 143 30 145 31 32 145 144 31 146 32 33 146 145 32 147 33 34 147 146 33 148 34 35 148 147 34 149 35 36 149 148 35 150 36 37 150 149 36 151 37 38 151 38 39 151 150 37 152 151 39 153 39 40 153 40 41 153 152 39 154 153 41 155 41 42 155 154 41 156 42 43 156 155 42 157 43 44 157 156 43 158 44 45 158 157 44 159 158 45 159 45 46 160 159 46 160 46 47 161 160 47 161 47 48 162 161 48 162 48 49 163 162 49 163 49 50 163 50 51 164 163 51 165 164 51 165 51 52 166 165 52 166 52 53 167 166 53 167 53 54 168 167 54 168 54 55 169 168 55 169 55 56 169 56 57 170 169 57 170 57 58 171 170 58 172 171 58 172 58 59 173 59 60 173 172 59 173 60 61 174 173 61 175 61 62 175 62 63 175 174 61 176 175 63 177 63 64 177 176 63 178 64 65 178 65 66 178 177 64 179 178 66 180 66 67 180 179 66 181 67 68 181 68 69 181 180 67 182 181 69 183 69 70 183 182 69 184 183 70 184 70 71 184 71 72 185 184 72 186 185 72 186 72 73 186 73 74 187 186 74 188 187 74 188 74 75 188 75 76 189 188 76 190 189 76 190 76 77 191 190 77 191 77 78 192 191 78 192 78 79 192 79 80 193 192 80 193 80 81 194 193 81 195 194 81 195 81 82 195 82 83 196 195 83 196 83 84 197 196 84 198 197 84 198 84 85 199 198 85 199 85 86 199 86 87 200 199 87 201 200 87 201 87 88 201 88 89 202 201 89 203 202 89 203 89 90 203 90 91 204 203 91 205 204 91 205 91 92 206 205 92 206 92 93 207 93 94 207 206 93 208 94 95 208 95 96 208 207 94 209 208 96 210 209 96 210 96 97 211 210 97 211 97 98 212 211 98 212 98 99 212 99 100 213 212 100 213 100 101 214 213 101 215 101 102 215 102 103 215 214 101 216 215 103 217 103 104 217 104 105 217 216 103 218 217 105 219 105 106 219 218 105 220 106 107 220 219 106 221 107 108 221 220 107 222 108 109 222 221 108 223 109 110 223 222 109 224 110 111 224 111 112 224 223 110 225 224 112 226 112 113 226 113 114 226 225 112 115 226 114 
213 213 1 3.66205343881779e-15
0 9.75 13.5 0.756951037702089 9.75 13.4787620027405 1.51152042739466 9.75 13.4151148335588 2.26133401461394 9.75 13.3092587499962 3.00403260841024 9.75 13.1615268144546 3.73727940423547 9.75 12.9723838462588 4.45876733639476 9.75 12.742424959163 5.16622633692871 9.75 12.4723736889024 5.85743047808703 9.75 12.1630797166827 6.53020497592074 9.75 11.8155161957682 7.18243303295704 9.75 11.4307766895818 7.81206249842738 9.75 11.01007173095 8.4171123250929 9.75 10.5547250133184 8.99567880235205 9.75 10.0661692259227 9.54594154601839 9.75 9.54594154601839 10.0661692259227 9.75 8.99567880235205 10.5547250133184 9.75 8.4171123250929 11.01007173095 9.75 7.81206249842738 11.4307766895818 9.75 7.18243303295704 11.8155161957682 9.75 6.53020497592074 12.1630797166827 9.75 5.85743047808704 12.4723736889024 9.75 5.16622633692871 12.742424959163 9.75 4.45876733639476 12.9723838462588 9.75 3.73727940423547 13.1615268144546 9.75 3.00403260841024 13.3092587499962 9.75 2.26133401461394 13.4151148335588 9.75 1.51152042739466 13.4787620027405 9.75 0.75695103770209 13.5 9.75 8.26636589424463e-16 13.4787620027405 9.75 -0.756951037702088 13.4151148335588 9.75 -1.51152042739466 13.3092587499962 9.75 -2.26133401461394 13.1615268144546 9.75 -3.00403260841024 12.9723838462588 9.75 -3.73727940423547 12.742424959163 9.75 -4.45876733639475 12.4723736889024 9.75 -5.16622633692871 12.1630797166827 9.75 -5.85743047808703 11.8155161957682 9.75 -6.53020497592074 11.4307766895818 9.75 -7.18243303295704 11.01007173095 9.75 -7.81206249842738 10.5547250133184 9.75 -8.4171123250929 10.0661692259227 9.75 -8.99567880235205 9.54594154601839 9.75 -9.54594154601839 8.99567880235205 9.75 -10.0661692259227 8.4171123250929 9.75 -10.5547250133184 7.81206249842738 9.75 -11.01007173095 7.18243303295705 9.75 -11.4307766895818 6.53020497592074 9.75 -11.8155161957682 5.85743047808704 9.75 -12.1630797166827 5.16622633692871 9.75 -12.4723736889024 4.45876733639476 9.75 -12.742424959163 3.73727940423547 9.75 -12.9723838462588 3.00403260841025 9.75 -13.1615268144546 2.26133401461394 9.75 -13.3092587499962 1.51152042739466 9.75 -13.4151148335588 0.756951037702091 9.75 -13.4787620027405 1.65327317884893e-15 9.75 -13.5 -0.756951037702087 9.75 -13.4787620027405 -1.51152042739465 9.75 -13.4151148335588 -2.26133401461394 9.75 -13.3092587499962 -3.00403260841024 9.75 -13.1615268144546 -3.73727940423546 9.75 -12.9723838462588 -4.45876733639475 9.75 -12.742424959163 -5.16622633692871 9.75 -12.4723736889024 -5.85743047808703 9.75 -12.1630797166827 -6.53020497592074 9.75 -11.8155161957682 -7.18243303295704 9.75 -11.4307766895818 -7.81206249842738 9.75 -11.01007173095 -8.4171123250929 9.75 -10.5547250133184 -8.99567880235205 9.75 -10.0661692259227 -9.54594154601839 9.75 -9.54594154601839 -10.0661692259227 9.75 -8.99567880235205 -10.5547250133184 9.75 -8.4171123250929 -11.01007173095 9.75 -7.81206249842738 -11.4307766895818 9.75 -7.18243303295706 -11.8155161957682 9.75 -6.53020497592075 -12.1630797166826 9.75 -5.85743047808706 -12.4723736889024 9.75 -5.16622633692874 -12.7424249591629 9.75 -4.45876733639479 -12.9723838462588 9.75 -3.73727940423551 -13.1615268144546 9.75 -3.00403260841029 -13.3092587499962 9.75 -2.261334014614 -13.4151148335588 9.75 -1.51152042739472 -13.4787620027405 9.75 -0.756951037702157 -13.5 9.75 -7.44223617639835e-14 -13.4787620027405 9.75 0.756951037702009 -13.4151148335588 9.75 1.51152042739457 -13.3092587499962 9.75 2.26133401461385 -13.1615268144546 9.75 3.00403260841015 -12.9723838462589 9.75 3.73727940423537 -12.742424959163 9.75 4.45876733639465 -12.4723736889024 9.75 5.1662263369286 -12.1630797166827 9.75 5.85743047808692 -11.8155161957682 9.75 6.53020497592062 -11.4307766895819 9.75 7.18243303295693 -11.0100717309501 9.75 7.81206249842726 -10.5547250133185 9.75 8.41711232509279 -10.0661692259228 9.75 8.99567880235194 -9.5459415460185 9.75 9.54594154601828 -8.99567880235218 9.75 10.0661692259226 -8.41711232509304 9.75 10.5547250133183 -7.81206249842752 9.75 11.0100717309499 -7.1824330329572 9.75 11.4307766895817 -6.5302049759209 9.75 11.8155161957681 -5.85743047808721 9.75 12.1630797166826 -5.1662263369289 9.75 12.4723736889023 -4.45876733639495 9.75 12.7424249591629 -3.73727940423567 9.75 12.9723838462588 -3.00403260841046 9.75 13.1615268144546 -2.26133401461416 9.75 13.3092587499961 -1.51152042739489 9.75 13.4151148335588 -0.756951037702326 9.75 13.4787620027405 0 9.75 11 0.683866011746286 9.75 10.9787215684695 1.36508627874585 9.75 10.914968595996 2.04102529212443 9.75 10.8089877304449 2.70906797515201 9.75 10.6611889911963 3.36662980046676 9.75 10.47214418286 4.01116678910921 9.75 10.2425846830743 4.64018535268268 9.75 9.9733986129478 5.2512519405624 9.75 9.66562740109196 5.84200245483003 9.75 9.32046175453555 6.41015139650931 9.75 8.93923705211075 6.95350070771759 9.75 8.52342817813179 7.46994827552475 9.75 8.07464381635406 7.95749606461975 9.75 7.59462022628922 8.41425784732112 9.75 7.08521452595438 8.83846650102543 9.75 6.54839750704333 9.22848084486131 9.75 5.9862460103163 9.58279198909945 9.75 5.40093489070655 9.90002917275383 9.75 4.79472860322908 10.1789650667897 9.75 4.16997244224417 10.418520522421 9.75 3.52908346796904 10.6177687461278 9.75 2.87454115534147 10.7759388852399 9.75 2.2088778014129 10.8924190102164 9.75 1.53466872838315 10.9667584820819 9.75 0.854522320179064 10.9986696958616 9.75 0.171069931123854 10.9880291932687 9.75 -0.5130442942616 10.9348781403406 9.75 -1.19517365094023 10.8394221681755 9.75 -1.87267911294639 10.7020305773858 9.75 -2.54293954326468 10.5232349093456 9.75 -3.20336183449978 10.3037268897604 9.75 -3.85139094110531 10.0443557525148 9.75 -4.48451976435859 9.74612495415146 9.75 -5.10029885183861 9.4101882916928 9.75 -5.69634587388159 9.0378454388244 9.75 -6.27035484035162 8.63053691771002 9.75 -6.82010502206853 8.18983852589116 9.75 -7.34346954237769 7.71745523983254 9.75 -7.83842360562258 7.21521461869934 9.75 -8.30305233068583 6.68505973388585 9.75 -8.73555815929229 6.12904165164971 9.75 -9.13426781041277 5.54931149793504 9.75 -9.4976387538633 4.948112136084 9.75 -9.82426517805471 4.32776948963428 9.75 -10.1128834288046 3.69068354377278 9.75 -10.3623768981699 3.03931906025914 9.75 -10.571780344386 2.37619604174133 9.75 -10.7402836261997 1.70387998235494 9.75 -10.8672348371483 1.0249719423248 9.75 -10.9521428276592 0.342098484968219 9.75 -10.9946791052119 -0.342098484968192 9.75 -10.9946791052119 -1.02497194232477 9.75 -10.9521428276592 -1.70387998235491 9.75 -10.8672348371483 -2.3761960417413 9.75 -10.7402836261997 -3.03931906025911 9.75 -10.571780344386 -3.69068354377275 9.75 -10.3623768981699 -4.32776948963425 9.75 -10.1128834288046 -4.94811213608397 9.75 -9.82426517805472 -5.54931149793501 9.75 -9.49763875386331 -6.12904165164969 9.75 -9.13426781041279 -6.68505973388583 9.75 -8.73555815929231 -7.21521461869932 9.75 -8.30305233068585 -7.71745523983252 9.75 -7.8384236056226 -8.18983852589115 9.75 -7.34346954237771 -8.63053691771001 9.75 -6.82010502206855 -9.03784543882439 9.75 -6.27035484035163 -9.41018829169279 9.75 -5.6963458738816 -9.74612495415145 9.75 -5.10029885183862 -10.0443557525148 9.75 -4.48451976435859 -10.3037268897604 9.75 -3.85139094110531 -10.5232349093456 9.75 -3.20336183449978 -10.7020305773858 9.75 -2.54293954326467 -10.8394221681755 9.75 -1.87267911294639 -10.9348781403406 9.75 -1.19517365094022 -10.9880291932687 9.75 -0.513044294261588 -10.9986696958616 9.75 0.171069931123868 -10.9667584820819 9.75 0.85452232017908 -10.8924190102164 9.75 1.53466872838317 -10.7759388852399 9.75 2.20887780141292 -10.6177687461278 9.75 2.87454115534149 -10.418520522421 9.75 3.52908346796907 -10.1789650667896 9.75 4.1699724422442 -9.90002917275382 9.75 4.79472860322911 -9.58279198909944 9.75 5.40093489070658 -9.22848084486129 9.75 5.98624601031633 -8.83846650102541 9.75 6.54839750704336 -8.41425784732109 9.75 7.08521452595441 -7.95749606461971 9.75 7.59462022628925 -7.46994827552471 9.75 8.0746438163541 -6.95350070771755 9.75 8.52342817813182 -6.41015139650926 9.75 8.93923705211079 -5.84200245482997 9.75 9.32046175453559 -5.25125194056234 9.75 9.66562740109199 -4.64018535268262 9.75 9.97339861294783 -4.01116678910914 9.75 10.2425846830743 -3.36662980046669 9.75 10.4721441828601 -2.70906797515194 9.75 10.6611889911963 -2.04102529212434 9.75 10.8089877304449 -1.36508627874577 9.75 10.9149685959961 -0.683866011746194 9.75 10.9787215684695 -3.5527136788005e-15 -13.5 0.756951037702089 -13.4787620027405 1.51152042739466 -13.4151148335588 2.26133401461394 -13.3092587499962 3.00403260841025 -13.1615268144546 3.73727940423547 -12.9723838462588 4.45876733639476 -12.742424959163 5.16622633692871 -12.4723736889024 5.85743047808704 -12.1630797166827 6.53020497592074 -11.8155161957682 7.18243303295704 -11.4307766895818 7.81206249842738 -11.01007173095 8.4171123250929 -10.5547250133184 8.99567880235205 -10.0661692259227 9.54594154601839 -9.54594154601839 10.0661692259227 -8.99567880235205 10.5547250133184 -8.4171123250929 11.01007173095 -7.81206249842738 11.4307766895818 -7.18243303295704 11.8155161957682 -6.53020497592074 12.1630797166827 -5.85743047808704 12.4723736889024 -5.16622633692871 12.742424959163 -4.45876733639476 12.9723838462588 -3.73727940423547 13.1615268144546 -3.00403260841025 13.3092587499962 -2.26133401461394 13.4151148335588 -1.51152042739466 13.4787620027405 -0.756951037702089 13.5 0 13.4787620027405 0.756951037702088 13.4151148335588 1.51152042739466 13.3092587499962 2.26133401461394 13.1615268144546 3.00403260841024 12.9723838462588 3.73727940423547 12.742424959163 4.45876733639475 12.4723736889024 5.16622633692871 12.1630797166827 5.85743047808703 11.8155161957682 6.53020497592074 11.4307766895818 7.18243303295704 11.01007173095 7.81206249842738 10.5547250133184 8.4171123250929 10.0661692259227 8.99567880235205 9.54594154601839 9.54594154601839 8.99567880235205 10.0661692259227 8.4171123250929 10.5547250133184 7.81206249842738 11.01007173095 7.18243303295705 11.4307766895818 6.53020497592074 11.8155161957682 5.85743047808704 12.1630797166827 5.16622633692871 12.4723736889024 4.45876733639476 12.742424959163 3.73727940423547 12.9723838462588 3.00403260841025 13.1615268144546 2.26133401461394 13.3092587499962 1.51152042739466 13.4151148335588 0.756951037702091 13.4787620027405 1.77635683940025e-15 13.5 -0.756951037702088 13.4787620027405 -1.51152042739465 13.4151148335588 -2.26133401461394 13.3092587499962 -3.00403260841024 13.1615268144546 -3.73727940423547 12.9723838462588 -4.45876733639475 12.742424959163 -5.16622633692871 12.4723736889024 -5.85743047808703 12.1630797166827 -6.53020497592074 11.8155161957682 -7.18243303295704 11.4307766895818 -7.81206249842738 11.01007173095 -8.4171123250929 10.5547250133184 -8.99567880235205 10.0661692259227 -9.54594154601839 9.54594154601839 -10.0661692259227 8.99567880235205 -10.5547250133184 8.4171123250929 -11.01007173095 7.81206249842738 -11.4307766895818 7.18243303295706 -11.8155161957682 6.53020497592075 -12.1630797166826 5.85743047808706 -12.4723736889024 5.16622633692874 -12.7424249591629 4.45876733639479 -12.9723838462588 3.73727940423551 -13.1615268144546 3.00403260841029 -13.3092587499962 2.261334014614 -13.4151148335588 1.51152042739472 -13.4787620027405 0.756951037702157 -13.5 7.46069872548105e-14 -13.4787620027405 -0.756951037702009 -13.4151148335588 -1.51152042739457 -13.3092587499962 -2.26133401461385 -13.1615268144546 -3.00403260841015 -12.9723838462589 -3.73727940423537 -12.742424959163 -4.45876733639465 -12.4723736889024 -5.1662263369286 -12.1630797166827 -5.85743047808692 -11.8155161957682 -6.53020497592062 -11.4307766895819 -7.18243303295693 -11.0100717309501 -7.81206249842726 -10.5547250133185 -8.41711232509279 -10.0661692259228 -8.99567880235194 -9.5459415460185 -9.54594154601828 -8.99567880235218 -10.0661692259226 -8.41711232509304 -10.5547250133183 -7.81206249842752 -11.0100717309499 -7.1824330329572 -11.4307766895817 -6.5302049759209 -11.8155161957681 -5.85743047808721 -12.1630797166826 -5.1662263369289 -12.4723736889023 -4.45876733639495 -12.7424249591629 -3.73727940423567 -12.9723838462588 -3.00403260841046 -13.1615268144546 -2.26133401461416 -13.3092587499961 -1.51152042739488 -13.4151148335588 -0.756951037702326 -13.4787620027405 -3.5527136788005e-15 -11 0.683866011746286 -10.9787215684695 1.36508627874585 -10.914968595996 2.04102529212443 -10.8089877304449 2.70906797515201 -10.6611889911963 3.36662980046676 -10.47214418286 4.01116678910921 -10.2425846830743 4.64018535268269 -9.9733986129478 5.2512519405624 -9.66562740109196 5.84200245483002 -9.32046175453555 6.41015139650931 -8.93923705211075 6.95350070771759 -8.52342817813179 7.46994827552475 -8.07464381635406 7.95749606461975 -7.59462022628922 8.41425784732112 -7.08521452595438 8.83846650102543 -6.54839750704333 9.22848084486131 -5.9862460103163 9.58279198909946 -5.40093489070655 9.90002917275383 -4.79472860322908 10.1789650667897 -4.16997244224417 10.418520522421 -3.52908346796904 10.6177687461278 -2.87454115534146 10.7759388852399 -2.2088778014129 10.8924190102164 -1.53466872838315 10.9667584820819 -0.854522320179063 10.9986696958616 -0.171069931123855 10.9880291932687 0.513044294261599 10.9348781403406 1.19517365094023 10.8394221681755 1.87267911294639 10.7020305773858 2.54293954326468 10.5232349093456 3.20336183449978 10.3037268897604 3.85139094110531 10.0443557525148 4.48451976435859 9.74612495415146 5.10029885183861 9.4101882916928 5.69634587388159 9.0378454388244 6.27035484035162 8.63053691771002 6.82010502206853 8.18983852589116 7.34346954237769 7.71745523983254 7.83842360562258 7.21521461869933 8.30305233068583 6.68505973388585 8.73555815929229 6.12904165164971 9.13426781041277 5.54931149793504 9.4976387538633 4.948112136084 9.82426517805471 4.32776948963428 10.1128834288046 3.69068354377278 10.3623768981699 3.03931906025914 10.571780344386 2.37619604174133 10.7402836261997 1.70387998235494 10.8672348371483 1.0249719423248 10.9521428276592 0.342098484968218 10.9946791052119 -0.342098484968192 10.9946791052119 -1.02497194232477 10.9521428276592 -1.70387998235491 10.8672348371483 -2.3761960417413 10.7402836261997 -3.03931906025911 10.571780344386 -3.69068354377275 10.3623768981699 -4.32776948963425 10.1128834288046 -4.94811213608397 9.82426517805472 -5.54931149793501 9.49763875386331 -6.12904165164969 9.13426781041279 -6.68505973388583 8.73555815929231 -7.21521461869932 8.30305233068585 -7.71745523983252 7.8384236056226 -8.18983852589115 7.34346954237771 -8.63053691771001 6.82010502206855 -9.03784543882439 6.27035484035163 -9.41018829169279 5.6963458738816 -9.74612495415145 5.10029885183862 -10.0443557525148 4.48451976435859 -10.3037268897604 3.85139094110531 -10.5232349093456 3.20336183449978 -10.7020305773858 2.54293954326467 -10.8394221681755 1.87267911294639 -10.9348781403406 1.19517365094022 -10.9880291932687 0.513044294261588 -10.9986696958616 -0.171069931123869 -10.9667584820819 -0.854522320179081 -10.8924190102164 -1.53466872838317 -10.7759388852399 -2.20887780141292 -10.6177687461278 -2.87454115534149 -10.418520522421 -3.52908346796907 -10.1789650667896 -4.1699724422442 -9.90002917275382 -4.79472860322911 -9.58279198909944 -5.40093489070658 -9.22848084486129 -5.98624601031633 -8.83846650102541 -6.54839750704336 -8.41425784732109 -7.08521452595441 -7.95749606461971 -7.59462022628925 -7.46994827552471 -8.0746438163541 -6.95350070771755 -8.52342817813182 -6.41015139650926 -8.93923705211079 -5.84200245482997 -9.32046175453559 -5.25125194056234 -9.66562740109199 -4.64018535268262 -9.97339861294783 -4.01116678910914 -10.2425846830743 -3.36662980046669 -10.4721441828601 -2.70906797515194 -10.6611889911963 -2.04102529212434 -10.8089877304449 -1.36508627874577 -10.9149685959961 -0.683866011746195 -10.9787215684695 201 98 99 202 201 99 202 99 100 200 98 201 200 97 98 203 202 100 203 100 101 199 97 200 199 96 97 204 101 102 204 203 101 198 96 199 198 95 96 205 102 103 205 103 104 205 204 102 197 95 198 197 94 95 206 104 105 206 205 104 196 94 197 196 92 93 196 93 94 207 105 106 207 206 105 195 92 196 195 91 92 208 106 107 208 207 106 194 91 195 194 90 91 209 107 108 209 208 107 193 90 194 193 89 90 210 108 109 210 209 108 192 89 193 192 88 89 211 109 110 211 210 109 191 87 88 191 88 192 212 110 111 212 211 110 190 87 191 190 86 87 213 111 112 213 212 111 189 86 190 189 85 86 113 1 2 113 112 1 113 213 112 188 85 189 188 84 85 114 2 3 114 113 2 187 84 188 187 83 84 115 3 4 115 114 3 186 83 187 186 81 82 186 82 83 116 4 5 116 115 4 185 81 186 185 80 81 117 5 6 117 116 5 184 80 185 184 79 80 118 6 7 118 117 6 183 79 184 183 78 79 119 7 8 119 118 7 182 78 183 182 77 78 120 8 9 120 119 8 181 77 182 181 76 77 121 9 10 121 120 9 180 75 76 180 76 181 122 10 11 122 121 10 12 122 11 179 75 180 179 74 75 123 122 12 13 123 12 178 74 179 178 73 74 124 123 13 14 124 13 177 72 73 177 73 178 125 124 14 15 125 14 71 72 177 176 71 177 126 125 15 16 126 15 70 71 176 175 70 176 127 126 16 69 70 175 69 175 174 17 127 16 128 127 17 18 128 17 68 69 174 68 174 173 129 128 18 19 130 129 19 129 18 67 68 173 67 173 172 20 131 130 20 130 19 66 67 172 66 172 171 21 131 20 65 66 171 65 171 170 64 65 170 64 170 169 22 132 131 22 131 21 23 133 132 23 132 22 63 169 168 63 64 169 24 134 133 24 133 23 62 63 168 25 135 134 25 134 24 61 62 168 61 168 167 26 135 25 26 136 135 60 61 167 60 167 166 27 136 26 27 137 136 59 60 166 59 166 165 28 137 27 28 138 137 58 59 165 58 165 164 57 58 164 57 164 163 29 138 28 29 139 138 30 139 29 30 140 139 56 57 163 56 163 162 31 141 140 31 140 30 55 162 161 55 56 162 32 141 31 54 161 160 54 55 161 33 142 141 33 141 32 53 160 159 53 54 160 34 143 142 34 142 33 52 53 159 35 144 143 35 143 34 51 52 159 51 159 158 36 144 35 36 145 144 50 51 158 50 158 157 37 146 145 37 145 36 49 50 157 49 157 156 38 147 146 38 146 37 48 49 156 48 156 155 39 147 38 39 148 147 47 48 155 47 155 154 40 148 39 40 149 148 46 47 154 46 154 153 41 149 40 41 150 149 45 46 153 45 153 152 42 150 41 44 45 152 44 152 151 43 44 151 43 150 42 43 151 150 
112 110 1 3.66205343881779e-15
0 9.75 13.5 0.756951037702089 9.75 13.4787620027405 1.51152042739466 9.75 13.4151148335588 2.26133401461394 9.75 13.3092587499962 3.00403260841024 9.75 13.1615268144546 3.73727940423547 9.75 12.9723838462588 4.45876733639476 9.75 12.742424959163 5.16622633692871 9.75 12.4723736889024 5.85743047808703 9.75 12.1630797166827 6.53020497592074 9.75 11.8155161957682 7.18243303295704 9.75 11.4307766895818 7.81206249842738 9.75 11.01007173095 8.4171123250929 9.75 10.5547250133184 8.99567880235205 9.75 10.0661692259227 9.54594154601839 9.75 9.54594154601839 10.0661692259227 9.75 8.99567880235205 10.5547250133184 9.75 8.4171123250929 11.01007173095 9.75 7.81206249842738 11.4307766895818 9.75 7.18243303295704 11.8155161957682 9.75 6.53020497592074 12.1630797166827 9.75 5.85743047808704 12.4723736889024 9.75 5.16622633692871 12.742424959163 9.75 4.45876733639476 12.9723838462588 9.75 3.73727940423547 13.1615268144546 9.75 3.00403260841024 13.3092587499962 9.75 2.26133401461394 13.4151148335588 9.75 1.51152042739466 13.4787620027405 9.75 0.75695103770209 13.5 9.75 8.26636589424463e-16 13.4787620027405 9.75 -0.756951037702088 13.4151148335588 9.75 -1.51152042739466 13.3092587499962 9.75 -2.26133401461394 13.1615268144546 9.75 -3.00403260841024 12.9723838462588 9.75 -3.73727940423547 12.742424959163 9.75 -4.45876733639475 12.4723736889024 9.75 -5.16622633692871 12.1630797166827 9.75 -5.85743047808703 11.8155161957682 9.75 -6.53020497592074 11.4307766895818 9.75 -7.18243303295704 11.01007173095 9.75 -7.81206249842738 10.5547250133184 9.75 -8.4171123250929 10.0661692259227 9.75 -8.99567880235205 9.54594154601839 9.75 -9.54594154601839 8.99567880235205 9.75 -10.0661692259227 8.4171123250929 9.75 -10.5547250133184 7.81206249842738 9.75 -11.01007173095 7.18243303295705 9.75 -11.4307766895818 6.53020497592074 9.75 -11.8155161957682 5.85743047808704 9.75 -12.1630797166827 5.16622633692871 9.75 -12.4723736889024 4.45876733639476 9.75 -12.742424959163 3.73727940423547 9.75 -12.9723838462588 3.00403260841025 9.75 -13.1615268144546 2.26133401461394 9.75 -13.3092587499962 1.51152042739466 9.75 -13.4151148335588 0.756951037702091 9.75 -13.4787620027405 1.65327317884893e-15 9.75 -13.5 -0.756951037702087 9.75 -13.4787620027405 -1.51152042739465 9.75 -13.4151148335588 -2.26133401461394 9.75 -13.3092587499962 -3.00403260841024 9.75 -13.1615268144546 -3.73727940423546 9.75 -12.9723838462588 -4.45876733639475 9.75 -12.742424959163 -5.16622633692871 9.75 -12.4723736889024 -5.85743047808703 9.75 -12.1630797166827 -6.53020497592074 9.75 -11.8155161957682 -7.18243303295704 9.75 -11.4307766895818 -7.81206249842738 9.75 -11.01007173095 -8.4171123250929 9.75 -10.5547250133184 -8.99567880235205 9.75 -10.0661692259227 -9.54594154601839 9.75 -9.54594154601839 -10.0661692259227 9.75 -8.99567880235205 -10.5547250133184 9.75 -8.4171123250929 -11.01007173095 9.75 -7.81206249842738 -11.4307766895818 9.75 -7.18243303295706 -11.8155161957682 9.75 -6.53020497592075 -12.1630797166826 9.75 -5.85743047808706 -12.4723736889024 9.75 -5.16622633692874 -12.7424249591629 9.75 -4.45876733639479 -12.9723838462588 9.75 -3.73727940423551 -13.1615268144546 9.75 -3.00403260841029 -13.3092587499962 9.75 -2.261334014614 -13.4151148335588 9.75 -1.51152042739472 -13.4787620027405 9.75 -0.756951037702157 -13.5 9.75 -7.44223617639835e-14 -13.4787620027405 9.75 0.756951037702009 -13.4151148335588 9.75 1.51152042739457 -13.3092587499962 9.75 2.26133401461385 -13.1615268144546 9.75 3.00403260841015 -12.9723838462589 9.75 3.73727940423537 -12.742424959163 9.75 4.45876733639465 -12.4723736889024 9.75 5.1662263369286 -12.1630797166827 9.75 5.85743047808692 -11.8155161957682 9.75 6.53020497592062 -11.4307766895819 9.75 7.18243303295693 -11.0100717309501 9.75 7.81206249842726 -10.5547250133185 9.75 8.41711232509279 -10.0661692259228 9.75 8.99567880235194 -9.5459415460185 9.75 9.54594154601828 -8.99567880235218 9.75 10.0661692259226 -8.41711232509304 9.75 10.5547250133183 -7.81206249842752 9.75 11.0100717309499 -7.1824330329572 9.75 11.4307766895817 -6.5302049759209 9.75 11.8155161957681 -5.85743047808721 9.75 12.1630797166826 -5.1662263369289 9.75 12.4723736889023 -4.45876733639495 9.75 12.7424249591629 -3.73727940423567 9.75 12.9723838462588 -3.00403260841046 9.75 13.1615268144546 -2.26133401461416 9.75 13.3092587499961 -1.51152042739489 9.75 13.4151148335588 -0.756951037702326 9.75 13.4787620027405 -3.5527136788005e-15 -13.5 0.756951037702089 -13.4787620027405 1.51152042739466 -13.4151148335588 2.26133401461394 -13.3092587499962 3.00403260841025 -13.1615268144546 3.73727940423547 -12.9723838462588 4.45876733639476 -12.742424959163 5.16622633692871 -12.4723736889024 5.85743047808704 -12.1630797166827 6.53020497592074 -11.8155161957682 7.18243303295704 -11.4307766895818 7.81206249842738 -11.01007173095 8.4171123250929 -10.5547250133184 8.99567880235205 -10.0661692259227 9.54594154601839 -9.54594154601839 10.0661692259227 -8.99567880235205 10.5547250133184 -8.4171123250929 11.01007173095 -7.81206249842738 11.4307766895818 -7.18243303295704 11.8155161957682 -6.53020497592074 12.1630797166827 -5.85743047808704 12.4723736889024 -5.16622633692871 12.742424959163 -4.45876733639476 12.9723838462588 -3.73727940423547 13.1615268144546 -3.00403260841025 13.3092587499962 -2.26133401461394 13.4151148335588 -1.51152042739466 13.4787620027405 -0.756951037702089 13.5 0 13.4787620027405 0.756951037702088 13.4151148335588 1.51152042739466 13.3092587499962 2.26133401461394 13.1615268144546 3.00403260841024 12.9723838462588 3.73727940423547 12.742424959163 4.45876733639475 12.4723736889024 5.16622633692871 12.1630797166827 5.85743047808703 11.8155161957682 6.53020497592074 11.4307766895818 7.18243303295704 11.01007173095 7.81206249842738 10.5547250133184 8.4171123250929 10.0661692259227 8.99567880235205 9.54594154601839 9.54594154601839 8.99567880235205 10.0661692259227 8.4171123250929 10.5547250133184 7.81206249842738 11.01007173095 7.18243303295705 11.4307766895818 6.53020497592074 11.8155161957682 5.85743047808704 12.1630797166827 5.16622633692871 12.4723736889024 4.45876733639476 12.742424959163 3.73727940423547 12.9723838462588 3.00403260841025 13.1615268144546 2.26133401461394 13.3092587499962 1.51152042739466 13.4151148335588 0.756951037702091 13.4787620027405 1.77635683940025e-15 13.5 -0.756951037702088 13.4787620027405 -1.51152042739465 13.4151148335588 -2.26133401461394 13.3092587499962 -3.00403260841024 13.1615268144546 -3.73727940423547 12.9723838462588 -4.45876733639475 12.742424959163 -5.16622633692871 12.4723736889024 -5.85743047808703 12.1630797166827 -6.53020497592074 11.8155161957682 -7.18243303295704 11.4307766895818 -7.81206249842738 11.01007173095 -8.4171123250929 10.5547250133184 -8.99567880235205 10.0661692259227 -9.54594154601839 9.54594154601839 -10.0661692259227 8.99567880235205 -10.5547250133184 8.4171123250929 -11.01007173095 7.81206249842738 -11.4307766895818 7.18243303295706 -11.8155161957682 6.53020497592075 -12.1630797166826 5.85743047808706 -12.4723736889024 5.16622633692874 -12.7424249591629 4.45876733639479 -12.9723838462588 3.73727940423551 -13.1615268144546 3.00403260841029 -13.3092587499962 2.261334014614 -13.4151148335588 1.51152042739472 -13.4787620027405 0.756951037702157 -13.5 7.46069872548105e-14 -13.4787620027405 -0.756951037702009 -13.4151148335588 -1.51152042739457 -13.3092587499962 -2.26133401461385 -13.1615268144546 -3.00403260841015 -12.9723838462589 -3.73727940423537 -12.742424959163 -4.45876733639465 -12.4723736889024 -5.1662263369286 -12.1630797166827 -5.85743047808692 -11.8155161957682 -6.53020497592062 -11.4307766895819 -7.18243303295693 -11.0100717309501 -7.81206249842726 -10.5547250133185 -8.41711232509279 -10.0661692259228 -8.99567880235194 -9.5459415460185 -9.54594154601828 -8.99567880235218 -10.0661692259226 -8.41711232509304 -10.5547250133183 -7.81206249842752 -11.0100717309499 -7.1824330329572 -11.4307766895817 -6.5302049759209 -11.8155161957681 -5.85743047808721 -12.1630797166826 -5.1662263369289 -12.4723736889023 -4.45876733639495 -12.7424249591629 -3.73727940423567 -12.9723838462588 -3.00403260841046 -13.1615268144546 -2.26133401461416 -13.3092587499961 -1.51152042739488 -13.4151148335588 -0.756951037702326 -13.4787620027405 101 99 100 96 97 98 96 98 99 104 102 103 105 101 102 105 99 101 105 102 104 93 94 95 93 95 96 92 93 96 107 105 106 91 96 99 91 99 105 91 92 96 109 107 108 109 105 107 109 91 105 88 109 110 88 91 109 88 89 90 88 90 91 1 110 111 1 111 112 84 85 86 84 86 87 4 1 2 4 2 3 4 110 1 82 83 84 81 82 84 6 4 5 8 6 7 8 4 6 76 77 78 76 78 79 76 79 80 76 80 81 76 81 84 11 9 10 12 8 9 12 88 110 12 110 4 12 87 88 12 9 11 12 4 8 73 74 75 72 76 84 72 87 12 72 73 75 72 75 76 72 84 87 14 12 13 14 72 12 70 71 72 68 69 70 19 14 15 19 15 16 19 16 17 19 17 18 65 66 67 64 68 70 64 65 67 64 67 68 22 20 21 23 19 20 23 20 22 63 64 70 24 14 19 24 19 23 61 63 70 61 62 63 60 61 70 59 70 72 59 60 70 28 24 25 28 25 26 28 26 27 57 58 59 29 24 28 30 24 29 55 56 57 55 57 59 32 30 31 53 54 55 53 59 72 53 55 59 35 32 33 35 33 34 35 24 30 35 30 32 51 52 53 51 53 72 49 50 51 38 35 36 38 36 37 40 38 39 41 24 35 41 35 38 41 38 40 45 46 47 45 47 48 45 48 49 45 49 51 43 51 72 43 45 51 43 24 41 43 72 14 43 41 42 43 44 45 43 14 24 
204 202 1 0.00532089478813323
0 5.5 11 0 9.75 11 0.683866011746286 9.75 10.9787215684695 1.36508627874585 9.75 10.914968595996 2.04102529212443 9.75 10.8089877304449 2.70906797515201 9.75 10.6611889911963 3.36662980046676 9.75 10.47214418286 4.01116678910921 9.75 10.2425846830743 4.64018535268268 9.75 9.9733986129478 5.2512519405624 9.75 9.66562740109196 5.84200245483003 9.75 9.32046175453555 6.41015139650931 9.75 8.93923705211075 6.95350070771759 9.75 8.52342817813179 7.46994827552475 9.75 8.07464381635406 7.95749606461975 9.75 7.59462022628922 8.41425784732112 9.75 7.08521452595438 8.83846650102543 9.75 6.54839750704333 9.22848084486131 9.75 5.9862460103163 9.58279198909945 9.75 5.40093489070655 9.90002917275383 9.75 4.79472860322908 10.1789650667897 9.75 4.16997244224417 10.418520522421 9.75 3.52908346796904 10.6177687461278 9.75 2.87454115534147 10.7759388852399 9.75 2.2088778014129 10.8924190102164 9.75 1.53466872838315 10.9667584820819 9.75 0.854522320179064 10.9986696958616 9.75 0.171069931123854 10.9880291932687 9.75 -0.5130442942616 10.9348781403406 9.75 -1.19517365094023 10.8394221681755 9.75 -1.87267911294639 10.7020305773858 9.75 -2.54293954326468 10.5232349093456 9.75 -3.20336183449978 10.3037268897604 9.75 -3.85139094110531 10.0443557525148 9.75 -4.48451976435859 9.74612495415146 9.75 -5.10029885183861 9.4101882916928 9.75 -5.69634587388159 9.0378454388244 9.75 -6.27035484035162 8.63053691771002 9.75 -6.82010502206853 8.18983852589116 9.75 -7.34346954237769 7.71745523983254 9.75 -7.83842360562258 7.21521461869934 9.75 -8.30305233068583 6.68505973388585 9.75 -8.73555815929229 6.12904165164971 9.75 -9.13426781041277 5.54931149793504 9.75 -9.4976387538633 4.948112136084 9.75 -9.82426517805471 4.32776948963428 9.75 -10.1128834288046 3.69068354377278 9.75 -10.3623768981699 3.03931906025914 9.75 -10.571780344386 2.37619604174133 9.75 -10.7402836261997 1.70387998235494 9.75 -10.8672348371483 1.0249719423248 9.75 -10.9521428276592 0.342098484968219 9.75 -10.9946791052119 -0.342098484968192 9.75 -10.9946791052119 -1.02497194232477 9.75 -10.9521428276592 -1.70387998235491 9.75 -10.8672348371483 -2.3761960417413 9.75 -10.7402836261997 -3.03931906025911 9.75 -10.571780344386 -3.69068354377275 9.75 -10.3623768981699 -4.32776948963425 9.75 -10.1128834288046 -4.94811213608397 9.75 -9.82426517805472 -5.54931149793501 9.75 -9.49763875386331 -6.12904165164969 9.75 -9.13426781041279 -6.68505973388583 9.75 -8.73555815929231 -7.21521461869932 9.75 -8.30305233068585 -7.71745523983252 9.75 -7.8384236056226 -8.18983852589115 9.75 -7.34346954237771 -8.63053691771001 9.75 -6.82010502206855 -9.03784543882439 9.75 -6.27035484035163 -9.41018829169279 9.75 -5.6963458738816 -9.74612495415145 9.75 -5.10029885183862 -10.0443557525148 9.75 -4.48451976435859 -10.3037268897604 9.75 -3.85139094110531 -10.5232349093456 9.75 -3.20336183449978 -10.7020305773858 9.75 -2.54293954326467 -10.8394221681755 9.75 -1.87267911294639 -10.9348781403406 9.75 -1.19517365094022 -10.9880291932687 9.75 -0.513044294261588 -10.9986696958616 9.75 0.171069931123868 -10.9667584820819 9.75 0.85452232017908 -10.8924190102164 9.75 1.53466872838317 -10.7759388852399 9.75 2.20887780141292 -10.6177687461278 9.75 2.87454115534149 -10.418520522421 9.75 3.52908346796907 -10.1789650667896 9.75 4.1699724422442 -9.90002917275382 9.75 4.79472860322911 -9.58279198909944 9.75 5.40093489070658 -9.22848084486129 9.75 5.98624601031633 -8.83846650102541 9.75 6.54839750704336 -8.41425784732109 9.75 7.08521452595441 -7.95749606461971 9.75 7.59462022628925 -7.46994827552471 9.75 8.0746438163541 -6.95350070771755 9.75 8.52342817813182 -6.41015139650926 9.75 8.93923705211079 -5.84200245482997 9.75 9.32046175453559 -5.25125194056234 9.75 9.66562740109199 -4.64018535268262 9.75 9.97339861294783 -4.01116678910914 9.75 10.2425846830743 -3.36662980046669 9.75 10.4721441828601 -2.70906797515194 9.75 10.6611889911963 -2.04102529212434 9.75 10.8089877304449 -1.36508627874577 9.75 10.9149685959961 -0.683866011746194 9.75 10.9787215684695 0 9.75 11 0 5.5 11 0.683866011746286 5.5 10.9787215684695 1.36508627874585 5.5 10.914968595996 2.04102529212443 5.5 10.8089877304449 2.70906797515201 5.5 10.6611889911963 3.36662980046676 5.5 10.47214418286 4.01116678910921 5.5 10.2425846830743 4.64018535268268 5.5 9.9733986129478 5.2512519405624 5.5 9.66562740109196 5.84200245483003 5.5 9.32046175453555 6.41015139650931 5.5 8.93923705211075 6.95350070771759 5.5 8.52342817813179 7.46994827552475 5.5 8.07464381635406 7.95749606461975 5.5 7.59462022628922 8.41425784732112 5.5 7.08521452595438 8.83846650102543 5.5 6.54839750704333 9.22848084486131 5.5 5.9862460103163 9.58279198909945 5.5 5.40093489070655 9.90002917275383 5.5 4.79472860322908 10.1789650667897 5.5 4.16997244224417 10.418520522421 5.5 3.52908346796904 10.6177687461278 5.5 2.87454115534147 10.7759388852399 5.5 2.2088778014129 10.8924190102164 5.5 1.53466872838315 10.9667584820819 5.5 0.854522320179064 10.9986696958616 5.5 0.171069931123854 10.9880291932687 5.5 -0.5130442942616 10.9348781403406 5.5 -1.19517365094023 10.8394221681755 5.5 -1.87267911294639 10.7020305773858 5.5 -2.54293954326468 10.5232349093456 5.5 -3.20336183449978 10.3037268897604 5.5 -3.85139094110531 10.0443557525148 5.5 -4.48451976435859 9.74612495415146 5.5 -5.10029885183861 9.4101882916928 5.5 -5.69634587388159 9.0378454388244 5.5 -6.27035484035162 8.63053691771002 5.5 -6.82010502206853 8.18983852589116 5.5 -7.34346954237769 7.71745523983254 5.5 -7.83842360562258 7.21521461869934 5.5 -8.30305233068583 6.68505973388585 5.5 -8.73555815929229 6.12904165164971 5.5 -9.13426781041277 5.54931149793504 5.5 -9.4976387538633 4.948112136084 5.5 -9.82426517805471 4.32776948963428 5.5 -10.1128834288046 3.69068354377278 5.5 -10.3623768981699 3.03931906025914 5.5 -10.571780344386 2.37619604174133 5.5 -10.7402836261997 1.70387998235494 5.5 -10.8672348371483 1.0249719423248 5.5 -10.9521428276592 0.342098484968219 5.5 -10.9946791052119 -0.342098484968192 5.5 -10.9946791052119 -1.02497194232477 5.5 -10.9521428276592 -1.70387998235491 5.5 -10.8672348371483 -2.3761960417413 5.5 -10.7402836261997 -3.03931906025911 5.5 -10.571780344386 -3.69068354377275 5.5 -10.3623768981699 -4.32776948963425 5.5 -10.1128834288046 -4.94811213608397 5.5 -9.82426517805472 -5.54931149793501 5.5 -9.49763875386331 -6.12904165164969 5.5 -9.13426781041279 -6.68505973388583 5.5 -8.73555815929231 -7.21521461869932 5.5 -8.30305233068585 -7.71745523983252 5.5 -7.8384236056226 -8.18983852589115 5.5 -7.34346954237771 -8.63053691771001 5.5 -6.82010502206855 -9.03784543882439 5.5 -6.27035484035163 -9.41018829169279 5.5 -5.6963458738816 -9.74612495415145 5.5 -5.10029885183862 -10.0443557525148 5.5 -4.48451976435859 -10.3037268897604 5.5 -3.85139094110531 -10.5232349093456 5.5 -3.20336183449978 -10.7020305773858 5.5 -2.54293954326467 -10.8394221681755 5.5 -1.87267911294639 -10.9348781403406 5.5 -1.19517365094022 -10.9880291932687 5.5 -0.513044294261588 -10.9986696958616 5.5 0.171069931123868 -10.9667584820819 5.5 0.85452232017908 -10.8924190102164 5.5 1.53466872838317 -10.7759388852399 5.5 2.20887780141292 -10.6177687461278 5.5 2.87454115534149 -10.418520522421 5.5 3.52908346796907 -10.1789650667896 5.5 4.1699724422442 -9.90002917275382 5.5 4.79472860322911 -9.58279198909944 5.5 5.40093489070658 -9.22848084486129 5.5 5.98624601031633 -8.83846650102541 5.5 6.54839750704336 -8.41425784732109 5.5 7.08521452595441 -7.95749606461971 5.5 7.59462022628925 -7.46994827552471 5.5 8.0746438163541 -6.95350070771755 5.5 8.52342817813182 -6.41015139650926 5.5 8.93923705211079 -5.84200245482997 5.5 9.32046175453559 -5.25125194056234 5.5 9.66562740109199 -4.64018535268262 5.5 9.97339861294783 -4.01116678910914 5.5 10.2425846830743 -3.36662980046669 5.5 10.4721441828601 -2.70906797515194 5.5 10.6611889911963 -2.04102529212434 5.5 10.8089877304449 -1.36508627874577 5.5 10.9149685959961 -0.683866011746194 5.5 10.9787215684695 0 0 0 -4.25 0.0622097555166296 -4.25 0.124419511033259 -4.25 0.186629266549889 -4.25 0.248839022066518 -4.25 0.311048777583148 -4.25 0.373258533099777 -4.25 0.435468288616407 -4.25 0.497678044133036 -4.25 0.559887799649666 -4.25 0.622097555166296 -4.25 0.684307310682925 -4.25 0.746517066199555 -4.25 0.808726821716184 -4.25 0.870936577232814 -4.25 0.933146332749443 -4.25 0.995356088266073 -4.25 1.0575658437827 -4.25 1.11977559929933 -4.25 1.18198535481596 -4.25 1.24419511033259 -4.25 1.30640486584922 -4.25 1.36861462136585 -4.25 1.43082437688248 -4.25 1.49303413239911 -4.25 1.55524388791574 -4.25 1.61745364343237 -4.25 1.679663398949 -4.25 1.74187315446563 -4.25 1.80408290998226 -4.25 1.86629266549889 -4.25 1.92850242101552 -4.25 1.99071217653215 -4.25 2.05292193204878 -4.25 2.11513168756541 -4.25 2.17734144308204 -4.25 2.23955119859867 -4.25 2.30176095411529 -4.25 2.36397070963192 -4.25 2.42618046514855 -4.25 2.48839022066518 -4.25 2.55059997618181 -4.25 2.61280973169844 -4.25 2.67501948721507 -4.25 2.7372292427317 -4.25 2.79943899824833 -4.25 2.86164875376496 -4.25 2.92385850928159 -4.25 2.98606826479822 -4.25 3.04827802031485 -4.25 3.11048777583148 -4.25 3.17269753134811 -4.25 3.23490728686474 -4.25 3.29711704238137 -4.25 3.359326797898 -4.25 3.42153655341462 -4.25 3.48374630893125 -4.25 3.54595606444788 -4.25 3.60816581996451 -4.25 3.67037557548114 -4.25 3.73258533099777 -4.25 3.7947950865144 -4.25 3.85700484203103 -4.25 3.91921459754766 -4.25 3.98142435306429 -4.25 4.04363410858092 -4.25 4.10584386409755 -4.25 4.16805361961418 -4.25 4.23026337513081 -4.25 4.29247313064744 -4.25 4.35468288616407 -4.25 4.4168926416807 -4.25 4.47910239719733 -4.25 4.54131215271396 -4.25 4.60352190823059 -4.25 4.66573166374722 -4.25 4.72794141926385 -4.25 4.79015117478048 -4.25 4.85236093029711 -4.25 4.91457068581374 -4.25 4.97678044133037 -4.25 5.038990196847 -4.25 5.10119995236363 -4.25 5.16340970788026 -4.25 5.22561946339689 -4.25 5.28782921891352 -4.25 5.35003897443015 -4.25 5.41224872994678 -4.25 5.47445848546341 -4.25 5.53666824098004 -4.25 5.59887799649667 -4.25 5.6610877520133 -4.25 5.72329750752993 -4.25 5.78550726304656 -4.25 5.84771701856319 -4.25 5.90992677407982 -4.25 5.97213652959645 -4.25 6.03434628511308 -4.25 6.09655604062971 -4.25 6.15876579614634 -4.25 6.22097555166296 -4.25 6.28318530717959 -4.25 6.28318530717959 0 0.0622097555166296 0 0.124419511033259 0 0.186629266549889 0 0.248839022066518 0 0.311048777583148 0 0.373258533099777 0 0.435468288616407 0 0.497678044133036 0 0.559887799649666 0 0.622097555166296 0 0.684307310682925 0 0.746517066199555 0 0.808726821716184 0 0.870936577232814 0 0.933146332749443 0 0.995356088266073 0 1.0575658437827 0 1.11977559929933 0 1.18198535481596 0 1.24419511033259 0 1.30640486584922 0 1.36861462136585 0 1.43082437688248 0 1.49303413239911 0 1.55524388791574 0 1.61745364343237 0 1.679663398949 0 1.74187315446563 0 1.80408290998226 0 1.86629266549889 0 1.92850242101552 0 1.99071217653215 0 2.05292193204878 0 2.11513168756541 0 2.17734144308204 0 2.23955119859867 0 2.30176095411529 0 2.36397070963192 0 2.42618046514855 0 2.48839022066518 0 2.55059997618181 0 2.61280973169844 0 2.67501948721507 0 2.7372292427317 0 2.79943899824833 0 2.86164875376496 0 2.92385850928159 0 2.98606826479822 0 3.04827802031485 0 3.11048777583148 0 3.17269753134811 0 3.23490728686474 0 3.29711704238137 0 3.359326797898 0 3.42153655341462 0 3.48374630893125 0 3.54595606444788 0 3.60816581996451 0 3.67037557548114 0 3.73258533099777 0 3.7947950865144 0 3.85700484203103 0 3.91921459754766 0 3.98142435306429 0 4.04363410858092 0 4.10584386409755 0 4.16805361961418 0 4.23026337513081 0 4.29247313064744 0 4.35468288616407 0 4.4168926416807 0 4.47910239719733 0 4.54131215271396 0 4.60352190823059 0 4.66573166374722 0 4.72794141926385 0 4.79015117478048 0 4.85236093029711 0 4.91457068581374 0 4.97678044133037 0 5.038990196847 0 5.10119995236363 0 5.16340970788026 0 5.22561946339689 0 5.28782921891352 0 5.35003897443015 0 5.41224872994678 0 5.47445848546341 0 5.53666824098004 0 5.59887799649667 0 5.6610877520133 0 5.72329750752993 0 5.78550726304656 0 5.84771701856319 0 5.90992677407982 0 5.97213652959645 0 6.03434628511308 0 6.09655604062971 0 6.15876579614634 0 6.22097555166296 0 105 1 2 105 2 3 106 3 4 106 105 3 107 4 5 107 106 4 108 5 6 108 107 5 109 6 7 109 108 6 110 7 8 110 109 7 111 8 9 111 110 8 112 9 10 112 111 9 113 10 11 113 112 10 114 11 12 114 12 13 114 113 11 115 114 13 116 13 14 116 115 13 117 14 15 117 15 16 117 116 14 118 117 16 119 16 17 119 118 16 120 17 18 120 119 17 121 18 19 121 19 20 121 120 18 122 121 20 123 20 21 123 122 20 124 21 22 124 22 23 124 123 21 125 124 23 126 23 24 126 125 23 127 24 25 127 25 26 127 126 24 128 127 26 129 128 26 129 26 27 130 129 27 130 27 28 131 130 28 131 28 29 132 131 29 132 29 30 132 30 31 133 132 31 134 133 31 134 31 32 135 134 32 135 32 33 135 33 34 136 135 34 137 34 35 137 136 34 138 35 36 138 137 35 139 36 37 139 138 36 140 37 38 140 139 37 141 38 39 141 140 38 142 39 40 142 141 39 143 40 41 143 142 40 144 41 42 144 143 41 145 42 43 145 144 42 146 43 44 146 145 43 147 44 45 147 146 44 148 45 46 148 147 45 149 46 47 149 148 46 150 47 48 150 149 47 151 48 49 151 150 48 152 49 50 152 151 49 153 50 51 153 152 50 154 153 51 154 51 52 155 154 52 155 52 53 155 53 54 156 155 54 157 156 54 157 54 55 157 55 56 158 157 56 159 158 56 159 56 57 160 159 57 160 57 58 161 160 58 161 58 59 162 161 59 162 59 60 162 60 61 163 162 61 164 163 61 164 61 62 164 62 63 165 164 63 166 165 63 166 63 64 166 64 65 167 166 65 168 167 65 168 65 66 168 66 67 169 168 67 170 67 68 170 169 67 171 68 69 171 170 68 172 69 70 172 70 71 172 171 69 173 172 71 174 71 72 174 72 73 174 173 71 175 174 73 176 73 74 176 175 73 177 74 75 177 176 74 178 177 75 178 75 76 179 178 76 179 76 77 180 179 77 180 77 78 181 180 78 181 78 79 182 181 79 182 79 80 182 80 81 183 182 81 184 183 81 184 81 82 185 184 82 185 82 83 186 185 83 186 83 84 187 186 84 187 84 85 188 187 85 188 85 86 189 188 86 189 86 87 190 189 87 190 87 88 191 190 88 191 88 89 192 191 89 192 89 90 192 90 91 193 192 91 194 193 91 194 91 92 194 92 93 195 194 93 196 195 93 196 93 94 196 94 95 197 196 95 198 197 95 198 95 96 199 198 96 199 96 97 200 199 97 200 97 98 200 98 99 201 200 99 202 201 99 202 99 100 203 202 100 203 100 101 204 101 102 204 102 103 204 203 101 104 204 103 
154 154 1 3.5527136788005e-15
0 5.5 11 0.683866011746286 5.5 10.9787215684695 1.36508627874585 5.5 10.914968595996 2.04102529212443 5.5 10.8089877304449 2.70906797515201 5.5 10.6611889911963 3.36662980046676 5.5 10.47214418286 4.01116678910921 5.5 10.2425846830743 4.64018535268268 5.5 9.9733986129478 5.2512519405624 5.5 9.66562740109196 5.84200245483003 5.5 9.32046175453555 6.41015139650931 5.5 8.93923705211075 6.95350070771759 5.5 8.52342817813179 7.46994827552475 5.5 8.07464381635406 7.95749606461975 5.5 7.59462022628922 8.41425784732112 5.5 7.08521452595438 8.83846650102543 5.5 6.54839750704333 9.22848084486131 5.5 5.9862460103163 9.58279198909945 5.5 5.40093489070655 9.90002917275383 5.5 4.79472860322908 10.1789650667897 5.5 4.16997244224417 10.418520522421 5.5 3.52908346796904 10.6177687461278 5.5 2.87454115534147 10.7759388852399 5.5 2.2088778014129 10.8924190102164 5.5 1.53466872838315 10.9667584820819 5.5 0.854522320179064 10.9986696958616 5.5 0.171069931123854 10.9880291932687 5.5 -0.5130442942616 10.9348781403406 5.5 -1.19517365094023 10.8394221681755 5.5 -1.87267911294639 10.7020305773858 5.5 -2.54293954326468 10.5232349093456 5.5 -3.20336183449978 10.3037268897604 5.5 -3.85139094110531 10.0443557525148 5.5 -4.48451976435859 9.74612495415146 5.5 -5.10029885183861 9.4101882916928 5.5 -5.69634587388159 9.0378454388244 5.5 -6.27035484035162 8.63053691771002 5.5 -6.82010502206853 8.18983852589116 5.5 -7.34346954237769 7.71745523983254 5.5 -7.83842360562258 7.21521461869934 5.5 -8.30305233068583 6.68505973388585 5.5 -8.73555815929229 6.12904165164971 5.5 -9.13426781041277 5.54931149793504 5.5 -9.4976387538633 4.948112136084 5.5 -9.82426517805471 4.32776948963428 5.5 -10.1128834288046 3.69068354377278 5.5 -10.3623768981699 3.03931906025914 5.5 -10.571780344386 2.37619604174133 5.5 -10.7402836261997 1.70387998235494 5.5 -10.8672348371483 1.0249719423248 5.5 -10.9521428276592 0.342098484968219 5.5 -10.9946791052119 -0.342098484968192 5.5 -10.9946791052119 -1.02497194232477 5.5 -10.9521428276592 -1.70387998235491 5.5 -10.8672348371483 -2.3761960417413 5.5 -10.7402836261997 -3.03931906025911 5.5 -10.571780344386 -3.69068354377275 5.5 -10.3623768981699 -4.32776948963425 5.5 -10.1128834288046 -4.94811213608397 5.5 -9.82426517805472 -5.54931149793501 5.5 -9.49763875386331 -6.12904165164969 5.5 -9.13426781041279 -6.68505973388583 5.5 -8.73555815929231 -7.21521461869932 5.5 -8.30305233068585 -7.71745523983252 5.5 -7.8384236056226 -8.18983852589115 5.5 -7.34346954237771 -8.63053691771001 5.5 -6.82010502206855 -9.03784543882439 5.5 -6.27035484035163 -9.41018829169279 5.5 -5.6963458738816 -9.74612495415145 5.5 -5.10029885183862 -10.0443557525148 5.5 -4.48451976435859 -10.3037268897604 5.5 -3.85139094110531 -10.5232349093456 5.5 -3.20336183449978 -10.7020305773858 5.5 -2.54293954326467 -10.8394221681755 5.5 -1.87267911294639 -10.9348781403406 5.5 -1.19517365094022 -10.9880291932687 5.5 -0.513044294261588 -10.9986696958616 5.5 0.171069931123868 -10.9667584820819 5.5 0.85452232017908 -10.8924190102164 5.5 1.53466872838317 -10.7759388852399 5.5 2.20887780141292 -10.6177687461278 5.5 2.87454115534149 -10.418520522421 5.5 3.52908346796907 -10.1789650667896 5.5 4.1699724422442 -9.90002917275382 5.5 4.79472860322911 -9.58279198909944 5.5 5.40093489070658 -9.22848084486129 5.5 5.98624601031633 -8.83846650102541 5.5 6.54839750704336 -8.41425784732109 5.5 7.08521452595441 -7.95749606461971 5.5 7.59462022628925 -7.46994827552471 5.5 8.0746438163541 -6.95350070771755 5.5 8.52342817813182 -6.41015139650926 5.5 8.93923705211079 -5.84200245482997 5.5 9.32046175453559 -5.25125194056234 5.5 9.66562740109199 -4.64018535268262 5.5 9.97339861294783 -4.01116678910914 5.5 10.2425846830743 -3.36662980046669 5.5 10.4721441828601 -2.70906797515194 5.5 10.6611889911963 -2.04102529212434 5.5 10.8089877304449 -1.36508627874577 5.5 10.9149685959961 -0.683866011746194 5.5 10.9787215684695 0 5.5 -3 0.354819512764097 5.5 -2.97894328804055 0.704658137342951 5.5 -2.91606874224123 1.0446049063032 5.5 -2.81225898340236 1.36988771218114 5.5 -2.66897127298424 1.67594029741096 5.5 -2.48821705635061 1.95846635457156 5.5 -2.27253372648486 2.21349983712518 5.5 -2.02494900455463 2.43746063401704 5.5 -1.74893843734342 2.62720482658691 5.5 -1.44837660819223 2.7800688222955 5.5 -1.12748274634271 2.89390674572508 5.5 -0.790761498207203 2.96712056196649 5.5 -0.442939692007444 2.99868250952638 5.5 -0.0888999834676803 2.98814952784565 5.5 0.266387685968803 2.93566947689851 5.5 0.617935856223294 2.84197906156257 5.5 0.960809561588511 2.70839348989723 5.5 1.29019560682956 2.53678801050548 5.5 1.60147013389437 2.32957158815413 5.5 1.89026353074513 2.08965308718899 5.5 2.15252177113299 1.82040043745578 5.5 2.38456332424006 1.52559335594766 5.5 2.58313083530206 1.20937028786392 5.5 2.74543685172905 0.876170311910932 5.5 2.86920295282957 0.530670825367723 5.5 2.95269173384279 0.177721883681148 5.5 2.99473119529296 -0.177721883681138 5.5 2.99473119529296 -0.530670825367713 5.5 2.95269173384279 -0.876170311910922 5.5 2.86920295282957 -1.20937028786391 5.5 2.74543685172906 -1.52559335594766 5.5 2.58313083530207 -1.82040043745577 5.5 2.38456332424006 -2.08965308718899 5.5 2.152521771133 -2.32957158815412 5.5 1.89026353074514 -2.53678801050547 5.5 1.60147013389438 -2.70839348989723 5.5 1.29019560682957 -2.84197906156257 5.5 0.960809561588517 -2.93566947689851 5.5 0.617935856223298 -2.98814952784565 5.5 0.266387685968806 -2.99868250952638 5.5 -0.0888999834676783 -2.96712056196649 5.5 -0.442939692007444 -2.89390674572508 5.5 -0.790761498207204 -2.7800688222955 5.5 -1.12748274634272 -2.62720482658691 5.5 -1.44837660819224 -2.43746063401704 5.5 -1.74893843734342 -2.21349983712518 5.5 -2.02494900455464 -1.95846635457156 5.5 -2.27253372648486 -1.67594029741095 5.5 -2.48821705635061 -1.36988771218113 5.5 -2.66897127298425 -1.04460490630319 5.5 -2.81225898340237 -0.704658137342941 5.5 -2.91606874224123 -0.354819512764086 5.5 -2.97894328804055 -3.5527136788005e-15 -11 0.683866011746286 -10.9787215684695 1.36508627874585 -10.914968595996 2.04102529212443 -10.8089877304449 2.70906797515202 -10.6611889911963 3.36662980046676 -10.47214418286 4.01116678910921 -10.2425846830743 4.64018535268268 -9.9733986129478 5.2512519405624 -9.66562740109196 5.84200245483003 -9.32046175453555 6.41015139650931 -8.93923705211075 6.95350070771759 -8.52342817813179 7.46994827552474 -8.07464381635406 7.95749606461975 -7.59462022628922 8.41425784732112 -7.08521452595438 8.83846650102543 -6.54839750704333 9.22848084486131 -5.9862460103163 9.58279198909945 -5.40093489070655 9.90002917275383 -4.79472860322908 10.1789650667897 -4.16997244224417 10.418520522421 -3.52908346796904 10.6177687461278 -2.87454115534146 10.7759388852399 -2.2088778014129 10.8924190102164 -1.53466872838315 10.9667584820819 -0.854522320179063 10.9986696958616 -0.171069931123855 10.9880291932687 0.513044294261599 10.9348781403406 1.19517365094023 10.8394221681755 1.87267911294639 10.7020305773858 2.54293954326468 10.5232349093456 3.20336183449978 10.3037268897604 3.85139094110531 10.0443557525148 4.48451976435859 9.74612495415146 5.10029885183861 9.4101882916928 5.69634587388159 9.0378454388244 6.27035484035162 8.63053691771002 6.82010502206853 8.18983852589116 7.34346954237769 7.71745523983254 7.83842360562258 7.21521461869934 8.30305233068583 6.68505973388585 8.73555815929229 6.12904165164971 9.13426781041277 5.54931149793504 9.4976387538633 4.948112136084 9.82426517805471 4.32776948963428 10.1128834288046 3.69068354377278 10.3623768981699 3.03931906025914 10.571780344386 2.37619604174133 10.7402836261997 1.70387998235494 10.8672348371483 1.0249719423248 10.9521428276592 0.342098484968218 10.9946791052119 -0.342098484968192 10.9946791052119 -1.02497194232477 10.9521428276592 -1.70387998235491 10.8672348371483 -2.3761960417413 10.7402836261997 -3.03931906025911 10.571780344386 -3.69068354377275 10.3623768981699 -4.32776948963425 10.1128834288046 -4.94811213608397 9.82426517805472 -5.54931149793501 9.49763875386331 -6.12904165164969 9.13426781041279 -6.68505973388583 8.73555815929231 -7.21521461869932 8.30305233068585 -7.71745523983252 7.8384236056226 -8.18983852589115 7.34346954237771 -8.63053691771001 6.82010502206855 -9.03784543882439 6.27035484035163 -9.41018829169279 5.6963458738816 -9.74612495415145 5.10029885183862 -10.0443557525148 4.48451976435859 -10.3037268897604 3.85139094110531 -10.5232349093456 3.20336183449978 -10.7020305773858 2.54293954326467 -10.8394221681755 1.87267911294639 -10.9348781403406 1.19517365094022 -10.9880291932687 0.513044294261588 -10.9986696958616 -0.171069931123869 -10.9667584820819 -0.854522320179081 -10.8924190102164 -1.53466872838317 -10.7759388852399 -2.20887780141292 -10.6177687461278 -2.87454115534149 -10.418520522421 -3.52908346796907 -10.1789650667896 -4.1699724422442 -9.90002917275382 -4.79472860322911 -9.58279198909944 -5.40093489070658 -9.22848084486129 -5.98624601031633 -8.83846650102541 -6.54839750704336 -8.41425784732109 -7.08521452595441 -7.95749606461971 -7.59462022628925 -7.46994827552471 -8.0746438163541 -6.95350070771755 -8.52342817813182 -6.41015139650926 -8.93923705211079 -5.84200245482997 -9.32046175453559 -5.25125194056234 -9.66562740109199 -4.64018535268262 -9.97339861294783 -4.01116678910914 -10.2425846830743 -3.36662980046669 -10.4721441828601 -2.70906797515194 -10.6611889911963 -2.04102529212434 -10.8089877304449 -1.36508627874577 -10.9149685959961 -0.683866011746195 -10.9787215684695 0 3 0.354819512764097 2.97894328804055 0.704658137342951 2.91606874224123 1.0446049063032 2.81225898340236 1.36988771218114 2.66897127298424 1.67594029741096 2.4882170563506 1.95846635457156 2.27253372648486 2.21349983712518 2.02494900455463 2.43746063401704 1.74893843734342 2.62720482658691 1.44837660819223 2.7800688222955 1.12748274634271 2.89390674572508 0.790761498207203 2.96712056196649 0.442939692007444 2.99868250952638 0.0888999834676802 2.98814952784565 -0.266387685968803 2.93566947689851 -0.617935856223294 2.84197906156257 -0.960809561588512 2.70839348989723 -1.29019560682956 2.53678801050548 -1.60147013389437 2.32957158815413 -1.89026353074513 2.08965308718899 -2.15252177113299 1.82040043745578 -2.38456332424006 1.52559335594766 -2.58313083530206 1.20937028786392 -2.74543685172905 0.876170311910931 -2.86920295282957 0.530670825367723 -2.95269173384279 0.177721883681148 -2.99473119529296 -0.177721883681137 -2.99473119529296 -0.530670825367713 -2.95269173384279 -0.876170311910922 -2.86920295282957 -1.20937028786391 -2.74543685172906 -1.52559335594766 -2.58313083530207 -1.82040043745578 -2.38456332424006 -2.08965308718899 -2.152521771133 -2.32957158815412 -1.89026353074514 -2.53678801050548 -1.60147013389438 -2.70839348989723 -1.29019560682957 -2.84197906156257 -0.960809561588517 -2.93566947689851 -0.617935856223298 -2.98814952784565 -0.266387685968807 -2.99868250952638 0.0888999834676785 -2.96712056196649 0.442939692007444 -2.89390674572508 0.790761498207203 -2.7800688222955 1.12748274634272 -2.62720482658691 1.44837660819224 -2.43746063401704 1.74893843734342 -2.21349983712518 2.02494900455464 -1.95846635457156 2.27253372648486 -1.67594029741095 2.48821705635061 -1.36988771218113 2.66897127298425 -1.04460490630319 2.81225898340237 -0.704658137342941 2.91606874224123 -0.354819512764086 2.97894328804055 135 89 90 135 90 91 136 89 135 136 87 88 136 88 89 134 135 91 134 91 92 137 87 136 137 85 86 137 86 87 133 134 92 133 92 93 133 93 94 138 85 137 138 83 84 138 84 85 132 133 94 132 94 95 132 95 96 139 83 138 139 81 82 139 82 83 131 132 96 131 96 97 131 97 98 140 81 139 140 79 80 140 80 81 130 131 98 130 98 99 130 99 100 141 79 140 141 77 78 141 78 79 129 101 1 129 130 100 129 100 101 142 77 141 142 75 76 142 76 77 128 1 2 128 2 3 128 129 1 143 75 142 143 73 74 143 74 75 127 3 4 127 4 5 127 128 3 144 72 73 144 73 143 126 5 6 126 6 7 126 127 5 145 72 144 145 70 71 145 71 72 125 7 8 125 8 9 125 126 7 146 70 145 146 68 69 146 69 70 124 9 10 124 10 11 124 125 9 147 66 67 147 67 68 147 68 146 123 11 12 123 124 11 148 66 147 148 65 66 122 123 12 122 12 13 64 65 148 149 64 148 14 122 13 121 122 14 63 64 149 15 121 14 62 63 149 62 149 150 16 120 121 16 121 15 61 62 150 17 120 16 60 61 150 60 150 151 18 119 120 18 120 17 59 60 151 19 119 18 58 151 152 58 59 151 20 118 119 20 119 19 57 58 152 21 118 20 56 152 153 56 57 152 22 117 118 22 118 21 55 56 153 23 117 22 54 55 153 54 153 154 24 116 117 24 117 23 53 54 154 25 116 24 52 154 102 52 53 154 26 116 25 26 115 116 51 102 103 51 52 102 27 115 26 50 51 103 28 114 115 28 115 27 49 103 104 49 50 103 29 114 28 48 49 104 30 113 114 30 114 29 47 104 105 47 48 104 31 112 113 31 113 30 46 47 105 32 112 31 45 105 106 45 46 105 33 111 112 33 112 32 44 45 106 34 111 33 43 106 107 43 44 106 35 110 111 35 111 34 42 43 107 36 110 35 41 107 108 41 42 107 37 109 110 37 110 36 40 41 108 38 109 37 39 108 109 39 40 108 39 109 38 
112 110 1 3.59582025060182e-15
0 5.5 11 0.61677491960911 5.5 10.982694965196 1.23160923713639 5.5 10.9308343088257 1.8425684563521 5.5 10.8445812037006 2.44773027351946 5.5 10.7242070340001 3.04519062567334 5.5 10.5700905413961 3.63306968150684 5.5 10.382716633392 4.20951775601599 5.5 10.1626748576242 4.77272113029314 5.5 9.91065754692661 5.32090775815764 5.5 9.62745764099629 5.8523528416687 5.5 9.31396619151113 6.36538425797786 5.5 8.97116955855186 6.85838782044607 5.5 8.60014630714833 7.32981235747204 5.5 8.20206381371482 7.77817459305202 5.5 7.77817459305202 8.20206381371482 5.5 7.32981235747204 8.60014630714833 5.5 6.85838782044607 8.97116955855186 5.5 6.36538425797786 9.31396619151113 5.5 5.8523528416687 9.62745764099629 5.5 5.32090775815764 9.91065754692661 5.5 4.77272113029314 10.1626748576242 5.5 4.20951775601599 10.382716633392 5.5 3.63306968150684 10.5700905413961 5.5 3.04519062567334 10.7242070340001 5.5 2.44773027351946 10.8445812037006 5.5 1.8425684563521 10.9308343088257 5.5 1.23160923713639 10.982694965196 5.5 0.61677491960911 11 5.5 6.73555739531044e-16 10.982694965196 5.5 -0.616774919609109 10.9308343088257 5.5 -1.23160923713639 10.8445812037006 5.5 -1.8425684563521 10.7242070340001 5.5 -2.44773027351946 10.5700905413961 5.5 -3.04519062567334 10.382716633392 5.5 -3.63306968150684 10.1626748576242 5.5 -4.20951775601599 9.91065754692661 5.5 -4.77272113029314 9.62745764099629 5.5 -5.32090775815764 9.31396619151113 5.5 -5.8523528416687 8.97116955855186 5.5 -6.36538425797786 8.60014630714833 5.5 -6.85838782044607 8.20206381371482 5.5 -7.32981235747204 7.77817459305202 5.5 -7.77817459305202 7.32981235747204 5.5 -8.20206381371482 6.85838782044607 5.5 -8.60014630714833 6.36538425797786 5.5 -8.97116955855186 5.8523528416687 5.5 -9.31396619151113 5.32090775815764 5.5 -9.62745764099629 4.77272113029314 5.5 -9.91065754692661 4.20951775601599 5.5 -10.1626748576242 3.63306968150684 5.5 -10.382716633392 3.04519062567334 5.5 -10.5700905413961 2.44773027351946 5.5 -10.7242070340001 1.8425684563521 5.5 -10.8445812037006 1.23160923713639 5.5 -10.9308343088257 0.616774919609111 5.5 -10.982694965196 1.34711147906209e-15 5.5 -11 -0.616774919609108 5.5 -10.982694965196 -1.23160923713638 5.5 -10.9308343088257 -1.8425684563521 5.5 -10.8445812037006 -2.44773027351946 5.5 -10.7242070340001 -3.04519062567334 5.5 -10.5700905413961 -3.63306968150684 5.5 -10.382716633392 -4.20951775601599 5.5 -10.1626748576242 -4.77272113029314 5.5 -9.91065754692661 -5.32090775815764 5.5 -9.62745764099629 -5.8523528416687 5.5 -9.31396619151113 -6.36538425797786 5.5 -8.97116955855186 -6.85838782044607 5.5 -8.60014630714833 -7.32981235747204 5.5 -8.20206381371482 -7.77817459305202 5.5 -7.77817459305202 -8.20206381371482 5.5 -7.32981235747204 -8.60014630714833 5.5 -6.85838782044607 -8.97116955855186 5.5 -6.36538425797787 -9.31396619151112 5.5 -5.85235284166871 -9.62745764099628 5.5 -5.32090775815765 -9.9106575469266 5.5 -4.77272113029316 -10.1626748576241 5.5 -4.20951775601601 -10.382716633392 5.5 -3.63306968150687 -10.5700905413961 5.5 -3.04519062567338 -10.7242070340001 5.5 -2.4477302735195 -10.8445812037006 5.5 -1.84256845635215 -10.9308343088257 5.5 -1.23160923713644 -10.982694965196 5.5 -0.616774919609165 -11 5.5 -6.06404429188014e-14 -10.982694965196 5.5 0.616774919609044 -10.9308343088257 5.5 1.23160923713632 -10.8445812037006 5.5 1.84256845635203 -10.7242070340001 5.5 2.44773027351938 -10.5700905413961 5.5 3.04519062567326 -10.3827166333921 5.5 3.63306968150675 -10.1626748576242 5.5 4.2095177560159 -9.91065754692665 5.5 4.77272113029305 -9.62745764099634 5.5 5.32090775815755 -9.31396619151118 5.5 5.85235284166861 -8.97116955855193 5.5 6.36538425797777 -8.6001463071484 5.5 6.85838782044598 -8.2020638137149 5.5 7.32981235747195 -7.77817459305211 5.5 7.77817459305193 -7.32981235747214 5.5 8.20206381371473 -6.85838782044618 5.5 8.60014630714824 -6.36538425797798 5.5 8.97116955855178 -5.85235284166883 5.5 9.31396619151105 -5.32090775815777 5.5 9.62745764099622 -4.77272113029328 5.5 9.91065754692654 -4.20951775601614 5.5 10.1626748576241 -3.633069681507 5.5 10.382716633392 -3.04519062567351 5.5 10.570090541396 -2.44773027351963 5.5 10.724207034 -1.84256845635228 5.5 10.8445812037006 -1.23160923713657 5.5 10.9308343088256 -0.616774919609303 5.5 10.982694965196 -3.5527136788005e-15 -11 0.61677491960911 -10.982694965196 1.23160923713639 -10.9308343088257 1.8425684563521 -10.8445812037006 2.44773027351946 -10.7242070340001 3.04519062567334 -10.5700905413961 3.63306968150684 -10.382716633392 4.20951775601599 -10.1626748576242 4.77272113029314 -9.91065754692661 5.32090775815764 -9.62745764099629 5.8523528416687 -9.31396619151113 6.36538425797786 -8.97116955855186 6.85838782044607 -8.60014630714833 7.32981235747204 -8.20206381371482 7.77817459305202 -7.77817459305202 8.20206381371482 -7.32981235747204 8.60014630714833 -6.85838782044607 8.97116955855186 -6.36538425797786 9.31396619151113 -5.8523528416687 9.62745764099629 -5.32090775815764 9.91065754692661 -4.77272113029314 10.1626748576242 -4.20951775601599 10.382716633392 -3.63306968150684 10.5700905413961 -3.04519062567334 10.7242070340001 -2.44773027351946 10.8445812037006 -1.8425684563521 10.9308343088257 -1.23160923713639 10.982694965196 -0.61677491960911 11 0 10.982694965196 0.616774919609108 10.9308343088257 1.23160923713639 10.8445812037006 1.8425684563521 10.7242070340001 2.44773027351946 10.5700905413961 3.04519062567334 10.382716633392 3.63306968150684 10.1626748576242 4.20951775601599 9.91065754692661 4.77272113029314 9.62745764099629 5.32090775815764 9.31396619151113 5.8523528416687 8.97116955855186 6.36538425797786 8.60014630714833 6.85838782044607 8.20206381371482 7.32981235747204 7.77817459305202 7.77817459305202 7.32981235747204 8.20206381371482 6.85838782044607 8.60014630714833 6.36538425797787 8.97116955855186 5.8523528416687 9.31396619151113 5.32090775815764 9.62745764099629 4.77272113029314 9.91065754692661 4.20951775601599 10.1626748576242 3.63306968150684 10.382716633392 3.04519062567334 10.5700905413961 2.44773027351946 10.7242070340001 1.8425684563521 10.8445812037006 1.23160923713639 10.9308343088257 0.61677491960911 10.982694965196 1.77635683940025e-15 11 -0.616774919609108 10.982694965196 -1.23160923713639 10.9308343088257 -1.8425684563521 10.8445812037006 -2.44773027351946 10.7242070340001 -3.04519062567334 10.5700905413961 -3.63306968150684 10.382716633392 -4.20951775601599 10.1626748576242 -4.77272113029314 9.91065754692661 -5.32090775815764 9.62745764099629 -5.8523528416687 9.31396619151113 -6.36538425797786 8.97116955855186 -6.85838782044607 8.60014630714833 -7.32981235747204 8.20206381371482 -7.77817459305202 7.77817459305203 -8.20206381371482 7.32981235747204 -8.60014630714833 6.85838782044607 -8.97116955855186 6.36538425797787 -9.31396619151112 5.85235284166871 -9.62745764099628 5.32090775815765 -9.9106575469266 4.77272113029316 -10.1626748576241 4.20951775601601 -10.382716633392 3.63306968150687 -10.5700905413961 3.04519062567338 -10.7242070340001 2.4477302735195 -10.8445812037006 1.84256845635215 -10.9308343088257 1.23160923713644 -10.982694965196 0.616774919609165 -11 6.03961325396085e-14 -10.982694965196 -0.616774919609044 -10.9308343088257 -1.23160923713632 -10.8445812037006 -1.84256845635203 -10.7242070340001 -2.44773027351938 -10.5700905413961 -3.04519062567326 -10.3827166333921 -3.63306968150675 -10.1626748576242 -4.2095177560159 -9.91065754692665 -4.77272113029305 -9.62745764099634 -5.32090775815755 -9.31396619151118 -5.85235284166861 -8.97116955855193 -6.36538425797777 -8.6001463071484 -6.85838782044598 -8.2020638137149 -7.32981235747195 -7.77817459305211 -7.77817459305193 -7.32981235747214 -8.20206381371473 -6.85838782044618 -8.60014630714824 -6.36538425797798 -8.97116955855178 -5.85235284166883 -9.31396619151105 -5.32090775815777 -9.62745764099622 -4.77272113029328 -9.91065754692654 -4.20951775601614 -10.1626748576241 -3.633069681507 -10.382716633392 -3.04519062567351 -10.570090541396 -2.44773027351963 -10.724207034 -1.84256845635228 -10.8445812037006 -1.23160923713657 -10.9308343088256 -0.616774919609302 -10.982694965196 102 100 101 103 100 102 94 95 96 94 96 97 94 97 98 105 103 104 93 94 98 92 93 98 92 98 99 92 99 100 89 90 91 110 105 106 110 106 107 110 107 108 110 108 109 88 92 100 88 89 91 88 91 92 87 100 103 87 103 105 87 88 100 112 110 111 1 110 112 84 85 86 84 86 87 4 2 3 82 83 84 80 1 2 80 105 110 80 110 1 80 87 105 80 84 87 80 81 82 80 82 84 7 4 5 7 5 6 7 80 2 7 2 4 78 79 80 77 7 8 77 8 9 77 80 7 77 78 80 75 76 77 12 9 10 12 10 11 12 77 9 73 75 77 73 74 75 14 12 13 68 69 70 18 16 17 67 73 77 67 77 12 67 14 15 67 12 14 67 68 70 67 70 71 67 71 72 67 72 73 19 15 16 19 16 18 20 15 19 66 67 15 66 15 20 22 20 21 64 65 66 63 66 20 63 20 22 63 64 66 61 62 63 59 60 61 59 61 63 28 22 23 28 23 24 28 24 25 28 25 26 28 26 27 56 57 58 55 58 59 55 56 58 31 29 30 32 29 31 54 55 59 33 28 29 33 63 22 33 22 28 33 29 32 52 53 54 35 33 34 50 51 52 50 52 54 49 50 54 37 35 36 38 63 33 38 35 37 38 33 35 39 63 38 39 59 63 39 54 59 45 49 54 45 54 39 45 39 40 45 40 41 45 46 47 45 47 48 45 48 49 43 45 41 43 41 42 43 44 45 
540 908 1 0.0382221470558237
0 0 -12 0.71764984734041 0 -11.9785215572128 1.43273069448293 0 -11.914163116102 2.14268273758364 0 -11.8071550631836 2.84496453258597 0 -11.6578804595144 3.53706209293085 0 -11.4668736694337 4.21649788897611 0 -11.2348184476768 4.8808397169096 0 -10.9625454917112 5.52770940540759 0 -10.6510294680546 6.15479132887087 0 -10.3013855232224 6.75984069676347 0 -9.91486529179194 7.34069158938008 0 -9.49285241587609 7.89526471127655 0 -9.03685759204333 8.4215748346079 0 -8.54851316341614 8.91773790572873 0 -8.0295672763063 9.38197778961636 0 -7.4818776223048 9.81263262797318 0 -6.90740478822808 10.2081607882481 0 -6.30820523772605 10.5671463822809 0 -5.68642394967598 10.8883043348144 0 -5.04428673971479 11.1704849837305 0 -4.38409229239674 11.4126781955418 0 -3.70820393249937 11.614016981408 0 -3.0190411649341 11.7737806007301 0 -2.31907101354664 11.8913971412152 0 -1.61079918981187 11.9664455661742 0 -0.896761123037095 11.9986572217233 0 -0.179512884183169 11.9879167984958 0 0.538377964206173 11.9342627444193 0 1.25434155921183 11.8378871270823 0 1.96581493698164 11.6991349461819 0 2.67025120747576 11.5185028985147 0 3.36512867167202 11.2966375999308 0 4.04795984859395 11.0343332706174 0 4.71630037984707 10.732528891996 0 5.36775777978758 10.3923048454133 0 5.99999999999999 10.0148790446556 0 6.61076377742523 9.60160257613448 0 7.19786273625496 9.1539548623472 0 7.75919521458959 8.6735383659287 0 8.29275178784238 8.16207285325103 0 8.79662246195792 7.62138923810614 0 9.2690035106952 7.05342302750967 0 9.70820393249937 6.46020739308818 0 10.1126515038485 5.8438658928524 0 10.4808984074056 5.20660486941069 0 10.811626414829 4.55070555183513 0 11.103651605688 3.87851588945351 0 11.35592860559 3.19244214680009 0 11.5675543283502 2.4949402898131 0 11.7377712088057 1.78850719411408 0 11.8659699147015 1.07567170684118 0 11.9516915279429 0.35898559403276 0 11.994629187402 -0.358985594032805 0 11.994629187402 -1.07567170684123 0 11.9516915279429 -1.78850719411412 0 11.8659699147015 -2.49494028981314 0 11.7377712088057 -3.19244214680013 0 11.5675543283502 -3.87851588945355 0 11.35592860559 -4.55070555183517 0 11.1036516056879 -5.20660486941073 0 10.811626414829 -5.84386589285244 0 10.4808984074055 -6.46020739308822 0 10.1126515038484 -7.05342302750971 0 9.70820393249934 -7.62138923810618 0 9.26900351069517 -8.16207285325106 0 8.79662246195788 -8.67353836592873 0 8.29275178784234 -9.15395486234723 0 7.75919521458956 -9.6016025761345 0 7.19786273625493 -10.0148790446557 0 6.6107637774252 -10.3923048454133 0 5.99999999999997 -10.7325288919961 0 5.36775777978756 -11.0343332706174 0 4.71630037984706 -11.2966375999308 0 4.04795984859394 -11.5185028985147 0 3.36512867167201 -11.6991349461819 0 2.67025120747575 -11.8378871270823 0 1.96581493698164 -11.9342627444193 0 1.25434155921183 -11.9879167984958 0 0.538377964206171 -11.9986572217233 0 -0.179512884183168 -11.9664455661742 0 -0.896761123037092 -11.8913971412152 0 -1.61079918981186 -11.7737806007301 0 -2.31907101354663 -11.614016981408 0 -3.01904116493409 -11.4126781955418 0 -3.70820393249936 -11.1704849837305 0 -4.38409229239672 -10.8883043348144 0 -5.04428673971477 -10.5671463822809 0 -5.68642394967596 -10.2081607882481 0 -6.30820523772603 -9.81263262797319 0 -6.90740478822806 -9.38197778961638 0 -7.48187762230478 -8.91773790572876 0 -8.02956727630627 -8.42157483460793 0 -8.54851316341611 -7.89526471127659 0 -9.0368575920433 -7.34069158938012 0 -9.49285241587607 -6.75984069676351 0 -9.91486529179191 -6.15479132887092 0 -10.3013855232224 -5.52770940540764 0 -10.6510294680546 -4.88083971690966 0 -10.9625454917112 -4.21649788897617 0 -11.2348184476768 -3.53706209293092 0 -11.4668736694337 -2.84496453258604 0 -11.6578804595144 -2.14268273758372 0 -11.8071550631835 -1.43273069448301 0 -11.914163116102 -0.717649847340495 0 -11.9785215572128 0 0 -12 0 0.916666666666667 -10.5 0 1.83333333333333 -9 0 2.75 -7.5 0 3.66666666666667 -6 0 4.58333333333333 -4.5 0 5.5 -3 0 5.5 -3 0.354819512764097 5.5 -2.97894328804055 0.704658137342951 5.5 -2.91606874224123 1.0446049063032 5.5 -2.81225898340236 1.36988771218114 5.5 -2.66897127298424 1.67594029741096 5.5 -2.48821705635061 1.95846635457156 5.5 -2.27253372648486 2.21349983712518 5.5 -2.02494900455463 2.43746063401704 5.5 -1.74893843734342 2.62720482658691 5.5 -1.44837660819223 2.7800688222955 5.5 -1.12748274634271 2.89390674572508 5.5 -0.790761498207203 2.96712056196649 5.5 -0.442939692007444 2.99868250952638 5.5 -0.0888999834676803 2.98814952784565 5.5 0.266387685968803 2.93566947689851 5.5 0.617935856223294 2.84197906156257 5.5 0.960809561588511 2.70839348989723 5.5 1.29019560682956 2.53678801050548 5.5 1.60147013389437 2.32957158815413 5.5 1.89026353074513 2.08965308718899 5.5 2.15252177113299 1.82040043745578 5.5 2.38456332424006 1.52559335594766 5.5 2.58313083530206 1.20937028786392 5.5 2.74543685172905 0.876170311910932 5.5 2.86920295282957 0.530670825367723 5.5 2.95269173384279 0.177721883681148 5.5 2.99473119529296 -0.177721883681138 5.5 2.99473119529296 -0.530670825367713 5.5 2.95269173384279 -0.876170311910922 5.5 2.86920295282957 -1.20937028786391 5.5 2.74543685172906 -1.52559335594766 5.5 2.58313083530207 -1.82040043745577 5.5 2.38456332424006 -2.08965308718899 5.5 2.152521771133 -2.32957158815412 5.5 1.89026353074514 -2.53678801050547 5.5 1.60147013389438 -2.70839348989723 5.5 1.29019560682957 -2.84197906156257 5.5 0.960809561588517 -2.93566947689851 5.5 0.617935856223298 -2.98814952784565 5.5 0.266387685968806 -2.99868250952638 5.5 -0.0888999834676783 -2.96712056196649 5.5 -0.442939692007444 -2.89390674572508 5.5 -0.790761498207204 -2.7800688222955 5.5 -1.12748274634272 -2.62720482658691 5.5 -1.44837660819224 -2.43746063401704 5.5 -1.74893843734342 -2.21349983712518 5.5 -2.02494900455464 -1.95846635457156 5.5 -2.27253372648486 -1.67594029741095 5.5 -2.48821705635061 -1.36988771218113 5.5 -2.66897127298425 -1.04460490630319 5.5 -2.81225898340237 -0.704658137342941 5.5 -2.91606874224123 -0.354819512764086 5.5 -2.97894328804055 0 0.916666666666667 -10.5 0 1.83333333333333 -9 0 2.75 -7.5 0 3.66666666666667 -6 0 4.58333333333333 -4.5 0.878617354989313 0.916666666666667 -10.4631750221198 1.75107184051907 0.916666666666667 -10.3529583892403 2.61124381523097 0.916666666666667 -10.1701231918506 0.753100589990839 1.83333333333333 -8.96843573324554 3.45309979075512 0.916666666666667 -9.91595188749355 1.50091872044492 1.83333333333333 -8.87396433363454 4.2707347522959 0.916666666666667 -9.59222730524731 2.23820898448369 1.83333333333333 -8.71724845015768 5.05841357806801 0.916666666666667 -9.20122014046057 0.627583824992366 2.75 -7.47369644437128 2.95979982064725 1.83333333333333 -8.49938733213733 5.81061126705511 0.916666666666667 -8.74567302745604 1.25076560037077 2.75 -7.39497027802879 3.6606297876822 1.83333333333333 -8.22190911878341 6.52205169292226 0.916666666666667 -8.22878130192132 1.86517415373641 2.75 -7.26437370846473 4.33578306691544 1.83333333333333 -7.88676012039477 7.18774461225123 0.916666666666667 -7.65417058792482 0.502067059993893 3.66666666666667 -5.97895715549703 2.46649985053937 2.75 -7.08282277678111 4.9805239431901 1.83333333333333 -7.4962911663909 7.80302066751264 0.916666666666667 -7.02587136676801 1.00061248029661 3.66666666666667 -5.91597622242303 3.0505248230685 2.75 -6.85159093231951 5.59033002250479 1.83333333333333 -7.05324111593256 8.36356413925406 0.916666666666667 -6.34829070605494 1.49213932298913 3.66666666666667 -5.81149896677179 3.61315255576286 2.75 -6.57230010032898 6.1609239533582 1.83333333333333 -6.5607176467927 8.86544321777116 0.916666666666667 -5.62618134727947 0.37655029499542 4.58333333333333 -4.48421786662277 1.9731998804315 3.66666666666667 -5.66625822142489 4.15043661932508 2.75 -6.24690930532575 6.68830342929655 1.83333333333333 -6.02217545722972 9.30513758192775 0.916666666666667 -4.86460836875855 0.75045936022246 4.58333333333333 -4.43698216681727 2.4404198584548 3.66666666666667 -5.48127274585561 4.65860835208733 2.75 -5.8777009299438 7.16876926221777 1.83333333333333 -5.44139203376137 9.67956309167925 0.916666666666667 -4.06891365774708 1.11910449224185 4.58333333333333 -4.35862422507884 2.89052204461029 3.66666666666667 -5.25784008026318 5.13410329446516 2.75 -5.46726470566059 7.59895132951814 1.83333333333333 -4.82244115481097 9.98609342109911 0.916666666666667 -3.24467844093695 1.47989991032362 4.58333333333333 -4.24969366606866 3.32034929546006 3.66666666666667 -4.9975274442606 5.57358619108046 2.75 -5.01847954769144 7.97583221308093 1.83333333333333 -4.16966431607876 10.2225784801682 0.916666666666667 -2.39768413616189 1.8303148938411 4.58333333333333 -4.1109545593917 3.72688668166986 3.66666666666667 -4.70216074395504 5.97397438518147 2.75 -4.53449336146781 8.2967683642965 1.83333333333333 -3.48764027806893 10.3873594961114 0.916666666666667 -1.53387179990533 2.16789153345772 4.58333333333333 -3.94338006019739 4.10728263557213 3.66666666666667 -4.37381176452847 6.33245944126511 2.75 -4.01870096234248 8.55950864665638 1.83333333333333 -2.78115294937453 10.4792806484969 0.916666666666667 -0.659300455057799 2.49026197159505 4.58333333333333 -3.74814558319545 4.45886895286437 3.66666666666667 -4.01478363815315 6.64652684423411 2.75 -3.47472026339896 8.76221012585844 1.83333333333333 -2.05515783099591 10.4976971764859 0.916666666666667 0.219895408775238 2.7951650112524 4.58333333333333 -3.52662055796628 4.77917950814518 3.66666666666667 -3.62759468917425 6.91397363691375 2.75 -2.90636689839077 8.90345099666689 1.83333333333333 -1.31474725706171 10.4424799013669 0.916666666666667 1.09754886431035 3.0804619766791 4.58333333333333 -3.28035882339635 5.06596755301209 3.66666666666667 -3.21496076987398 7.13292387221365 2.75 -2.31762745781211 8.98224055585444 1.83333333333333 -0.565114675763828 10.3140161326512 0.916666666666667 1.9675038031501 3.34415171464827 4.58333333333333 -3.01108772861486 5.31722147538729 3.66666666666667 -2.77977621071917 7.3018417715487 2.75 -1.71263152582992 8.99802615127361 1.83333333333333 0.188481778950204 10.1132069513754 0.916666666666667 2.82365811646028 3.58438463110888 4.58333333333333 -2.72069601688069 5.531178909531 3.66666666666667 -2.32509351871262 7.41954249722241 2.75 -1.09562271421809 8.95069705831446 1.83333333333333 0.940756169408872 9.84146088966487 0.916666666666667 3.66000649687905 3.79947566475907 4.58333333333333 -2.41122057740548 5.70633909777092 3.66666666666667 -1.85410196624969 7.48520046321204 2.75 -0.470928896469856 8.8405852565582 1.83333333333333 1.68643183127151 9.50068405089321 0.916666666666667 4.47068256143325 3.98791610654047 4.58333333333333 -2.08483215803938 5.84147341723896 3.66666666666667 -1.37010522066394 7.49835512606134 2.75 0.15706814912517 8.66846310117893 1.83333333333333 2.42027838553738 9.09326673973661 0.916666666666667 5.24999999999999 4.14838418214825 4.58333333333333 -1.74382013903446 5.93563399777793 3.66666666666667 -0.876498171374474 7.45891421526205 2.75 0.783963474507393 8.43553790542703 1.83333333333333 3.13714842589633 8.6220666959039 0.916666666666667 5.99249246068652 4.27975432332819 4.58333333333333 -1.39057647468727 5.98816037056963 3.66666666666667 -0.376743117175885 7.36715438046517 2.75 1.40535985939293 8.14344347219418 1.83333333333333 3.83201362408564 8.09038904914579 0.916666666666667 6.69295189236124 4.38110506292922 4.58333333333333 -1.02757891549795 5.99868410084907 3.66666666666667 0.125654519300136 7.22371925098244 2.75 2.01689865461448 7.79422863405995 1.83333333333333 4.49999999999999 7.50196313614444 0.916666666666667 7.34646507539033 4.45172549833345 4.58333333333333 -0.657373628530855 5.96713137220964 3.66666666666667 0.627170779605915 7.02961492118919 2.75 2.6142903549136 7.39034288220334 1.83333333333333 5.13642210915988 6.86091634189611 0.916666666666667 7.94844808434344 4.49112027792722 4.58333333333333 -0.282557337881914 5.89372350437213 3.66666666666667 1.12428788751434 6.78620289349515 2.75 3.19334468673804 6.93461918498211 1.83333333333333 5.7368159077382 6.17174514907097 0.916666666666667 8.49467844093694 4.4990130756368 4.58333333333333 0.0942408894751021 5.77897540078595 3.66666666666667 1.61351892369159 6.49519052838329 2.75 3.74999999999999 6.43025411669524 1.83333333333333 6.29697006462028 5.43928359841787 0.916666666666667 8.98132473168532 4.47534852915723 4.58333333333333 0.470378084704436 5.62369193695135 3.66666666666667 2.09143228393088 6.15861906850278 2.75 4.28035175763323 5.88078543591095 1.83333333333333 6.8129555008658 4.66866938144174 0.916666666666667 9.40497348251383 4.4202926282791 4.58333333333333 0.843215915635756 5.42896231479612 3.66666666666667 2.55467574939043 5.77884932081842 2.75 4.78067992311517 5.29006727063226 1.83333333333333 7.28115294937452 3.86530780318912 0.916666666666667 9.76265310182664 4.33423155058946 4.58333333333333 1.21013919276869 5.19615242270663 3.66666666666667 2.99999999999999 5.35854509724603 2.75 5.24747505385024 4.66224308435818 1.83333333333333 7.69827834144456 3.03483386791695 0.916666666666667 10.0518547240867 4.21776895271351 4.58333333333333 1.56857421294816 4.92689525480223 3.66666666666667 3.42428140610658 4.90065452992579 2.75 5.67746291738817 4.00171661266435 1.83333333333333 8.06140584215471 2.18307275358647 0.916666666666667 10.270549807705 4.07172173609709 4.58333333333333 1.91600681204282 4.62307945665474 3.66666666666667 3.82454393849213 4.40838939219355 2.75 6.0676274578121 3.3131209741621 1.83333333333333 8.36798837299426 1.31599895242519 0.916666666666667 10.417204363802 3.89711431702998 4.58333333333333 2.25 4.28683607779682 3.66666666666667 4.19798004308019 3.88520257029848 2.75 6.4152319512038 2.60128617250025 1.83333333333333 8.61587547778861 0.439694364156593 0.916666666666667 10.490789716038 3.69517144110167 4.58333333333333 2.56821105457994 3.92052362394064 3.66666666666667 4.54197033391054 3.33476384388696 2.75 6.71783820179559 1.87120521735983 1.83333333333333 8.80332840660425 -0.4396943641566 0.916666666666667 10.490789716038 3.46730959249105 4.58333333333333 2.8684079538691 3.52671151375484 3.66666666666667 4.85410196624968 2.76093414513509 2.75 6.97332364416189 1.12799910207874 1.83333333333333 8.9290323118303 -1.3159989524252 0.916666666666667 10.417204363802 3.21512705834762 4.58333333333333 3.14848503231014 3.10816205623878 3.66666666666667 5.13218556096304 2.16773847708354 2.75 7.1798962314905 0.376880883562794 1.83333333333333 8.99210547088973 -2.18307275358648 0.916666666666667 10.270549807705 2.94039271795548 4.58333333333333 3.4064777504329 2.66781107510957 3.66666666666667 5.37427056143648 1.55933768113319 2.75 7.33610700550354 -0.3768808835628 1.83333333333333 8.99210547088973 -3.03483386791696 0.916666666666667 10.0518547240867 2.64503363531613 4.58333333333333 3.64057647468726 2.20874731610807 3.66666666666667 5.57865891532951 0.939999251732281 2.75 7.44086025985858 -1.12799910207874 1.83333333333333 8.9290323118303 -3.86530780318913 0.916666666666667 9.76265310182664 2.33112154217909 4.58333333333333 3.84913917072228 1.73419078166683 3.66666666666667 5.7439169851924 0.314067402968995 2.75 7.49342122574144 -1.87120521735984 1.83333333333333 8.80332840660425 -4.66866938144175 0.916666666666667 9.40497348251383 2.00085830633217 4.58333333333333 4.03070292107736 1.24747014490656 3.66666666666667 5.86888560440283 -0.314067402969 2.75 7.49342122574144 -2.60128617250025 1.83333333333333 8.6158754777886 -5.43928359841788 0.916666666666667 8.98132473168531 1.65656048708105 4.58333333333333 4.18399418649713 0.751999401385825 3.66666666666667 5.95268820788687 -0.939999251732285 2.75 7.44086025985858 -3.31312097416211 1.83333333333333 8.36798837299426 -6.17174514907098 0.916666666666667 8.49467844093694 1.30064308625012 4.58333333333333 4.3079377388943 0.251253922375196 3.66666666666667 5.99473698059315 -1.5593376811332 2.75 7.33610700550354 -4.00171661266435 1.83333333333333 8.06140584215471 -6.86091634189612 0.916666666666667 7.94844808434343 0.935602608679917 4.58333333333333 4.40166420330212 -0.2512539223752 3.66666666666667 5.99473698059315 -2.16773847708354 2.75 7.1798962314905 -4.66224308435818 1.83333333333333 7.69827834144455 -7.50196313614445 0.916666666666667 7.34646507539033 0.563999551039368 4.58333333333333 4.46451615591515 -0.751999401385828 3.66666666666667 5.95268820788687 -2.76093414513509 2.75 6.97332364416188 -5.29006727063227 1.83333333333333 7.28115294937452 -8.0903890491458 0.916666666666667 6.69295189236123 0.188440441781397 4.58333333333333 4.49605273544486 -1.24747014490656 3.66666666666667 5.86888560440283 -3.33476384388696 2.75 6.71783820179559 -5.88078543591096 1.83333333333333 6.8129555008658 -8.6220666959039 0.916666666666667 5.99249246068652 -0.1884404417814 4.58333333333333 4.49605273544486 -1.73419078166683 3.66666666666667 5.7439169851924 -3.88520257029848 2.75 6.4152319512038 -6.43025411669524 1.83333333333333 6.29697006462028 -9.09326673973661 0.916666666666667 5.24999999999999 -0.563999551039371 4.58333333333333 4.46451615591515 -2.20874731610807 3.66666666666667 5.57865891532951 -4.40838939219356 2.75 6.0676274578121 -6.93461918498211 1.83333333333333 5.7368159077382 -9.50068405089321 0.916666666666667 4.47068256143325 -0.93560260867992 4.58333333333333 4.40166420330212 -2.66781107510957 3.66666666666667 5.37427056143648 -4.9006545299258 2.75 5.67746291738817 -7.39034288220334 1.83333333333333 5.13642210915988 -9.84146088966487 0.916666666666667 3.66000649687904 -1.30064308625013 4.58333333333333 4.3079377388943 -3.10816205623879 3.66666666666667 5.13218556096304 -5.35854509724603 2.75 5.24747505385023 -7.79422863405995 1.83333333333333 4.49999999999999 -10.1132069513754 0.916666666666667 2.82365811646027 -1.65656048708105 4.58333333333333 4.18399418649713 -3.52671151375484 3.66666666666667 4.85410196624968 -5.77884932081842 2.75 4.78067992311517 -8.14344347219418 1.83333333333333 3.83201362408564 -10.3140161326512 0.916666666666667 1.96750380315009 -2.00085830633218 4.58333333333333 4.03070292107736 -3.92052362394064 3.66666666666667 4.54197033391053 -6.15861906850279 2.75 4.28035175763323 -8.43553790542703 1.83333333333333 3.13714842589632 -10.4424799013669 0.916666666666667 1.09754886431034 -2.33112154217909 4.58333333333333 3.84913917072228 -4.28683607779683 3.66666666666667 4.19798004308019 -6.49519052838329 2.75 3.74999999999999 -8.66846310117893 1.83333333333333 2.42027838553738 -10.4976971764859 0.916666666666667 0.219895408775227 -2.64503363531613 4.58333333333333 3.64057647468726 -4.62307945665474 3.66666666666667 3.82454393849213 -6.78620289349515 2.75 3.19334468673804 -8.8405852565582 1.83333333333333 1.68643183127151 -10.4792806484969 0.916666666666667 -0.659300455057813 -2.94039271795548 4.58333333333333 3.4064777504329 -4.92689525480223 3.66666666666667 3.42428140610658 -7.02961492118919 2.75 2.6142903549136 -8.95069705831446 1.83333333333333 0.940756169408864 -10.3873594961114 0.916666666666667 -1.53387179990535 -3.21512705834762 4.58333333333333 3.14848503231014 -5.19615242270664 3.66666666666667 2.99999999999999 -7.22371925098244 2.75 2.01689865461448 -8.99802615127361 1.83333333333333 0.188481778950195 -10.2225784801682 0.916666666666667 -2.39768413616191 -3.46730959249105 4.58333333333333 2.8684079538691 -5.42896231479612 3.66666666666667 2.55467574939043 -7.36715438046517 2.75 1.40535985939292 -8.98224055585444 1.83333333333333 -0.565114675763839 -9.9860934210991 0.916666666666667 -3.24467844093697 -3.69517144110167 4.58333333333333 2.56821105457994 -5.62369193695135 3.66666666666667 2.09143228393088 -7.45891421526205 2.75 0.783963474507387 -8.90345099666689 1.83333333333333 -1.31474725706172 -9.67956309167925 0.916666666666667 -4.06891365774711 -3.89711431702998 4.58333333333333 2.24999999999999 -5.77897540078595 3.66666666666667 1.61351892369158 -7.49835512606134 2.75 0.157068149125162 -8.76221012585844 1.83333333333333 -2.05515783099592 -9.30513758192774 0.916666666666667 -4.86460836875857 -4.07172173609709 4.58333333333333 1.91600681204282 -5.89372350437213 3.66666666666667 1.12428788751434 -7.48520046321204 2.75 -0.470928896469866 -8.55950864665638 1.83333333333333 -2.78115294937455 -8.86544321777114 0.916666666666667 -5.62618134727949 -4.21776895271351 4.58333333333333 1.56857421294816 -5.96713137220964 3.66666666666667 0.62717077960591 -7.41954249722241 2.75 -1.0956227142181 -8.2967683642965 1.83333333333333 -3.48764027806895 -8.36356413925404 0.916666666666667 -6.34829070605496 -4.33423155058946 4.58333333333333 1.21013919276869 -5.99868410084907 3.66666666666667 0.12565451930013 -7.3018417715487 2.75 -1.71263152582994 -7.97583221308092 1.83333333333333 -4.16966431607878 -7.80302066751262 0.916666666666667 -7.02587136676804 -4.4202926282791 4.58333333333333 0.843215915635753 -5.98816037056963 3.66666666666667 -0.376743117175893 -7.13292387221365 2.75 -2.31762745781212 -7.59895132951812 1.83333333333333 -4.82244115481099 -7.18774461225121 0.916666666666667 -7.65417058792484 -4.47534852915723 4.58333333333333 0.470378084704432 -5.93563399777793 3.66666666666667 -0.876498171374483 -6.91397363691375 2.75 -2.90636689839079 -7.16876926221775 1.83333333333333 -5.44139203376139 -6.52205169292223 0.916666666666667 -8.22878130192134 -4.4990130756368 4.58333333333333 0.0942408894750973 -5.84147341723896 3.66666666666667 -1.37010522066395 -6.6465268442341 2.75 -3.47472026339898 -6.68830342929653 1.83333333333333 -6.02217545722974 -5.81061126705508 0.916666666666667 -8.74567302745606 -4.49112027792722 4.58333333333333 -0.28255733788192 -5.70633909777092 3.66666666666667 -1.8541019662497 -6.3324594412651 2.75 -4.01870096234249 -6.16092395335818 1.83333333333333 -6.56071764679272 -5.05841357806798 0.916666666666667 -9.20122014046058 -4.45172549833345 4.58333333333333 -0.657373628530862 -5.531178909531 3.66666666666667 -2.32509351871263 -5.97397438518146 2.75 -4.53449336146783 -5.59033002250477 1.83333333333333 -7.05324111593258 -4.27073475229587 0.916666666666667 -9.59222730524733 -4.38110506292922 4.58333333333333 -1.02757891549796 -5.31722147538728 3.66666666666667 -2.77977621071918 -5.57358619108044 2.75 -5.01847954769145 -4.98052394319007 1.83333333333333 -7.49629116639091 -3.45309979075509 0.916666666666667 -9.91595188749356 -4.27975432332819 4.58333333333333 -1.39057647468727 -5.06596755301208 3.66666666666667 -3.21496076987399 -5.13410329446515 2.75 -5.4672647056606 -4.33578306691541 1.83333333333333 -7.88676012039479 -2.61124381523094 0.916666666666667 -10.1701231918506 -4.14838418214825 4.58333333333333 -1.74382013903447 -4.77917950814517 3.66666666666667 -3.62759468917426 -4.65860835208731 2.75 -5.87770092994381 -3.66062978768217 1.83333333333333 -8.22190911878342 -1.75107184051903 0.916666666666667 -10.3529583892403 -3.98791610654046 4.58333333333333 -2.08483215803939 -4.45886895286435 3.66666666666667 -4.01478363815316 -4.15043661932506 2.75 -6.24690930532576 -2.95979982064722 1.83333333333333 -8.49938733213734 -0.87861735498927 0.916666666666667 -10.4631750221198 -3.79947566475906 4.58333333333333 -2.4112205774055 -4.10728263557212 3.66666666666667 -4.37381176452848 -3.61315255576284 2.75 -6.57230010032899 -2.23820898448366 1.83333333333333 -8.71724845015769 -3.58438463110887 4.58333333333333 -2.7206960168807 -3.72688668166985 3.66666666666667 -4.70216074395505 -3.05052482306848 2.75 -6.85159093231952 -1.50091872044489 1.83333333333333 -8.87396433363455 -3.34415171464826 4.58333333333333 -3.01108772861487 -3.32034929546005 3.66666666666667 -4.99752744426061 -2.46649985053935 2.75 -7.08282277678112 -0.753100589990803 1.83333333333333 -8.96843573324554 -3.08046197667909 4.58333333333333 -3.28035882339636 -2.89052204461027 3.66666666666667 -5.25784008026319 -1.86517415373638 2.75 -7.26437370846474 -2.79516501125238 4.58333333333333 -3.52662055796629 -2.44041985845478 3.66666666666667 -5.48127274585561 -1.25076560037074 2.75 -7.39497027802879 -2.49026197159503 4.58333333333333 -3.74814558319546 -1.97319988043148 3.66666666666667 -5.66625822142489 -0.627583824992336 2.75 -7.47369644437128 -2.1678915334577 4.58333333333333 -3.94338006019739 -1.49213932298911 3.66666666666667 -5.81149896677179 -1.83031489384109 4.58333333333333 -4.11095455939171 -1.00061248029659 3.66666666666667 -5.91597622242303 -1.47989991032361 4.58333333333333 -4.24969366606867 -0.502067059993869 3.66666666666667 -5.97895715549703 -1.11910449224183 4.58333333333333 -4.35862422507884 -0.750459360222443 4.58333333333333 -4.43698216681727 -0.376550294995401 4.58333333333333 -4.48421786662277 0 0 0.059839860068377 0 0.119679720136754 0 0.179519580205131 0 0.239359440273508 0 0.299199300341885 0 0.359039160410262 0 0.418879020478639 0 0.478718880547016 0 0.538558740615393 0 0.59839860068377 0 0.658238460752147 0 0.718078320820524 0 0.777918180888901 0 0.837758040957278 0 0.897597901025655 0 0.957437761094032 0 1.01727762116241 0 1.07711748123079 0 1.13695734129916 0 1.19679720136754 0 1.25663706143592 0 1.31647692150429 0 1.37631678157267 0 1.43615664164105 0 1.49599650170942 0 1.5558363617778 0 1.61567622184618 0 1.67551608191456 0 1.73535594198293 0 1.79519580205131 0 1.85503566211969 0 1.91487552218806 0 1.97471538225644 0 2.03455524232482 0 2.09439510239319 0 2.15423496246157 0 2.21407482252995 0 2.27391468259833 0 2.3337545426667 0 2.39359440273508 0 2.45343426280346 0 2.51327412287183 0 2.57311398294021 0 2.63295384300859 0 2.69279370307697 0 2.75263356314534 0 2.81247342321372 0 2.8723132832821 0 2.93215314335048 0 2.99199300341885 0 3.05183286348723 0 3.11167272355561 0 3.17151258362398 0 3.23135244369236 0 3.29119230376074 0 3.35103216382912 0 3.41087202389749 0 3.47071188396587 0 3.53055174403425 0 3.59039160410262 0 3.650231464171 0 3.71007132423938 0 3.76991118430776 0 3.82975104437613 0 3.88959090444451 0 3.94943076451289 0 4.00927062458126 0 4.06911048464964 0 4.12895034471802 0 4.18879020478639 0 4.24863006485477 0 4.30846992492315 0 4.36830978499152 0 4.4281496450599 0 4.48798950512828 0 4.54782936519665 0 4.60766922526503 0 4.66750908533341 0 4.72734894540178 0 4.78718880547016 0 4.84702866553854 0 4.90686852560691 0 4.96670838567529 0 5.02654824574367 0 5.08638810581204 0 5.14622796588042 0 5.2060678259488 0 5.26590768601717 0 5.32574754608555 0 5.38558740615393 0 5.44542726622231 0 5.50526712629068 0 5.56510698635906 0 5.62494684642744 0 5.68478670649581 0 5.74462656656419 0 5.80446642663257 0 5.86430628670094 0 5.92414614676932 0 5.9839860068377 0 6.04382586690607 0 6.10366572697445 0 6.16350558704283 0 6.2233454471112 0 6.28318530717959 0 6.28318530717959 1.75791859247742 6.28318530717959 3.51583718495483 6.28318530717959 5.27375577743225 6.28318530717959 7.03167436990966 6.28318530717959 8.78959296238708 6.28318530717959 10.5475115548645 0 10.5475115548645 0.1185506661732 10.5475115548645 0.237101332346399 10.5475115548645 0.355651998519599 10.5475115548645 0.474202664692799 10.5475115548645 0.592753330865999 10.5475115548645 0.711303997039198 10.5475115548645 0.829854663212398 10.5475115548645 0.948405329385598 10.5475115548645 1.0669559955588 10.5475115548645 1.185506661732 10.5475115548645 1.3040573279052 10.5475115548645 1.4226079940784 10.5475115548645 1.5411586602516 10.5475115548645 1.6597093264248 10.5475115548645 1.778259992598 10.5475115548645 1.8968106587712 10.5475115548645 2.01536132494439 10.5475115548645 2.13391199111759 10.5475115548645 2.25246265729079 10.5475115548645 2.37101332346399 10.5475115548645 2.48956398963719 10.5475115548645 2.60811465581039 10.5475115548645 2.72666532198359 10.5475115548645 2.84521598815679 10.5475115548645 2.96376665432999 10.5475115548645 3.08231732050319 10.5475115548645 3.20086798667639 10.5475115548645 3.31941865284959 10.5475115548645 3.43796931902279 10.5475115548645 3.55651998519599 10.5475115548645 3.67507065136919 10.5475115548645 3.79362131754239 10.5475115548645 3.91217198371559 10.5475115548645 4.03072264988879 10.5475115548645 4.14927331606199 10.5475115548645 4.26782398223519 10.5475115548645 4.38637464840839 10.5475115548645 4.50492531458159 10.5475115548645 4.62347598075479 10.5475115548645 4.74202664692799 10.5475115548645 4.86057731310119 10.5475115548645 4.97912797927439 10.5475115548645 5.09767864544759 10.5475115548645 5.21622931162079 10.5475115548645 5.33477997779399 10.5475115548645 5.45333064396719 10.5475115548645 5.57188131014039 10.5475115548645 5.69043197631359 10.5475115548645 5.80898264248679 10.5475115548645 5.92753330865999 10.5475115548645 6.04608397483319 10.5475115548645 6.16463464100639 10.5475115548645 0 1.75791859247742 0 3.51583718495483 0 5.27375577743225 0 7.03167436990966 0 8.78959296238708 0.0837758040957278 1.75791859247742 0.167551608191456 1.75791859247742 0.251327412287183 1.75791859247742 0.0837758040957278 3.51583718495483 0.335103216382911 1.75791859247742 0.167551608191456 3.51583718495483 0.418879020478639 1.75791859247742 0.251327412287183 3.51583718495483 0.502654824574367 1.75791859247742 0.0837758040957278 5.27375577743225 0.335103216382911 3.51583718495483 0.586430628670095 1.75791859247742 0.167551608191456 5.27375577743225 0.418879020478639 3.51583718495483 0.670206432765822 1.75791859247742 0.251327412287183 5.27375577743225 0.502654824574367 3.51583718495483 0.75398223686155 1.75791859247742 0.0837758040957278 7.03167436990966 0.335103216382911 5.27375577743225 0.586430628670095 3.51583718495483 0.837758040957278 1.75791859247742 0.167551608191456 7.03167436990966 0.418879020478639 5.27375577743225 0.670206432765822 3.51583718495483 0.921533845053006 1.75791859247742 0.251327412287183 7.03167436990966 0.502654824574367 5.27375577743225 0.75398223686155 3.51583718495483 1.00530964914873 1.75791859247742 0.0837758040957278 8.78959296238708 0.335103216382911 7.03167436990966 0.586430628670095 5.27375577743225 0.837758040957278 3.51583718495483 1.08908545324446 1.75791859247742 0.167551608191456 8.78959296238708 0.418879020478639 7.03167436990966 0.670206432765822 5.27375577743225 0.921533845053006 3.51583718495483 1.17286125734019 1.75791859247742 0.251327412287183 8.78959296238708 0.502654824574367 7.03167436990966 0.75398223686155 5.27375577743225 1.00530964914873 3.51583718495483 1.25663706143592 1.75791859247742 0.335103216382911 8.78959296238708 0.586430628670095 7.03167436990966 0.837758040957278 5.27375577743225 1.08908545324446 3.51583718495483 1.34041286553164 1.75791859247742 0.418879020478639 8.78959296238708 0.670206432765822 7.03167436990966 0.921533845053006 5.27375577743225 1.17286125734019 3.51583718495483 1.42418866962737 1.75791859247742 0.502654824574367 8.78959296238708 0.75398223686155 7.03167436990966 1.00530964914873 5.27375577743225 1.25663706143592 3.51583718495483 1.5079644737231 1.75791859247742 0.586430628670095 8.78959296238708 0.837758040957278 7.03167436990966 1.08908545324446 5.27375577743225 1.34041286553164 3.51583718495483 1.59174027781883 1.75791859247742 0.670206432765822 8.78959296238708 0.921533845053006 7.03167436990966 1.17286125734019 5.27375577743225 1.42418866962737 3.51583718495483 1.67551608191456 1.75791859247742 0.75398223686155 8.78959296238708 1.00530964914873 7.03167436990966 1.25663706143592 5.27375577743225 1.5079644737231 3.51583718495483 1.75929188601028 1.75791859247742 0.837758040957278 8.78959296238708 1.08908545324446 7.03167436990966 1.34041286553164 5.27375577743225 1.59174027781883 3.51583718495483 1.84306769010601 1.75791859247742 0.921533845053006 8.78959296238708 1.17286125734019 7.03167436990966 1.42418866962737 5.27375577743225 1.67551608191456 3.51583718495483 1.92684349420174 1.75791859247742 1.00530964914873 8.78959296238708 1.25663706143592 7.03167436990966 1.5079644737231 5.27375577743225 1.75929188601028 3.51583718495483 2.01061929829747 1.75791859247742 1.08908545324446 8.78959296238708 1.34041286553164 7.03167436990966 1.59174027781883 5.27375577743225 1.84306769010601 3.51583718495483 2.09439510239319 1.75791859247742 1.17286125734019 8.78959296238708 1.42418866962737 7.03167436990966 1.67551608191456 5.27375577743225 1.92684349420174 3.51583718495483 2.17817090648892 1.75791859247742 1.25663706143592 8.78959296238708 1.5079644737231 7.03167436990966 1.75929188601028 5.27375577743225 2.01061929829747 3.51583718495483 2.26194671058465 1.75791859247742 1.34041286553164 8.78959296238708 1.59174027781883 7.03167436990966 1.84306769010601 5.27375577743225 2.09439510239319 3.51583718495483 2.34572251468038 1.75791859247742 1.42418866962737 8.78959296238708 1.67551608191456 7.03167436990966 1.92684349420174 5.27375577743225 2.17817090648892 3.51583718495483 2.42949831877611 1.75791859247742 1.5079644737231 8.78959296238708 1.75929188601028 7.03167436990966 2.01061929829747 5.27375577743225 2.26194671058465 3.51583718495483 2.51327412287183 1.75791859247742 1.59174027781883 8.78959296238708 1.84306769010601 7.03167436990966 2.09439510239319 5.27375577743225 2.34572251468038 3.51583718495483 2.59704992696756 1.75791859247742 1.67551608191456 8.78959296238708 1.92684349420174 7.03167436990966 2.17817090648892 5.27375577743225 2.42949831877611 3.51583718495483 2.68082573106329 1.75791859247742 1.75929188601028 8.78959296238708 2.01061929829747 7.03167436990966 2.26194671058465 5.27375577743225 2.51327412287183 3.51583718495483 2.76460153515902 1.75791859247742 1.84306769010601 8.78959296238708 2.09439510239319 7.03167436990966 2.34572251468038 5.27375577743225 2.59704992696756 3.51583718495483 2.84837733925475 1.75791859247742 1.92684349420174 8.78959296238708 2.17817090648892 7.03167436990966 2.42949831877611 5.27375577743225 2.68082573106329 3.51583718495483 2.93215314335047 1.75791859247742 2.01061929829747 8.78959296238708 2.26194671058465 7.03167436990966 2.51327412287183 5.27375577743225 2.76460153515902 3.51583718495483 3.0159289474462 1.75791859247742 2.09439510239319 8.78959296238708 2.34572251468038 7.03167436990966 2.59704992696756 5.27375577743225 2.84837733925475 3.51583718495483 3.09970475154193 1.75791859247742 2.17817090648892 8.78959296238708 2.42949831877611 7.03167436990966 2.68082573106329 5.27375577743225 2.93215314335047 3.51583718495483 3.18348055563766 1.75791859247742 2.26194671058465 8.78959296238708 2.51327412287183 7.03167436990966 2.76460153515902 5.27375577743225 3.0159289474462 3.51583718495483 3.26725635973339 1.75791859247742 2.34572251468038 8.78959296238708 2.59704992696756 7.03167436990966 2.84837733925475 5.27375577743225 3.09970475154193 3.51583718495483 3.35103216382911 1.75791859247742 2.42949831877611 8.78959296238708 2.68082573106329 7.03167436990966 2.93215314335047 5.27375577743225 3.18348055563766 3.51583718495483 3.43480796792484 1.75791859247742 2.51327412287183 8.78959296238708 2.76460153515902 7.03167436990966 3.0159289474462 5.27375577743225 3.26725635973339 3.51583718495483 3.51858377202057 1.75791859247742 2.59704992696756 8.78959296238708 2.84837733925475 7.03167436990966 3.09970475154193 5.27375577743225 3.35103216382911 3.51583718495483 3.6023595761163 1.75791859247742 2.68082573106329 8.78959296238708 2.93215314335047 7.03167436990966 3.18348055563766 5.27375577743225 3.43480796792484 3.51583718495483 3.68613538021203 1.75791859247742 2.76460153515902 8.78959296238708 3.0159289474462 7.03167436990966 3.26725635973339 5.27375577743225 3.51858377202057 3.51583718495483 3.76991118430775 1.75791859247742 2.84837733925475 8.78959296238708 3.09970475154193 7.03167436990966 3.35103216382911 5.27375577743225 3.6023595761163 3.51583718495483 3.85368698840348 1.75791859247742 2.93215314335047 8.78959296238708 3.18348055563766 7.03167436990966 3.43480796792484 5.27375577743225 3.68613538021203 3.51583718495483 3.93746279249921 1.75791859247742 3.0159289474462 8.78959296238708 3.26725635973339 7.03167436990966 3.51858377202057 5.27375577743225 3.76991118430775 3.51583718495483 4.02123859659494 1.75791859247742 3.09970475154193 8.78959296238708 3.35103216382911 7.03167436990966 3.6023595761163 5.27375577743225 3.85368698840348 3.51583718495483 4.10501440069066 1.75791859247742 3.18348055563766 8.78959296238708 3.43480796792484 7.03167436990966 3.68613538021203 5.27375577743225 3.93746279249921 3.51583718495483 4.18879020478639 1.75791859247742 3.26725635973339 8.78959296238708 3.51858377202057 7.03167436990966 3.76991118430775 5.27375577743225 4.02123859659494 3.51583718495483 4.27256600888212 1.75791859247742 3.35103216382911 8.78959296238708 3.6023595761163 7.03167436990966 3.85368698840348 5.27375577743225 4.10501440069066 3.51583718495483 4.35634181297785 1.75791859247742 3.43480796792484 8.78959296238708 3.68613538021203 7.03167436990966 3.93746279249921 5.27375577743225 4.18879020478639 3.51583718495483 4.44011761707358 1.75791859247742 3.51858377202057 8.78959296238708 3.76991118430775 7.03167436990966 4.02123859659494 5.27375577743225 4.27256600888212 3.51583718495483 4.5238934211693 1.75791859247742 3.6023595761163 8.78959296238708 3.85368698840348 7.03167436990966 4.10501440069066 5.27375577743225 4.35634181297785 3.51583718495483 4.60766922526503 1.75791859247742 3.68613538021203 8.78959296238708 3.93746279249921 7.03167436990966 4.18879020478639 5.27375577743225 4.44011761707358 3.51583718495483 4.69144502936076 1.75791859247742 3.76991118430775 8.78959296238708 4.02123859659494 7.03167436990966 4.27256600888212 5.27375577743225 4.5238934211693 3.51583718495483 4.77522083345649 1.75791859247742 3.85368698840348 8.78959296238708 4.10501440069066 7.03167436990966 4.35634181297785 5.27375577743225 4.60766922526503 3.51583718495483 4.85899663755222 1.75791859247742 3.93746279249921 8.78959296238708 4.18879020478639 7.03167436990966 4.44011761707358 5.27375577743225 4.69144502936076 3.51583718495483 4.94277244164794 1.75791859247742 4.02123859659494 8.78959296238708 4.27256600888212 7.03167436990966 4.5238934211693 5.27375577743225 4.77522083345649 3.51583718495483 5.02654824574367 1.75791859247742 4.10501440069066 8.78959296238708 4.35634181297785 7.03167436990966 4.60766922526503 5.27375577743225 4.85899663755222 3.51583718495483 5.1103240498394 1.75791859247742 4.18879020478639 8.78959296238708 4.44011761707358 7.03167436990966 4.69144502936076 5.27375577743225 4.94277244164794 3.51583718495483 5.19409985393513 1.75791859247742 4.27256600888212 8.78959296238708 4.5238934211693 7.03167436990966 4.77522083345649 5.27375577743225 5.02654824574367 3.51583718495483 5.27787565803086 1.75791859247742 4.35634181297785 8.78959296238708 4.60766922526503 7.03167436990966 4.85899663755222 5.27375577743225 5.1103240498394 3.51583718495483 5.36165146212658 1.75791859247742 4.44011761707358 8.78959296238708 4.69144502936076 7.03167436990966 4.94277244164794 5.27375577743225 5.19409985393513 3.51583718495483 5.44542726622231 1.75791859247742 4.5238934211693 8.78959296238708 4.77522083345649 7.03167436990966 5.02654824574367 5.27375577743225 5.27787565803086 3.51583718495483 5.52920307031804 1.75791859247742 4.60766922526503 8.78959296238708 4.85899663755222 7.03167436990966 5.1103240498394 5.27375577743225 5.36165146212658 3.51583718495483 5.61297887441377 1.75791859247742 4.69144502936076 8.78959296238708 4.94277244164794 7.03167436990966 5.19409985393513 5.27375577743225 5.44542726622231 3.51583718495483 5.6967546785095 1.75791859247742 4.77522083345649 8.78959296238708 5.02654824574367 7.03167436990966 5.27787565803086 5.27375577743225 5.52920307031804 3.51583718495483 5.78053048260522 1.75791859247742 4.85899663755222 8.78959296238708 5.1103240498394 7.03167436990966 5.36165146212658 5.27375577743225 5.61297887441377 3.51583718495483 5.86430628670095 1.75791859247742 4.94277244164794 8.78959296238708 5.19409985393513 7.03167436990966 5.44542726622231 5.27375577743225 5.6967546785095 3.51583718495483 5.94808209079668 1.75791859247742 5.02654824574367 8.78959296238708 5.27787565803086 7.03167436990966 5.52920307031804 5.27375577743225 5.78053048260522 3.51583718495483 6.03185789489241 1.75791859247742 5.1103240498394 8.78959296238708 5.36165146212658 7.03167436990966 5.61297887441377 5.27375577743225 5.86430628670095 3.51583718495483 6.11563369898813 1.75791859247742 5.19409985393513 8.78959296238708 5.44542726622231 7.03167436990966 5.6967546785095 5.27375577743225 5.94808209079668 3.51583718495483 6.19940950308386 1.75791859247742 5.27787565803086 8.78959296238708 5.52920307031804 7.03167436990966 5.78053048260522 5.27375577743225 6.03185789489241 3.51583718495483 5.36165146212658 8.78959296238708 5.61297887441377 7.03167436990966 5.86430628670095 5.27375577743225 6.11563369898813 3.51583718495483 5.44542726622231 8.78959296238708 5.6967546785095 7.03167436990966 5.94808209079668 5.27375577743225 6.19940950308386 3.51583718495483 5.52920307031804 8.78959296238708 5.78053048260522 7.03167436990966 6.03185789489241 5.27375577743225 5.61297887441377 8.78959296238708 5.86430628670095 7.03167436990966 6.11563369898813 5.27375577743225 5.6967546785095 8.78959296238708 5.94808209079668 7.03167436990966 6.19940950308386 5.27375577743225 5.78053048260522 8.78959296238708 6.03185789489241 7.03167436990966 5.86430628670095 8.78959296238708 6.11563369898813 7.03167436990966 5.94808209079668 8.78959296238708 6.19940950308386 7.03167436990966 6.03185789489241 8.78959296238708 6.11563369898813 8.78959296238708 6.19940950308386 8.78959296238708 166 1 2 107 105 106 171 2 3 171 166 2 172 3 4 172 171 3 173 4 5 173 5 6 173 172 4 174 167 166 174 166 171 175 6 7 175 173 6 176 171 172 176 174 171 177 7 8 177 8 9 177 175 7 178 172 173 178 176 172 179 9 10 179 177 9 180 168 167 180 167 174 181 178 173 181 173 175 182 10 11 182 11 12 182 179 10 183 180 174 183 174 176 184 181 175 184 175 177 185 12 13 185 182 12 186 176 178 186 183 176 187 184 177 187 177 179 188 13 14 188 185 13 189 169 168 189 168 180 190 186 178 190 178 181 191 179 182 191 187 179 192 14 15 192 15 16 192 188 14 193 180 183 193 189 180 194 181 184 194 190 181 195 182 185 195 191 182 195 185 188 196 16 17 196 192 16 197 193 183 197 183 186 198 184 187 198 194 184 199 195 188 200 17 18 200 196 17 201 114 113 201 189 193 201 169 189 201 170 169 201 113 170 202 186 190 202 197 186 203 198 187 203 187 191 204 192 196 204 188 192 204 199 188 205 18 19 205 19 20 205 200 18 206 115 114 206 114 201 206 201 193 207 202 190 207 190 194 208 191 195 208 203 191 208 195 199 209 204 196 210 20 21 210 205 20 211 206 193 211 115 206 211 193 197 212 194 198 212 207 194 213 208 199 214 196 200 214 209 196 215 21 22 215 22 23 215 210 21 216 202 207 216 116 115 216 197 202 216 211 197 216 115 211 217 212 198 217 198 203 218 204 209 218 199 204 218 213 199 219 214 200 219 200 205 220 215 23 220 23 24 221 117 116 221 116 216 221 216 207 222 217 203 222 203 208 223 218 209 224 219 205 224 205 210 225 24 25 225 220 24 226 207 212 226 118 117 226 212 217 226 221 207 226 117 221 227 213 218 227 222 208 227 208 213 228 214 219 228 209 214 228 223 209 229 210 215 229 224 210 230 25 26 230 26 27 230 225 25 231 226 217 231 118 226 232 227 218 233 228 219 234 215 220 234 229 215 234 220 225 235 230 27 235 27 28 236 217 222 236 231 217 236 119 118 236 118 231 237 223 228 237 218 223 237 232 218 238 233 219 238 219 224 239 225 230 239 234 225 240 235 28 240 28 29 240 29 30 241 119 236 241 120 119 241 222 227 241 236 222 242 237 228 242 228 233 243 229 234 243 224 229 243 238 224 244 239 230 245 30 31 245 240 30 246 227 232 246 120 241 246 232 237 246 241 227 247 233 238 247 242 233 248 243 234 249 244 230 249 230 235 249 235 240 250 245 31 250 31 32 250 32 33 251 121 120 251 120 246 251 246 237 252 247 238 253 234 239 253 248 234 254 249 240 255 250 33 255 33 34 256 122 121 256 237 242 256 121 251 256 251 237 257 238 243 257 252 238 258 239 244 258 253 239 259 240 245 259 254 240 260 255 34 260 34 35 261 242 247 261 123 122 261 256 242 261 122 256 262 243 248 262 257 243 263 258 244 263 244 249 263 249 254 264 245 250 264 259 245 265 35 36 265 36 37 265 260 35 266 247 252 266 123 261 266 261 247 266 252 257 267 262 248 267 248 253 267 253 258 268 263 254 269 264 250 269 250 255 269 255 260 270 37 38 270 265 37 271 123 266 271 266 257 271 124 123 272 267 258 273 268 254 273 254 259 274 269 260 275 270 38 275 38 39 276 271 257 276 125 124 276 262 267 276 124 271 276 257 262 277 272 258 277 258 263 278 264 269 278 273 259 278 259 264 279 274 260 279 260 265 280 39 40 280 40 41 280 275 39 281 125 276 281 276 267 282 263 268 282 277 263 282 268 273 283 278 269 284 279 265 284 265 270 285 41 42 285 280 41 286 272 277 286 126 125 286 125 281 286 267 272 286 281 267 287 282 273 288 283 269 288 269 274 289 270 275 289 284 270 290 42 43 290 43 44 290 285 42 291 127 126 291 126 286 291 286 277 292 273 278 292 287 273 293 274 279 293 288 274 294 275 280 294 280 285 294 289 275 295 44 45 295 290 44 296 277 282 296 127 291 296 282 287 296 291 277 297 292 278 297 278 283 297 283 288 298 279 284 298 293 279 298 284 289 299 294 285 300 45 46 300 46 47 300 295 45 301 296 287 301 128 127 301 127 296 302 297 288 303 298 289 304 299 285 304 285 290 305 47 48 305 300 47 306 128 301 306 301 287 306 129 128 306 292 297 306 287 292 307 302 288 307 288 293 308 289 294 308 303 289 309 304 290 309 290 295 310 48 49 310 305 48 311 130 129 311 306 297 311 129 306 312 307 293 312 293 298 313 308 294 313 294 299 314 295 300 314 309 295 315 310 49 315 49 50 315 50 51 316 302 307 316 130 311 316 311 297 316 297 302 317 303 308 317 312 298 317 298 303 318 304 309 318 299 304 318 313 299 319 300 305 319 314 300 320 51 52 320 315 51 321 130 316 321 131 130 321 316 307 322 317 308 323 318 309 324 319 305 324 305 310 325 52 53 325 320 52 326 307 312 326 132 131 326 312 317 326 321 307 326 131 321 327 322 308 327 308 313 328 314 319 328 309 314 328 323 309 329 310 315 329 324 310 330 53 54 330 54 55 330 325 53 331 132 326 331 326 317 332 313 318 332 318 323 332 327 313 333 328 319 333 319 324 334 315 320 334 329 315 335 55 56 335 330 55 336 331 317 336 133 132 336 317 322 336 132 331 337 332 323 337 323 328 338 333 324 339 334 320 339 325 330 339 320 325 340 335 56 340 56 57 340 57 58 341 336 322 341 134 133 341 327 332 341 322 327 341 133 336 342 337 328 343 324 329 343 329 334 343 338 324 344 339 330 345 340 58 345 58 59 346 135 134 346 341 332 346 332 337 346 134 341 347 342 328 347 333 338 347 328 333 348 343 334 349 335 340 349 344 330 349 330 335 350 345 59 350 59 60 351 346 337 351 135 346 352 338 343 352 347 338 353 334 339 353 348 334 354 349 340 355 350 60 355 60 61 355 61 62 356 337 342 356 136 135 356 342 347 356 351 337 356 135 351 357 352 343 358 339 344 358 353 339 359 345 350 359 340 345 359 354 340 360 355 62 360 62 63 361 137 136 361 347 352 361 136 356 361 356 347 362 343 348 362 357 343 362 348 353 363 358 344 363 344 349 364 350 355 364 359 350 365 63 64 365 64 65 365 360 63 366 361 352 366 137 361 367 362 353 368 363 349 368 349 354 369 364 355 370 65 66 370 365 65 371 137 366 371 138 137 371 366 352 371 352 357 372 367 353 372 358 363 372 353 358 373 368 354 373 354 359 374 369 355 374 355 360 374 360 365 375 370 66 375 66 67 376 362 367 376 371 357 376 139 138 376 357 362 376 138 371 377 372 363 377 363 368 378 364 369 378 373 359 378 359 364 379 374 365 380 67 68 380 68 69 380 375 67 381 376 367 381 140 139 381 139 376 382 377 368 383 378 369 384 365 370 384 379 365 384 370 375 385 380 69 385 69 70 386 367 372 386 140 381 386 381 367 386 372 377 387 373 378 387 382 368 387 368 373 388 369 374 388 374 379 388 383 369 389 375 380 389 384 375 390 385 70 390 70 71 390 71 72 391 141 140 391 140 386 391 386 377 392 387 378 393 388 379 394 389 380 395 390 72 395 72 73 396 142 141 396 377 382 396 141 391 396 391 377 397 378 383 397 383 388 397 392 378 398 379 384 398 393 379 399 380 385 399 385 390 399 394 380 400 395 73 400 73 74 401 396 382 401 387 392 401 382 387 401 142 396 402 397 388 403 389 394 403 398 384 403 384 389 404 399 390 404 390 395 405 74 75 405 75 76 405 400 74 406 142 401 406 401 392 406 143 142 406 392 397 407 402 388 407 388 393 408 403 394 409 404 395 410 405 76 410 76 77 411 143 406 411 144 143 411 406 397 412 393 398 412 407 393 412 398 403 413 399 404 413 408 394 413 394 399 414 395 400 414 409 395 414 400 405 415 410 77 415 77 78 415 78 79 416 397 402 416 411 397 416 144 411 417 403 408 417 412 403 418 404 409 418 413 404 419 414 405 420 415 79 420 79 80 421 407 412 421 416 402 421 145 144 421 144 416 421 402 407 422 417 408 423 418 409 424 405 410 424 410 415 424 419 405 425 420 80 425 80 81 426 421 412 426 146 145 426 145 421 426 412 417 427 408 413 427 422 408 427 413 418 428 409 414 428 423 409 428 414 419 429 424 415 430 425 81 430 81 82 430 82 83 431 147 146 431 146 426 431 426 417 432 427 418 433 428 419 434 415 420 434 429 415 434 420 425 435 430 83 435 83 84 436 431 417 436 417 422 436 147 431 436 422 427 437 432 418 437 418 423 438 424 429 438 433 419 438 419 424 439 434 425 440 435 84 440 84 85 440 85 86 441 427 432 441 147 436 441 148 147 441 436 427 442 437 423 442 423 428 443 438 429 444 430 435 444 439 425 444 425 430 445 440 86 445 86 87 446 148 441 446 149 148 446 441 432 447 428 433 447 442 428 448 429 434 448 443 429 448 434 439 449 444 435 450 445 87 450 87 88 450 88 89 451 432 437 451 437 442 451 446 432 451 149 446 452 433 438 452 447 433 453 448 439 454 435 440 454 449 435 454 440 445 455 450 89 455 89 90 456 442 447 456 150 149 456 451 442 456 149 451 457 452 438 457 438 443 458 439 444 458 444 449 458 453 439 459 454 445 459 445 450 460 455 90 460 90 91 461 150 456 461 151 150 461 447 452 461 456 447 462 443 448 462 457 443 463 449 454 463 458 449 464 459 450 465 460 91 465 91 92 465 92 93 466 152 151 466 151 461 466 461 452 467 462 448 467 448 453 467 453 458 468 463 454 468 454 459 469 464 450 469 450 455 469 455 460 470 465 93 470 93 94 471 152 466 471 452 457 471 466 452 472 467 458 473 468 459 474 469 460 475 94 95 475 470 94 475 95 96 476 152 471 476 471 457 476 153 152 476 462 467 476 457 462 477 472 458 477 458 463 477 463 468 478 473 459 478 459 464 479 465 470 479 474 460 479 460 465 480 475 96 480 96 97 481 153 476 481 476 467 481 154 153 482 468 473 482 477 468 483 478 464 483 469 474 483 464 469 484 479 470 484 470 475 485 480 97 485 97 98 486 481 467 486 154 481 486 467 472 487 482 473 488 483 474 488 474 479 489 475 480 489 484 475 490 485 98 490 98 99 490 99 100 491 472 477 491 477 482 491 155 154 491 486 472 491 154 486 492 473 478 492 487 473 493 488 479 494 489 480 494 480 485 495 490 100 495 100 101 496 155 491 496 156 155 496 491 482 496 482 487 497 478 483 497 492 478 498 493 479 498 479 484 499 494 485 500 101 102 500 495 101 501 496 487 501 487 492 501 156 496 502 483 488 502 497 483 503 498 484 503 484 489 504 499 485 504 485 490 504 490 495 505 102 103 505 103 104 505 500 102 506 156 501 506 501 492 506 157 156 507 502 488 507 488 493 508 503 489 508 489 494 509 495 500 509 504 495 510 104 105 510 505 104 510 105 107 511 506 492 511 157 506 511 158 157 511 492 497 511 497 502 512 507 493 512 498 503 512 493 498 513 508 494 513 494 499 514 509 500 514 500 505 515 502 507 515 511 502 515 158 511 515 159 158 516 512 503 517 499 504 517 513 499 518 514 505 519 515 507 519 159 515 520 516 503 520 508 513 520 503 508 521 509 514 521 504 509 521 517 504 522 107 108 522 108 109 522 510 107 522 505 510 522 518 505 523 519 507 523 507 512 523 512 516 523 160 159 523 159 519 524 513 517 524 520 513 525 521 514 526 160 523 526 161 160 526 523 516 527 524 517 527 517 521 528 514 518 528 518 522 528 525 514 529 516 520 529 520 524 529 161 526 529 526 516 530 521 525 530 527 521 531 528 522 531 522 109 532 161 529 532 162 161 532 524 527 532 529 524 533 530 525 534 527 530 534 163 162 534 162 532 534 532 527 535 528 531 535 533 525 535 525 528 536 163 534 536 164 163 536 534 530 537 535 531 537 109 110 537 531 109 538 536 530 538 530 533 538 164 536 539 533 535 539 164 538 539 165 164 539 538 533 539 535 537 540 110 111 540 111 112 540 537 110 540 165 539 540 539 537 540 112 165 
105 103 1 3.58036167304945e-15
0 0 -12 0.71764984734041 0 -11.9785215572128 1.43273069448293 0 -11.914163116102 2.14268273758364 0 -11.8071550631836 2.84496453258597 0 -11.6578804595144 3.53706209293085 0 -11.4668736694337 4.21649788897611 0 -11.2348184476768 4.8808397169096 0 -10.9625454917112 5.52770940540759 0 -10.6510294680546 6.15479132887087 0 -10.3013855232224 6.75984069676347 0 -9.91486529179194 7.34069158938008 0 -9.49285241587609 7.89526471127655 0 -9.03685759204333 8.4215748346079 0 -8.54851316341614 8.91773790572873 0 -8.0295672763063 9.38197778961636 0 -7.4818776223048 9.81263262797318 0 -6.90740478822808 10.2081607882481 0 -6.30820523772605 10.5671463822809 0 -5.68642394967598 10.8883043348144 0 -5.04428673971479 11.1704849837305 0 -4.38409229239674 11.4126781955418 0 -3.70820393249937 11.614016981408 0 -3.0190411649341 11.7737806007301 0 -2.31907101354664 11.8913971412152 0 -1.61079918981187 11.9664455661742 0 -0.896761123037095 11.9986572217233 0 -0.179512884183169 11.9879167984958 0 0.538377964206173 11.9342627444193 0 1.25434155921183 11.8378871270823 0 1.96581493698164 11.6991349461819 0 2.67025120747576 11.5185028985147 0 3.36512867167202 11.2966375999308 0 4.04795984859395 11.0343332706174 0 4.71630037984707 10.732528891996 0 5.36775777978758 10.3923048454133 0 5.99999999999999 10.0148790446556 0 6.61076377742523 9.60160257613448 0 7.19786273625496 9.1539548623472 0 7.75919521458959 8.6735383659287 0 8.29275178784238 8.16207285325103 0 8.79662246195792 7.62138923810614 0 9.2690035106952 7.05342302750967 0 9.70820393249937 6.46020739308818 0 10.1126515038485 5.8438658928524 0 10.4808984074056 5.20660486941069 0 10.811626414829 4.55070555183513 0 11.103651605688 3.87851588945351 0 11.35592860559 3.19244214680009 0 11.5675543283502 2.4949402898131 0 11.7377712088057 1.78850719411408 0 11.8659699147015 1.07567170684118 0 11.9516915279429 0.35898559403276 0 11.994629187402 -0.358985594032805 0 11.994629187402 -1.07567170684123 0 11.9516915279429 -1.78850719411412 0 11.8659699147015 -2.49494028981314 0 11.7377712088057 -3.19244214680013 0 11.5675543283502 -3.87851588945355 0 11.35592860559 -4.55070555183517 0 11.1036516056879 -5.20660486941073 0 10.811626414829 -5.84386589285244 0 10.4808984074055 -6.46020739308822 0 10.1126515038484 -7.05342302750971 0 9.70820393249934 -7.62138923810618 0 9.26900351069517 -8.16207285325106 0 8.79662246195788 -8.67353836592873 0 8.29275178784234 -9.15395486234723 0 7.75919521458956 -9.6016025761345 0 7.19786273625493 -10.0148790446557 0 6.6107637774252 -10.3923048454133 0 5.99999999999997 -10.7325288919961 0 5.36775777978756 -11.0343332706174 0 4.71630037984706 -11.2966375999308 0 4.04795984859394 -11.5185028985147 0 3.36512867167201 -11.6991349461819 0 2.67025120747575 -11.8378871270823 0 1.96581493698164 -11.9342627444193 0 1.25434155921183 -11.9879167984958 0 0.538377964206171 -11.9986572217233 0 -0.179512884183168 -11.9664455661742 0 -0.896761123037092 -11.8913971412152 0 -1.61079918981186 -11.7737806007301 0 -2.31907101354663 -11.614016981408 0 -3.01904116493409 -11.4126781955418 0 -3.70820393249936 -11.1704849837305 0 -4.38409229239672 -10.8883043348144 0 -5.04428673971477 -10.5671463822809 0 -5.68642394967596 -10.2081607882481 0 -6.30820523772603 -9.81263262797319 0 -6.90740478822806 -9.38197778961638 0 -7.48187762230478 -8.91773790572876 0 -8.02956727630627 -8.42157483460793 0 -8.54851316341611 -7.89526471127659 0 -9.0368575920433 -7.34069158938012 0 -9.49285241587607 -6.75984069676351 0 -9.91486529179191 -6.15479132887092 0 -10.3013855232224 -5.52770940540764 0 -10.6510294680546 -4.88083971690966 0 -10.9625454917112 -4.21649788897617 0 -11.2348184476768 -3.53706209293092 0 -11.4668736694337 -2.84496453258604 0 -11.6578804595144 -2.14268273758372 0 -11.8071550631835 -1.43273069448301 0 -11.914163116102 -0.717649847340495 0 -11.9785215572128 12 -3.5527136788005e-15 11.9785215572128 0.717649847340411 11.914163116102 1.43273069448293 11.8071550631836 2.14268273758364 11.6578804595144 2.84496453258597 11.4668736694337 3.53706209293085 11.2348184476768 4.21649788897611 10.9625454917112 4.8808397169096 10.6510294680546 5.52770940540759 10.3013855232224 6.15479132887087 9.91486529179194 6.75984069676347 9.49285241587609 7.34069158938008 9.03685759204333 7.89526471127655 8.54851316341614 8.4215748346079 8.0295672763063 8.91773790572873 7.4818776223048 9.38197778961636 6.90740478822808 9.81263262797318 6.30820523772605 10.2081607882481 5.68642394967598 10.5671463822809 5.04428673971479 10.8883043348144 4.38409229239674 11.1704849837305 3.70820393249937 11.4126781955418 3.0190411649341 11.614016981408 2.31907101354664 11.7737806007301 1.61079918981187 11.8913971412152 0.896761123037095 11.9664455661742 0.179512884183168 11.9986572217233 -0.538377964206173 11.9879167984958 -1.25434155921183 11.9342627444193 -1.96581493698164 11.8378871270823 -2.67025120747576 11.6991349461819 -3.36512867167202 11.5185028985147 -4.04795984859395 11.2966375999308 -4.71630037984707 11.0343332706174 -5.36775777978758 10.732528891996 -5.99999999999999 10.3923048454133 -6.61076377742523 10.0148790446556 -7.19786273625496 9.60160257613448 -7.75919521458959 9.1539548623472 -8.29275178784238 8.6735383659287 -8.79662246195792 8.16207285325103 -9.2690035106952 7.62138923810614 -9.70820393249937 7.05342302750967 -10.1126515038485 6.46020739308818 -10.4808984074056 5.8438658928524 -10.811626414829 5.20660486941069 -11.103651605688 4.55070555183513 -11.35592860559 3.87851588945351 -11.5675543283502 3.19244214680009 -11.7377712088057 2.4949402898131 -11.8659699147015 1.78850719411408 -11.9516915279429 1.07567170684118 -11.994629187402 0.35898559403276 -11.994629187402 -0.358985594032806 -11.9516915279429 -1.07567170684123 -11.8659699147015 -1.78850719411412 -11.7377712088057 -2.49494028981314 -11.5675543283502 -3.19244214680013 -11.35592860559 -3.87851588945355 -11.1036516056879 -4.55070555183517 -10.811626414829 -5.20660486941073 -10.4808984074055 -5.84386589285244 -10.1126515038484 -6.46020739308822 -9.70820393249934 -7.05342302750971 -9.26900351069517 -7.62138923810618 -8.79662246195788 -8.16207285325106 -8.29275178784234 -8.67353836592873 -7.75919521458956 -9.15395486234723 -7.19786273625493 -9.6016025761345 -6.6107637774252 -10.0148790446557 -5.99999999999997 -10.3923048454133 -5.36775777978756 -10.7325288919961 -4.71630037984706 -11.0343332706174 -4.04795984859394 -11.2966375999308 -3.36512867167201 -11.5185028985147 -2.67025120747575 -11.6991349461819 -1.96581493698164 -11.8378871270823 -1.25434155921183 -11.9342627444193 -0.538377964206171 -11.9879167984958 0.179512884183168 -11.9986572217233 0.896761123037093 -11.9664455661742 1.61079918981186 -11.8913971412152 2.31907101354663 -11.7737806007301 3.01904116493409 -11.614016981408 3.70820393249936 -11.4126781955418 4.38409229239672 -11.1704849837305 5.04428673971477 -10.8883043348144 5.68642394967596 -10.5671463822809 6.30820523772604 -10.2081607882481 6.90740478822806 -9.81263262797319 7.48187762230478 -9.38197778961638 8.02956727630627 -8.91773790572876 8.54851316341611 -8.42157483460793 9.0368575920433 -7.89526471127659 9.49285241587607 -7.34069158938012 9.91486529179191 -6.75984069676351 10.3013855232224 -6.15479132887092 10.6510294680546 -5.52770940540764 10.9625454917112 -4.88083971690966 11.2348184476768 -4.21649788897617 11.4668736694337 -3.53706209293092 11.6578804595144 -2.84496453258604 11.8071550631835 -2.14268273758372 11.914163116102 -1.43273069448301 11.9785215572128 -0.717649847340494 69 66 67 69 67 68 64 65 66 62 63 64 73 69 70 73 70 71 73 71 72 58 64 66 58 62 64 58 59 60 58 60 61 58 61 62 76 74 75 77 74 76 77 73 74 56 57 58 80 78 79 53 54 55 53 55 56 81 78 80 51 52 53 83 81 82 84 73 77 84 78 81 84 81 83 84 77 78 49 50 51 49 53 56 49 51 53 45 66 69 45 69 73 45 58 66 45 46 47 45 47 48 45 48 49 45 73 84 45 56 58 45 49 56 45 84 85 45 85 86 43 44 45 43 86 87 43 45 86 91 88 89 91 89 90 39 40 41 39 41 42 39 42 43 38 43 87 38 39 43 38 87 88 96 91 92 96 92 93 96 93 94 96 94 95 98 96 97 34 35 36 33 36 37 33 37 38 33 34 36 101 91 96 101 96 98 101 98 99 101 99 100 31 32 33 103 101 102 104 101 103 105 88 91 105 38 88 105 91 101 105 101 104 28 29 30 27 30 31 27 31 33 27 28 30 3 1 2 24 25 26 24 26 27 5 3 4 5 1 3 23 24 27 22 33 38 22 27 33 22 23 27 7 5 6 8 105 1 8 1 5 8 5 7 9 105 8 19 20 21 19 21 22 17 18 19 17 19 22 12 9 10 12 10 11 12 38 105 12 105 9 15 17 22 15 38 12 15 16 17 15 22 38 14 15 12 14 12 13 

TShapes 29
Ve
1e-07
0 9.75 13.5
0 0

0101101
*
Ed
 1e-07 1 1 0
1  1 0 0 12.75
3  1 2CN 1 0 0 12.75
7  1 2 1 0
0

0101000
+29 1 -29 3 *
Ed
 1e-07 1 1 0
1  2 0 0 6.28318530717959
2  3 2 0 0 6.28318530717959
2  4 1 4 0 6.28318530717959
2  5 1 5 0 6.28318530717959
6  3 1 4
6  4 2 4
6  5 1 5
6  6 3 0
5  1 0
0

0101100
+29 0 -29 0 *
Wi

0101100
+28 0 -28 0 -27 1 +27 3 *
Fa
0  1e-07 1 0
2  1
0111000
+26 0 *
Wi

0101100
+27 1 *
Ve
1e-07
0 5.5 11
0 0

0101101
*
Ed
 1e-07 1 1 0
1  3 0 0 6.28318530717959
2  6 3 0 0 6.28318530717959
2  7 4 9 0 6.28318530717959
2  8 4 10 0 6.28318530717959
2  9 2 11 0 6.28318530717959
6  7 4 9
6  8 5 9
6  9 4 10
6  10 2 10
5  2 0
6  11 6 0
0

0101100
+23 0 -23 0 *
Wi

0101100
-22 8 *
Fa
0  1e-07 2 1
2  2
0111000
+24 0 +21 0 *
Wi

0101100
+27 0 *
Fa
0  1e-07 2 0
2  3
0111000
+19 0 *
Ed
 1e-07 1 1 0
1  4 0 0 4.25
3  10 11CN 4 0 0 4.25
7  12 13 4 0
0

0101000
+23 6 -23 8 *
Wi

0101100
+17 0 -17 0 -22 6 +22 8 *
Fa
0  1e-07 4 0
2  4
0111000
+16 0 *
Wi

0101100
+22 6 *
Ve
1e-07
0 5.5 -3
0 0

0101101
*
Ed
 1e-07 1 1 0
1  5 0 0 6.28318530717959
2  12 5 0 0 6.28318530717959
2  13 6 0 0 6.28318530717959
4 C0 6 0 7 0
2  14 7 0 0 6.28318530717959
2  15 3 6 0 6.28318530717959
6  14 7 0
6  15 5 0
0

0101100
+13 0 -13 0 *
Wi

0101100
+12 0 *
Fa
0  1e-07 3 6
2  5
0111000
+14 0 +11 0 *
Ve
1e-07
0 0 -12
0 0

0101101
*
Ed
 1e-07 1 1 0
1  6 0 0 6.28318530717959
2  16 8 0 0 6.28318530717959
2  17 9 0 0 6.28318530717959
4 C0 9 0 10 0
2  18 11 0 0 6.28318530717959
4 C0 11 0 12 0
2  19 6 0 0 6.28318530717959
4 C0 6 0 13 0
6  16 7 0
6  17 8 0
0

0101100
+9 0 -9 0 *
Ed
 1e-07 1 1 0
1  7 0 0 1
3  20 21CN 6 0 0 1
7  18 19 7 0
0

0101000
+9 0 -13 0 *
Wi

0101000
+8 0 +7 0 -12 0 -7 0 *
Fa
0  1e-07 6 0
2  7
0111000
+6 0 *
Wi

0101000
+8 0 *
Fa
0  1e-07 13 0
2  8
0111000
+4 0 *
Sh

0101100
-25 0 -20 0 +18 3 -15 0 -10 0 -5 0 +3 0 *
So

0100000
+2 0 *

+1 0 