DBRep_DrawableShape

CASCADE Topology V1, (c) Matra-Datavision
Locations 0
Curve2ds 72
1 0 0 0 1 
8 0 2
1 0 2 -0 -1 
1 0 0 1 0 
1 0 2 1 0 
1 1 0 0 1 
1 0 0 0 1 
1 0 2 1 0 
1 0 0 1 0 
1 1 0 0 1 
1 0 0 0 1 
1 0 0 1 0 
1 0 2 1 0 
1 0 0 0 1 
8 0 2
1 0 2 -0 -1 
1 0 0 1 0 
1 1 0 0 1 
1 0 0 0 1 
1 0 0 1 0 
1 0 2 1 0 
1 1 0 0 1 
1 0 0 0 1 
1 0 2 1 0 
1 0 0 1 0 
1 1 0 0 1 
1 0 0 0 1 
1 0 0 1 0 
1 0 2 1 0 
1 1 0 0 1 
1 0 0 0 1 
1 0 2 1 0 
1 0 0 1 0 
1 0 2 1 0 
1 1 0 0 1 
1 0 0 0 1 
1 0 0 1 0 
1 0 2 1 0 
1 1 0 0 1 
1 0 0 0 1 
1 0 2 1 0 
1 0 0 1 0 
1 1 0 0 1 
1 0 0 0 1 
1 0 0 1 0 
1 0 2 1 0 
1 1 0 0 1 
1 0 0 0 1 
1 0 0 1 0 
1 0 2 1 0 
1 1 0 0 1 
1 0 0 0 1 
1 0 0 1 0 
1 0 2 1 0 
1 1 0 0 1 
1 0 0 1 0 
1 0 2 1 0 
1 0 0 1 0 
1 0 1 1 0 
8 0 2
1 1 2 -0 -1 
1 0 0 1 0 
1 0 2 1 0 
1 1 0 0 1 
1 0 0 0 1 
1 0 0 1 0 
1 0 2 1 0 
1 1 0 0 1 
8 0 2
1 2 1 -1 -0 
1 0 0 0 1 
8 0 1
1 0 1 -0 -1 
1 2 0 0 1 
1 1 0 0 1 
1 0 0 1 0 
1 2 0 0 1 
Curves 33
7 0 0  3 7 3  0 0 6  -5.1875 3.1764276352884498e-16 6  -8.9375 5.4726403836897299e-16 2.94166666666667  -11.390625 6.9747462232689101e-16 -0.46250000000000002  -13.84375 8.4768520628480804e-16 -3.8666666666666698  -15 9.1848509936051499e-16 -7.6166666666666698  -15 9.1848509936051499e-16 -9 
 0 4 1 3 2 4
7 0 0  1 2 2  0 0 6  0 0 -14 
 0 2 1 2
7 0 0  3 7 3  0 0 -14  -8.3000000000000007 5.0822842164615102e-16 -14  -12.050000000000001 7.3784969648628002e-16 -14.133333333333301  -13.725 8.4041386591487096e-16 -13.574999999999999  -15.4 9.429780353434619e-16 -13.016666666666699  -15 9.1848509936051499e-16 -11.766666666666699  -15 9.1848509936051499e-16 -9 
 0 4 1 3 2 4
7 0 0  3 7 3  -15 9.1848509936051499e-16 -9  -15 9.1848509936051499e-16 -3.4666666666666699  -12.2875 7.5239237722615497e-16 5.2833333333333297  -9.0562500000000004 5.5453537873891096e-16 12.65  -5.8250000000000002 3.56678380251667e-16 20.016666666666701  -2.0750000000000002 1.27057105411538e-16 26  0 0 26 
 0 4 1 3 2 4
7 0 0  1 2 2  0 0 6  0 0 26 
 0 2 1 2
7 0 0  3 7 3  15 -9.1848509936051499e-16 -9  15 -9.1848509936051499e-16 -7.6166666666666698  13.84375 -8.4768520628480903e-16 -3.8666666666666698  11.390625 -6.9747462232689101e-16 -0.46250000000000002  8.9375 -5.4726403836897299e-16 2.94166666666667  5.1875 -3.1764276352884498e-16 6  0 0 6 
 0 4 1 3 2 4
7 0 0  3 7 3  15 -9.1848509936051499e-16 -9  15 -9.1848509936051499e-16 -11.766666666666699  15.4 -9.429780353434619e-16 -13.016666666666699  13.725 -8.4041386591487096e-16 -13.574999999999999  12.050000000000001 -7.3784969648628002e-16 -14.133333333333301  8.3000000000000007 -5.0822842164615201e-16 -14  0 0 -14 
 0 4 1 3 2 4
7 0 0  1 2 2  0 0 -14  -1.8369701987210299e-16 -3 -13 
 0 2 1 2
7 0 0  3 7 3  -1.8369701987210299e-16 -3 -13  -4.4000000000000004 -3 -13  -9.4000000000000004 -3 -13.1666666666667  -13.300000000000001 -3 -12.46875  -17.199999999999999 -3 -11.7708333333333  -20 -3 -10.2083333333333  -20 -3 -6.75 
 0 4 1 3 2 4
7 0 0  1 2 2  -15 9.1848509936051499e-16 -9  -20 -3 -6.75 
 0 2 1 2
7 0 0  3 7 3  -20 -3 -6.75  -20 -3 0.16666666666666799  -16.383333333333301 -3 11.1041666666667  -12.074999999999999 -3 20.3125  -7.7666666666666702 -3 29.5208333333333  -2.7666666666666702 -3 37  -1.8369701987210299e-16 -3 37 
 0 4 1 3 2 4
7 0 0  1 2 2  0 0 26  -1.8369701987210299e-16 -3 37 
 0 2 1 2
7 0 0  3 7 3  0 0 26  2.0750000000000002 -1.27057105411538e-16 26  5.8250000000000002 -3.56678380251667e-16 20.016666666666701  9.0562500000000004 -5.5453537873891096e-16 12.65  12.2875 -7.5239237722615497e-16 5.2833333333333297  15 -9.1848509936051499e-16 -3.4666666666666699  15 -9.1848509936051499e-16 -9 
 0 4 1 3 2 4
7 0 0  1 2 2  15 -9.1848509936051499e-16 -9  20 -3 -6.75 
 0 2 1 2
7 0 0  3 7 3  20 -3 -6.75  20 -3 -10.2083333333333  17.199999999999999 -3 -11.7708333333333  13.300000000000001 -3 -12.46875  9.4000000000000004 -3 -13.1666666666667  4.4000000000000004 -3 -13  -1.8369701987210299e-16 -3 -13 
 0 4 1 3 2 4
7 0 0  1 2 2  -1.8369701987210299e-16 -3 -13  -1.8369701987210299e-16 -3 -16.5 
 0 2 1 2
7 0 0  3 7 3  -1.8369701987210299e-16 -3 -16.5  -13.8333333333333 -3 -16.5  -20.0833333333333 -3 -18.774999999999999  -22.875 -3 -18.975000000000001  -25.6666666666667 -3 -19.175000000000001  -25 -3 -17.300000000000001  -25 -3 -9 
 0 4 1 3 2 4
7 0 0  1 2 2  -20 -3 -6.75  -25 -3 -9 
 0 2 1 2
7 0 0  3 7 3  -25 -3 -9  -25 -3 -0.70000000000000095  -21.34375 -3 12.425000000000001  -16.390625 -3 23.475000000000001  -11.4375 -3 34.524999999999999  -5.1875 -3 43.5  -1.8369701987210299e-16 -3 43.5 
 0 4 1 3 2 4
7 0 0  1 2 2  -1.8369701987210299e-16 -3 37  -1.8369701987210299e-16 -3 43.5 
 0 2 1 2
7 0 0  3 7 3  -1.8369701987210299e-16 -3 37  2.7666666666666702 -3 37  7.7666666666666702 -3 29.5208333333333  12.074999999999999 -3 20.3125  16.383333333333301 -3 11.1041666666667  20 -3 0.16666666666666799  20 -3 -6.75 
 0 4 1 3 2 4
7 0 0  1 2 2  20 -3 -6.75  25 -3 -9 
 0 2 1 2
7 0 0  3 7 3  25 -3 -9  25 -3 -17.300000000000001  25.6666666666667 -3 -19.175000000000001  22.875 -3 -18.975000000000001  20.0833333333333 -3 -18.774999999999999  13.8333333333333 -3 -16.5  -1.8369701987210299e-16 -3 -16.5 
 0 4 1 3 2 4
7 0 0  1 2 2  -1.8369701987210299e-16 -3 -16.5  1.3786198870859401e-15 22.514571353075599 -16.7277747886721 
 0 2 1 2
7 0 0  3 7 3  1.3786198870859401e-15 22.514571353075599 -16.7277747886721  -11.0666666666667 22.514571353075599 -16.7277747886721  -16.066666666666698 23.103384680683899 -18.925256043479699  -18.300000000000001 23.155148489704398 -19.118441208737501  -20.533333333333299 23.206912298724902 -19.311626373995299  -20 22.721626589157601 -17.5005154497033  -20 20.5734285148067 -9.4833310915040396 
 0 4 1 3 2 4
7 0 0  1 2 2  -25 -3 -9  -20 20.5734285148067 -9.4833310915040396 
 0 2 1 2
7 0 0  3 7 3  4.2773414165640802e-16 6.9854286469243796 41.2277747886721  -4.1500000000000004 6.9854286469243796 41.2277747886721  -9.1500000000000004 9.3083295767194993 32.5585904977277  -13.112500000000001 12.168280025102399 21.885110117233499  -17.074999999999999 15.0282304734852 11.2116297367392  -20 18.425230440455799 -1.46614673330477  -20 20.5734285148067 -9.4833310915040396 
 0 4 1 3 2 4
7 0 0  1 2 2  -1.8369701987210299e-16 -3 43.5  4.2773414165640802e-16 6.9854286469243796 41.2277747886721 
 0 2 1 2
7 0 0  3 7 3  -1.8369701987210299e-16 -3 43.5  5.1875 -3 43.5  11.4375 -3 34.524999999999999  16.390625 -3 23.475000000000001  21.34375 -3 12.425000000000001  25 -3 -0.70000000000000095  25 -3 -9 
 0 4 1 3 2 4
7 0 0  1 2 2  25 -3 -9  20 20.5734285148067 -9.4833310915040396 
 0 2 1 2
7 0 0  3 7 3  20 20.5734285148067 -9.4833310915040396  20 22.721626589157601 -17.5005154497033  20.533333333333299 23.206912298724902 -19.311626373995299  18.300000000000001 23.155148489704398 -19.118441208737501  16.066666666666698 23.103384680683899 -18.925256043479699  11.0666666666667 22.514571353075599 -16.7277747886721  1.3786198870859401e-15 22.514571353075599 -16.7277747886721 
 0 4 1 3 2 4
7 0 0  1 2 2  1.3786198870859401e-15 22.514571353075599 -16.7277747886721  4.2773414165640802e-16 6.9854286469243796 41.2277747886721 
 0 2 1 2
7 0 0  3 7 3  4.2773414165640802e-16 6.9854286469243796 41.2277747886721  4.1500000000000004 6.9854286469243796 41.2277747886721  9.1500000000000004 9.3083295767194993 32.5585904977277  13.112500000000001 12.168280025102399 21.885110117233499  17.074999999999999 15.0282304734852 11.2116297367392  20 18.425230440455799 -1.46614673330477  20 20.5734285148067 -9.4833310915040396 
 0 4 1 3 2 4
Polygon3D 0
PolygonOnTriangulations 72
21 1 2 3 4 5 6 7 8 9 10 11 12 13 14 15 16 17 18 19 20 21 
p 0.0251246506295981 1 0 0.0740051557664829 0.148010311532966 0.224490665178905 0.302785349434704 0.383324733076643 0.466577509911279 0.553052511018166 0.643301959724256 0.737926100017644 0.837578309495192 0.942968087288318 1.05485553662998 1.17402246804545 1.30118603452927 1.43677870561304 1.58043662286966 1.72993907053286 1.86454863149125 1.93227431574563 2 
21 1 2 3 4 5 6 7 8 9 10 11 12 13 14 15 16 17 18 19 20 21 
p 0.0251246506295981 1 0 0.0740051557664829 0.148010311532966 0.224490665178905 0.302785349434704 0.383324733076643 0.466577509911279 0.553052511018166 0.643301959724256 0.737926100017644 0.837578309495192 0.942968087288318 1.05485553662998 1.17402246804545 1.30118603452927 1.43677870561304 1.58043662286966 1.72993907053286 1.86454863149125 1.93227431574563 2 
2 1 22 
p 0.0251246506295981 1 0 1 
2 22 39 
p 0.0251246506295981 1 0 1 
16 22 23 24 25 26 27 28 29 30 31 32 33 34 35 36 37 
p 0.0251246506295981 1 0 0.472578276922146 0.630104369229528 0.775421789419 0.907256789783665 1.01956072867159 1.10935082659633 1.17669340003988 1.23904763470984 1.30140186937981 1.36375610404977 1.42611033871973 1.49102008703195 1.55891486254545 1.71305516935986 2 
16 1 2 3 4 5 6 7 8 9 10 11 12 13 14 15 16 
p 0.0251246506295981 1 0 0.472578276922146 0.630104369229528 0.775421789419 0.907256789783665 1.01956072867159 1.10935082659633 1.17669340003988 1.23904763470984 1.30140186937981 1.36375610404977 1.42611033871973 1.49102008703195 1.55891486254545 1.71305516935986 2 
2 21 37 
p 0.0251246506295981 1 0 1 
2 21 22 
p 0.0251246506295981 1 0 1 
24 22 23 24 25 26 27 28 29 30 31 32 33 34 35 36 37 38 39 40 41 42 43 44 45 
p 0.0251246506295981 1 0 0.0785813549171038 0.157162709834208 0.247721481861117 0.344873859003705 0.448715901286858 0.55912946708783 0.675680454725069 0.797498141271227 0.923167466378599 1.05069462543192 1.16492458575961 1.2766251256996 1.38397904614528 1.48548575017958 1.58007344809237 1.6671136462129 1.74637200725685 1.81794416305471 1.88221689620853 1.92892464590597 1.96446232295298 1.98223116147649 2 
24 1 2 3 4 5 6 7 8 9 10 11 12 13 14 15 16 17 18 19 20 21 22 23 24 
p 0.0251246506295981 1 0 0.0785813549171038 0.157162709834208 0.247721481861117 0.344873859003705 0.448715901286858 0.55912946708783 0.675680454725069 0.797498141271227 0.923167466378599 1.05069462543192 1.16492458575961 1.2766251256996 1.38397904614528 1.48548575017958 1.58007344809237 1.6671136462129 1.74637200725685 1.81794416305471 1.88221689620853 1.92892464590597 1.96446232295298 1.98223116147649 2 
2 1 45 
p 0.0251246506295981 1 0 1 
2 22 23 
p 0.0251246506295981 1 0 1 
22 1 2 3 4 5 6 7 8 9 10 11 12 13 14 15 16 17 18 19 20 21 22 
p 0.0251246506295981 1 0 0.120358984075541 0.240717968151081 0.389215333247233 0.524339144025394 0.655386883269152 0.779886980624179 0.897120274392826 1.00725676047674 1.11083353206156 1.20850151294427 1.30091675436259 1.38869923046091 1.47242087714899 1.55260533540885 1.62973164584777 1.70423859663485 1.7765284493622 1.84696969455061 1.91589891266978 1.95794945633489 2 
22 1 2 3 4 5 6 7 8 9 10 11 12 13 14 15 16 17 18 19 20 21 22 
p 0.0251246506295981 1 0 0.120358984075541 0.240717968151081 0.389215333247233 0.524339144025394 0.655386883269152 0.779886980624179 0.897120274392826 1.00725676047674 1.11083353206156 1.20850151294427 1.30091675436259 1.38869923046091 1.47242087714899 1.55260533540885 1.62973164584777 1.70423859663485 1.7765284493622 1.84696969455061 1.91589891266978 1.95794945633489 2 
2 1 23 
p 0.0251246506295981 1 0 1 
17 23 24 25 26 27 28 29 30 31 32 33 34 35 36 37 38 39 
p 0.0251246506295981 1 0 0.272843195394137 0.436549112630619 0.556269386908649 0.63708057204632 0.704423226327711 0.766777535847519 0.829131845367326 0.891486154887133 0.95384046440694 1.01619477392675 1.09933385328649 1.2240424723261 1.37042451358941 1.54997318294453 1.77498659147227 2 
17 1 2 3 4 5 6 7 8 9 10 11 12 13 14 15 16 17 
p 0.0251246506295981 1 0 0.272843195394137 0.436549112630619 0.556269386908649 0.63708057204632 0.704423226327711 0.766777535847519 0.829131845367326 0.891486154887133 0.95384046440694 1.01619477392675 1.09933385328649 1.2240424723261 1.37042451358941 1.54997318294453 1.77498659147227 2 
2 1 17 
p 0.0251246506295981 1 0 1 
2 17 35 
p 0.0251246506295981 1 0 1 
18 17 18 19 20 21 22 23 24 25 26 27 28 29 30 31 32 33 34 
p 0.0251246506295981 1 0 0.422686860754962 0.612895948094694 0.780500164472897 0.91993099213843 1.04220373782474 1.15210972464249 1.25238635592666 1.34486846349797 1.43093803371627 1.51173633557672 1.58827427857891 1.66148939759386 1.73226940520715 1.80145314055125 1.86981800306826 1.93490900153413 2 
18 1 2 3 4 5 6 7 8 9 10 11 12 13 14 15 16 17 18 
p 0.0251246506295981 1 0 0.422686860754962 0.612895948094694 0.780500164472897 0.91993099213843 1.04220373782474 1.15210972464249 1.25238635592666 1.34486846349797 1.43093803371627 1.51173633557672 1.58827427857891 1.66148939759386 1.73226940520715 1.80145314055125 1.86981800306826 1.93490900153413 2 
2 16 34 
p 0.0251246506295981 1 0 1 
2 1 25 
p 0.0251246506295981 1 0 1 
26 25 26 27 28 29 30 31 32 33 34 35 36 37 38 39 40 41 42 43 44 45 46 47 48 49 50 
p 0.0251246506295981 1 0 0.0680534496220128 0.136106899244026 0.2132033940005 0.295262416684247 0.382398672231525 0.47462361588549 0.571801651323307 0.673594329971265 0.779398631145385 0.888294100544514 0.999023526894941 1.09893433766006 1.1977480213271 1.29420469429851 1.38715780682451 1.47566367362271 1.55902871530592 1.63681438796204 1.70881385480815 1.77501897362173 1.83559358156216 1.89086414568662 1.93628674879799 1.968143374399 2 
26 1 2 3 4 5 6 7 8 9 10 11 12 13 14 15 16 17 18 19 20 21 22 23 24 25 26 
p 0.0251246506295981 1 0 0.0680534496220128 0.136106899244026 0.2132033940005 0.295262416684247 0.382398672231525 0.47462361588549 0.571801651323307 0.673594329971265 0.779398631145385 0.888294100544514 0.999023526894941 1.09893433766006 1.1977480213271 1.29420469429851 1.38715780682451 1.47566367362271 1.55902871530592 1.63681438796204 1.70881385480815 1.77501897362173 1.83559358156216 1.89086414568662 1.93628674879799 1.968143374399 2 
2 24 50 
p 0.0251246506295981 1 0 1 
2 1 26 
p 0.0251246506295981 1 0 1 
25 23 24 25 26 27 28 29 30 31 32 33 34 35 36 37 38 39 40 41 42 43 44 45 46 47 
p 0.0251246506295981 1 0 0.0264546969831053 0.0529093939662105 0.0793640909493158 0.114637020260123 0.154319065734781 0.207228459700991 0.266751527912978 0.347728214861963 0.437325456552723 0.535662030250101 0.642477846497863 0.757026017452676 0.877975899186112 1.00339761798288 1.13089696791172 1.24520760326546 1.3572867493684 1.46571077476122 1.56944318163372 1.66782640318448 1.76052122411039 1.84742970729484 1.92371485364742 2 
25 1 2 3 4 5 6 7 8 9 10 11 12 13 14 15 16 17 18 19 20 21 22 23 24 25 
p 0.0251246506295981 1 0 0.0264546969831053 0.0529093939662105 0.0793640909493158 0.114637020260123 0.154319065734781 0.207228459700991 0.266751527912978 0.347728214861963 0.437325456552723 0.535662030250101 0.642477846497863 0.757026017452676 0.877975899186112 1.00339761798288 1.13089696791172 1.24520760326546 1.3572867493684 1.46571077476122 1.56944318163372 1.66782640318448 1.76052122411039 1.84742970729484 1.92371485364742 2 
2 1 47 
p 0.0251246506295981 1 0 1 
2 1 18 
p 0.0251246506295981 1 0 1 
2 25 52 
p 0.0251246506295981 1 0 1 
18 18 19 20 21 22 23 24 25 26 27 28 29 30 31 32 33 34 35 
p 0.0251246506295981 1 0 0.0696093983288766 0.139218796657753 0.215023093484109 0.291127748000541 0.368490542340646 0.448139285337396 0.531142386626727 0.618597670871581 0.711648952840469 0.811537713754231 0.919702278942058 1.03795587161499 1.16882630383 1.31629430778112 1.48775296481128 1.74387648240564 2 
18 1 2 3 4 5 6 7 8 9 10 11 12 13 14 15 16 17 18 
p 0.0251246506295981 1 0 0.0696093983288766 0.139218796657753 0.215023093484109 0.291127748000541 0.368490542340646 0.448139285337396 0.531142386626727 0.618597670871581 0.711648952840469 0.811537713754231 0.919702278942058 1.03795587161499 1.16882630383 1.31629430778112 1.48775296481128 1.74387648240564 2 
2 1 19 
p 0.0251246506295981 1 0 1 
2 18 43 
p 0.0251246506295981 1 0 1 
24 19 20 21 22 23 24 25 26 27 28 29 30 31 32 33 34 35 36 37 38 39 40 41 42 
p 0.0251246506295981 1 0 0.0858052153603289 0.171610430720658 0.264996211160837 0.364437866209005 0.473003273230251 0.597528727811475 0.816573295154579 0.945085322597155 1.03548623107921 1.10668860897028 1.16009039238857 1.2001417299523 1.23722630177056 1.27431087358882 1.31139544540709 1.34848001722535 1.38556458904361 1.43501068480129 1.50917982843782 1.60497331317044 1.69187136408891 1.80248665658522 2 
24 1 2 3 4 5 6 7 8 9 10 11 12 13 14 15 16 17 18 19 20 21 22 23 24 
p 0.0251246506295981 1 0 0.0858052153603289 0.171610430720658 0.264996211160837 0.364437866209005 0.473003273230251 0.597528727811475 0.816573295154579 0.945085322597155 1.03548623107921 1.10668860897028 1.16009039238857 1.2001417299523 1.23722630177056 1.27431087358882 1.31139544540709 1.34848001722535 1.38556458904361 1.43501068480129 1.50917982843782 1.60497331317044 1.69187136408891 1.80248665658522 2 
2 18 42 
p 0.0251246506295981 1 0 1 
2 1 27 
p 0.0251246506295981 1 0 1 
30 27 28 29 30 31 32 33 34 35 36 37 38 39 40 41 42 43 44 45 46 47 48 49 50 51 52 53 54 55 56 
p 0.0251246506295981 1 0 0.0676840666503667 0.135368133300733 0.210928551851325 0.290453139268726 0.373738138339193 0.460443405161802 0.550076961190595 0.641991592276153 0.735400269869057 0.820012635504111 0.904396787347929 0.987885092409452 1.06986198085712 1.14979373004848 1.22724626684171 1.30189072094606 1.37349911069219 1.4419337717692 1.50713407002103 1.56910312862126 1.62789630012395 1.68361225580344 1.73638695269545 1.78639033396538 1.83382532026672 1.87892835190192 1.92197037508043 1.96098518754022 2 
30 1 2 3 4 5 6 7 8 9 10 11 12 13 14 15 16 17 18 19 20 21 22 23 24 25 26 27 28 29 30 
p 0.0251246506295981 1 0 0.0676840666503667 0.135368133300733 0.210928551851325 0.290453139268726 0.373738138339193 0.460443405161802 0.550076961190595 0.641991592276153 0.735400269869057 0.820012635504111 0.904396787347929 0.987885092409452 1.06986198085712 1.14979373004848 1.22724626684171 1.30189072094606 1.37349911069219 1.4419337717692 1.50713407002103 1.56910312862126 1.62789630012395 1.68361225580344 1.73638695269545 1.78639033396538 1.83382532026672 1.87892835190192 1.92197037508043 1.96098518754022 2 
2 26 56 
p 0.0251246506295981 1 0 1 
2 1 28 
p 0.0251246506295981 1 0 1 
27 26 27 28 29 30 31 32 33 34 35 36 37 38 39 40 41 42 43 44 45 46 47 48 49 50 51 52 
p 0.0251246506295981 1 0 0.0344989048539522 0.0689978097079044 0.103496714561857 0.149495254367126 0.201243611648054 0.266249712435903 0.33748697659383 0.415238297184301 0.49960527552456 0.590473274248604 0.68745883869792 0.789855345055985 0.89660209486584 1.00630713232124 1.1173442355985 1.21694813900534 1.31503034725384 1.41060385800959 1.50289967778506 1.59137458338287 1.67568953452302 1.7556735502797 1.83128511426482 1.90257826356638 1.95128913178319 2 
27 1 2 3 4 5 6 7 8 9 10 11 12 13 14 15 16 17 18 19 20 21 22 23 24 25 26 27 
p 0.0251246506295981 1 0 0.0344989048539522 0.0689978097079044 0.103496714561857 0.149495254367126 0.201243611648054 0.266249712435903 0.33748697659383 0.415238297184301 0.49960527552456 0.590473274248604 0.68745883869792 0.789855345055985 0.89660209486584 1.00630713232124 1.1173442355985 1.21694813900534 1.31503034725384 1.41060385800959 1.50289967778506 1.59137458338287 1.67568953452302 1.7556735502797 1.83128511426482 1.90257826356638 1.95128913178319 2 
2 1 19 
p 0.0251246506295981 1 0 1 
2 27 57 
p 0.0251246506295981 1 0 1 
25 19 20 21 22 23 24 25 26 27 28 29 30 31 32 33 34 35 36 37 38 39 40 41 42 43 
p 0.0251246506295981 1 0 0.158507572783122 0.283047196523033 0.369851003160619 0.477888528337934 0.566782532515935 0.632616207706287 0.677053938459774 0.718199985453744 0.755231427748317 0.79226287004289 0.829294312337463 0.866325754632036 0.903357196926609 0.952732453319372 1.02679533790852 1.12972275217343 1.32366723183765 1.48621877935298 1.60644689269105 1.70727929338993 1.7987588154066 1.88436063366915 1.94218031683457 2 
25 1 2 3 4 5 6 7 8 9 10 11 12 13 14 15 16 17 18 19 20 21 22 23 24 25 
p 0.0251246506295981 1 0 0.158507572783122 0.283047196523033 0.369851003160619 0.477888528337934 0.566782532515935 0.632616207706287 0.677053938459774 0.718199985453744 0.755231427748317 0.79226287004289 0.829294312337463 0.866325754632036 0.903357196926609 0.952732453319372 1.02679533790852 1.12972275217343 1.32366723183765 1.48621877935298 1.60644689269105 1.70727929338993 1.7987588154066 1.88436063366915 1.94218031683457 2 
2 1 25 
p 0.0251246506295981 1 0 1 
2 25 49 
p 0.0251246506295981 1 0 1 
25 25 26 27 28 29 30 31 32 33 34 35 36 37 38 39 40 41 42 43 44 45 46 47 48 49 
p 0.0251246506295981 1 0 0.0858052153603291 0.171610430720658 0.265039453789667 0.364594375299559 0.473400792708188 0.598415817457906 0.819130791878249 0.946147588203856 1.0364679207168 1.10040609210569 1.14356435779319 1.17952957919944 1.21283071013116 1.2428017279697 1.27277274580824 1.30274376364678 1.33271478148533 1.37267613860338 1.41763266536119 1.49106764874759 1.5674877545539 1.66456581697649 1.78374387727695 2 
25 1 3 4 5 6 7 8 9 10 11 12 13 14 15 16 17 18 19 20 21 22 23 24 25 26 
p 0.0251246506295981 1 0 0.0858052153603291 0.171610430720658 0.265039453789667 0.364594375299559 0.473400792708188 0.598415817457906 0.819130791878249 0.946147588203856 1.0364679207168 1.10040609210569 1.14356435779319 1.17952957919944 1.21283071013116 1.2428017279697 1.27277274580824 1.30274376364678 1.33271478148533 1.37267613860338 1.41763266536119 1.49106764874759 1.5674877545539 1.66456581697649 1.78374387727695 2 
2 24 49 
p 0.0251246506295981 1 0 1 
2 1 31 
p 0.0251246506295981 1 0 1 
28 32 33 34 35 36 37 38 39 40 41 42 43 44 45 46 47 48 49 50 51 52 53 54 55 56 57 58 31 
p 0.0251246506295981 1 0 0.0388803053451319 0.0777606106902638 0.116640916035396 0.155521221380528 0.19440152672566 0.247803416396682 0.304915459194541 0.366075121971682 0.431561332357118 0.501597143610045 0.576345253297897 0.655895544788762 0.740244158371391 0.829264366764544 0.922671285083981 1.01998558707593 1.12050569966572 1.22330179680468 1.32724497604133 1.42069443612917 1.51306644776116 1.60348047668293 1.6911680765098 1.7755091501343 1.85604492715886 1.92802246357943 2 
28 2 28 29 30 31 32 33 34 35 36 37 38 39 40 41 42 43 44 45 46 47 48 49 50 51 52 53 27 
p 0.0251246506295981 1 0 0.0388803053451319 0.0777606106902638 0.116640916035396 0.155521221380528 0.19440152672566 0.247803416396682 0.304915459194541 0.366075121971682 0.431561332357118 0.501597143610045 0.576345253297897 0.655895544788762 0.740244158371391 0.829264366764544 0.922671285083981 1.01998558707593 1.12050569966572 1.22330179680468 1.32724497604133 1.42069443612917 1.51306644776116 1.60348047668293 1.6911680765098 1.7755091501343 1.85604492715886 1.92802246357943 2 
2 30 32 
p 0.0251246506295981 1 0 1 
2 1 31 
p 0.0251246506295981 1 0 1 
30 28 29 30 31 32 33 34 35 36 37 38 39 40 41 42 43 44 45 46 47 48 49 50 51 52 53 54 55 56 57 
p 0.0251246506295981 1 0 0.0432003392723688 0.0864006785447376 0.132631913217596 0.181022816815628 0.231932000335575 0.285672328549974 0.342513685891704 0.402685444612125 0.466376952209892 0.533734915415855 0.604856912700643 0.679780535234092 0.758468019320812 0.840786899817399 0.926488375584497 1.01518679951148 1.10634571643628 1.19927733439957 1.29316184522968 1.37769660456148 1.46154316864994 1.54404060238347 1.62458970130944 1.70268095439115 1.77791006043748 1.8499813463536 1.91870193789991 1.95935096894995 2 
30 1 2 3 4 5 6 7 8 9 10 11 12 13 14 15 16 17 18 19 20 21 22 23 24 25 26 27 28 29 30 
p 0.0251246506295981 1 0 0.0432003392723688 0.0864006785447376 0.132631913217596 0.181022816815628 0.231932000335575 0.285672328549974 0.342513685891704 0.402685444612125 0.466376952209892 0.533734915415855 0.604856912700643 0.679780535234092 0.758468019320812 0.840786899817399 0.926488375584497 1.01518679951148 1.10634571643628 1.19927733439957 1.29316184522968 1.37769660456148 1.46154316864994 1.54404060238347 1.62458970130944 1.70268095439115 1.77791006043748 1.8499813463536 1.91870193789991 1.95935096894995 2 
2 1 26 
p 0.0251246506295981 1 0 1 
2 30 58 
p 0.0251246506295981 1 0 1 
24 26 27 28 29 30 31 32 33 34 35 36 37 38 39 40 41 42 43 44 45 46 47 48 49 
p 0.0251246506295981 1 0 0.236289138461052 0.393815230768419 0.505791997114682 0.598779090008167 0.660579052583349 0.706929024514736 0.745554001124224 0.781317868355232 0.817081735586241 0.852845602817249 0.888609470048257 0.924373337279265 0.972058493587276 1.04358622804929 1.15087782974232 1.36550153391109 1.49239976910905 1.61168573654952 1.71215727964856 1.80339200614944 1.88879314825934 1.94439657412967 2 
24 30 31 32 33 34 35 36 37 38 39 40 41 42 43 44 45 46 47 48 49 50 51 52 1 
p 0.0251246506295981 1 0 0.236289138461052 0.393815230768419 0.505791997114682 0.598779090008167 0.660579052583349 0.706929024514736 0.745554001124224 0.781317868355232 0.817081735586241 0.852845602817249 0.888609470048257 0.924373337279265 0.972058493587276 1.04358622804929 1.15087782974232 1.36550153391109 1.49239976910905 1.61168573654952 1.71215727964856 1.80339200614944 1.88879314825934 1.94439657412967 2 
2 1 2 
p 0.0251246506295981 1 0 1 
2 1 2 
p 0.0251246506295981 1 0 1 
2 26 27 
p 0.0251246506295981 1 0 1 
28 31 32 33 34 35 36 37 38 39 40 41 42 43 44 45 46 47 48 49 50 51 52 53 54 55 56 57 58 
p 0.0251246506295981 1 0 0.0388803053451319 0.0777606106902638 0.116640916035396 0.155521221380528 0.19440152672566 0.247803416396682 0.304915459194541 0.366075121971682 0.431561332357118 0.501597143610045 0.576345253297897 0.655895544788762 0.740244158371391 0.829264366764544 0.922671285083981 1.01998558707593 1.12050569966572 1.22330179680468 1.32724497604133 1.42069443612917 1.51306644776116 1.60348047668293 1.6911680765098 1.7755091501343 1.85604492715886 1.92802246357943 2 
28 2 3 4 5 6 7 8 9 10 11 12 13 14 15 16 17 18 19 20 21 22 23 24 25 26 27 28 29 
p 0.0251246506295981 1 0 0.0388803053451319 0.0777606106902638 0.116640916035396 0.155521221380528 0.19440152672566 0.247803416396682 0.304915459194541 0.366075121971682 0.431561332357118 0.501597143610045 0.576345253297897 0.655895544788762 0.740244158371391 0.829264366764544 0.922671285083981 1.01998558707593 1.12050569966572 1.22330179680468 1.32724497604133 1.42069443612917 1.51306644776116 1.60348047668293 1.6911680765098 1.7755091501343 1.85604492715886 1.92802246357943 2 
2 29 30 
p 0.0251246506295981 1 0 1 
Surfaces 18
9 0 0 0 0 1 3 2 7 2 3 0 0 6  -5.1875 3.1764276352884498e-16 6  -8.9375 5.4726403836897299e-16 2.94166666666667  -11.390625 6.9747462232689101e-16 -0.46250000000000002  -13.84375 8.4768520628480804e-16 -3.8666666666666698  -15 9.1848509936051499e-16 -7.6166666666666698  -15 9.1848509936051499e-16 -9  
0 0 -14  -8.3000000000000007 5.0822842164615102e-16 -14  -12.050000000000001 7.3784969648628002e-16 -14.133333333333301  -13.725 8.4041386591487096e-16 -13.574999999999999  -15.4 9.429780353434619e-16 -13.016666666666699  -15 9.1848509936051499e-16 -11.766666666666699  -15 9.1848509936051499e-16 -9  

0 2
1 2

0 4
1 3
2 4

9 0 0 0 0 1 3 2 7 2 3 -15 9.1848509936051499e-16 -9  -15 9.1848509936051499e-16 -7.6166666666666698  -13.84375 8.4768520628480804e-16 -3.8666666666666698  -11.390625 6.9747462232689101e-16 -0.46250000000000002  -8.9375 5.4726403836897299e-16 2.94166666666667  -5.1875 3.1764276352884498e-16 6  0 0 6  
-15 9.1848509936051499e-16 -9  -15 9.1848509936051499e-16 -3.4666666666666699  -12.2875 7.5239237722615497e-16 5.2833333333333297  -9.0562500000000004 5.5453537873891096e-16 12.65  -5.8250000000000002 3.56678380251667e-16 20.016666666666701  -2.0750000000000002 1.27057105411538e-16 26  0 0 26  

0 2
1 2

0 4
1 3
2 4

9 0 0 0 0 1 3 2 7 2 3 15 -9.1848509936051499e-16 -9  15 -9.1848509936051499e-16 -7.6166666666666698  13.84375 -8.4768520628480903e-16 -3.8666666666666698  11.390625 -6.9747462232689101e-16 -0.46250000000000002  8.9375 -5.4726403836897299e-16 2.94166666666667  5.1875 -3.1764276352884498e-16 6  0 0 6  
15 -9.1848509936051499e-16 -9  15 -9.1848509936051499e-16 -11.766666666666699  15.4 -9.429780353434619e-16 -13.016666666666699  13.725 -8.4041386591487096e-16 -13.574999999999999  12.050000000000001 -7.3784969648628002e-16 -14.133333333333301  8.3000000000000007 -5.0822842164615201e-16 -14  0 0 -14  

0 2
1 2

0 4
1 3
2 4

9 0 0 0 0 1 3 2 7 2 3 0 0 -14  -8.3000000000000007 5.0822842164615102e-16 -14  -12.050000000000001 7.3784969648628002e-16 -14.133333333333301  -13.725 8.4041386591487096e-16 -13.574999999999999  -15.4 9.429780353434619e-16 -13.016666666666699  -15 9.1848509936051499e-16 -11.766666666666699  -15 9.1848509936051499e-16 -9  
-1.8369701987210299e-16 -3 -13  -4.4000000000000004 -3 -13  -9.4000000000000004 -3 -13.1666666666667  -13.300000000000001 -3 -12.46875  -17.199999999999999 -3 -11.7708333333333  -20 -3 -10.2083333333333  -20 -3 -6.75  

0 2
1 2

0 4
1 3
2 4

9 0 0 0 0 1 3 2 7 2 3 -15 9.1848509936051499e-16 -9  -15 9.1848509936051499e-16 -3.4666666666666699  -12.2875 7.5239237722615497e-16 5.2833333333333297  -9.0562500000000004 5.5453537873891096e-16 12.65  -5.8250000000000002 3.56678380251667e-16 20.016666666666701  -2.0750000000000002 1.27057105411538e-16 26  0 0 26  
-20 -3 -6.75  -20 -3 0.16666666666666799  -16.383333333333301 -3 11.1041666666667  -12.074999999999999 -3 20.3125  -7.7666666666666702 -3 29.5208333333333  -2.7666666666666702 -3 37  -1.8369701987210299e-16 -3 37  

0 2
1 2

0 4
1 3
2 4

9 0 0 0 0 1 3 2 7 2 3 0 0 6  5.1875 -3.1764276352884498e-16 6  8.9375 -5.4726403836897299e-16 2.94166666666667  11.390625 -6.9747462232689101e-16 -0.46250000000000002  13.84375 -8.4768520628480903e-16 -3.8666666666666698  15 -9.1848509936051499e-16 -7.6166666666666698  15 -9.1848509936051499e-16 -9  
0 0 26  2.0750000000000002 -1.27057105411538e-16 26  5.8250000000000002 -3.56678380251667e-16 20.016666666666701  9.0562500000000004 -5.5453537873891096e-16 12.65  12.2875 -7.5239237722615497e-16 5.2833333333333297  15 -9.1848509936051499e-16 -3.4666666666666699  15 -9.1848509936051499e-16 -9  

0 2
1 2

0 4
1 3
2 4

9 0 0 0 0 1 3 2 7 2 3 15 -9.1848509936051499e-16 -9  15 -9.1848509936051499e-16 -11.766666666666699  15.4 -9.429780353434619e-16 -13.016666666666699  13.725 -8.4041386591487096e-16 -13.574999999999999  12.050000000000001 -7.3784969648628002e-16 -14.133333333333301  8.3000000000000007 -5.0822842164615201e-16 -14  0 0 -14  
20 -3 -6.75  20 -3 -10.2083333333333  17.199999999999999 -3 -11.7708333333333  13.300000000000001 -3 -12.46875  9.4000000000000004 -3 -13.1666666666667  4.4000000000000004 -3 -13  -1.8369701987210299e-16 -3 -13  

0 2
1 2

0 4
1 3
2 4

9 0 0 0 0 1 3 2 7 2 3 -1.8369701987210299e-16 -3 -13  -4.4000000000000004 -3 -13  -9.4000000000000004 -3 -13.1666666666667  -13.300000000000001 -3 -12.46875  -17.199999999999999 -3 -11.7708333333333  -20 -3 -10.2083333333333  -20 -3 -6.75  
-1.8369701987210299e-16 -3 -16.5  -13.8333333333333 -3 -16.5  -20.0833333333333 -3 -18.774999999999999  -22.875 -3 -18.975000000000001  -25.6666666666667 -3 -19.175000000000001  -25 -3 -17.300000000000001  -25 -3 -9  

0 2
1 2

0 4
1 3
2 4

9 0 0 0 0 1 3 2 7 2 3 -20 -3 -6.75  -20 -3 0.16666666666666799  -16.383333333333301 -3 11.1041666666667  -12.074999999999999 -3 20.3125  -7.7666666666666702 -3 29.5208333333333  -2.7666666666666702 -3 37  -1.8369701987210299e-16 -3 37  
-25 -3 -9  -25 -3 -0.70000000000000095  -21.34375 -3 12.425000000000001  -16.390625 -3 23.475000000000001  -11.4375 -3 34.524999999999999  -5.1875 -3 43.5  -1.8369701987210299e-16 -3 43.5  

0 2
1 2

0 4
1 3
2 4

9 0 0 0 0 1 3 2 7 2 3 0 0 26  2.0750000000000002 -1.27057105411538e-16 26  5.8250000000000002 -3.56678380251667e-16 20.016666666666701  9.0562500000000004 -5.5453537873891096e-16 12.65  12.2875 -7.5239237722615497e-16 5.2833333333333297  15 -9.1848509936051499e-16 -3.4666666666666699  15 -9.1848509936051499e-16 -9  
-1.8369701987210299e-16 -3 37  2.7666666666666702 -3 37  7.7666666666666702 -3 29.5208333333333  12.074999999999999 -3 20.3125  16.383333333333301 -3 11.1041666666667  20 -3 0.16666666666666799  20 -3 -6.75  

0 2
1 2

0 4
1 3
2 4

9 0 0 0 0 1 3 2 7 2 3 20 -3 -6.75  20 -3 -10.2083333333333  17.199999999999999 -3 -11.7708333333333  13.300000000000001 -3 -12.46875  9.4000000000000004 -3 -13.1666666666667  4.4000000000000004 -3 -13  -1.8369701987210299e-16 -3 -13  
25 -3 -9  25 -3 -17.300000000000001  25.6666666666667 -3 -19.175000000000001  22.875 -3 -18.975000000000001  20.0833333333333 -3 -18.774999999999999  13.8333333333333 -3 -16.5  -1.8369701987210299e-16 -3 -16.5  

0 2
1 2

0 4
1 3
2 4

9 0 0 0 0 1 3 2 7 2 3 -1.8369701987210299e-16 -3 -16.5  -13.8333333333333 -3 -16.5  -20.0833333333333 -3 -18.774999999999999  -22.875 -3 -18.975000000000001  -25.6666666666667 -3 -19.175000000000001  -25 -3 -17.300000000000001  -25 -3 -9  
1.3786198870859401e-15 22.514571353075599 -16.7277747886721  -11.0666666666667 22.514571353075599 -16.7277747886721  -16.066666666666698 23.103384680683899 -18.925256043479699  -18.300000000000001 23.155148489704398 -19.118441208737501  -20.533333333333299 23.206912298724902 -19.311626373995299  -20 22.721626589157601 -17.5005154497033  -20 20.5734285148067 -9.4833310915040396  

0 2
1 2

0 4
1 3
2 4

9 0 0 0 0 1 3 2 7 2 3 -25 -3 -9  -25 -3 -0.70000000000000095  -21.34375 -3 12.425000000000001  -16.390625 -3 23.475000000000001  -11.4375 -3 34.524999999999999  -5.1875 -3 43.5  -1.8369701987210299e-16 -3 43.5  
-20 20.5734285148067 -9.4833310915040396  -20 18.425230440455799 -1.46614673330477  -17.074999999999999 15.0282304734852 11.2116297367392  -13.112500000000001 12.168280025102399 21.885110117233499  -9.1500000000000004 9.3083295767194993 32.5585904977277  -4.1500000000000004 6.9854286469243796 41.2277747886721  4.2773414165640802e-16 6.9854286469243796 41.2277747886721  

0 2
1 2

0 4
1 3
2 4

9 0 0 0 0 1 3 2 7 2 3 -1.8369701987210299e-16 -3 37  2.7666666666666702 -3 37  7.7666666666666702 -3 29.5208333333333  12.074999999999999 -3 20.3125  16.383333333333301 -3 11.1041666666667  20 -3 0.16666666666666799  20 -3 -6.75  
-1.8369701987210299e-16 -3 43.5  5.1875 -3 43.5  11.4375 -3 34.524999999999999  16.390625 -3 23.475000000000001  21.34375 -3 12.425000000000001  25 -3 -0.70000000000000095  25 -3 -9  

0 2
1 2

0 4
1 3
2 4

9 0 0 0 0 1 3 2 7 2 3 25 -3 -9  25 -3 -17.300000000000001  25.6666666666667 -3 -19.175000000000001  22.875 -3 -18.975000000000001  20.0833333333333 -3 -18.774999999999999  13.8333333333333 -3 -16.5  -1.8369701987210299e-16 -3 -16.5  
20 20.5734285148067 -9.4833310915040396  20 22.721626589157601 -17.5005154497033  20.533333333333299 23.206912298724902 -19.311626373995299  18.300000000000001 23.155148489704398 -19.118441208737501  16.066666666666698 23.103384680683899 -18.925256043479699  11.0666666666667 22.514571353075599 -16.7277747886721  1.3786198870859401e-15 22.514571353075599 -16.7277747886721  

0 2
1 2

0 4
1 3
2 4

9 0 0 0 0 3 1 7 2 3 2 1.3786198870859401e-15 22.514571353075599 -16.7277747886721  4.2773414165640802e-16 6.9854286469243796 41.2277747886721  
-11.0666666666667 22.514571353075599 -16.7277747886721  -4.1500000000000004 6.9854286469243796 41.2277747886721  
-16.066666666666698 23.103384680683899 -18.925256043479699  -9.1500000000000004 9.3083295767194993 32.5585904977277  
-18.300000000000001 23.155148489704398 -19.118441208737501  -13.112500000000001 12.168280025102399 21.885110117233499  
-20.533333333333299 23.206912298724902 -19.311626373995299  -17.074999999999999 15.0282304734852 11.2116297367392  
-20 22.721626589157601 -17.5005154497033  -20 18.425230440455799 -1.46614673330477  
-20 20.5734285148067 -9.4833310915040396  -20 20.5734285148067 -9.4833310915040396  

0 4
1 3
2 4

0 2
1 2

9 0 0 0 0 1 3 2 7 2 3 -1.8369701987210299e-16 -3 43.5  5.1875 -3 43.5  11.4375 -3 34.524999999999999  16.390625 -3 23.475000000000001  21.34375 -3 12.425000000000001  25 -3 -0.70000000000000095  25 -3 -9  
4.2773414165640802e-16 6.9854286469243796 41.2277747886721  4.1500000000000004 6.9854286469243796 41.2277747886721  9.1500000000000004 9.3083295767194993 32.5585904977277  13.112500000000001 12.168280025102399 21.885110117233499  17.074999999999999 15.0282304734852 11.2116297367392  20 18.425230440455799 -1.46614673330477  20 20.5734285148067 -9.4833310915040396  

0 2
1 2

0 4
1 3
2 4

9 0 0 0 0 3 1 7 2 3 2 4.2773414165640802e-16 6.9854286469243796 41.2277747886721  1.3786198870859401e-15 22.514571353075599 -16.7277747886721  
4.1500000000000004 6.9854286469243796 41.2277747886721  11.0666666666667 22.514571353075599 -16.7277747886721  
9.1500000000000004 9.3083295767194993 32.5585904977277  16.066666666666698 23.103384680683899 -18.925256043479699  
13.112500000000001 12.168280025102399 21.885110117233499  18.300000000000001 23.155148489704398 -19.118441208737501  
17.074999999999999 15.0282304734852 11.2116297367392  20.533333333333299 23.206912298724902 -19.311626373995299  
20 18.425230440455799 -1.46614673330477  20 22.721626589157601 -17.5005154497033  
20 20.5734285148067 -9.4833310915040396  20 20.5734285148067 -9.4833310915040396  

0 4
1 3
2 4

0 2
1 2

Triangulations 18
119 199 1 0.459612641851113
0 0 6 -1.12814369236991 6.90788780919547e-17 5.95085009860266 -2.20939228239435 1.35286259334755e-16 5.80779799385809 -3.27789392664491 2.00713115260512e-16 5.5683038798352 -4.32063506796953 2.64562595313635e-16 5.23414188868204 -5.33974236693988 3.26964919897221e-16 4.80462654236303 -6.33658812994291 3.88004118542485e-16 4.27816469489728 -7.31161612373582 4.47707364126362e-16 3.65251755129738 -8.2641504391069 5.06033269146223e-16 2.9251700586922 -9.19217490653742 5.62858378824684e-16 2.09384650600209 -10.0920624977479 6.17960601733103e-16 1.15723886774693 -10.9582248819833 6.70997751302886e-16 0.116060615318688 -11.7826432814812 7.2147881900805e-16 -1.0253863946853 -12.554239718868 7.68725474372016e-16 -2.25682886623721 -13.2580776861692 8.11823120060702e-16 -3.55836758293672 -13.8745246435461 8.49569609720491e-16 -4.89500848352691 -14.3789978827666 8.80459686603832e-16 -6.20931224901422 -14.7442441874499 9.02824572500372e-16 -7.41484980324055 -14.9360091174554 9.14566787886373e-16 -8.31435353263018 -14.9840459633982 9.17508196367623e-16 -8.68721497184462 -15 9.18485099360515e-16 -9 0 0 -14 -8.97995549589792 5.49863687726853e-16 -14.0022607543735 -10.8892925489982 6.66776863255489e-16 -13.9524212896988 -12.254500749758 7.50371755916996e-16 -13.8558596201761 -13.2034479189024 8.08478011579632e-16 -13.7131552860781 -13.8209293627727 8.46287845268061e-16 -13.5414356640019 -14.2032880684065 8.69700563517091e-16 -13.3659465902637 -14.4321896185601 8.83716741052865e-16 -13.2097048130334 -14.6043030923793 8.94255651793008e-16 -13.0447523168164 -14.7418123614937 9.02675666106707e-16 -12.8590637356764 -14.8483176067158 9.09197231489387e-16 -12.6514390093426 -14.9274190088581 9.14040795436469e-16 -12.4206780775441 -14.9845275348159 9.17537684112382e-16 -12.1545894760389 -15.0210732046607 9.1977546099229e-16 -11.8465744306135 -15.0403297776059 9.20954586013285e-16 -11.0264988914121 -15 9.18485099360515e-16 -9 -13.2553619384766 8.11656828474749e-16 -7.54078369140626 -12.5578125 7.68944244120881e-16 -7.01875 -14.2375946044922 8.71801232997449e-16 -8.45330810546876 -14.7715118408203 9.04494234721391e-16 -9.05225830078126 -2.92829129563373 1.79306128108445e-16 0.798777030565704 -4.45408249643499 2.72733893619868e-16 0.513991536755292 -5.32992539326196 3.26363803627623e-16 0.285423568318039 -6.40784573122249 3.92367388208582e-16 -0.0691818597075837 -9.45552062988281 5.78983653682887e-16 -5.43829345703124 -8.19395717030678 5.01735171048335e-16 -0.862802528047837 -8.0337890625 4.91927703020782e-16 -4.97578124999999 -7.67476932434377 4.69944084362595e-16 -9.36712340924117 -6.39269714355469 3.91439804738634e-16 -4.57996826171875 -6.76488533040225 4.142297583238e-16 -9.27740243028525 -10.804759805967 6.61600725596673e-16 -9.80893939073498 -10.6732177734375 6.53546099142143e-16 -5.94677734374999 -11.7022064208984 7.16553481815744e-16 -6.48050537109375 -14.9992983788252 9.18442137454217e-16 -9.37422984838486 -14.9996664047241 9.18464672541174e-16 -9.30427169799805 -14.9797210693359 9.17243372984121e-16 -9.17181396484376 -0.517464673519134 3.16855728048521e-17 3.49218678474426 -1.09276714324951 6.69126892096956e-17 0.973276519775391 -1.71568952959847 1.0505568453767e-16 0.93308765321832 -0.588152039051055 3.60139256017934e-17 -1.50568528175354 -4.96181169014466 3.03823340215379e-16 -1.95899148235329 -7.33258687391379 4.48991452230421e-16 -0.445248572169874 -1.91822630167007 1.17457485019026e-16 -6.53117413520813 -1.36661167144775 8.36808304557953e-17 -9.00981521606445 -2.64759063720703 1.62118169965405e-16 -9.03799438476562 -2.39112854003906 1.46414395645436e-16 -4.07135009765625 -9.21869114269969 5.64482030011761e-16 0.355729741091391 -3.66597032546997 2.24475941242799e-16 -6.61964454650879 -4.5169189453125 2.76581516419249e-16 -4.27158203125 -1.43507280349731 8.78728657673202e-17 -11.5055881500244 -0.729526770114898 4.4670631195676e-17 -11.5014294147491 -4.84492562992407 2.96666133239674e-16 -9.13469866500575 -10.0857114277095 6.17571710853419e-16 -3.82004220677223 -12.2086485545838 7.47564118714298e-16 -2.78527253699999 -9.38431329339533 5.74623461847627e-16 -9.58046359565808 -12.5424527990432 7.68003733690251e-16 -5.6327384772017 -12.9039858616644 7.90141249086501e-16 -5.9889323929465 -13.8551905874755 8.48385740226418e-16 -5.51134883652912 -13.5521729444299 8.2983126089437e-16 -4.92063435996294 -14.220957467809 8.70782502188146e-16 -7.62088204154491 -14.9531252989545 9.156148517307e-16 -9.5578921146691 -14.9673163890839 9.16483805385864e-16 -9.18875408172608 -14.9514987945557 9.15515257060405e-16 -9.19593658447267 -2.90171025397843 1.77678508729387e-16 -1.64739327985304 -0.340855772048234 2.08713965104886e-17 -7.75076173841953 -9.67039572683218 5.92140958667663e-16 0.810290595372612 -10.1385469979755 6.20806956453787e-16 0.346213007243324 -6.55229415544327 4.01212303226776e-16 -3.47368489615204 -11.0506124309086 6.76654857106507e-16 -2.83924299709494 -6.90643544027957 4.22897202772811e-16 -10.4613782602326 -6.03493974861898 3.69533482309668e-16 -11.6053335841541 -11.4457594818801 7.00850635664748e-16 -4.71173682683282 -12.9401696574121 7.92356867568671e-16 -3.86588536308526 -13.2219299901736 8.09609712050823e-16 -5.27364861617293 -13.3883757627548 8.19801576181982e-16 -5.05572670510286 -12.8979975063739 7.89774568079564e-16 -5.39211901013623 -13.5528832661952 8.29874755558182e-16 -5.33085458983519 -14.13081259836 8.65262720896631e-16 -5.80745710230558 -13.6592734115165 8.36389273104614e-16 -6.84665922231642 -14.2785875798198 8.74311328798574e-16 -6.72981937989412 -14.4859014654091 8.87005643118858e-16 -7.21021365841672 -14.9878177596373 9.17739152277181e-16 -9.55264958837071 -9.69255735551646 5.93497967049268e-16 0.378792029611192 -10.5595847572603 6.46588083665197e-16 0.258400189199466 -10.8643831532967 6.65251602669762e-16 -1.16401974238148 -10.0802708991723 6.17238574560481e-16 -0.385412466547718 -11.5731387550936 7.08650366625676e-16 -1.96800284600165 -4.14709374129236 2.53936253801885e-16 -10.9347582867789 -3.34887926722519 2.05059713766913e-16 -12.7680237884669 -1.76463254024333 1.08052579604013e-16 -13.3783934943607 -11.6609862541292 7.14029474551033e-16 -2.73121845889797 -12.0568786531207 7.38270892512614e-16 -4.1603523795614 -13.0990853267949 8.02087645860874e-16 -3.67410958292588 -6.43315588909701 3.9391718839993e-16 -13.4136184462917 -14.6182610393708 8.95110329548294e-16 -7.23942893000808 -14.352508088301 8.78837654503718e-16 -7.33532301347077 -14.7536193386645 9.03398634946699e-16 -7.67958894719737 -14.9001704211282 9.12372300649237e-16 -8.18133795515461 0 0 0 0.0740051557664829 0 0.148010311532966 0 0.224490665178905 0 0.302785349434704 0 0.383324733076643 0 0.466577509911279 0 0.553052511018166 0 0.643301959724256 0 0.737926100017644 0 0.837578309495192 0 0.942968087288318 0 1.05485553662998 0 1.17402246804545 0 1.30118603452927 0 1.43677870561304 0 1.58043662286966 0 1.72993907053286 0 1.86454863149125 0 1.93227431574563 0 2 1 0 1 0.472578276922146 1 0.630104369229528 1 0.775421789419 1 0.907256789783665 1 1.01956072867159 1 1.10935082659633 1 1.17669340003988 1 1.23904763470984 1 1.30140186937981 1 1.36375610404977 1 1.42611033871973 1 1.49102008703195 1 1.55891486254545 1 1.71305516935986 1 2 0.5 1.125 0.5 1 0.5 1.375 0.5 1.625 0.25 0.174745332589452 0.25 0.276392674717352 0.25 0.338892674717352 0.25 0.420788754955639 0.5 0.625 0.25 0.571650979862128 0.5 0.5 0.75 0.423789138461073 0.5 0.375 0.75 0.361289138461073 0.75 0.690052184614764 0.5 0.75 0.5 0.875 0.75 1.921875 0.75 1.9375 0.5 1.875 0.125 0.03125 0.25 0.0625 0.25 0.0995025778832414 0.375 0.03125 0.375 0.294446337358676 0.25 0.496219867408884 0.625 0.09375 0.75 0.0625 0.75 0.125 0.5 0.125 0.125 0.70461464467866 0.625 0.1875 0.5 0.25 0.875 0.0625 0.875 0.03125 0.75 0.243144569230536 0.375 0.723325489931064 0.125 1.07803055227648 0.75 0.556920661537918 0.375 1.04404650863232 0.375 1.10654650863232 0.125 1.39676482006715 0.125 1.32493586143884 0.375 1.41904650863232 0.625 1.7734375 0.5 1.84375 0.5 1.8125 0.375 0.162848168679338 0.6875 0.015625 0.0625 0.771096477086926 0.0625 0.823791365983489 0.4375 0.397223168679338 0.25 0.874330576655489 0.8125 0.361289138461073 0.875 0.298789138461073 0.375 0.883685999281691 0.125 1.20148320685766 0.25 1.21309301726464 0.1875 1.26901443935174 0.3125 1.12856976294848 0.1875 1.30492891866589 0.0625 1.48860072146841 0.375 1.26279650863232 0.1875 1.49974156575099 0.1875 1.57449278958259 0.6875 1.84765625 0.09375 0.764203005331074 0.03125 0.883379726635904 0.125 0.891322598477568 0.125 0.797968621578114 0.125 0.984676575377022 0.84375 0.196269569230536 0.9375 0.149394569230536 0.96875 0.0746972846152682 0.1875 0.976180564465983 0.28125 1.00145016980198 0.0625 1.25133462069346 0.96875 0.310986423076341 0.09375 1.65221593005773 0.28125 1.49676964910745 0.09375 1.71952071053692 0.046875 1.82589751314128 38 27 28 38 28 29 38 29 30 38 39 27 40 30 31 40 31 32 40 32 33 40 33 34 40 38 30 41 40 34 42 4 3 43 5 4 43 4 42 44 6 5 44 5 43 45 7 6 45 6 44 46 47 48 49 50 51 49 48 50 52 24 25 52 25 26 52 26 27 52 53 46 52 27 39 52 54 53 52 39 54 55 36 37 56 21 57 56 37 21 56 55 37 58 2 1 58 3 2 58 59 60 58 42 3 58 60 42 61 58 1 61 59 58 61 60 59 62 45 44 62 44 43 63 8 7 63 7 45 63 47 8 63 48 47 64 65 66 64 67 61 68 9 8 68 10 9 68 8 47 69 64 66 69 50 70 69 51 50 69 67 64 69 70 67 71 66 65 71 65 72 73 69 66 73 51 69 74 46 53 74 68 47 74 47 46 75 14 13 76 52 46 76 23 24 76 46 48 76 48 49 76 24 52 77 39 38 78 77 38 79 16 15 79 15 80 81 40 41 82 41 34 82 83 84 82 34 35 82 35 36 82 84 41 82 57 83 85 62 43 85 43 42 85 60 61 85 70 62 85 67 70 85 42 60 85 61 67 86 1 22 86 61 1 86 64 61 86 65 64 86 22 72 86 72 65 87 11 10 87 10 68 88 11 87 89 45 62 89 70 50 89 50 48 89 63 45 89 48 63 89 62 70 90 68 74 91 49 51 91 23 76 91 92 23 91 51 73 91 73 92 91 76 49 93 90 74 93 39 77 93 53 54 93 74 53 93 54 39 94 14 75 94 75 95 96 80 94 96 94 95 97 77 78 97 95 75 98 80 96 98 79 80 98 96 95 99 17 16 99 16 79 100 40 81 100 97 78 100 78 38 100 95 97 100 98 95 100 81 98 100 38 40 101 79 98 101 99 79 102 41 84 102 99 101 103 82 36 103 57 82 103 36 55 103 56 57 103 55 56 104 88 87 104 87 68 105 12 11 105 11 88 105 88 106 107 68 90 107 104 68 107 90 106 107 88 104 107 106 88 108 12 105 108 13 12 108 105 106 108 75 13 109 71 110 109 66 71 109 73 66 109 92 73 109 110 92 111 110 71 111 72 22 111 71 72 112 106 90 112 75 108 112 108 106 113 90 93 113 93 77 113 77 97 113 97 75 113 112 90 113 75 112 114 14 94 114 15 14 114 94 80 114 80 15 115 22 23 115 23 92 115 111 22 115 110 111 115 92 110 116 18 17 116 17 99 116 99 102 117 81 41 117 98 81 117 41 102 117 101 98 117 102 101 118 116 102 118 84 83 118 18 116 118 102 84 118 83 57 119 57 21 119 18 118 119 118 57 119 19 18 119 20 19 119 21 20 
106 165 1 0.211717216438136
0 0 6 -1.12814369236991 6.90788780919547e-17 5.95085009860266 -2.20939228239435 1.35286259334755e-16 5.80779799385809 -3.27789392664491 2.00713115260512e-16 5.5683038798352 -4.32063506796953 2.64562595313635e-16 5.23414188868204 -5.33974236693988 3.26964919897221e-16 4.80462654236303 -6.33658812994291 3.88004118542485e-16 4.27816469489728 -7.31161612373582 4.47707364126362e-16 3.65251755129738 -8.2641504391069 5.06033269146223e-16 2.9251700586922 -9.19217490653742 5.62858378824684e-16 2.09384650600209 -10.0920624977479 6.17960601733103e-16 1.15723886774693 -10.9582248819833 6.70997751302886e-16 0.116060615318688 -11.7826432814812 7.2147881900805e-16 -1.0253863946853 -12.554239718868 7.68725474372016e-16 -2.25682886623721 -13.2580776861692 8.11823120060702e-16 -3.55836758293672 -13.8745246435461 8.49569609720491e-16 -4.89500848352691 -14.3789978827666 8.80459686603832e-16 -6.20931224901422 -14.7442441874499 9.02824572500372e-16 -7.41484980324055 -14.9360091174554 9.14566787886373e-16 -8.31435353263018 -14.9840459633982 9.17508196367623e-16 -8.68721497184462 -15 9.18485099360515e-16 -9 -15 9.18485099360515e-16 -9 -14.9508151987561 9.15473398890016e-16 -7.63819258923151 -14.807518795086 9.06699024785816e-16 -6.17059979614305 -14.5339833647511 8.89949810325167e-16 -4.36556978661776 -14.1221267519728 8.64730866197836e-16 -2.31602800529876 -13.5597462750351 8.30294993648596e-16 -0.0239243401193541 -12.8394715861992 7.86190889039115e-16 2.49431568139582 -11.9615959881688 7.32436511980238e-16 5.20294750688822 -10.9372183574983 6.69711472654296e-16 8.0427282342351 -9.7908634594148 5.99517479823056e-16 10.9295889477893 -8.56111530475735 5.24217122755125e-16 13.7590866510503 -7.42502320470028 4.54651545061551e-16 16.1613173970464 -6.3020654356548 3.85890213189591e-16 18.3484795289889 -5.22879636574325 3.20171436635039e-16 20.2636376602359 -4.23429474558135 2.59275775341133e-16 21.874729611566 -3.33769749170207 2.04375027486755e-16 23.1753533886084 -2.54813092382468 1.56028018983514e-16 24.1805867449082 -1.86628682719964 1.14277109461046e-16 24.9203772747298 -1.28661048491835 7.87821706052343e-17 25.4328162609274 -0.799326378111109 4.8944624521391e-17 25.7584985181721 -0.4670412318183 2.85980274808061e-17 25.9109735162587 -0.227469786496412 1.39285072967782e-17 25.9775369242855 -0.112185263870145 6.86936621550387e-18 25.994358424224 0 0 26 -14.9775821685791 9.17112403085844e-16 -8.31974029541016 -14.9113311767578 9.1305569983213e-16 -7.57940673828125 -14.6533447265625 8.97258585809376e-16 -5.93994140625 -14.2380706787109 8.71830384135857e-16 -4.12445068359375 -13.6775390625 8.37507721655176e-16 -2.17578125 -12.9837799072266 7.95027225210936e-16 -0.136779785156254 -12.1688232421875 7.45125521646742e-16 1.94970703125 -11.2446990966797 6.88539237806196e-16 4.04083251953125 -10.2234375 6.26005000532901e-16 6.09375 -9.11706848144531 5.58259436670461e-16 8.06561279296876 -7.9376220703125 4.8603917306248e-16 9.91357421875001 -14.9294764207314 9.14166775579731e-16 -7.53807052684167 -14.724698532976 9.0162774634094e-16 -5.91550116779648 -5.18298923813174 3.17366559024661e-16 9.22426867440685 -4.3441355997482 2.66001587864686e-16 9.75799377748242 -4.08111877441406 2.49896452201318e-16 14.2855834960938 -3.40775871276855 2.08665039992926e-16 14.7871170043945 -3.49568908639819 2.14049222523594e-16 10.1987443949335 -2.7296630859375 1.67143658047202e-16 15.20947265625 -4.74823951721191 2.90745816316927e-16 13.7102279663086 -5.45239548249788 3.33862933766326e-16 16.6486790152814 -6.69712829589844 4.1008083655256e-16 11.5947875976563 -5.4076171875 3.31121053984305e-16 13.06640625 -2.63712001214725 1.61477029092178e-16 10.5454129147697 -2.04833564758301 1.25424384719598e-16 15.5472946166992 -2.16132696221478 1.3234310730936e-16 10.6950962127982 -1.36528015136719 8.35992983655621e-17 15.7952270507812 -4.34955487785949 2.66333422944319e-16 18.0682287674231 -1.29621119993883 7.9370044851202e-17 10.8905777922055 -0.682000350952147 4.17604773405461e-17 15.9479141235352 -0.411433625221251 2.519304360944e-17 10.988994884491 -2.60191857404658 1.5932156266741e-16 19.8311551215601 -2.00150762208181 1.22556995142576e-16 20.2777776461613 -1.37169646950304 8.39921845389314e-17 20.6435510126782 -0.863484662995321 5.28731864325027e-17 20.8524504386732 -0.425846128087428 2.60755548845783e-17 20.9626263795135 -0.347755434842366 2.12938790082901e-17 20.9748871523066 -0.270058894157408 1.65363380155573e-17 20.9847390174866 -14.6868837732879 8.9931226012031e-16 -5.89235070394105 -14.4974193880749 8.87710912475138e-16 -4.91506023498013 -5.97982235120829 3.66158515093852e-16 10.5806658359678 -5.87819722270289 3.59935770676998e-16 17.6341775192679 -3.46872670154909 2.12398252608453e-16 19.0369635245786 -3.41822179111925 2.09305718763497e-16 21.123364636719 -0.152344442903994 9.32840671851334e-18 18.4964358985424 -14.1228108954147 8.64772757901651e-16 -3.50126409671545 -6.98559676902796 4.27744436166209e-16 10.3906361975485 -6.64885633076752 4.07125031173253e-16 17.0220321786649 -3.82898982462543 2.34458006634766e-16 21.56350191658 -14.4562267596588 8.85188591448223e-16 -4.38027351850305 -14.0993988295665 8.63339182326528e-16 -2.70040744307873 -13.8808256859348 8.4995543729012e-16 -2.31456775242922 -13.5391606965315 8.2903449050745e-16 -0.253473942621534 -7.46737676245131 4.57244952508166e-16 10.1875718698431 -6.49045960441389 3.97426028977034e-16 10.5218776674716 -14.4931602009232 8.87450112479521e-16 -4.34681741165327 -13.4488026982368 8.23501658838001e-16 -1.14782262243329 -13.24039277555 8.10740231601551e-16 0.0112624214176777 -13.1061482206297 8.02520123377244e-16 -0.0106726310396388 -12.7127714510589 7.78432743291558e-16 1.10760439388716 -13.3852687372807 8.19611325741898e-16 -0.0700720774290318 0 2 0 1.92599484423352 0 1.85198968846703 0 1.7755093348211 0 1.6972146505653 0 1.61667526692336 0 1.53342249008872 0 1.44694748898183 0 1.35669804027574 0 1.26207389998236 0 1.16242169050481 0 1.05703191271168 0 0.945144463370023 0 0.825977531954549 0 0.698813965470729 0 0.56322129438696 0 0.419563377130336 0 0.270060929467135 0 0.135451368508745 0 0.0677256842543725 0 0 1 0 1 0.0785813549171038 1 0.157162709834208 1 0.247721481861117 1 0.344873859003705 1 0.448715901286858 1 0.55912946708783 1 0.675680454725069 1 0.797498141271227 1 0.923167466378599 1 1.05069462543192 1 1.16492458575961 1 1.2766251256996 1 1.38397904614528 1 1.48548575017958 1 1.58007344809237 1 1.6671136462129 1 1.74637200725685 1 1.81794416305471 1 1.88221689620853 1 1.92892464590597 1 1.96446232295298 1 1.98223116147649 1 2 0.5 0.0625 0.5 0.125 0.5 0.25 0.5 0.375 0.5 0.5 0.5 0.625 0.5 0.75 0.5 0.875 0.5 1 0.5 1.125 0.5 1.25 0.75 0.101790677458552 0.75 0.203581354917104 0.25 1.57921124504436 0.25 1.65208763346168 0.5 1.625 0.5 1.6875 0.25 1.72360732528265 0.5 1.75 0.5 1.5625 0.75 1.43024287508979 0.5 1.375 0.5 1.5 0.25 1.79400466741055 0.5 1.8125 0.25 1.83224484423352 0.5 1.875 0.75 1.54003672404618 0.25 1.90049742211676 0.5 1.9375 0.25 1.96875 0.75 1.71693600362842 0.75 1.77943600362842 0.75 1.84647208152735 0.75 1.90196232295298 0.75 1.95098116147649 0.75 1.95986558073825 0.75 1.96875 0.625 0.226790677458552 0.625 0.289290677458552 0.375 1.47710562252218 0.875 1.3534340003947 0.75 1.6284863638373 0.875 1.60357518512954 0.625 1.984375 0.5625 0.394645338729276 0.4375 1.36355281126109 0.9375 1.25917929307715 0.9375 1.54453046765456 0.78125 0.286292322144904 0.8125 0.369003289372705 0.65625 0.434501644686352 0.90625 0.464066378230268 0.46875 1.30677640563055 0.40625 1.42032921689164 0.890625 0.267006902003011 0.578125 0.529750822343176 0.703125 0.544533189115134 0.6015625 0.584766594557567 0.6015625 0.647266594557567 0.8046875 0.504299783672701 46 20 21 46 21 22 47 20 46 47 19 20 48 18 19 48 19 47 49 17 18 49 18 48 50 16 17 50 17 49 51 15 16 51 16 50 52 14 15 52 15 51 53 14 52 53 13 14 53 30 31 53 52 30 54 12 13 54 31 32 54 13 53 54 53 31 55 11 12 55 32 33 55 54 32 55 12 54 56 11 55 57 22 23 57 23 24 57 47 46 57 46 22 58 57 24 59 6 7 59 7 8 60 5 6 60 6 59 60 61 62 60 59 61 63 4 5 63 5 60 63 62 64 63 60 62 65 61 59 66 67 56 66 68 67 69 63 64 69 64 70 69 4 63 71 3 4 71 4 69 71 69 70 71 70 72 73 65 68 73 68 66 74 2 3 74 72 75 74 3 71 74 71 72 76 1 2 76 2 74 76 74 75 77 64 62 77 38 39 78 77 39 78 70 64 78 64 77 78 39 40 79 70 78 79 78 40 79 40 41 79 72 70 80 41 42 80 79 41 80 72 79 81 80 42 81 42 43 82 81 43 83 43 44 83 44 45 83 82 43 84 47 57 84 57 58 84 48 47 85 49 48 85 48 84 86 8 9 86 65 59 86 68 65 86 59 8 87 34 35 87 35 36 87 66 56 87 36 66 88 61 65 88 77 62 88 62 61 88 65 73 89 38 77 89 88 73 89 77 88 89 37 38 90 75 72 90 45 1 90 1 76 90 76 75 90 80 81 90 72 80 90 83 45 90 81 82 90 82 83 91 49 85 91 50 49 92 9 10 93 55 33 93 87 56 93 56 55 93 33 34 93 34 87 94 89 73 94 37 89 94 36 37 94 73 66 94 66 36 95 84 58 95 96 85 95 85 84 97 50 91 97 85 96 97 91 85 98 96 26 98 26 27 98 27 28 99 67 92 99 10 11 99 92 10 99 11 56 99 56 67 100 68 86 100 92 67 100 9 92 100 86 9 100 67 68 101 95 58 101 24 25 101 26 96 101 25 26 101 96 95 101 58 24 102 50 97 102 51 50 103 102 97 104 102 103 104 51 102 105 29 30 105 30 52 105 104 103 105 51 104 105 52 51 105 103 29 106 28 29 106 96 98 106 98 28 106 97 96 106 103 97 106 29 103 
134 227 1 0.282800451830731
15 -9.18485099360515e-16 -9 14.949505511382 -9.15393203667485e-16 -8.40238698396846 14.7970412960929 -9.0605746300557e-16 -7.62744507058316 14.4662325175163 -8.85801267414887e-16 -6.46912102738468 14.0260590979372 -8.5884841894702e-16 -5.26300549153977 13.4704737004119 -8.24828625010401e-16 -3.99406230643246 12.8235191611286 -7.85214084724047e-16 -2.73174358085529 12.1067293069551 -7.41323364695299e-16 -1.52118669389651 11.337014842087 -6.94191946912392e-16 -0.388446005544092 10.5269752989048 -6.4459133022535e-16 0.652949687981318 9.68577285322156 -5.93082536098305e-16 1.59713204910435 8.81993440307279 -5.40065221770635e-16 2.44275484059539 7.93395983871475 -4.85814926052284e-16 3.19103986241627 7.0307602612432 -4.30509902475195e-16 3.84455337105057 6.11197406975056 -3.74250474049582e-16 4.40642196416069 5.17820190382441 -3.17073419342864e-16 4.87981528103188 4.22918993543494 -2.5896319587083e-16 5.26759554916725 3.26398115081841 -1.99861203441353e-16 5.57207645261263 2.28104677887842 -1.39673831822942e-16 5.7948581341725 1.2784045400119 -7.8279701397051e-17 5.9367188110734 0.646796471612875 -3.96048614330255e-17 5.98397801266331 0 0 6 15 -9.18485099360515e-16 -9 15.0390614314139 -9.20876922208072e-16 -10.9426378961509 15.0227815310995 -9.19880065817551e-16 -11.8248770110192 14.9453020745917 -9.15135817396953e-16 -12.3511106852759 14.8470779441866 -9.09121324051968e-16 -12.6543753971817 14.7303347920447 -9.01972867672322e-16 -12.8773210417435 14.5897450832452 -8.93364230828601e-16 -13.0610218601091 14.4142147547728 -8.8261609808275e-16 -13.2240986543987 14.20014361285 -8.69508021145473e-16 -13.3677514892048 13.9439314636993 -8.53819551727473e-16 -13.49318042912 13.6419781135433 -8.35330241539454e-16 -13.6015855387367 13.1619981101806 -8.0593994280081e-16 -13.7217183568102 12.2588891177547 -7.50640465958029e-16 -13.8553942553802 10.8836594946344 -6.66431938155686e-16 -13.9526740726765 8.66678798586015 -5.30687708288618e-16 -14.0058180882537 4.93991709532009 -3.02482682941852e-16 -14.0108534678352 0 0 -14 13.8101806640625 -8.45629677294541e-16 -8.02587890625001 13.2553619384766 -8.11656828474749e-16 -7.54078369140626 12.5578125 -7.68944244120881e-16 -7.01875 14.9856070429087 -9.17603784918907e-16 -8.88056975603104 14.9992983788252 -9.18442137454218e-16 -9.37422984838486 14.9673163890839 -9.16483805385864e-16 -9.18875408172608 14.9273580446313 -9.14037062454211e-16 -10.22191449623 14.5529296875 -8.91109938000669e-16 -8.80234375000001 14.9086669921875 -9.12892565576811e-16 -9.18232421875001 6.2856245077544 -3.84883496703179e-16 -0.0246294190443717 9.45552062988281 -5.78983653682887e-16 -5.43829345703124 8.0337890625 -4.91927703020782e-16 -4.97578124999999 8.01644420777341 -4.90865636979652e-16 -0.771050707723989 5.2819447720587 -3.23425837918739e-16 0.29927214924696 10.8022072210778 -6.61444424850966e-16 -9.80848268378178 10.6732177734375 -6.53546099142144e-16 -5.94677734374999 11.7022064208984 -7.16553481815744e-16 -6.48050537109374 14.8369482451447 -9.08501058876568e-16 -8.05524787384293 14.8319114020094 -9.08192641185399e-16 -8.68501674458386 14.9514987945557 -9.15515257060405e-16 -9.19593658447266 14.9837646860787 -9.1749097309917e-16 -9.87483999270954 14.574136465804 -8.92408478659178e-16 -9.59001389568884 8.9146909605552 -5.45867387511588e-16 0.591777816799679 9.38898684164278 -5.74909634142722e-16 0.217916361396631 10.0105124701701 -6.12967102720926e-16 -3.77721118973946 7.18022977643917 -4.39662270642937e-16 -0.378372827976698 0.517464673519136 -3.1685572804852e-17 3.49218678474426 4.93593050616188 -3.02238574759246e-16 -1.95383480892304 3.34249925377194 -2.04669050614211e-16 0.734838389993695 4.40347567079928 -2.69635119268379e-16 0.52567800751918 2.90850514742849 -1.78094575955095e-16 -1.64811344315856 4.5169189453125 -2.7658151641925e-16 -4.27158203125 2.36143015012436 -1.44595893737993e-16 0.871105292149872 1.79929989603679 -1.10175342919381e-16 0.92624987681757 2.39112854003906 -1.46414395645436e-16 -4.07135009765625 9.31640599402754 -5.70465339007152e-16 -9.57077100364388 6.12754715519043 -3.75204050511421e-16 -6.86146538705931 6.39269714355469 -3.91439804738634e-16 -4.57996826171874 7.51584310875367 -4.60212660301444e-16 -9.35033564211283 5.80245841019212 -3.55298105961371e-16 -9.19842996103486 0.588152039051057 -3.60139256017934e-17 -1.50568528175354 1.44889162911473 -8.87190247953376e-17 0.952601149856476 1.09276714324951 -6.69126892096956e-17 0.973276519775392 4.10430996321629 -2.51316502958071e-16 -6.65195093329762 3.61270601317861 -2.21214442764979e-16 -9.07248844178173 1.91822630167008 -1.17457485019026e-16 -6.53117413520813 1.36661167144776 -8.36808304557954e-17 -9.00981521606445 5.40938632141443 -3.31229382193583e-16 -11.5839596189634 14.5280491722168 -8.89586445830536e-16 -6.86631219832053 14.9268729283358 -9.14007357648286e-16 -8.75305875181221 14.7066553640063 -9.00522920884678e-16 -8.69602514593863 10.4264428351869 -6.38435492230227e-16 0.0420638686984756 9.98122516532062 -6.11173772513945e-16 0.506269055227965 11.4069016320155 -6.98471278591825e-16 -5.48473588231015 1.9337493730546 -1.18407999003226e-16 2.15172917062201 6.54041286139458 -4.00484783790452e-16 -3.47074949351242 7.80154162084217 -4.77706648718961e-16 -8.24623815063465 9.02618709306193 -5.52694556601172e-16 -11.7420143069238 6.53597230776495 -4.00212878301004e-16 -10.4376642316304 0.340855772048236 -2.08713965104886e-17 -7.75076173841953 0.7295267701149 -4.4670631195676e-17 -11.5014294147491 2.2630217040531 -1.38570114313481e-16 -10.2704597885725 2.90608136999565 -1.77946162391346e-16 -12.7635875348291 14.2313050722208 -8.71416110219235e-16 -6.78088665883973 11.3179542264837 -6.93024820817976e-16 -0.67807497883513 10.8959648503888 -6.67185423882536e-16 -0.142138117103014 9.92533493654654 -6.07751483025356e-16 0.162492260939317 7.99387242996584 -4.89483514207497e-16 -0.253785880278464 8.73861739928298 -5.35085991350263e-16 -0.209330055864947 2.64520488579557 -1.61972084823924e-16 3.89626546094193 3.19056724503011 -1.95365898204525e-16 1.3671070097099 14.5868010746289 -8.93183962292172e-16 -7.40936435522284 14.3822057430636 -8.80656111396079e-16 -6.76435942504356 13.2400028220114 -8.10716353833911e-16 -5.05515320328372 12.3164964861572 -7.54167899924104e-16 -2.79409910689999 14.0184475304248 -8.58382344857493e-16 -7.22076564877399 10.6608157100105 -6.52786691778208e-16 -1.52070755671352 10.959889662538 -6.71099689711764e-16 -3.34826481650783 1.61457441303515 -9.88641693454356e-17 3.7319283878769 13.8328880549721 -8.47020103974264e-16 -5.08062708002418 13.6309076622392 -8.34652371901718e-16 -4.97337353313294 13.7924897482736 -8.44546421124799e-16 -5.94964851894155 13.4390649980908 -8.22905396672258e-16 -4.97653033675375 13.0330654979232 -7.98045097255474e-16 -3.89882393718568 12.5745012489164 -7.69966135267995e-16 -2.72255966762406 12.5664492366366 -7.69473091714736e-16 -4.1235123923985 11.7644339353516 -7.2036381813544e-16 -3.18083776681814 12.0473968764289 -7.37690301138826e-16 -2.94686784193563 11.3778704566598 -6.96693631793083e-16 -3.23175853824618 9.75256097042866 -5.97172128796243e-16 -0.830963976616999 9.90743787991235 -6.06655604369294e-16 -1.8132862601946 13.2553868630781 -8.11658354666421e-16 -3.90783971870072 12.8046767351259 -7.84060318889425e-16 -3.97171726705646 11.3923286582048 -6.97578941305259e-16 -2.22147251268171 9.00798911570499 -5.51580251865116e-16 -1.26564521013852 0 0 0 0.120358984075541 0 0.240717968151081 0 0.389215333247233 0 0.524339144025394 0 0.655386883269152 0 0.779886980624179 0 0.897120274392826 0 1.00725676047674 0 1.11083353206156 0 1.20850151294427 0 1.30091675436259 0 1.38869923046091 0 1.47242087714899 0 1.55260533540885 0 1.62973164584777 0 1.70423859663485 0 1.7765284493622 0 1.84696969455061 0 1.91589891266978 0 1.95794945633489 0 2 1 0 1 0.272843195394137 1 0.436549112630619 1 0.556269386908649 1 0.63708057204632 1 0.704423226327711 1 0.766777535847519 1 0.829131845367326 1 0.891486154887133 1 0.95384046440694 1 1.01619477392675 1 1.09933385328649 1 1.2240424723261 1 1.37042451358941 1 1.54997318294453 1 1.77498659147227 1 2 0.5 0.75 0.5 0.875 0.5 1 0.25 0.078125 0.75 0.078125 0.5 0.15625 0.75 0.34327455631531 0.5 0.5 0.5 0.25 0.25 1.58880266770443 0.5 1.375 0.5 1.5 0.25 1.44434961523046 0.25 1.66461929831743 0.75 1.3102122567947 0.5 1.25 0.5 1.125 0.125 0.233670166623617 0.375 0.2890625 0.5 0.1875 0.75 0.210699778157655 0.625 0.546637278157655 0.125 1.32642556408736 0.125 1.27759157364601 0.375 1.28467480761523 0.25 1.51657614146744 0.125 1.96875 0.375 1.70730964915871 0.25 1.7984848472753 0.25 1.72711929831743 0.375 1.83674242363765 0.5 1.75 0.25 1.8609848472753 0.25 1.89544945633489 0.5 1.875 0.75 1.44884942413349 0.625 1.66249664786807 0.5 1.625 0.75 1.58748659147227 0.75 1.69999329573613 0.375 1.96875 0.25 1.91647472816744 0.25 1.9375 0.625 1.78749664786807 0.75 1.82499329573613 0.625 1.90625 0.75 1.9375 0.875 1.7374899436042 0.0625 0.379004655324506 0.3125 0.18359375 0.4375 0.39453125 0.0625 1.14242416706138 0.0625 1.19421255285378 0.4375 1.14233740380761 0.1875 1.88361742363765 0.4375 1.60365482457936 0.6875 1.55567303600078 0.875 1.49941130353901 0.8125 1.66248826753823 0.6875 1.984375 0.875 1.96875 0.8125 1.89687164786807 0.9375 1.87186829573613 0.21875 0.524959066634576 0.03125 1.0197722207271 0.03125 1.07484046376906 0.09375 1.21000787035369 0.21875 1.43877336795284 0.1875 1.36097059443823 0.09375 1.83007293649992 0.21875 1.80536836097754 0.171875 0.379314616629096 0.140625 0.451981860979541 0.21875 0.772343952867398 0.109375 0.8998079098622 0.359375 0.637479533317288 0.171875 1.14866020637311 0.296875 1.15220182335772 0.109375 1.89941146824996 0.0546875 0.588381083827386 0.109375 0.652423023629378 0.21875 0.648651509750987 0.1640625 0.712383488248388 0.109375 0.776115466745789 0.0546875 0.839847445243189 0.21875 0.896036395983809 0.21875 1.01972883910022 0.1640625 0.95976837448121 0.2578125 1.08596533122897 0.1796875 1.25481540040567 0.2421875 1.25658620889798 0.0546875 0.715751175007471 0.1640625 0.836075931364799 0.16796875 1.05421429042716 0.24609375 1.35046791206422 40 29 30 41 30 31 41 31 32 41 40 30 42 32 33 42 41 32 43 2 1 44 43 1 44 1 23 44 23 24 44 45 43 46 24 25 46 25 26 46 47 48 49 16 15 50 51 52 53 17 16 53 16 49 54 50 55 54 33 34 54 34 35 54 35 36 54 42 33 54 55 56 54 56 42 57 3 2 57 2 43 58 59 48 60 48 59 60 46 48 60 45 44 60 44 24 60 24 46 60 59 45 61 47 46 61 26 27 61 27 28 61 28 29 61 46 26 61 29 40 61 40 47 62 13 12 62 14 13 62 12 63 64 50 52 64 55 50 65 49 15 66 22 21 67 53 49 67 68 69 67 69 53 70 67 71 70 72 68 70 73 72 70 71 74 70 68 67 75 50 54 76 71 77 76 77 51 76 78 79 80 22 66 80 81 73 80 73 70 80 82 81 80 66 82 80 70 74 83 76 79 83 71 76 83 74 71 83 79 84 85 80 74 85 74 83 85 83 84 85 84 86 87 37 38 87 84 79 88 4 3 88 5 4 88 3 57 89 59 58 89 57 43 89 43 45 89 45 59 90 58 48 90 48 47 91 11 10 92 12 11 92 11 91 93 55 64 93 56 55 93 42 56 94 72 73 94 73 81 94 81 82 94 82 66 95 77 71 95 52 51 95 49 65 95 67 49 95 71 67 95 51 77 95 65 52 96 75 78 96 76 51 96 51 50 96 78 76 96 50 75 97 75 54 97 78 75 97 36 37 97 54 36 98 78 97 98 87 79 98 97 37 98 79 78 98 37 87 99 80 85 99 86 100 99 100 39 99 39 22 99 85 86 99 22 80 101 84 87 101 100 86 101 86 84 102 39 100 102 38 39 102 101 87 102 100 101 102 87 38 103 58 90 104 9 8 105 10 9 105 91 10 105 9 104 106 92 91 106 12 92 106 63 12 107 15 14 107 62 108 107 65 15 107 14 62 107 52 65 109 18 17 109 19 18 109 17 53 109 53 69 110 94 109 110 72 94 110 69 68 110 68 72 110 109 69 111 88 57 111 57 89 111 58 103 111 89 58 112 88 111 112 5 88 112 111 103 113 40 41 114 104 8 115 90 47 115 103 90 115 40 113 115 47 40 116 106 91 117 93 64 118 109 94 118 20 19 118 21 20 118 94 66 118 19 109 118 66 21 119 120 6 119 6 5 119 112 103 119 5 112 119 103 120 121 103 115 121 115 113 121 120 103 122 120 121 122 121 113 123 120 122 124 114 8 124 8 7 124 123 114 125 42 126 125 113 41 125 41 42 127 104 114 127 125 126 128 42 93 128 126 42 128 117 116 128 93 117 129 108 62 129 106 116 129 63 106 129 62 63 130 117 64 130 129 116 130 116 117 131 6 120 131 7 6 131 124 7 131 123 124 131 120 123 132 127 114 132 122 113 132 123 122 132 125 127 132 114 123 132 113 125 133 126 128 133 127 126 133 128 116 133 104 127 133 91 105 133 105 104 133 116 91 134 108 129 134 130 64 134 107 108 134 64 52 134 52 107 134 129 130 
130 224 1 0.45631347561041
0 0 -14 -8.97995549589792 5.49863687726853e-16 -14.0022607543735 -10.8892925489982 6.66776863255489e-16 -13.9524212896988 -12.254500749758 7.50371755916996e-16 -13.8558596201761 -13.2034479189024 8.08478011579632e-16 -13.7131552860781 -13.8209293627727 8.46287845268061e-16 -13.5414356640019 -14.2032880684065 8.69700563517091e-16 -13.3659465902637 -14.4321896185601 8.83716741052865e-16 -13.2097048130334 -14.6043030923793 8.94255651793008e-16 -13.0447523168164 -14.7418123614937 9.02675666106707e-16 -12.8590637356764 -14.8483176067158 9.09197231489387e-16 -12.6514390093426 -14.9274190088581 9.14040795436469e-16 -12.4206780775441 -14.9845275348159 9.17537684112382e-16 -12.1545894760389 -15.0210732046607 9.1977546099229e-16 -11.8465744306135 -15.0403297776059 9.20954586013285e-16 -11.0264988914121 -15 9.18485099360515e-16 -9 -1.83697019872103e-16 -3 -13 -5.77267978606895 -3 -13.0114531199781 -8.37499161119774 -3 -12.9503969431752 -10.5908357574781 -3 -12.8142664712368 -12.3429088105139 -3 -12.6202952021306 -13.7877781280318 -3 -12.3756885313606 -14.9973474509917 -3 -12.0866283143608 -16.0153836497812 -3 -11.7585179922769 -16.8727496277805 -3 -11.3958974795708 -17.5930915636458 -3 -11.0022650805054 -18.1953128545952 -3 -10.5798678516372 -18.6946996288961 -3 -10.1294963801461 -19.1033913569716 -3 -9.65032204408778 -19.4305151901337 -3 -9.1398173447941 -19.6821705226265 -3 -8.59378902896628 -19.8613928487551 -3 -8.00652533699125 -19.964879386153 -3 -7.4015064906428 -20 -3 -6.75 -15.4711109347526 -1.5 -12.3014216158753 -14.9495446535871 -0.999999999999999 -12.6807579358682 -15.0912108790445 -1.5 -12.5009913410038 -15.8793760679933 -0.999999999999999 -11.8558604495277 -15.737234392357 -0.999999999999999 -12.0353600303476 -16.2519742780525 -1.5 -11.7126712586622 -16.107698832675 -1.5 -11.8463360960228 -16.3933571213304 -1.5 -11.5662409006572 -16.5569166622265 -1.5 -11.3732973508747 -17.532632338173 -2 -10.5685012835981 -16.815399511192 -1.5 -10.9978186973945 -16.6838004676104 -1.5 -11.2017670412435 -16.9300570430127 -1.5 -10.7919524443638 -17.3398891969644 -1.5 -9.60822208787565 -17.2823252635961 -1.5 -9.85329002939215 -18.1169893734113 -2 -9.27200546576666 -4.88368300577249 -2.25 -13.2665244047903 -3.76510398040116 -1.5 -13.5113383362494 -1.6801511129047 -2.25 -13.2541480769327 -9.83952940778403 -0.75 -13.7183523215915 -11.4854036148018 -0.75 -13.6272320271868 -10.6245650436487 -1.5 -13.3982171554294 -12.0893783719847 -1.5 -13.2627003915151 -8.3206201109696 -2.25 -13.2253358128731 -12.1356688670584 -0.75 -13.5633637948717 -12.6980113412523 -0.75 -13.4874409568452 -13.255129849 -1.5 -13.0767741622454 -13.1859825050931 -0.75 -13.3997514856294 -10.5719154886132 -2.25 -13.1104730296507 -13.5828032202968 -0.75 -13.3078900728837 -13.7662220335113 -1.5 -12.9614276336527 -11.3844278484526 -2.25 -13.0384552247216 -13.9255058026854 -0.749999999999999 -13.2084968311704 -14.1190089237754 -1.5 -12.8652738906653 -12.1664659279736 -2.25 -12.9474598962125 -14.1924147390635 -0.749999999999999 -13.1141172169028 -14.5252046416522 -1.5 -12.7335610749637 -14.5231588446234 -0.499999999999999 -13.0374214510832 -12.8407543278686 -2.25 -12.84769910653 -13.4660406551823 -2.25 -12.7333400795221 -14.9005386389509 -0.499999999999999 -12.7694932862795 -14.7751491074258 -1.25 -12.7106435419349 -14.7603096436378 -1.5 -12.6448635597789 -13.983835571325 -2.25 -12.6192009360211 -14.4959367398411 -2.25 -12.4852312329684 -15.1872301404225 -0.499999999999999 -12.463374128361 -15.3792532195517 -0.999999999999999 -12.3842941934645 -15.4941669408435 -1.16666666666667 -12.3024628568343 -15.7305095087899 -1.5 -12.1379048017483 -15.1057014603504 -2.25 -12.2918198144666 -15.7661570320504 -1.25 -12.0893324271759 -15.8948013404691 -1.5 -12.0198844866738 -15.5201027774716 -2.25 -12.1341695372101 -15.3371749277288 -0.333333333333333 -11.9532309563249 -15.5180576641968 -0.499999999999999 -11.8515638436915 -16.1154514405192 -2.25 -11.8593700145499 -16.5401966093874 -2.25 -11.6177317060611 -16.0571564715329 -0.749999999999999 -10.9019594385212 -17.1360735191725 -1.5 -10.3228744340419 -17.9211828368011 -2.5 -10.5738190976838 -17.6235502677597 -1.83333333333333 -10.0824428701671 -17.8701112236023 -2 -9.96111057532625 -16.2353273108532 -0.749999999999999 -9.30555609647396 -18.6854961605749 -2.25 -8.28268034311794 -19.0449261118417 -2.5 -8.38254731876118 -19.0961524962588 -2.5 -8.09730362165486 -3.05762258829857 -1.125 -13.6323984981399 -2.21453256372259 -0.75 -13.7537114372556 -1.06199793366628 -1.125 -13.6260882432385 -5.84396342682729 -0.375 -13.8889197725304 -1.20591410565912 -0.375 -13.8760260579106 -0.774165589680612 -2.625 -13.1262126138944 -7.44949824135982 -1.5 -13.5060694979904 -12.7195667426115 -0.375 -13.6407583734181 -13.5464155608127 -0.375 -13.4720063342099 -14.0967231392176 -0.374999999999999 -13.2875038435214 -14.5923133583416 -0.249999999999999 -13.0426009602066 -14.178539236564 -2.625 -12.431757849982 -16.0961863134178 -2.625 -11.8090547213026 -16.4249915750308 -1.875 -11.6647750028966 -16.429830970515 -1.75 -11.6332483574635 -16.5149329844089 -1.875 -11.5938543574033 -16.9622468986937 -2.08333333333333 -11.2778177991259 -16.4732238499541 -1.125 -10.950395147006 -17.2487807790084 -2.375 -11.1332690805624 -17.3752832788734 -2.58333333333333 -11.0890026605935 -17.813468053143 -2.75 -10.7985233737821 -17.9390376028767 -2.83333333333333 -10.7262785530965 -19.3555925896724 -2.625 -7.54375398260053 -19.5635103053743 -2.75 -7.44634467679776 -0.592378614245909 -0.5625 -13.8127763248005 -0.443186574290518 -2.0625 -13.3128093188065 -1.42074266196847 -1.6875 -13.4398973373102 -6.72772090917832 -0.9375 -13.7014354956953 -16.8515940676143 -1.79166666666667 -11.240920549103 -0.274325833873914 -1.03125 -13.6563237235955 0 0 0 0.472578276922146 0 0.630104369229528 0 0.775421789419 0 0.907256789783665 0 1.01956072867159 0 1.10935082659633 0 1.17669340003988 0 1.23904763470984 0 1.30140186937981 0 1.36375610404977 0 1.42611033871973 0 1.49102008703195 0 1.55891486254545 0 1.71305516935986 0 2 1 0 1 0.422686860754962 1 0.612895948094694 1 0.780500164472897 1 0.91993099213843 1 1.04220373782474 1 1.15210972464249 1 1.25238635592666 1 1.34486846349797 1 1.43093803371627 1 1.51173633557672 1 1.58827427857891 1 1.66148939759386 1 1.73226940520715 1 1.80145314055125 1 1.86981800306826 1 1.93490900153413 1 2 0.5 1.27689411265323 0.333333333333333 1.22270913022546 0.5 1.21453987798327 0.333333333333333 1.44935615315598 0.333333333333333 1.40693482549525 0.5 1.428524186218 0.5 1.39734706888302 0.5 1.46097906037411 0.5 1.50137821130434 0.666666666666667 1.60289284623941 0.5 1.57359457056218 0.5 1.53532559906109 0.5 1.61020213006965 0.5 1.79143658621406 0.5 1.75725415495556 0.666666666666667 1.79477543765979 0.75 0.317015145566221 0.5 0.211343430377481 0.75 0.10567171518874 0.25 0.588940271886679 0.25 0.740362028135106 0.5 0.705302266851212 0.5 0.843878477128281 0.75 0.563994563803087 0.25 0.80965013327364 0.25 0.875567633455973 0.5 0.969745860405008 0.25 0.938501325094336 0.75 0.742901215662055 0.25 0.994653294538296 0.5 1.03088223324816 0.75 0.812189320800589 0.25 1.04766900544106 0.5 1.07577728221053 0.75 0.881904734633355 0.25 1.09256405440343 0.5 1.13073027561941 0.166666666666667 1.1660299784109 0.75 0.944838426271719 0.75 1.00597479911487 0.166666666666667 1.26205549980263 0.416666666666667 1.17671970292244 0.5 1.16440156234119 0.75 1.05899051001763 0.75 1.11394350342651 0.166666666666667 1.35416834743753 0.333333333333333 1.31482197786036 0.388888888888889 1.31759304071987 0.5 1.32313516643889 0.75 1.18332480131288 0.416666666666667 1.36503499596707 0.5 1.35431228377387 0.75 1.23346311695497 0.111111111111111 1.49976370091113 0.166666666666667 1.50413550785072 0.75 1.3108812880756 0.75 1.37110776619049 0.25 1.66162864971476 0.5 1.68727228347686 0.833333333333333 1.55731459090807 0.611111111111111 1.69498018912535 0.666666666666667 1.6988341419496 0.25 1.89571829310703 0.75 1.89571829310703 0.833333333333333 1.86484221959696 0.833333333333333 1.8973877188299 0.375 0.158507572783111 0.25 0.10567171518874 0.375 0.0528358575943702 0.125 0.289124996055443 0.125 0.0528358575943702 0.875 0.0528358575943702 0.5 0.45297770872645 0.125 0.858453461528653 0.125 0.979031026882961 0.125 1.07850991601869 0.0833333333333333 1.20253880656037 0.875 1.07807362062562 0.875 1.28163382200113 0.625 1.39981597620424 0.583333333333333 1.42020367092753 0.625 1.4160434132823 0.694444444444444 1.46313380582422 0.375 1.61761161013847 0.791666666666667 1.46421117854928 0.861111111111111 1.45312013027161 0.916666666666667 1.49412631231217 0.944444444444444 1.49999632006702 0.875 1.94785914655352 0.916666666666667 1.94869385941495 0.1875 0.0264179287971851 0.6875 0.0264179287971851 0.5625 0.0792537863915553 0.3125 0.371051352390947 0.597222222222222 1.49922970244265 0.34375 0.0132089643985926 35 36 37 38 12 39 40 38 39 40 39 41 42 38 40 43 38 42 44 45 46 44 47 45 48 15 49 50 30 31 50 48 49 51 52 53 54 3 2 55 4 3 55 3 54 55 54 56 55 56 57 58 18 19 58 56 54 59 4 55 59 55 57 60 59 57 60 57 61 62 60 61 63 19 20 63 56 58 63 58 19 63 57 56 64 61 65 64 62 61 66 63 20 66 57 63 67 65 68 67 64 65 69 20 21 69 66 20 69 57 66 69 61 57 70 68 71 70 67 68 72 8 7 73 69 21 73 61 69 74 21 22 74 65 61 74 73 21 74 61 73 75 10 9 75 72 36 76 37 36 76 36 72 76 70 71 76 77 37 76 72 70 76 71 77 78 68 65 78 65 74 79 68 78 79 71 68 79 77 71 80 11 10 80 12 11 80 39 12 80 10 75 81 39 80 81 80 75 81 75 36 82 81 36 82 36 35 82 35 83 84 77 79 84 23 24 84 79 23 84 37 77 85 83 86 85 82 83 85 81 82 85 86 41 85 41 39 85 39 81 87 35 37 87 84 24 87 37 84 88 13 12 88 14 13 88 12 38 89 38 43 89 43 46 89 88 38 89 14 88 90 86 83 90 35 87 90 83 35 91 25 26 91 86 90 91 90 25 92 15 14 92 49 15 92 14 89 92 93 49 94 27 28 94 28 29 94 29 44 95 47 44 95 93 47 95 49 93 96 30 50 96 29 30 96 44 29 96 95 44 96 50 49 96 49 95 97 16 15 97 15 48 98 48 50 98 97 48 99 31 32 99 50 31 99 98 50 100 32 33 100 99 32 100 98 99 101 102 103 104 2 1 104 1 105 104 101 52 104 105 102 104 102 101 106 17 18 106 18 51 106 51 53 107 51 18 107 54 2 107 18 58 107 58 54 108 5 4 108 59 60 108 60 62 108 62 5 108 4 59 109 6 5 109 5 62 109 62 64 109 64 67 110 7 6 110 109 67 110 67 70 110 72 7 110 70 72 110 6 109 111 72 75 111 9 8 111 8 72 111 75 9 112 78 74 112 79 78 112 22 23 112 23 79 112 74 22 113 90 87 113 24 25 113 87 24 113 25 90 114 86 91 114 41 86 115 40 41 115 42 40 115 41 114 116 114 91 116 115 114 117 116 91 117 115 116 117 42 115 118 46 45 118 89 46 118 45 47 118 92 89 118 93 92 118 47 93 119 117 91 119 94 117 120 91 26 120 119 91 121 94 119 121 120 26 121 119 120 122 94 121 122 121 26 122 26 27 122 27 94 123 34 16 123 16 97 123 97 98 123 98 100 124 123 100 124 33 34 124 34 123 124 100 33 125 105 1 125 102 105 125 103 102 126 17 106 126 106 53 127 126 53 127 52 101 127 53 52 127 101 103 128 51 107 128 52 51 128 2 104 128 104 52 128 107 2 129 43 42 129 117 94 129 46 43 129 44 46 129 94 44 129 42 117 130 1 17 130 103 125 130 127 103 130 126 127 130 17 126 130 125 1 
152 252 1 0.0641808494566065
-15 9.18485099360515e-16 -9 -14.9508151987561 9.15473398890016e-16 -7.63819258923151 -14.807518795086 9.06699024785816e-16 -6.17059979614305 -14.5339833647511 8.89949810325167e-16 -4.36556978661776 -14.1221267519728 8.64730866197836e-16 -2.31602800529876 -13.5597462750351 8.30294993648596e-16 -0.0239243401193541 -12.8394715861992 7.86190889039115e-16 2.49431568139582 -11.9615959881688 7.32436511980238e-16 5.20294750688822 -10.9372183574983 6.69711472654296e-16 8.0427282342351 -9.7908634594148 5.99517479823056e-16 10.9295889477893 -8.56111530475735 5.24217122755125e-16 13.7590866510503 -7.42502320470028 4.54651545061551e-16 16.1613173970464 -6.3020654356548 3.85890213189591e-16 18.3484795289889 -5.22879636574325 3.20171436635039e-16 20.2636376602359 -4.23429474558135 2.59275775341133e-16 21.874729611566 -3.33769749170207 2.04375027486755e-16 23.1753533886084 -2.54813092382468 1.56028018983514e-16 24.1805867449082 -1.86628682719964 1.14277109461046e-16 24.9203772747298 -1.28661048491835 7.87821706052343e-17 25.4328162609274 -0.799326378111109 4.8944624521391e-17 25.7584985181721 -0.4670412318183 2.85980274808061e-17 25.9109735162587 -0.227469786496412 1.39285072967782e-17 25.9775369242855 -0.112185263870145 6.86936621550387e-18 25.994358424224 0 0 26 -20 -3 -6.75 -19.9506725827964 -3 -5.28383845248505 -19.8063778674082 -3 -3.71682097208424 -19.5351528660976 -3 -1.83344536152421 -19.1293904106494 -3 0.280292184307811 -18.5769773293235 -3 2.62713003257783 -17.8685799292738 -3 5.20095563127046 -16.9993574371938 -3 7.98381552767204 -15.9710031454239 -3 10.9428226711797 -14.7938913861122 -3 14.0276671414979 -13.4888293422905 -3 17.1699086879915 -12.0876189336476 -3 20.2855199895465 -10.7787960602802 -3 22.9892176861638 -9.46058386587548 -3 25.5279720715746 -8.16728579374868 -3 27.8444678698156 -6.92970341617853 -3 29.8964926528602 -5.77235951441507 -3 31.660181414404 -4.71209777584273 -3 33.1299596843067 -3.75807220690002 -3 34.3158656990017 -2.91271703315243 -3 35.2395030530826 -2.17316366578136 -3 35.9297726545485 -1.53267255597997 -3 36.4190782133129 -0.981826702186915 -3 36.7402294284275 -0.555261309245637 -3 36.9104048557449 -0.271114887414143 -3 36.9774153191715 -1.83697019872103e-16 -3 37 -17.4891087964181 -1.5 -7.22718523068176 -1.13422081054096 -1.5 31.1125241813132 -1.69930118633965 -1.5 30.7072034919045 -0.700117344838437 -1.5 31.3398324122955 -15.8610750390988 -0.749999999999999 -4.18901277751844 -17.1906862373817 -1.5 -4.07727921921609 -17.0270871937674 -1.5 -3.057851444492 -15.5938713641403 -0.749999999999999 -2.71577193857178 -16.8514517261444 -1.5 -2.10825411096461 -16.6113451344893 -1.5 -0.955256799506509 -15.1062078304677 -0.749999999999999 -0.517859865985876 -16.3676940408187 -1.5 0.102608415752445 -16.0442097383536 -1.5 1.38890810794222 -18.191612791891 -2.25 -1.93993635783567 -14.4625955572989 -0.749999999999999 1.91772188661772 -15.7283539680562 -1.5 2.5513535986613 -15.3170595054592 -1.5 3.96342706888181 -14.0684283245961 -0.749999999999999 3.25816813301067 -17.6139662520333 -2.25 0.788183757557893 -13.6579993684239 -0.749999999999999 4.56930480762677 -14.4275081130152 -1.5 6.74121144610928 -16.9766875454106 -2.25 3.24985561702154 -13.1805051210977 -0.749999999999999 6.00942557997568 -13.4604341320759 -1.5 9.46528828344989 -16.5841841552463 -2.25 4.61077403290185 -12.7312489851249 -0.749999999999999 7.2963083455413 -16.1783106355641 -2.25 5.93220619953242 -12.177948393178 -0.749999999999999 8.8060534500117 -12.8526532481214 -1.5 11.0615982260317 -15.70101461612 -2.25 7.39905213510035 -11.6308291465743 -0.749999999999999 10.229488236453 -12.287634919903 -1.5 12.4800889260811 -15.2184344476632 -2.25 8.80518706970862 -11.0124169410839 -0.749999999999999 11.766559673947 -11.6134719400088 -1.5 14.1003272012469 -11.0027118526114 -1.5 15.5072250764285 -14.7005619447682 -2.25 10.2434249835564 -14.1482549341864 -2.25 11.7093078145215 -9.7489720457084 -0.75 14.7038941671677 -10.2834016948438 -1.5 17.0963441168853 -13.5208250030755 -2.25 13.3017034296033 -12.9071223297023 -2.25 14.7938245579999 -8.83977060236708 -0.75 16.6692599457484 -12.2205970834532 -2.25 16.3949700879373 -5.90619069558137 -0.75 22.2476279537016 -6.62173111055955 -1.5 24.1733206202181 -5.57241859372022 -1.5 25.8942126599165 -6.48749739718844 -0.75 21.2340138697715 -9.28235506628755 -2.25 22.5644892854103 -8.47038299150537 -1.5 20.805344241093 -9.04786064447942 -1.5 19.668201597049 -8.62142465602398 -2.25 23.8147924620514 -7.81520168806646 -1.5 22.0465964189368 -4.87954908264864 -0.75 23.9198864320871 -4.52858099780768 -1.5 27.4552933027167 -8.01493497676356 -2.25 24.9193701750621 -7.37543891048253 -2.25 26.0393598577307 -3.90859992638489 -0.75 25.349844428999 -3.58884797937787 -1.5 28.7146366498429 -6.2328787652989 -2.25 27.9225126673233 -3.04402624840971 -0.75 26.4799678825521 -3.12983410094049 -1.5 29.2721141929099 -2.75921636318355 -1.5 29.6910292086445 -5.13064705515319 -2.25 29.5859923791229 -2.28904707194067 -0.75 27.3349433420338 -2.36165118738813 -1.5 30.1061185769123 -4.12964896741196 -2.25 30.950526122116 -3.23745621207574 -2.25 32.0306247368199 -0.379203304519878 -0.75 28.6952825706811 -0.314656985342459 -0.75 28.7117357098484 -15.4478754287488 -0.374999999999999 -5.99211667862144 -17.8385692526856 -1.875 -3.9251249847593 -17.3937714748356 -1.5 -5.75165540752296 -12.8036773989072 -0.374999999999999 4.91511125810299 -8.11809554729287 -0.375 16.4474849025892 -7.65070365916471 -0.75 19.0686972668776 -9.54940763917537 -1.125 16.9111738949957 -9.71042928813437 -1.5 18.313026046707 -11.2371746797917 -1.875 16.7915669980198 -10.5634958900158 -2.25 20.0011006873136 -6.96052543397464 -0.375 18.7423682632163 -7.04204861211758 -0.75 20.2242018394749 -8.33546103669523 -1.125 19.3988322915603 -9.7925496987387 -1.875 19.8655857900358 -11.3144772915304 -2.625 20.1702605372419 -5.84123364059681 -0.375 20.7830549735457 -7.13621861304847 -1.125 21.6718769185226 -10.0178281302809 -2.625 22.8061321494613 -7.30228993042224 -1.875 24.5803178840699 -8.72356660887676 -2.625 25.2546361600455 -1.7613690054086 -0.375 26.4344270167074 -2.7838927969656 -1.875 31.0951015104834 -2.42714344615606 -1.875 31.4609951550948 -0.734385739540515 -1.125 29.9429699064256 -16.4902783300947 -0.937499999999999 -6.5903300797279 -1.19548506851492 -1.3125 30.3787578528241 -15.7638304788829 -0.468749999999999 -7.84539446305387 -16.8618942977202 -1.21875 -5.37382866517336 -18.2225718623049 -1.96875 -5.95589903028732 -18.9149582024401 -2.4375 -4.58496140490584 -19.4928179070074 -2.71875 -5.68213977149145 -19.2479716920994 -2.71875 -3.24904960468676 0 0 0 0.0785813549171038 0 0.157162709834208 0 0.247721481861117 0 0.344873859003705 0 0.448715901286858 0 0.55912946708783 0 0.675680454725069 0 0.797498141271227 0 0.923167466378599 0 1.05069462543192 0 1.16492458575961 0 1.2766251256996 0 1.38397904614528 0 1.48548575017958 0 1.58007344809237 0 1.6671136462129 0 1.74637200725685 0 1.81794416305471 0 1.88221689620853 0 1.92892464590597 0 1.96446232295298 0 1.98223116147649 0 2 1 0 1 0.0680534496220128 1 0.136106899244026 1 0.2132033940005 1 0.295262416684247 1 0.382398672231525 1 0.47462361588549 1 0.571801651323307 1 0.673594329971265 1 0.779398631145385 1 0.888294100544514 1 0.999023526894941 1 1.09893433766006 1 1.1977480213271 1 1.29420469429851 1 1.38715780682451 1 1.47566367362271 1 1.55902871530592 1 1.63681438796204 1 1.70881385480815 1 1.77501897362173 1 1.83559358156216 1 1.89086414568662 1 1.93628674879799 1 1.968143374399 1 2 0.5 0.0340267248110064 0.5 1.85890523888534 0.5 1.79648156833822 0.5 1.90989439579629 0.25 0.216452266889236 0.5 0.185183051917354 0.5 0.230462437930809 0.25 0.283894809852547 0.5 0.271491949272682 0.5 0.320068137843976 0.25 0.380215572881449 0.5 0.363636265617615 0.5 0.415557286759192 0.75 0.242347671636591 0.25 0.482796221386759 0.5 0.461669758586174 0.5 0.51687654148666 0.25 0.538003004287245 0.75 0.351233405037751 0.25 0.591435260056009 0.5 0.623741053024188 0.75 0.445090451322341 0.25 0.649710753874629 0.5 0.727539542935227 0.75 0.495750078686075 0.25 0.701609998830148 0.75 0.544339096404984 0.25 0.762518842103227 0.5 0.788448386208306 0.75 0.597771352173748 0.25 0.820197131089549 0.5 0.84289612090787 0.75 0.648667691497727 0.25 0.883031793643235 0.5 0.905730783461556 0.5 0.96109549663677 0.75 0.700566936453246 0.75 0.753469087040306 0.25 1.00589506103434 0.5 1.02485907616343 0.75 0.811147376026627 0.75 0.865595110726192 0.25 1.09131204357088 0.75 0.924694798590642 0.25 1.36153545818359 0.5 1.33909187022189 0.5 1.429821359884 0.25 1.30785849796075 0.75 1.16483874151847 0.5 1.18133630354335 0.5 1.13192946170983 0.75 1.21746729742022 0.5 1.23718657351335 0.25 1.45765355503179 0.5 1.52225723274275 0.75 1.26569563390593 0.75 1.3166482822602 0.25 1.55116534041756 0.5 1.6084439180272 0.75 1.40848958335426 0.25 1.63777878212005 0.5 1.65196401708747 0.5 1.68796375051052 0.75 1.49896045318273 0.25 1.71716787888369 0.5 1.7275929310325 0.75 1.58373631666656 0.75 1.66238906923628 0.25 1.94606277863639 0.25 1.95494719789815 0.125 0.14751681090317 0.625 0.174845899358578 0.5 0.107344127080565 0.125 0.633557857390539 0.125 1.12811831466524 0.25 1.20105557963648 0.375 1.05808555986715 0.5 1.07481448154599 0.625 0.974776937377035 0.75 1.06189670691175 0.125 1.23884035266804 0.25 1.25690584960648 0.375 1.16649252067316 0.625 1.09691308431079 0.875 1.03046011690334 0.125 1.34591877205302 0.375 1.27252253573705 0.875 1.13188653958926 0.625 1.30239375206391 0.875 1.23172182761651 0.125 1.7675560209692 0.625 1.69499100013439 0.625 1.72943531878725 0.375 1.90248400876087 0.3125 0.090771767857088 0.4375 1.84948278854954 0.15625 0.045385883928544 0.40625 0.137977409887221 0.65625 0.0777381996506509 0.8125 0.121449674490295 0.90625 0.0607248372451477 0.90625 0.167326534245398 51 1 25 52 53 46 52 46 47 54 47 48 54 48 49 54 49 50 54 52 47 55 56 57 58 5 4 58 57 59 58 4 55 58 59 60 58 55 57 61 6 5 61 60 62 61 62 63 61 5 58 61 58 60 64 28 29 64 59 57 64 60 59 65 7 6 65 66 67 65 63 66 65 6 61 65 61 63 68 65 67 68 7 65 69 29 30 69 62 60 69 63 62 69 64 29 69 60 64 70 7 68 70 68 67 70 67 71 72 63 69 72 30 31 72 66 63 72 69 30 73 70 71 73 71 74 75 72 31 75 66 72 75 67 66 76 73 74 77 67 75 77 31 32 77 75 31 77 71 67 78 9 8 78 76 74 78 74 79 78 8 76 80 71 77 80 77 32 80 32 33 81 9 78 81 78 79 81 79 82 83 71 80 83 80 33 84 10 9 84 81 82 84 9 81 84 85 86 84 82 85 87 33 34 87 71 83 87 74 71 87 83 33 88 87 34 88 74 87 88 79 74 89 86 90 89 11 10 89 84 86 89 10 84 91 34 35 91 88 34 91 79 88 91 82 79 92 82 91 92 85 82 92 91 35 93 11 89 94 35 36 94 92 35 94 85 92 95 96 97 95 98 96 99 100 101 102 103 100 102 100 99 104 15 14 104 97 105 104 14 95 104 95 97 106 103 102 107 39 40 107 106 39 108 16 15 108 105 109 108 15 104 108 104 105 110 97 96 110 40 41 110 107 40 111 17 16 111 109 112 111 108 109 111 16 108 111 112 113 114 105 97 114 41 42 114 97 110 114 110 41 115 111 113 115 18 17 115 113 116 115 116 53 115 17 111 117 114 42 117 109 105 117 42 43 117 105 114 118 117 43 118 112 109 118 43 44 118 109 117 119 21 20 119 22 21 120 23 22 120 24 23 120 50 24 120 22 119 120 54 50 121 3 2 121 4 3 121 55 4 122 56 123 122 57 56 122 64 57 124 7 70 124 8 7 124 70 73 124 73 76 124 76 8 125 12 11 125 126 12 125 11 93 127 128 101 127 93 89 127 90 128 127 89 90 127 101 93 129 90 86 129 85 94 129 86 85 129 130 90 131 13 12 131 12 126 131 126 132 131 98 13 131 132 98 133 126 125 133 125 93 133 100 103 133 103 126 133 101 100 133 93 101 134 101 128 134 128 90 134 99 101 134 90 130 134 130 99 135 36 37 135 129 94 135 130 129 135 94 36 136 14 13 136 95 14 136 13 98 136 98 95 137 103 96 137 132 126 137 96 98 137 98 132 137 126 103 138 37 38 138 130 135 138 135 37 138 99 130 139 96 103 139 110 96 139 103 106 139 106 107 139 107 110 140 38 39 140 138 38 140 99 138 140 102 99 140 39 106 140 106 102 141 115 53 141 19 18 141 18 115 142 116 113 142 112 118 142 113 112 143 118 44 143 46 53 143 116 142 143 44 45 143 142 118 143 45 46 143 53 116 144 120 119 144 20 19 144 119 20 144 54 120 144 19 141 144 52 54 145 51 123 146 141 53 146 144 141 146 52 144 146 53 52 147 2 1 147 51 145 147 1 51 147 121 2 147 145 121 148 123 56 148 55 121 148 145 123 148 121 145 148 56 55 149 122 123 149 123 51 149 150 122 149 51 25 151 25 26 151 26 27 151 27 150 151 150 149 151 149 25 152 122 150 152 64 122 152 27 28 152 28 64 152 150 27 
122 195 1 0.186393174200732
15 -9.18485099360515e-16 -9 14.949505511382 -9.15393203667485e-16 -8.40238698396846 14.7970412960929 -9.0605746300557e-16 -7.62744507058316 14.4662325175163 -8.85801267414887e-16 -6.46912102738468 14.0260590979372 -8.5884841894702e-16 -5.26300549153977 13.4704737004119 -8.24828625010401e-16 -3.99406230643246 12.8235191611286 -7.85214084724047e-16 -2.73174358085529 12.1067293069551 -7.41323364695299e-16 -1.52118669389651 11.337014842087 -6.94191946912392e-16 -0.388446005544092 10.5269752989048 -6.4459133022535e-16 0.652949687981318 9.68577285322156 -5.93082536098305e-16 1.59713204910435 8.81993440307279 -5.40065221770635e-16 2.44275484059539 7.93395983871475 -4.85814926052284e-16 3.19103986241627 7.0307602612432 -4.30509902475195e-16 3.84455337105057 6.11197406975056 -3.74250474049582e-16 4.40642196416069 5.17820190382441 -3.17073419342864e-16 4.87981528103188 4.22918993543494 -2.5896319587083e-16 5.26759554916725 3.26398115081841 -1.99861203441353e-16 5.57207645261263 2.28104677887842 -1.39673831822942e-16 5.7948581341725 1.2784045400119 -7.8279701397051e-17 5.9367188110734 0.646796471612875 -3.96048614330255e-17 5.98397801266331 0 0 6 0 0 26 0.168156624110578 -1.02966235736222e-17 25.9875228406765 0.343103055617035 -2.10090029419539e-17 25.9504320266714 0.524595599440949 -3.21222160851073e-17 25.8892385539324 0.776347297885431 -4.75375616691045e-17 25.7710374351232 1.07224135632169 -6.56558472466385e-17 25.5894370408058 1.4862664295832 -9.10075712834618e-17 25.2700978194187 1.9764493312158 -1.21022617357518e-16 24.8100559545953 2.67996819404641 -1.64100723532783e-16 24.0229867611288 3.49991472484321 -2.14307968253396e-16 22.9517429105476 4.43916015436938 -2.71820163697547e-16 21.5565560175836 5.49184918009695 -3.36278775990287e-16 19.8105614646218 6.6405134323629 -4.06614175981912e-16 17.7087403626201 7.85419237296933 -4.80930577472222e-16 15.2765817690264 9.08916760822832 -5.56551000916531e-16 12.5748649161941 10.2935475477184 -6.30298002809222e-16 9.69638767942714 11.3073152776381 -6.92373373085473e-16 7.0492061656179 12.2209823822351 -7.48319347842021e-16 4.43400096736899 13.0116213948746 -7.96732024647522e-16 1.92234219889188 13.6665739092101 -8.36836299661245e-16 -0.431002617038295 14.1825188489148 -8.68428815608527e-16 -2.58974235057922 14.5634429337869 -8.91753688671366e-16 -4.53440099716621 14.8183688327014 -9.07363397977635e-16 -6.25904022116089 14.9536183245022 -9.15645040838641e-16 -7.67955123690728 15 -9.18485099360515e-16 -9 9.11706848144531 -5.58259436670461e-16 8.06561279296876 7.9376220703125 -4.8603917306248e-16 9.91357421875001 10.2234375 -6.26005000532901e-16 6.09375 11.2446990966797 -6.88539237806196e-16 4.04083251953125 14.9775821685791 -9.17112403085844e-16 -8.31974029541016 0.411433625221253 -2.519304360944e-17 10.988994884491 1.36087890488682 -8.33297997448399e-17 10.8793694598182 2.1927559353789 -1.34267576878656e-16 10.6861355643821 1.36528015136719 -8.3599298365562e-17 15.7952270507812 2.04833564758301 -1.25424384719598e-16 15.5472946166992 2.63082294803565 -1.61091445121763e-16 10.5475905840633 2.7296630859375 -1.67143658047202e-16 15.20947265625 3.45340015804267 -2.11459772486096e-16 10.2181445145197 3.40775871276855 -2.08665039992926e-16 14.7871170043945 4.26771168616608 -2.61321972807352e-16 9.80174350155611 0.27005889415741 -1.65363380155573e-17 20.9847390174866 0.385879319807406 -2.36282936929648e-17 20.9691936619977 0.682000350952149 -4.1760477340546e-17 15.9479141235352 4.99076990732069 -3.05596519614061e-16 9.35529669289654 0.900989843693637 -5.51697164071844e-17 20.8398906057944 1.53343377376833 -9.38957381374919e-17 20.5603676117436 4.08111877441406 -2.49896452201318e-16 14.2855834960938 4.74823951721191 -2.90745816316927e-16 13.7102279663086 2.07818021069412 -1.27251837153897e-16 20.2258324976573 2.66559517762756 -1.63220630105211e-16 19.7786087380163 3.67783363634024 -2.25202359527027e-16 18.8210730748445 4.43669333107287 -2.7166911433484e-16 17.9641686980259 5.4076171875 -3.31121053984304e-16 13.06640625 5.55873146414792 -3.40374134744422e-16 16.5003722829226 6.69712829589844 -4.1008083655256e-16 11.5947875976563 12.1637127824991 -7.44812596241763e-16 3.36843183736137 12.9716431678344 -7.94284064258504e-16 1.04208040229187 12.9837799072266 -7.95027225210937e-16 -0.136779785156253 14.8476947234094 -9.09159090887016e-16 -7.43273500439156 14.9615851236868 -9.16132866594685e-16 -8.27374661800045 14.9113311767578 -9.13055699832129e-16 -7.57940673828125 14.7307240025406 -9.01996699941721e-16 -5.95368447985934 14.9310396052113 -9.14262493023217e-16 -7.55550455098897 0.188251362740994 -1.15270714407943e-17 13.4969696819782 5.89000227214142 -3.60658621477432e-16 10.6666308750422 6.0992853655886 -3.73473515002719e-16 17.269243439498 11.6969330973493 -7.16230583875479e-16 3.85301429070615 12.1688232421875 -7.45125521646742e-16 1.94970703125 14.6719861949075 -8.98400046536383e-16 -6.82982031524899 13.6882453545802 -8.38163292971512e-16 -1.74747509560941 14.2380706787109 -8.71830384135857e-16 -4.12445068359375 13.6775390625 -8.37507721655176e-16 -2.17578125 14.6098570759152 -8.94595735200992e-16 -5.98762571654146 14.6533447265625 -8.97258585809376e-16 -5.93994140625 13.3178911885042 -8.15485640769722e-16 0.416886629834507 14.5012749733923 -8.87946998986027e-16 -4.93340462503759 14.6899689206244 -8.99501170910841e-16 -5.90987887439422 14.3060444880853 -8.75992579539665e-16 -3.45365087417314 6.30223907613484 -3.85900845602495e-16 11.1801720151353 6.36864167253243 -3.89966831959165e-16 17.5308298601706 6.97430338711305 -4.27052915965527e-16 16.4160921714075 10.9758454594932 -6.72076700495217e-16 5.07497209532159 11.4689962573421 -7.02273477799347e-16 3.98431739377106 14.2745927896318 -8.74066718447725e-16 -4.82058081537143 13.3447993388617 -8.17133289780038e-16 -0.892191247952838 14.2160516986345 -8.70482110462301e-16 -4.22521092108832 14.1383599178245 -8.65724860927853e-16 -3.37823973126374 14.7824492486883 -9.05163957798217e-16 -6.75580490812536 14.0039699454933 -8.57495848455202e-16 -2.49038282178286 13.8585971914123 -8.4859433455678e-16 -1.55378425950875 7.13497849143271 -4.36891428575914e-16 10.6226148890906 6.53634337405877 -4.00235599558454e-16 16.8792352350756 14.1383749964455 -8.657257842271e-16 -4.9168559457019 13.7163893593624 -8.39886616240102e-16 -2.66404189166448 13.8177369867002 -8.46092368611121e-16 -4.37598307163516 13.5686283564387 -8.30838864276633e-16 -3.14034857538079 14.2039072555703 -8.69738477796002e-16 -4.83780704364369 13.2016689039699 -8.08369078332492e-16 -2.81667052048297 13.0140382783822 -7.96880016080097e-16 -2.74383224172475 12.5804410669933 -7.7032984422776e-16 -2.10830375771016 0 2 0 1.87964101592446 0 1.75928203184892 0 1.61078466675277 0 1.47566085597461 0 1.34461311673085 0 1.22011301937582 0 1.10287972560717 0 0.992743239523256 0 0.889166467938445 0 0.791498487055731 0 0.699083245637408 0 0.611300769539087 0 0.527579122851009 0 0.447394664591148 0 0.370268354152226 0 0.295761403365145 0 0.223471550637804 0 0.153030305449393 0 0.0841010873302226 0 0.0420505436651113 0 0 1 0 1 0.0264546969831053 1 0.0529093939662105 1 0.0793640909493158 1 0.114637020260123 1 0.154319065734781 1 0.207228459700991 1 0.266751527912978 1 0.347728214861963 1 0.437325456552723 1 0.535662030250101 1 0.642477846497863 1 0.757026017452676 1 0.877975899186112 1 1.00339761798288 1 1.13089696791172 1 1.24520760326546 1 1.3572867493684 1 1.46571077476122 1 1.56944318163372 1 1.66782640318448 1 1.76052122411039 1 1.84742970729484 1 1.92371485364742 1 2 0.5 0.875 0.5 0.75 0.5 1 0.5 1.125 0.5 1.9375 0.25 0.03125 0.25 0.104550543665111 0.25 0.170265152724696 0.5 0.125 0.5 0.1875 0.25 0.205485775318902 0.5 0.25 0.25 0.272880701682573 0.5 0.3125 0.25 0.341384177076113 0.75 0.03125 0.75 0.0444773484915526 0.5 0.0625 0.25 0.403884177076113 0.75 0.102182045474658 0.75 0.17090953286739 0.5 0.375 0.5 0.4375 0.75 0.228614229850496 0.75 0.289625763956489 0.75 0.392614107430982 0.75 0.468662728276362 0.5 0.5 0.75 0.580331015125051 0.5 0.625 0.75 1.3036433746842 0.75 1.42035538738061 0.5 1.375 0.25 1.81714101592446 0.25 1.90857050796223 0.5 1.875 0.75 1.79871485364742 0.75 1.89935742682371 0.375 0.015625 0.375 0.514442088538057 0.875 0.668678516288863 0.625 1.2143216873421 0.5 1.25 0.125 1.71396284133861 0.625 1.52267769369031 0.5 1.625 0.5 1.5 0.375 1.72107050796223 0.5 1.75 0.875 1.49489928450716 0.625 1.71185742682371 0.625 1.77435742682371 0.875 1.68407901764057 0.4375 0.569721044269028 0.9375 0.71285226687077 0.9375 0.773327207737488 0.5625 1.10716084367105 0.5625 1.16966084367105 0.3125 1.60698142066931 0.5625 1.44883884684515 0.4375 1.61053525398111 0.625 1.61726756025701 0.4375 1.79803525398111 0.75 1.60337835566544 0.875 1.58948915107387 0.46875 0.659860522134514 0.90625 0.721002862013175 0.15625 1.54132113832196 0.40625 1.49099071033465 0.078125 1.4429671275264 0.203125 1.41780191353275 0.234375 1.57415127949563 0.1015625 1.31895746645429 0.05078125 1.26953524291505 0.025390625 1.18620748426111 48 10 11 48 11 49 50 8 9 50 9 10 50 48 36 50 36 37 50 10 48 51 8 50 52 47 1 53 20 21 53 21 22 54 20 53 54 19 20 55 56 57 55 19 54 55 54 56 58 18 19 58 55 57 58 57 59 58 19 55 60 17 18 60 18 58 60 58 59 60 59 61 62 17 60 62 16 17 62 60 61 63 23 24 64 24 25 64 25 26 64 65 63 64 63 24 66 14 15 66 15 16 66 16 62 67 26 27 67 27 28 67 56 65 67 65 64 67 64 26 68 28 29 68 57 56 68 67 28 68 56 67 69 62 61 69 66 62 69 70 66 71 29 30 71 57 68 71 59 57 71 68 29 72 30 31 72 61 59 72 59 71 72 71 30 73 69 61 73 31 32 73 61 72 73 72 31 73 70 69 74 32 33 74 75 70 74 73 32 74 70 73 76 77 75 76 74 33 76 49 77 76 75 74 78 38 39 78 39 40 79 78 40 79 80 78 81 2 3 82 1 2 82 2 81 82 52 1 82 83 52 84 44 45 85 84 45 85 52 83 85 45 46 85 46 47 85 47 52 86 22 23 86 54 53 86 65 56 86 63 65 86 56 54 86 53 22 86 23 63 87 13 14 87 14 66 87 66 70 87 70 75 88 33 34 88 76 33 88 49 76 89 78 80 89 38 78 89 80 90 91 3 4 91 81 3 92 93 94 95 81 91 95 93 96 97 92 79 97 79 40 97 40 41 97 41 42 98 96 93 99 84 85 99 85 83 99 98 84 99 96 98 99 83 96 100 44 84 100 84 98 100 43 44 101 87 75 101 75 77 101 13 87 102 88 34 102 34 35 103 36 48 103 35 36 103 48 49 103 102 35 104 38 89 104 37 38 104 50 37 104 51 50 105 90 51 105 104 89 105 51 104 105 89 90 106 95 91 107 79 92 107 94 80 107 80 79 107 92 94 108 95 106 108 93 95 108 94 93 109 93 92 109 98 93 110 82 81 110 83 82 110 81 95 110 95 96 110 96 83 111 92 97 111 100 98 111 109 92 111 98 109 112 111 97 112 100 111 112 97 42 112 42 43 112 43 100 113 11 12 113 12 13 113 101 77 113 49 11 113 13 101 113 77 49 114 49 88 114 103 49 114 88 102 114 102 103 115 4 5 115 91 4 116 80 94 116 108 106 116 94 108 117 5 6 117 115 5 118 80 116 118 115 117 118 90 80 119 115 118 119 106 91 119 91 115 119 116 106 119 118 116 120 118 117 120 117 6 120 90 118 121 90 120 121 6 7 121 120 6 122 7 8 122 121 7 122 51 90 122 90 121 122 8 51 
122 207 1 0.10541116969059
15 -9.18485099360515e-16 -9 15.0390614314139 -9.20876922208072e-16 -10.9426378961509 15.0227815310995 -9.19880065817551e-16 -11.8248770110192 14.9453020745917 -9.15135817396953e-16 -12.3511106852759 14.8470779441866 -9.09121324051968e-16 -12.6543753971817 14.7303347920447 -9.01972867672322e-16 -12.8773210417435 14.5897450832452 -8.93364230828601e-16 -13.0610218601091 14.4142147547728 -8.8261609808275e-16 -13.2240986543987 14.20014361285 -8.69508021145473e-16 -13.3677514892048 13.9439314636993 -8.53819551727473e-16 -13.49318042912 13.6419781135433 -8.35330241539454e-16 -13.6015855387367 13.1619981101806 -8.0593994280081e-16 -13.7217183568102 12.2588891177547 -7.50640465958029e-16 -13.8553942553802 10.8836594946344 -6.66431938155686e-16 -13.9526740726765 8.66678798586015 -5.30687708288618e-16 -14.0058180882537 4.93991709532009 -3.02482682941852e-16 -14.0108534678352 0 0 -14 20 -3 -6.75 19.9598714592104 -3 -7.44498673695495 19.8417794097626 -3 -8.08694325430445 19.6285272641715 -3 -8.72815567850253 19.3300018143391 -3 -9.31384996453266 18.9444641550949 -3 -9.85240980157734 18.4660367017381 -3 -10.350042938014 17.8849882288138 -3 -10.8106132463256 17.1880447727286 -3 -11.2356663936624 16.3585663131698 -3 -11.6246296515592 15.3764197624619 -3 -11.9751291978843 14.2173256933301 -3 -12.2833689455495 12.8512551208757 -3 -12.5445398147917 11.2388548868546 -3 -12.7532644935543 9.32301036848036 -3 -12.9041386172845 7.00547494277895 -3 -12.9925860363342 3.47034652266996 -3 -13.015473068608 -1.83697019872103e-16 -3 -13 17.4956227410069 -1.5 -8.19382732411296 17.482425614064 -1.5 -8.50048806325946 18.1089465043989 -2 -9.3009456165357 17.3437954402142 -1.5 -9.58964693812678 17.2801633328043 -1.5 -9.86161440692276 17.8402232433793 -2 -10.0258457875607 17.1170447835403 -1.5 -10.3734832834264 17.2075442741393 -2 -10.9888325340231 16.6133231257149 -1.5 -11.29970611289 16.7620545934056 -1.5 -11.0841431813129 16.3734998902858 -1.5 -11.5878447193611 15.6983862691723 -1 -12.0795945005257 16.0085548728448 -1 -11.6628327472042 16.1791683474753 -1.5 -11.7819324517243 15.9850453281528 -1.5 -11.9494239030557 15.3826371729419 -1 -12.3815174435578 15.7439975337281 -1.5 -12.1286749446042 15.5577228154745 -1.5 -12.2496175103565 14.863466165677 -1.5 -12.6025829995603 14.5903867103054 -1 -12.8652106215319 15.0675867685391 -1.5 -12.5120961919025 14.6504931518294 -1.5 -12.6875592009019 9.01677400488576 -1.5 -13.4739649126223 6.00451499487593 -1.5 -13.5152464347012 4.24532555221876 -1.5 -13.5131211472174 16.2076328643323 -0.750000000000001 -9.81016597069286 16.0003115495824 -0.750000000000001 -11.1309426049981 16.8914483918874 -1.5 -10.8647073637181 15.5567130098198 -0.500000000000001 -11.7415686206487 17.5552829845757 -2 -10.5344564758591 15.1454983481557 -0.500000000000001 -12.5163254240156 14.9431137675456 -0.500000000000001 -12.7312910839162 17.5828446280545 -2.5 -10.8978493193387 16.9879908256937 -2.25 -11.3062614697727 14.6443006915364 -0.500000000000001 -12.9629424085354 15.0150885901284 -1 -12.6417202212297 15.2692810585624 -1.25 -12.4518587860948 15.3763056103477 -1.5 -12.355233479689 14.2176298430648 -0.500000000000001 -13.1913477745706 16.0868636959963 -2.25 -11.8741140886854 14.3442356026052 -1.25 -12.8826664451257 14.2598488464354 -1.5 -12.8223931853327 14.0223075507172 -1.5 -12.8931614397032 13.7835216456687 -0.750000000000001 -13.2523064508051 13.5467214675663 -1.5 -13.0141062703733 15.4486755318182 -2.25 -12.163089640502 14.9787058984295 -2.25 -12.3355803328503 13.3248074130255 -0.750000000000001 -13.3700312248907 13.2825836615009 -1.5 -13.0712022154234 14.5000194957462 -2.25 -12.4840673100737 13.8223382556819 -2.25 -12.6569128286573 12.2357956720271 -0.750000000000001 -13.5514543976018 12.304703616402 -1.5 -13.2348031687115 11.6831122345551 -1.5 -13.308990679662 10.8979559541872 -1.5 -13.3788877757959 13.2352989654379 -2.25 -12.7782801387855 12.915890538102 -1.5 -13.1405280279861 12.5139722711719 -2.25 -12.89879933027 10.864133153478 -0.750000000000001 -13.6710897068483 10.0639924990335 -1.5 -13.4312512003349 11.0171352636127 -2.25 -13.073550537276 9.14172342091351 -2.25 -13.1950784489919 5.56859865645983 -0.750000000000001 -13.7643394887053 6.53741809881671 -2.25 -13.2595708121812 3.4366336506799 -0.75 -13.7578909775568 2.068807329132 -1.5 -13.5043742645778 2.89790463834706 -2.25 -13.2600023525459 16.03438593242 -0.875000000000001 -11.4091857599584 15.0855193215316 -0.250000000000001 -12.4381895320544 17.6124288646649 -2.25 -10.7231330403344 16.3295014265775 -1.875 -11.7361204185323 16.4196837786051 -2.25 -11.6909102608798 14.3431958264633 -0.250000000000001 -13.2090604241676 17.1183175937433 -2.625 -11.2707569362735 16.4237827692857 -2.625 -11.6581605162602 12.8607052369488 -1.125 -13.3047778593174 0.649991610633894 -0.375 -13.8753074018544 1.20545023755322 -0.75 -13.7511888496554 1.67545525233724 -1.125 -13.62757288077 2.52177205439549 -1.875 -13.3820687371561 0.570753520368773 -1.125 -13.6253260322698 1.34922333563629 -2.625 -13.1283533689571 0.900441827115251 -2.25 -13.2513287143208 0.317203649952828 -0.5625 -13.8125804170914 0.764050151321325 -1.6875 -13.4382414552678 0.236455147270317 -2.0625 -13.3125900191322 0.146396106529431 -1.03125 -13.6562711659151 0 0 0 0.272843195394137 0 0.436549112630619 0 0.556269386908649 0 0.63708057204632 0 0.704423226327711 0 0.766777535847519 0 0.829131845367326 0 0.891486154887133 0 0.95384046440694 0 1.01619477392675 0 1.09933385328649 0 1.2240424723261 0 1.37042451358941 0 1.54997318294453 0 1.77498659147227 0 2 1 0 1 0.0696093983288766 1 0.139218796657753 1 0.215023093484109 1 0.291127748000541 1 0.368490542340646 1 0.448139285337396 1 0.531142386626727 1 0.618597670871581 1 0.711648952840469 1 0.811537713754231 1 0.919702278942058 1 1.03795587161499 1 1.16882630383 1 1.31629430778112 1 1.48775296481128 1 1.74387648240564 1 2 0.5 0.0348046991644383 0.5 0.0696093983288766 0.666666666666667 0.209028361845333 0.5 0.206030996025945 0.5 0.243933144439123 0.666666666666667 0.310820495245108 0.5 0.320666868867391 0.666666666666667 0.471943594864914 0.5 0.483845749628673 0.5 0.442344198984008 0.5 0.543705886767688 0.333333333333333 0.603982543275516 0.333333333333333 0.507986962055332 0.5 0.587433528890115 0.5 0.62783912145895 0.333333333333333 0.684384250404833 0.5 0.674364762443394 0.5 0.70803608958409 0.5 0.820334779560778 0.333333333333333 0.844051904669563 0.5 0.789157624800875 0.5 0.851511934320682 0.5 1.42908873920034 0.5 1.64692483267509 0.5 1.75943153693895 0.25 0.171226296861507 0.25 0.378607990749005 0.5 0.402519827485633 0.166666666666667 0.472268037342976 0.666666666666667 0.391382045055011 0.166666666666667 0.660732411225576 0.166666666666667 0.725580893126176 0.833333333333333 0.501542990745821 0.75 0.559287957758421 0.166666666666667 0.805414720258541 0.333333333333333 0.764218077537198 0.416666666666667 0.736770937602854 0.5 0.739213244343994 0.166666666666667 0.898946184538252 0.75 0.693006857641932 0.416666666666667 0.890411638172031 0.5 0.905594216914596 0.5 0.936771371674499 0.25 0.974869316208952 0.5 0.995898168010963 0.75 0.775375479049112 0.75 0.831524824037456 0.25 1.04241981818874 0.5 1.02707532277087 0.75 0.88560710663137 0.75 0.957800223476511 0.25 1.17906127544217 0.5 1.13408007855824 0.5 1.19643438807805 0.5 1.27016839005361 0.75 1.01692701981297 0.5 1.06864486245074 0.75 1.08601797508662 0.25 1.32029645182151 0.5 1.34335941068527 0.75 1.21949734694181 0.75 1.37269152349073 0.25 1.71095571207368 0.75 1.56733889874318 0.25 1.8312399436042 0.5 1.88749329573613 0.75 1.81568488907089 0.291666666666667 0.443297476402169 0.0833333333333333 0.608500899067113 0.75 0.446462517900416 0.625 0.616957372773801 0.75 0.646481216657487 0.0833333333333333 0.864039014952789 0.875 0.588942814315001 0.875 0.679065084748978 0.375 1.08824994837349 0.125 1.97187332393403 0.25 1.94374664786807 0.375 1.9156199718021 0.625 1.85158909240351 0.375 1.97187332393403 0.875 1.90784244453544 0.75 1.94374664786807 0.1875 1.98593666196702 0.5625 1.95780998590105 0.6875 1.98593666196702 0.34375 1.99296833098351 36 1 18 36 18 19 37 19 20 37 1 36 37 36 19 38 20 21 38 21 22 38 39 37 38 37 20 38 40 39 41 38 22 41 40 38 41 22 23 41 42 40 43 44 45 46 44 43 46 47 48 46 48 44 49 47 46 50 47 49 50 51 47 52 51 50 53 51 52 54 55 56 57 55 54 58 15 14 59 15 58 60 59 34 61 2 1 61 37 39 61 1 37 61 40 2 61 39 40 62 3 2 62 40 42 62 42 63 62 2 40 64 4 3 64 3 62 64 48 4 65 41 23 65 43 45 65 63 42 65 45 63 65 42 41 66 6 5 66 47 51 67 7 6 67 6 66 67 66 51 68 24 25 69 46 43 69 43 68 70 8 7 70 7 67 71 70 67 71 55 70 71 56 55 71 67 51 72 56 71 72 71 51 72 51 53 72 73 56 72 53 73 74 70 55 74 10 9 75 53 52 75 73 53 76 74 55 76 55 57 76 57 77 76 77 78 79 11 10 79 76 78 79 10 74 79 78 80 79 74 76 81 73 75 81 27 28 81 56 73 82 56 81 82 57 54 82 81 28 82 54 56 83 12 11 83 11 79 83 79 80 83 80 84 85 82 28 85 28 29 85 77 57 85 78 77 85 57 82 86 29 30 86 78 85 86 85 29 86 80 78 87 13 12 87 12 83 87 88 89 87 89 90 91 86 30 91 80 86 91 84 80 91 92 84 93 30 31 93 91 30 93 92 91 93 88 92 94 14 13 94 87 90 94 90 95 94 95 58 94 13 87 94 58 14 96 31 32 96 93 31 96 88 93 96 89 88 96 90 89 97 32 33 97 96 32 97 90 96 97 95 90 97 58 95 98 15 59 98 59 60 98 16 15 99 33 34 99 97 33 99 58 97 99 34 59 99 59 58 100 98 60 100 16 98 100 60 101 102 60 34 103 63 45 103 44 48 103 45 44 103 62 63 103 64 62 103 48 64 104 5 4 104 66 5 104 48 47 104 4 48 104 47 66 105 23 24 105 24 68 105 65 23 105 43 65 105 68 43 106 46 69 106 49 46 106 69 107 106 52 50 106 75 52 106 50 49 106 107 75 108 9 8 108 70 74 108 74 9 108 8 70 109 69 68 109 107 69 109 25 26 109 68 25 110 27 81 110 81 75 110 26 27 110 75 107 110 109 26 110 107 109 111 83 84 111 88 87 111 87 83 111 84 92 111 92 88 112 17 16 112 100 113 112 16 100 114 100 101 114 113 100 115 60 102 115 101 60 116 113 114 117 115 102 117 118 115 117 34 35 117 102 34 117 35 118 119 112 113 119 17 112 120 114 101 120 116 114 120 115 118 120 101 115 121 120 118 121 118 35 122 119 113 122 17 119 122 120 121 122 121 35 122 35 17 122 113 116 122 116 120 
175 306 1 0.189184470557037
-1.83697019872103e-16 -3 -13 -5.77267978606895 -3 -13.0114531199781 -8.37499161119774 -3 -12.9503969431752 -10.5908357574781 -3 -12.8142664712368 -12.3429088105139 -3 -12.6202952021306 -13.7877781280318 -3 -12.3756885313606 -14.9973474509917 -3 -12.0866283143608 -16.0153836497812 -3 -11.7585179922769 -16.8727496277805 -3 -11.3958974795708 -17.5930915636458 -3 -11.0022650805054 -18.1953128545952 -3 -10.5798678516372 -18.6946996288961 -3 -10.1294963801461 -19.1033913569716 -3 -9.65032204408778 -19.4305151901337 -3 -9.1398173447941 -19.6821705226265 -3 -8.59378902896628 -19.8613928487551 -3 -8.00652533699125 -19.964879386153 -3 -7.4015064906428 -20 -3 -6.75 -1.83697019872103e-16 -3 -16.5 -3.3960247101764 -3 -16.547501215295 -6.4726897401453 -3 -16.6790125173232 -9.47653110731694 -3 -16.8983235233494 -12.30229269579 -3 -17.1959099105236 -14.9762629515916 -3 -17.5666283977737 -17.5548047624374 -3 -18.008764245448 -20.9642735186222 -3 -18.6823474727312 -22.3831193928065 -3 -18.9239993161453 -23.1593165653109 -3 -18.9882583789894 -23.6554333973886 -3 -18.9628748087868 -23.9667815012423 -3 -18.893666307579 -24.1686688066963 -3 -18.8108579698707 -24.3329731447482 -3 -18.7089422305211 -24.4768153905927 -3 -18.5813893335365 -24.6014578222216 -3 -18.4268681493983 -24.7081627176265 -3 -18.2440475485879 -24.7981923547992 -3 -18.0315964015868 -24.8944742954934 -3 -17.699935527158 -24.9940657508751 -3 -17.0923364767584 -25.057817401578 -3 -16.0965205439787 -25.0692107263597 -3 -14.969629871399 -25.0462386960241 -3 -13.1996532242993 -25 -3 -9 -20.4008149061746 -3 -15.1006885339453 -20.6877647214717 -3 -14.9069812793314 -20.9004192417995 -3 -14.7298974081881 -8.42276257556938 -3 -15.9610959650987 -13.6299195095789 -3 -14.2468324807328 -15.7778812740623 -3 -15.7153785143795 -16.6436262407514 -3 -15.7498914205145 -14.2682469047408 -3 -15.6086261393521 -15.2146417828511 -3 -14.1502990830091 -18.0234304804571 -3 -15.7264443287509 -17.6391563858788 -3 -17.0948350405997 -15.8869330674265 -3 -14.0687189490439 -18.7973587242601 -3 -15.6407250852392 -16.8595437392112 -3 -13.8867857310826 -19.2744831471635 -3 -15.5455690668265 -19.544882695552 -3 -17.3118369091603 -17.5669053721816 -3 -13.68868021456 -19.6498853340761 -3 -15.4388509429745 -20.0226218808938 -3 -15.2959769059933 -18.5945079189318 -3 -13.2490658276357 -21.1282243462326 -3 -14.4989776855567 -22.0773504998281 -3 -12.5542698327417 -22.3115756723215 -3 -11.3363415746348 -20.7826973004321 -3 -10.6147356121277 -21.0610219023969 -3 -9.56320290958894 -22.4087592307606 -3 -10.44162606445 -23.6956994569464 -3 -12.3123111083312 -23.7445057242534 -3 -10.0752868813561 -0.358447778630541 -3 -13.4380796175929 -0.179373443335556 -3 -13.4376466886969 -1.23598123344919 -3 -13.4440295800197 -0.861847373396163 -3 -13.8786838644942 -2.91579757067982 -3 -13.9148389213032 -0.758561786862134 -3 -14.3153975976098 -0.432926842083743 -3 -13.8759393354347 -1.50188417644835 -3 -14.3237871232916 -1.1542014302505 -3 -14.7565288478525 -2.27041607563626 -3 -14.7752654984449 -2.68964763461684 -3 -14.3482780433555 -4.86135676936177 -3 -14.8653910365302 -0.979907762871762 -3 -15.1920071143234 -0.730843095896551 -3 -15.6273782068019 -2.14729523298728 -3 -15.6457783792319 -4.65458354675708 -3 -13.5090969246635 -2.24349600765788 -3 -15.2112877086479 -4.16125919230397 -3 -15.7043606250166 -6.29692442765825 -3 -13.5484742290824 -6.72408466708507 -3 -14.0578423619232 -7.1198172816734 -3 -14.0759503299698 -1.20125373888139 -3 -16.068616631037 -0.404912629026243 -3 -16.0631893366511 -4.60569538743296 -3 -15.288889630345 -7.19028947704551 -3 -15.8677336859969 -7.04098605781868 -3 -14.5417741095289 -8.21492793068413 -3 -15.0736288451671 -9.21535718997083 -3 -15.1532706263856 -7.23391394029451 -3 -15.0027938452462 -3.84950459794218 -3 -16.1270637239743 -7.28861344191418 -3 -15.4437337247408 -8.38794603670905 -3 -15.5275235164954 -6.92360674702249 -3 -16.2782414493172 -8.95232533093593 -3 -15.5749990587948 -11.0122477306102 -3 -13.567337568068 -17.7047025075941 -3 -17.6021134537066 -18.1009600935676 -3 -13.4877843204874 -21.4158567848837 -3 -18.149371611225 -18.06681477597 -3 -12.1314907127419 -19.803153755878 -3 -10.4449566585849 -20.2782645301432 -3 -9.41182656446457 -22.5542257130446 -3 -14.3487931505675 -23.5174023792369 -3 -14.4167798495932 -21.736899367036 -3 -13.5398238723134 -20.5463039840092 -3 -8.2427549593824 -21.1743668796769 -3 -8.79954272577509 -21.2112072362198 -3 -8.39999900322745 -24.2275070408324 -3 -15.7610530234436 -20.6131538574311 -3 -7.5183080576864 -22.9357007060294 -3 -12.5413111270008 -23.6267497678246 -3 -13.4508547876551 -24.3196183796843 -3 -14.7389689161038 -23.0927070828663 -3 -10.3383985237361 -23.1216786530262 -3 -8.92950894290012 -24.3759410508238 -3 -9.63510938550698 -0.0991650865759953 -3 -13.6562982323688 -0.581884968990147 -3 -14.7516587711183 -0.254553171899118 -3 -14.3128275713483 -0.465374434529844 -3 -14.9697882522024 -3.87941170358123 -3 -13.7187940121207 -0.174696495317376 -3 -15.4063889296272 -5.27528592110219 -3 -13.2760238759604 -7.10701107988486 -3 -14.3142003947726 -7.55883091732257 -3 -13.8421459039785 -11.9557726293379 -3 -15.399026810962 -7.90176866077804 -3 -13.5789956932596 -8.16793757576785 -3 -13.2826989917587 -9.11428604247332 -3 -15.3692220641318 -11.598820278831 -3 -14.5600311216994 -14.8169526191537 -3 -16.4562953112622 -17.6609463937651 -3 -17.8174026468796 -20.0928911407089 -3 -16.9336168130084 -19.053329080116 -3 -10.5581254820058 -21.8916175002812 -3 -14.4793372503344 -21.435438236623 -3 -14.0948532065406 -20.1374561469085 -3 -8.46175098894229 -23.6753338953501 -3 -16.0244582442024 -20.4354828701711 -3 -8.85066755452264 -23.3267295113825 -3 -12.4561736968894 -21.5603386975665 -3 -7.75443022743344 -22.7840657495429 -3 -9.77807291086562 -22.1727685716094 -3 -8.71895756663587 -24.0624949181636 -3 -9.02533767435175 -0.0614320431140971 -3 -14.2031441856915 -4.40948089942478 -3 -14.2962127740012 -11.8135075453015 -3 -14.9981121240521 -15.0330893163597 -3 -17.0548356743235 -19.8429761409483 -3 -17.1443500770335 -22.1170739052207 -3 -17.9245544663665 -20.1902239467457 -3 -12.2998201897444 -21.6812167354327 -3 -8.7964882460684 -23.2810825543117 -3 -8.42889197455736 -12.0482364561108 -3 -16.1639408672644 -12.0706064769209 -3 -16.0559528316228 -12.0125710867134 -3 -16.2688353818532 -15.0433228222187 -3 -17.3208381537943 -21.7958016921056 -3 -18.0612716263563 -20.8607020233077 -3 -16.7042729918973 -21.0425010065323 -3 -16.6549687190584 -19.1984073377653 -3 -12.2654354579897 -21.1948983250839 -3 -12.4983907568039 -21.3880895225307 -3 -9.22336493326197 -22.730822053072 -3 -8.62030860013844 -12.0533762092312 -3 -15.7404222159128 -12.2355859872573 -3 -16.7478207126535 0 0 0 0.422686860754962 0 0.612895948094694 0 0.780500164472897 0 0.91993099213843 0 1.04220373782474 0 1.15210972464249 0 1.25238635592666 0 1.34486846349797 0 1.43093803371627 0 1.51173633557673 0 1.58827427857891 0 1.66148939759386 0 1.73226940520715 0 1.80145314055125 0 1.86981800306826 0 1.93490900153413 0 2 1 0 1 0.0858052153603289 1 0.171610430720658 1 0.264996211160837 1 0.364437866209005 1 0.473003273230251 1 0.597528727811475 1 0.816573295154579 1 0.945085322597155 1 1.03548623107921 1 1.10668860897028 1 1.16009039238857 1 1.2001417299523 1 1.23722630177056 1 1.27431087358882 1 1.31139544540709 1 1.34848001722535 1 1.38556458904361 1 1.43501068480129 1 1.50917982843782 1 1.60497331317044 1 1.69187136408891 1 1.80248665658522 1 2 0.5 1.28189090066687 0.5 1.32813195445253 0.5 1.36521652627079 0.75 0.281072428449323 0.25 0.824376154059701 0.5 0.798536729813738 0.5 0.868252143646505 0.5 0.689014446142186 0.25 0.956787761174688 0.5 0.993644530210946 0.75 0.752793870648383 0.25 1.01792413401784 0.5 1.07444617339751 0.25 1.11327794902 0.5 1.12939916680638 0.75 0.90666873312183 0.25 1.18918688379098 0.5 1.17612572729739 0.5 1.22626404293948 0.25 1.31337968208242 0.5 1.40825131137994 0.5 1.65805254220227 0.5 1.76737803089618 0.25 1.71443371424502 0.25 1.81880273518899 0.5 1.83615232982674 0.75 1.7849323437407 0.75 1.91807616491337 0.125 0.0214513038400822 0.125 0.0107256519200411 0.125 0.0742871614344524 0.25 0.0429026076801644 0.25 0.148574322868905 0.375 0.0321769557601233 0.25 0.0214513038400822 0.375 0.0643539115202467 0.5 0.0429026076801644 0.5 0.0858052153603289 0.375 0.117189769114617 0.5 0.191476930549069 0.625 0.0321769557601233 0.75 0.0214513038400822 0.75 0.0643539115202467 0.125 0.285630591811933 0.625 0.0750795634402878 0.75 0.128707823040493 0.125 0.391302307000674 0.25 0.359917753246386 0.25 0.383264198356431 0.875 0.0321769557601233 0.875 0.0107256519200411 0.625 0.160092376794781 0.75 0.234379538229234 0.375 0.328533199492098 0.5 0.343841535957899 0.5 0.393562363481983 0.5 0.29714864573781 0.875 0.107256519200411 0.625 0.265764091983522 0.625 0.312456982203611 0.875 0.202994984474946 0.625 0.337317395965653 0.125 0.718636051077198 0.875 0.675161299229929 0.25 1.2512832829367 0.875 0.971077482100521 0.125 1.37215885789934 0.125 1.65135399641197 0.125 1.77553607019807 0.625 1.54683635949382 0.75 1.62029920879864 0.5 1.54872705350836 0.125 1.89394708399081 0.25 1.88553066568043 0.25 1.91807616491337 0.875 1.56473951861823 0.125 1.95903808245668 0.625 1.72149244297149 0.75 1.70261577626967 0.875 1.65608528644377 0.625 1.87711424737005 0.625 1.95903808245668 0.875 1.95903808245668 0.1875 0.00536282596002056 0.5 0.0214513038400822 0.375 0.0107256519200411 0.5625 0.0160884778800617 0.1875 0.217102457340419 0.6875 0.00536282596002056 0.0625 0.354158726283447 0.3125 0.355898698924264 0.1875 0.440672135790997 0.5 0.542949610662473 0.125 0.498080073225563 0.0625 0.555488010660129 0.5625 0.365439879723818 0.3125 0.630792830869835 0.6875 0.609055454946201 0.9375 0.636345013520702 0.6875 1.02276182774901 0.0625 1.58154516599435 0.5625 1.47754383543688 0.5 1.47337351018901 0.0625 1.84770011227103 0.8125 1.49092352214756 0.125 1.83474157709444 0.6875 1.75321239335609 0.3125 1.97951904122834 0.5625 1.89759520614171 0.4375 1.93855712368503 0.8125 1.97951904122834 0.34375 0.00268141298001028 0.34375 0.204289693944744 0.40625 0.586871220766154 0.84375 0.541029364088226 0.71875 0.964715280435422 0.84375 1.09142611006879 0.28125 1.52745933809168 0.34375 1.91204389468273 0.65625 1.98975952061417 0.703125 0.453234621906022 0.671875 0.467295863785105 0.734375 0.43917338002694 0.921875 0.507016318659238 0.859375 1.03125179608466 0.671875 1.13377591868309 0.671875 1.15884507650414 0.203125 1.44980909799551 0.390625 1.59275594014698 0.296875 1.86542331493586 0.546875 1.9641583221496 0.5859375 0.505122737223789 0.8671875 0.401805623117972 43 33 34 44 34 35 44 43 34 45 44 35 45 35 36 46 22 23 47 5 4 47 48 49 47 50 48 51 6 5 51 5 47 51 49 52 51 47 49 53 48 50 54 52 55 54 51 52 54 6 51 56 7 6 56 6 54 56 55 57 56 54 55 58 49 48 58 26 27 58 48 53 58 53 26 59 8 7 59 57 60 59 56 57 59 60 61 59 7 56 62 9 8 62 44 45 62 43 44 62 45 63 64 65 66 67 66 65 67 65 68 69 40 41 70 69 41 71 1 72 73 1 71 73 71 74 73 74 75 76 74 77 78 79 80 78 76 79 78 74 76 81 74 78 81 78 80 81 75 74 81 80 82 83 84 85 86 1 73 87 80 79 87 83 85 87 79 83 87 85 88 89 90 91 92 19 20 92 84 93 92 85 84 92 93 19 94 80 87 94 87 88 94 82 80 94 88 95 96 90 86 96 97 98 96 99 97 100 20 21 100 92 20 100 85 92 100 88 85 101 99 82 101 82 94 101 94 95 101 95 46 102 99 101 102 101 46 102 97 99 103 21 22 103 100 21 103 88 100 103 95 88 103 46 95 103 22 46 104 97 102 104 102 46 105 4 3 105 50 47 105 47 4 106 26 53 107 61 43 107 62 8 107 43 62 107 8 59 107 59 61 108 27 28 108 58 27 109 10 9 109 9 62 110 14 13 110 66 14 111 66 67 111 15 14 111 14 66 112 113 64 112 64 114 115 116 117 115 17 16 118 113 112 118 38 39 119 115 117 119 17 115 119 18 17 120 65 64 120 64 113 121 120 113 121 40 69 122 118 39 122 113 118 122 40 121 122 39 40 122 121 113 123 68 69 123 69 70 124 123 70 125 70 41 125 41 42 126 71 72 126 74 71 126 72 1 126 77 74 127 79 76 127 76 128 129 79 127 129 83 79 130 73 75 130 86 73 130 96 86 131 83 129 131 84 83 131 93 84 131 19 93 132 2 1 132 89 2 132 1 86 132 86 90 132 90 89 133 90 96 133 96 98 133 98 91 133 91 90 134 2 89 134 98 135 134 89 91 134 91 98 134 136 2 137 3 2 137 2 136 138 98 97 138 97 104 139 3 137 139 105 3 139 137 136 139 50 105 140 53 50 140 106 53 141 25 26 141 26 106 141 106 140 142 55 52 143 110 13 143 12 11 143 13 12 144 112 114 144 145 63 144 114 145 146 115 16 146 16 15 147 112 144 147 118 112 147 38 118 147 45 36 147 144 63 147 36 37 147 37 38 147 63 45 148 15 111 148 67 116 148 115 146 148 116 115 148 111 67 148 146 15 149 65 120 149 69 68 149 120 121 149 121 69 149 68 65 150 119 117 150 18 119 151 152 68 151 68 123 151 123 124 153 125 42 153 70 125 154 1 19 154 129 127 154 126 1 154 76 77 154 77 126 154 127 128 154 19 131 154 128 76 154 131 129 155 75 81 155 81 82 155 82 99 155 96 130 155 130 75 155 99 96 156 135 140 156 134 135 156 136 134 156 50 139 156 139 136 156 140 50 157 25 141 157 141 140 158 58 108 158 52 49 158 142 52 158 49 58 159 28 29 159 29 30 160 110 143 160 145 114 160 143 11 161 68 152 161 117 116 161 150 117 161 152 150 162 153 42 162 70 153 162 18 150 162 124 70 162 42 18 163 164 98 163 157 164 163 98 138 165 157 163 165 163 138 165 138 104 166 24 25 166 25 157 166 157 165 167 142 158 167 159 142 167 28 159 167 108 28 167 158 108 168 142 159 168 57 55 168 55 142 169 43 61 169 60 57 169 30 31 169 31 32 169 32 33 169 168 159 169 57 168 169 61 60 169 159 30 169 33 43 170 62 63 170 11 10 170 109 62 170 160 11 170 63 145 170 145 160 170 10 109 171 66 110 171 160 114 171 64 66 171 114 64 171 110 160 172 68 161 172 116 67 172 67 68 172 161 116 173 152 151 173 151 124 173 150 152 173 162 150 173 124 162 174 135 98 174 98 164 174 140 135 174 157 140 174 164 157 175 23 24 175 24 166 175 165 104 175 166 165 175 46 23 175 104 46 
168 278 1 0.0312813297020735
-20 -3 -6.75 -19.9506725827964 -3 -5.28383845248505 -19.8063778674082 -3 -3.71682097208424 -19.5351528660976 -3 -1.83344536152421 -19.1293904106494 -3 0.280292184307811 -18.5769773293235 -3 2.62713003257783 -17.8685799292738 -3 5.20095563127046 -16.9993574371938 -3 7.98381552767204 -15.9710031454239 -3 10.9428226711797 -14.7938913861122 -3 14.0276671414979 -13.4888293422905 -3 17.1699086879915 -12.0876189336476 -3 20.2855199895465 -10.7787960602802 -3 22.9892176861638 -9.46058386587548 -3 25.5279720715746 -8.16728579374868 -3 27.8444678698156 -6.92970341617853 -3 29.8964926528602 -5.77235951441507 -3 31.660181414404 -4.71209777584273 -3 33.1299596843067 -3.75807220690002 -3 34.3158656990017 -2.91271703315243 -3 35.2395030530826 -2.17316366578136 -3 35.9297726545485 -1.53267255597997 -3 36.4190782133129 -0.981826702186915 -3 36.7402294284275 -0.555261309245637 -3 36.9104048557449 -0.271114887414143 -3 36.9774153191715 -1.83697019872103e-16 -3 37 -25 -3 -9 -24.9504822694465 -3 -7.25049432294322 -24.8048553606087 -3 -5.38120173476588 -24.5341322438039 -3 -3.16862624812648 -24.1324560162755 -3 -0.715636219079103 -23.5910512289845 -3 1.96774414906209 -22.9048526982322 -3 4.86029602044987 -22.0737302979812 -3 7.92835985476685 -21.1034825484936 -3 11.12577592842 -20.0063087942497 -3 14.3955133498054 -18.9253292138004 -3 17.3469895083471 -17.773607128009 -3 20.2548864559925 -16.5700697288665 -3 23.0724894329928 -15.3343351570545 -3 25.7581896022122 -14.0854154059107 -3 28.2777930335658 -12.8406599834395 -3 30.6057765178587 -11.615048938621 -3 32.7254986439113 -10.4208455053567 -3 34.6285824929967 -9.26754761911703 -3 36.3137747161175 -8.16204623585114 -3 37.7855699337688 -7.10889936921369 -3 39.0528165140746 -6.11064927858592 -3 40.1274343611712 -5.16813357857499 -3 41.0233035449922 -4.28076199924844 -3 41.7553330347731 -3.4467467596144 -3 42.3386897876915 -2.66328656957197 -3 42.7881547850459 -1.92671378885734 -3 43.1175695865782 -1.23262259924271 -3 43.339341983964 -0.611879774557963 -3 43.459425728348 -1.83697019872103e-16 -3 43.5 -22.4876080836631 -3 -7.08760426149184 -22.3899217148769 -3 -5.42284004494468 -17.3897854672422 -3 14.276194312537 -18.0093481365647 -3 12.5790907145547 -20.999576284582 -3 -3.65837290431489 -22.1853398511891 -3 -3.54800102611947 -20.6967963736083 -3 -1.63770719157462 -21.8503515355569 -3 -1.38656141091105 -23.3635665729292 -3 -3.3849791499931 -20.2581815045256 -3 0.615283215432599 -21.3782354388123 -3 1.00788686256423 -19.9803126824598 -3 1.84651217533827 -20.760290078114 -3 3.62702884668521 -22.9956392615844 -3 -1.07939289483131 -19.6733014202963 -3 3.09804755520928 -19.3165108900683 -3 4.44813609264148 -19.9916150842021 -3 6.45180888338011 -22.4892884704702 -3 1.45856918787638 -18.9350048450882 -3 5.79822057192538 -22.1780296844434 -3 2.82689967493374 -18.4964338951751 -3 7.25803240367348 -19.5336826791056 -3 7.98712042380568 -19.0724402295553 -3 9.4507535524422 -21.8375975056516 -3 4.21436504075375 -21.4497875072244 -3 5.69006105961282 -21.038001032788 -3 7.16183320294946 -17.5208032146749 -3 10.2441524693792 -18.5316286023775 -3 11.0801699035177 -20.57339927053 -3 8.72871569469134 -16.3977861130159 -3 13.3590389517759 -16.8744444522696 -3 15.6292062995742 -19.5549036090415 -3 11.8975076434777 -15.5086624996626 -3 15.6427633888183 -16.1872961763242 -3 17.3600787496613 -14.8327327306453 -3 17.2903744514024 -18.1722111898303 -3 15.7678713118245 -14.2089559804835 -3 18.750919557947 -14.8964108743534 -3 20.4137481867592 -17.5517469525147 -3 17.378959641575 -13.4826261300414 -3 20.3853945820602 -13.7508967434406 -3 22.9333514035644 -16.9927452034457 -3 18.7737838165178 -16.3272854642713 -3 20.370306471848 -12.2492852509334 -3 23.0114947543116 -13.0406791362749 -3 24.4139507500118 -12.4640727701622 -3 25.5724409407571 -15.1508037833969 -3 23.0382861679259 -10.9404028453937 -3 25.6082471720714 -11.7425491536259 -3 26.9687159536352 -11.1714259492538 -3 28.0326506650611 -13.8855223064259 -3 25.707216255941 -9.98080298806994 -3 27.3934636362224 -10.4548291888097 -3 29.3165459750702 -9.29825784319124 -3 28.6030407455482 -9.36073988985794 -3 31.1673183736166 -12.3112418827735 -3 28.7611369738677 -11.6359684045719 -3 29.9843312225534 -8.12179546995272 -3 30.5692502899852 -8.14950034427554 -3 33.0595649416137 -6.93012196402413 -3 32.4024119027817 -7.48639408484676 -3 34.0235123326173 -9.26675632117494 -3 33.8712810370308 -6.10480501314392 -3 33.5727807307372 -6.99945960874232 -3 34.6977075069872 -6.37976465350721 -3 35.5130160647211 -5.05586448185351 -3 34.9329076843878 -5.35116446211044 -3 36.7550881073808 -7.84878804839674 -3 35.8911610037534 -4.53338740679997 -3 35.5525814748592 -4.52120720241129 -3 37.648556781177 -3.68339588401525 -3 36.4696788033329 -4.00672452748769 -3 38.1495777643452 -6.2100980648946 -3 37.9222128720567 -3.0722918110691 -3 37.052012000072 -3.6337478848914 -3 38.4857783345612 -3.17129433903623 -3 38.8692151556457 -5.29545823818327 -3 38.9040271509222 -2.31863962894858 -3 37.6691044815361 -2.41387253105448 -3 39.410993264743 -4.37428284138426 -3 39.7736103412036 -1.36071234339763 -3 38.2634019549125 -1.79609710682975 -3 39.7655280933256 -1.15768962190255 -3 40.0390320920304 -0.830230721788371 -3 38.4822104260945 -0.625521973521869 -3 40.1857414649674 -0.263582401463033 -3 38.6095633077573 -0.355686649627408 -3 41.8580931465913 -20.4940375909079 -3 -4.51583894673861 -22.897207517556 -3 -4.45291509285822 -13.1435766782425 -3 19.5530680743119 -9.06192072440079 -3 27.6487241378306 -10.4827753357437 -3 30.624961581485 -10.4236900346987 -3 33.3515280900684 -8.36113993350059 -3 33.9784403720802 -5.39192690842744 -3 33.3741321733309 -4.38804080491345 -3 34.6473172192617 -7.02792068440387 -3 36.9506864795066 -7.16374287784272 -3 37.8971772364835 -3.75308210484054 -3 39.3423889712467 -1.85877840125234 -3 38.8635100870418 -0.142433884406544 -3 39.4335358538554 -0.781097292722114 -3 40.974109988371 -0.769343910415171 -3 42.6175484502233 -3.62849258499332 -3 40.8472506730036 -1.3126482346454 -3 42.0732472521826 -2.99507672639704 -3 40.1514023933202 -3.16394889814327 -3 41.8439039393172 -1.57843849613243 -3 40.9311562032707 -1.96153509525825 -3 42.468922279365 -2.27910461223998 -3 40.59554367867 -2.50652275536715 -3 41.3452025414162 -2.559411590227 -3 42.1896855563237 0 0 0 0.0680534496220128 0 0.136106899244026 0 0.2132033940005 0 0.295262416684247 0 0.382398672231525 0 0.47462361588549 0 0.571801651323307 0 0.673594329971265 0 0.779398631145385 0 0.888294100544514 0 0.999023526894941 0 1.09893433766006 0 1.1977480213271 0 1.29420469429851 0 1.38715780682451 0 1.47566367362271 0 1.55902871530592 0 1.63681438796204 0 1.70881385480815 0 1.77501897362173 0 1.83559358156216 0 1.89086414568662 0 1.93628674879799 0 1.968143374399 0 2 1 0 1 0.0676840666503667 1 0.135368133300733 1 0.210928551851325 1 0.290453139268726 1 0.373738138339193 1 0.460443405161802 1 0.550076961190595 1 0.641991592276153 1 0.735400269869057 1 0.820012635504111 1 0.904396787347929 1 0.987885092409452 1 1.06986198085712 1 1.14979373004848 1 1.22724626684171 1 1.30189072094606 1 1.37349911069219 1 1.4419337717692 1 1.50713407002103 1 1.56910312862126 1 1.62789630012395 1 1.68361225580344 1 1.73638695269545 1 1.78639033396538 1 1.83382532026672 1 1.87892835190192 1 1.92197037508043 1 1.96098518754022 1 2 0.5 0.0338420333251834 0.5 0.101710791461373 0.5 0.757399450507221 0.5 0.704497299920161 0.25 0.15481231239585 0.5 0.173517725547675 0.25 0.232515830317557 0.5 0.251828266634613 0.75 0.1922231386995 0.25 0.314881347097983 0.5 0.33450027751172 0.25 0.358449474871622 0.5 0.421421038696664 0.75 0.27114070295167 0.25 0.401909855464094 0.25 0.448022327291077 0.5 0.512350288538042 0.75 0.354119207925457 0.25 0.493486952211766 0.75 0.397579588517929 0.25 0.542075969930675 0.5 0.560939306256951 0.5 0.60689662179973 0.75 0.440932221929233 0.75 0.486396846849922 0.75 0.531213624864318 0.25 0.640245475885498 0.5 0.657792961123709 0.75 0.578486791495163 0.25 0.741947965532773 0.5 0.799705633324748 0.75 0.673244446098157 0.25 0.816775999584848 0.5 0.854153368024313 0.25 0.871223734284413 0.75 0.788706043005666 0.25 0.920002128832974 0.5 0.951710157121435 0.75 0.837083001764212 0.25 0.975366842008188 0.5 1.03444275387603 0.75 0.879275077686121 0.75 0.928053472234682 0.25 1.06668854576805 0.5 1.08439815925859 0.5 1.12436403385427 0.75 1.01116392314274 0.25 1.16105602759068 0.5 1.17377087568779 0.5 1.2124971440844 0.75 1.0971130073557 0.25 1.2292367509486 0.5 1.26072548057011 0.25 1.27746508743431 0.5 1.33385190249535 0.75 1.20050857126475 0.75 1.24398587370591 0.25 1.36050485465993 0.5 1.41454578929686 0.25 1.44510473145978 0.5 1.45879872269596 0.75 1.39402244999452 0.25 1.50437253314309 0.5 1.49139887182187 0.5 1.53308139266347 0.25 1.58099373679879 0.5 1.60295875829165 0.75 1.48296639635849 0.25 1.61988657312685 0.5 1.66021332188274 0.25 1.68451358834544 0.5 1.69621305530579 0.75 1.58603094345646 0.25 1.73225840898337 0.5 1.7226004037518 0.5 1.75570296315859 0.75 1.64405481100334 0.25 1.79300546569275 0.5 1.81099195776377 0.75 1.70310632977762 0.25 1.87406255620933 0.5 1.85726096673204 0.5 1.90641726038352 0.25 1.92135200459076 0.5 1.9486359681691 0.25 1.97431798408455 0.75 1.97431798408455 0.125 0.111432881008932 0.625 0.146966965080437 0.125 0.959512827863958 0.125 1.26172072262355 0.625 1.28891888810063 0.875 1.34795658547029 0.625 1.42641058634524 0.125 1.53170062422451 0.125 1.60890406238041 0.75 1.53449866990747 0.875 1.54658250673874 0.625 1.7294046464681 0.375 1.84252725698655 0.375 1.98715899204228 0.625 1.94036762223404 0.875 1.94814417958249 0.8125 1.75789749021674 0.8125 1.90964798706798 0.65625 1.78444472399026 0.90625 1.79586140524173 0.65625 1.88345447690001 0.90625 1.87173665366735 0.65625 1.83394960044513 0.78125 1.8280906888288 0.90625 1.83379902945454 57 2 1 57 1 27 57 27 28 58 57 28 59 60 36 61 4 3 61 58 62 63 5 4 63 61 62 63 62 64 63 4 61 65 29 30 65 64 62 66 64 67 66 5 63 66 63 64 68 6 5 68 5 66 68 67 69 68 66 67 70 67 64 70 65 30 70 64 65 70 30 31 71 6 68 71 68 69 72 7 6 72 6 71 72 69 73 72 71 69 74 67 70 74 70 31 74 31 32 75 7 72 75 72 73 76 69 67 76 32 33 76 67 74 76 74 32 77 8 7 77 7 75 77 75 73 77 78 79 77 73 78 80 76 33 80 69 76 81 33 34 81 73 69 81 80 33 81 69 80 82 81 34 82 73 81 82 78 73 83 84 60 83 9 8 83 8 77 83 77 79 83 79 84 85 34 35 85 78 82 85 79 78 85 82 34 86 10 9 86 83 60 86 9 83 86 60 59 86 59 87 88 60 84 88 35 36 88 85 35 88 79 85 88 84 79 88 36 60 89 11 10 89 86 87 89 10 86 89 87 90 91 11 89 91 89 90 92 36 37 92 59 36 92 87 59 93 90 94 93 91 90 93 11 91 95 92 37 95 87 92 95 90 87 96 94 97 96 93 94 98 37 38 98 94 90 98 95 37 98 90 95 99 98 38 99 38 39 99 94 98 100 97 101 100 13 12 100 101 102 100 96 97 100 12 96 103 97 94 103 39 40 103 99 39 103 94 99 104 102 105 104 14 13 104 105 106 104 13 100 104 100 102 107 101 97 107 40 41 107 97 103 107 102 101 107 103 40 108 14 104 108 104 106 108 106 109 110 108 109 110 109 111 112 102 107 112 105 102 112 106 105 112 41 42 112 107 41 113 112 42 113 106 112 113 42 43 113 109 106 114 110 111 114 16 15 114 111 115 114 15 110 116 17 16 116 16 114 116 114 115 116 115 117 118 115 111 118 44 45 119 116 117 119 17 116 119 117 120 119 120 121 122 119 121 122 121 123 124 120 117 124 45 46 125 122 123 125 123 126 127 20 19 127 125 126 127 19 125 127 126 128 129 47 48 129 123 121 130 131 132 130 21 20 130 127 128 130 20 127 130 128 131 133 129 48 133 123 129 133 48 49 133 126 123 134 132 135 134 22 21 134 130 132 134 21 130 136 128 126 136 126 133 136 133 49 136 49 50 137 138 139 137 23 22 140 139 141 140 23 137 140 24 23 140 137 139 142 140 141 142 25 24 142 26 25 142 24 140 143 55 56 144 3 2 144 57 58 144 58 61 144 61 3 144 2 57 145 62 58 145 28 29 145 65 62 145 29 65 145 58 28 146 12 11 146 11 93 146 96 12 146 93 96 147 108 110 147 15 14 147 14 108 147 110 15 148 113 43 148 109 113 148 111 109 149 44 118 149 43 44 149 148 43 149 118 111 149 111 148 150 118 45 150 117 115 150 115 118 150 124 117 150 45 124 151 18 17 151 122 18 151 17 119 151 119 122 152 19 18 152 122 125 152 18 122 152 125 19 153 124 46 153 120 124 153 121 120 153 129 121 154 153 46 154 46 47 154 47 129 154 129 153 155 132 131 155 128 136 155 131 128 156 138 137 156 135 138 156 134 135 156 137 22 156 22 134 157 141 143 157 56 26 157 26 142 157 143 56 157 142 141 158 141 139 158 143 141 159 55 143 159 143 158 159 54 55 160 155 136 160 50 51 160 136 50 161 159 158 161 54 159 161 53 54 162 155 160 162 135 132 162 132 155 163 160 51 163 51 52 163 162 160 164 139 138 164 158 139 164 161 158 165 53 161 165 161 164 165 52 53 166 138 135 166 135 162 166 164 138 167 166 162 167 162 163 167 165 164 167 164 166 168 167 163 168 163 52 168 52 165 168 165 167 
162 270 1 0.0422903355197074
0 0 26 0.168156624110578 -1.02966235736222e-17 25.9875228406765 0.343103055617035 -2.10090029419539e-17 25.9504320266714 0.524595599440949 -3.21222160851073e-17 25.8892385539324 0.776347297885431 -4.75375616691045e-17 25.7710374351232 1.07224135632169 -6.56558472466385e-17 25.5894370408058 1.4862664295832 -9.10075712834618e-17 25.2700978194187 1.9764493312158 -1.21022617357518e-16 24.8100559545953 2.67996819404641 -1.64100723532783e-16 24.0229867611288 3.49991472484321 -2.14307968253396e-16 22.9517429105476 4.43916015436938 -2.71820163697547e-16 21.5565560175836 5.49184918009695 -3.36278775990287e-16 19.8105614646218 6.6405134323629 -4.06614175981912e-16 17.7087403626201 7.85419237296933 -4.80930577472222e-16 15.2765817690264 9.08916760822832 -5.56551000916531e-16 12.5748649161941 10.2935475477184 -6.30298002809222e-16 9.69638767942714 11.3073152776381 -6.92373373085473e-16 7.0492061656179 12.2209823822351 -7.48319347842021e-16 4.43400096736899 13.0116213948746 -7.96732024647522e-16 1.92234219889188 13.6665739092101 -8.36836299661245e-16 -0.431002617038295 14.1825188489148 -8.68428815608527e-16 -2.58974235057922 14.5634429337869 -8.91753688671366e-16 -4.53440099716621 14.8183688327014 -9.07363397977635e-16 -6.25904022116089 14.9536183245022 -9.15645040838641e-16 -7.67955123690728 15 -9.18485099360515e-16 -9 -1.83697019872103e-16 -3 37 0.294194979344524 -3 36.9735315544486 0.603617698141303 -3 36.8950705912311 0.927547558398556 -3 36.7660336705021 1.38077522522515 -3 36.5177591067553 1.91782599036973 -3 36.1381673230585 2.62962141218616 -3 35.5179564684389 3.45182107408717 -3 34.6654494833024 4.39229095660025 -3 33.542942715602 5.45432042017093 -3 32.1165272286738 6.63476099537019 -3 30.3607441088982 7.92201458000571 -3 28.2641789001872 9.2943911664225 -3 25.8353011988697 10.7196314003909 -3 23.1070506284771 12.1564364080476 -3 20.1380605539595 13.558375990913 -3 17.0087261306978 14.7515245781087 -3 14.1338634009683 15.8493858296416 -3 11.2747310157788 16.8297331688263 -3 8.4930284722647 17.6781709269646 -3 5.83926322626713 18.387897265763 -3 3.35078690415623 18.9585985525812 -3 1.05201004578669 19.3949663758253 -3 -1.04401495583924 19.7052049482255 -3 -2.93342444371538 19.8997272475544 -3 -4.61933046290032 19.9745937443421 -3 -5.71129278074746 20 -3 -6.75 0.471186269084178 -0.5 27.7481858670542 0.742895503859225 -0.75 28.5563214576896 0.640801284079392 -0.75 28.6027354589127 0.846639860458751 -0.75 28.5037576664909 0.952001353502767 -0.75 28.445111951966 1.0949418521229 -0.75 28.3575741966957 0.450434287363951 -1.5 31.4301605526278 0.593993388464106 -2.5 35.0600364490298 0.739386097014683 -2.25 34.0854102187848 6.38128461451287 -0.75 21.4226857056276 5.5223663459413 -0.75 22.890924235581 6.66907726582515 -1.5 24.0923138550871 7.33913063745441 -1.5 22.9159129767386 7.61286871789525 -0.75 19.1419550456325 7.93994946838596 -1.5 21.8142576615056 8.64895745200662 -1.5 20.4580318513636 6.98310422143733 -2.25 26.7033548966448 8.89671537995221 -0.75 16.5495661740511 9.99593546231223 -1.5 17.7120597470449 8.2883526234606 -2.25 24.4264788687756 9.56535252141965 -0.75 15.1103118782742 10.143981210319 -0.75 13.8126182505918 11.2412019932979 -1.5 14.9644005380986 9.65901940863582 -2.25 21.8301542242179 10.797745370865 -0.75 12.2839677541229 10.3807295487314 -2.25 20.3782894582632 11.0546944480766 -2.25 18.9678002310546 11.9157831902654 -0.75 9.49610867197687 12.4641945847706 -1.5 12.0431008787893 13.0504426299746 -1.5 10.5506328726384 11.7220239604964 -2.25 17.5166586955911 12.4099289694721 -0.75 8.18232066886014 13.5348744926532 -1.5 9.26419732417199 12.3797330354561 -2.25 16.0298404421091 12.9096402830753 -0.75 6.79243042729967 14.0649753774408 -1.5 7.79250893100459 13.0352514136863 -2.25 14.4872598804139 13.593668608329 -2.25 13.1204646634577 13.5714377658113 -0.75 4.83661342932517 14.4953000427674 -1.5 6.54007015942151 14.9570532491695 -1.5 5.12656045292305 14.1695832348218 -2.25 11.6538758538101 14.6815638803475 -2.25 10.2949504378782 14.349778373224 -0.75 2.31079814025058 15.3262257240666 -1.5 3.93300051021299 15.7129351352676 -1.5 2.60618301532703 15.2004622581962 -2.25 8.85625213408468 14.988771859308 -0.75 -0.0435650464906097 16.0176273633783 -1.5 1.48989301229561 16.3275578363269 -1.5 0.268663340056753 15.2651550250862 -0.75 -1.18829575160734 16.3054444189631 -2.25 5.52641878430113 15.4877389601491 -0.75 -2.19708861918423 16.8029148004008 -1.5 -1.86385393847831 15.6930139853959 -0.75 -3.22944620062112 17.1262921307884 -1.5 -3.65526558739393 17.0419860773435 -2.25 3.01382516181414 17.3687780996277 -2.25 1.78156394413834 15.9831166339383 -0.75 -4.99378265337579 17.3566679164469 -1.5 -5.38118779332947 17.6376333336892 -2.25 0.688436696846924 17.8918581239108 -2.25 -0.436915990487202 16.1631332362136 -0.75 -6.56358474257084 17.4635421914646 -1.5 -6.66670849842057 16.2414640601667 -0.75 -7.87648265974817 18.26955915028 -2.25 -2.37822495039535 18.5393129720409 -2.25 -4.18777368120272 0.938848632988423 -1.5 31.2249501053953 0.893386702241952 -2.25 34.0163957805925 1.05060558773603 -2.25 33.9357317640134 1.46204723441876 -1.5 30.8908305006283 1.53084922657363 -1.125 29.4405339075761 2.0139256055622 -1.5 30.4368959088184 1.46401537965679 -2.625 35.0726004318911 4.96554648051189 -0.375 22.2521957548714 6.08190209651706 -1.125 23.5180746036346 5.49106198434447 -1.5 26.0214989346301 6.10552320208445 -1.5 25.0379580613931 6.21630138213964 -1.875 26.4074886892674 9.92933505822494 -0.375 12.4693997808518 11.0942782694776 -0.375000000000001 9.62752291968389 11.3639022209094 -0.75 10.9017322505078 11.6202557413665 -1.125 12.1954594679428 12.100583854648 -0.375000000000001 6.94797828272837 13.8846648696623 -2.625 14.3389062880931 18.0203000895933 -1.875 -5.46845288313 2.07326925119942 -1.3125 29.6763201633192 2.65866890496638 -1.5 29.7995015074778 1.01521895887127 -2.5625 35.1088286645689 4.21192845577178 -0.1875 22.6655704258914 2.02526880462881 -2.8125 35.3509783841206 4.72152467918642 -0.9375 24.9205961953152 4.42568520256644 -1.5 27.6003218862694 4.97516161726425 -1.5 26.8069514684544 5.5833916706385 -1.6875 26.6417964640606 5.86312912794233 -2.4375 29.2585897418549 19.0345714423856 -2.4375 -6.09556944467874 4.08722328608827 -0.46875 23.9780567386396 5.11938198812843 -1.96875 28.4769089860892 3.35784862486217 -0.234375 24.0694359615777 4.27420719333919 -1.734375 28.7360855028863 3.03420661325415 -0.8671875 26.9449963271394 3.4815997219853 -1.5 28.8485149460292 3.88884969997939 -2.3671875 31.710947513175 2.47985895023986 -0.43359375 25.9227905837371 3.70387857981863 -1.18359375 27.3323048494085 3.2477786855226 -1.93359375 30.8034873629008 4.64592177314647 -2.68359375 31.9744479955761 1.96312576585664 -0.216796875 25.6446233317289 2.60821087959732 -1.716796875 30.6778053692831 0 0 0 0.0264546969831053 0 0.0529093939662105 0 0.0793640909493158 0 0.114637020260123 0 0.154319065734781 0 0.207228459700991 0 0.266751527912978 0 0.347728214861963 0 0.437325456552723 0 0.535662030250101 0 0.642477846497863 0 0.757026017452676 0 0.877975899186112 0 1.00339761798288 0 1.13089696791172 0 1.24520760326546 0 1.3572867493684 0 1.46571077476122 0 1.56944318163372 0 1.66782640318448 0 1.76052122411039 0 1.84742970729484 0 1.92371485364742 0 2 1 0 1 0.0344989048539522 1 0.0689978097079044 1 0.103496714561857 1 0.149495254367126 1 0.201243611648054 1 0.266249712435903 1 0.33748697659383 1 0.415238297184301 1 0.49960527552456 1 0.590473274248604 1 0.68745883869792 1 0.789855345055985 1 0.89660209486584 1 1.00630713232124 1 1.1173442355985 1 1.21694813900534 1 1.31503034725384 1 1.41060385800959 1 1.50289967778506 1 1.59137458338287 1 1.67568953452302 1 1.7556735502797 1 1.83128511426482 1 1.90257826356638 1 1.95128913178319 1 2 0.166666666666667 0.0680786785581742 0.25 0.102118017837261 0.25 0.0888906693457087 0.25 0.115345366328814 0.25 0.128572714820367 0.25 0.14620917947577 0.5 0.0592604462304725 0.833333333333333 0.0707600811817899 0.75 0.0888906693457087 0.25 0.68236013728658 0.25 0.602772749373607 0.5 0.664968342597891 0.5 0.722242428075298 0.25 0.795470819786862 0.5 0.77344068125433 0.5 0.833915622121048 0.75 0.651967199535576 0.25 0.913987877805235 0.5 0.949999856424358 0.75 0.756048886565641 0.25 0.976698737203618 0.25 1.03188427238678 0.5 1.06037092679069 0.75 0.865258858493444 0.25 1.0956339473512 0.75 0.923300975645099 0.75 0.978153494372799 0.25 1.20956507836199 0.5 1.17392255345853 0.5 1.2310778711354 0.75 1.03333902955596 0.25 1.26266328926255 0.5 1.28011897525965 0.75 1.08885758119459 0.25 1.31870286231402 0.5 1.33615854831112 0.75 1.14563339452851 0.75 1.19543534623193 0.25 1.3977220328769 0.5 1.38394530368899 0.5 1.4381573163854 0.75 1.24853355713249 0.75 1.29757466125674 0.25 1.5009411022353 0.5 1.48430522627314 0.5 1.53617142970939 0.75 1.34948782547141 0.25 1.5995218374587 0.5 1.58040888250829 0.5 1.62960049328368 0.25 1.64871344823408 0.75 1.47052849708523 0.25 1.69296589125059 0.5 1.71810537931671 0.25 1.73931330171355 0.5 1.7959031691876 0.75 1.56377300654613 0.75 1.61048753833327 0.25 1.82166643824122 0.5 1.87500398543061 0.75 1.65264501390335 0.75 1.69689745691986 0.25 1.89935941953901 0.5 1.9375019927153 0.25 1.96875099635765 0.75 1.77578835973365 0.75 1.85314454984771 0.5 0.118520892460945 0.75 0.106140121772685 0.75 0.123389574199661 0.5 0.177781338691417 0.375 0.191474132772109 0.5 0.236739086068447 0.875 0.162316592923858 0.125 0.569217389811854 0.375 0.633870545985749 0.5 0.563067652249352 0.5 0.616475560373233 0.625 0.607517425892464 0.125 1.04951578266704 0.125 1.17023102313685 0.25 1.15240976068512 0.375 1.13477825040486 0.125 1.28195523278974 0.875 1.18129076676692 0.625 1.89532327128151 0.4375 0.246796692512756 0.5 0.302119252253404 0.854166666666667 0.116538337052824 0.0625 0.503271423182289 0.9375 0.21428315267988 0.3125 0.518841377925248 0.5 0.468465366038641 0.5 0.517633652887331 0.5625 0.562575539389897 0.8125 0.553561350708512 0.8125 1.94766163564075 0.15625 0.478083417238985 0.65625 0.511013358373577 0.078125 0.412905816050474 0.578125 0.446248307198354 0.2890625 0.357512534151939 0.5 0.381483256023132 0.7890625 0.391867641896092 0.14453125 0.312132031032459 0.39453125 0.41298895009529 0.64453125 0.346993447074748 0.89453125 0.445736458710326 0.072265625 0.259680245366725 0.572265625 0.291866266571598 53 2 1 53 3 2 53 4 3 53 5 4 54 53 55 56 5 53 56 53 54 57 6 5 57 5 56 58 7 6 58 6 57 59 1 26 59 53 1 59 55 53 60 61 59 60 26 27 60 27 28 60 28 29 60 59 26 62 13 12 62 12 63 62 64 65 66 14 13 66 13 62 66 62 65 66 67 68 66 65 67 69 36 37 69 65 64 70 15 14 70 66 68 70 68 71 70 14 66 72 65 69 72 37 38 72 68 67 72 69 37 72 67 65 73 15 70 73 70 71 74 73 71 74 71 75 76 68 72 76 38 39 76 71 68 76 72 38 77 74 75 78 71 76 78 76 39 79 39 40 79 78 39 79 71 78 79 75 71 80 81 82 83 79 40 83 75 79 84 80 82 84 82 85 86 81 75 86 40 41 86 83 40 86 75 83 87 85 88 87 84 85 89 81 86 89 86 41 90 82 81 90 81 89 91 19 18 91 87 88 91 88 92 91 92 93 91 18 87 94 85 82 94 42 43 94 82 90 95 88 85 95 94 43 95 85 94 96 93 97 96 20 19 96 19 91 96 97 98 96 91 93 99 88 95 99 92 88 99 43 44 99 95 43 100 21 20 100 20 96 100 98 101 100 101 102 100 96 98 103 21 100 103 100 102 104 97 93 104 93 92 104 44 45 104 98 97 104 92 99 104 99 44 105 22 21 105 21 103 105 102 106 105 103 102 107 105 106 107 106 108 107 22 105 109 104 45 109 45 46 109 101 98 109 98 104 110 109 46 110 101 109 110 102 101 111 22 107 111 107 108 111 23 22 111 108 112 113 102 110 113 46 47 113 106 102 113 110 46 114 113 47 114 106 113 114 47 48 115 111 112 115 24 23 115 112 116 115 23 111 117 115 116 117 25 24 117 52 25 117 24 115 117 116 52 118 106 114 118 114 48 118 48 49 118 108 106 119 108 118 119 49 50 119 118 49 119 112 108 120 58 57 120 55 59 120 59 61 120 121 122 120 122 123 120 61 121 120 54 55 120 56 54 120 57 56 124 58 120 124 120 123 124 123 125 126 123 122 126 30 31 126 125 123 127 12 11 127 63 12 128 129 130 128 64 62 128 130 64 128 63 129 128 62 63 131 69 64 131 64 130 132 16 15 132 15 73 132 74 77 132 73 74 132 77 16 133 17 16 133 16 77 133 80 17 133 77 134 133 134 80 135 75 81 135 81 80 135 134 77 135 77 75 135 80 134 136 18 17 136 17 80 136 80 84 136 87 18 136 84 87 137 41 42 137 89 41 137 90 89 137 42 94 137 94 90 138 112 119 138 116 112 139 124 125 139 125 140 141 61 60 141 60 29 141 122 121 141 29 30 141 126 122 141 30 126 141 121 61 142 11 10 142 127 11 143 31 32 143 126 31 143 125 126 144 63 127 144 145 146 144 146 129 144 129 63 147 130 129 147 129 146 147 131 130 148 36 69 148 35 36 148 131 147 148 69 131 149 138 119 149 50 51 149 51 52 149 116 138 149 119 50 149 52 116 150 144 127 150 142 10 150 127 142 151 146 145 151 147 146 151 148 147 152 10 9 152 150 10 153 151 145 154 140 155 154 139 140 156 33 34 157 139 154 157 9 8 157 154 152 157 152 9 158 150 152 158 153 145 158 155 153 158 152 154 158 144 150 158 145 144 158 154 155 159 33 156 159 155 140 159 156 153 159 32 33 159 153 155 160 151 153 160 35 148 160 156 34 160 153 156 160 34 35 160 148 151 161 58 124 161 8 7 161 139 157 161 124 139 161 157 8 161 7 58 162 159 140 162 32 159 162 143 32 162 125 143 162 140 125 
179 313 1 0.131675892320689
20 -3 -6.75 19.9598714592104 -3 -7.44498673695495 19.8417794097626 -3 -8.08694325430445 19.6285272641715 -3 -8.72815567850253 19.3300018143391 -3 -9.31384996453266 18.9444641550949 -3 -9.85240980157734 18.4660367017381 -3 -10.350042938014 17.8849882288138 -3 -10.8106132463256 17.1880447727286 -3 -11.2356663936624 16.3585663131698 -3 -11.6246296515592 15.3764197624619 -3 -11.9751291978843 14.2173256933301 -3 -12.2833689455495 12.8512551208757 -3 -12.5445398147917 11.2388548868546 -3 -12.7532644935543 9.32301036848036 -3 -12.9041386172845 7.00547494277895 -3 -12.9925860363342 3.47034652266996 -3 -13.015473068608 -1.83697019872103e-16 -3 -13 25 -3 -9 25.0338217057824 -3 -12.4798845675535 25.0666907502038 -3 -14.6022876776042 25.0648882235759 -3 -15.792741734832 25.0065566754913 -3 -16.9722035751195 24.8914271400411 -3 -17.7129615687521 24.7560593579956 -3 -18.1395371807128 24.6365570938588 -3 -18.3730224623856 24.5034930467197 -3 -18.5524002932898 24.3638444040072 -3 -18.68512056593 24.2040482448487 -3 -18.7920071365624 24.0228477087234 -3 -18.8743854217361 23.8189859351103 -3 -18.9335808380007 23.5912060634883 -3 -18.9709188019056 23.2481212862386 -3 -18.9889931157489 22.6430605373782 -3 -18.9545369974019 21.6049767634177 -3 -18.8019080304993 18.9375284088034 -3 -18.276163462884 15.8760237512791 -3 -17.7116411896623 13.0602816363112 -3 -17.2919289511145 10.3020290138116 -3 -16.975696696926 7.46379754065516 -3 -16.7409470206373 4.50118899895295 -3 -16.58454029357 2.32425832160762 -3 -16.5219759192318 -1.83697019872103e-16 -3 -16.5 20.5513027432603 -3 -15.0048372222083 20.8273769475652 -3 -14.7944410429705 20.3002264246755 -3 -15.1585229172745 19.9532704759498 -3 -15.3258448475012 19.5319040921156 -3 -15.4759417604035 19.0845945583444 -3 -15.5882052987427 18.7002163252475 -3 -15.655600849504 20.555549066622 -3 -11.1698549942763 20.7042349008366 -3 -10.8258333784033 23.7025056443223 -3 -12.1419443035806 22.38048090157 -3 -10.7512398543925 23.7183868906882 -3 -11.6541528371268 19.713532834042 -3 -12.4035130357397 18.110882390566 -3 -13.4835382959858 16.9311716259552 -3 -13.8696359112209 16.1462553860741 -3 -14.0285217894953 18.1340848763276 -3 -15.7183018185527 14.240264619865 -3 -14.2226118548664 17.1971873755088 -3 -15.7550844656306 16.4327646021214 -3 -15.7440605557421 13.2219479028826 -3 -14.2558967083166 15.1830845775128 -3 -15.6785930311849 19.9451979542831 -3 -17.3368251262055 18.4287566608404 -3 -17.1977280571231 5.51753149375361 -3 -14.0050015549663 7.70824665028946 -3 -14.103146224741 7.82056734713971 -3 -15.044240414407 6.74165632540223 -3 -14.9702091334107 4.65637971106225 -3 -13.9707864747612 11.7962463127492 -3 -16.2973942295091 10.350839961104 -3 -15.2512922696752 9.12438874373445 -3 -16.0213244021472 7.89286345659739 -3 -15.9190177743686 5.72116609732069 -3 -14.9093552872715 6.6589280193651 -3 -15.8323386201585 20.6201793892397 -3 -7.34446126478755 21.2482448023294 -3 -7.55350033805803 21.2342263437845 -3 -8.01922962334256 20.5317394615531 -3 -8.34324306391833 21.157478440041 -3 -8.94432267379798 21.096970268751 -3 -9.3621264213998 21.874658983916 -3 -7.73060402760562 23.7498042302023 -3 -8.80283621578633 22.4960725047953 -3 -8.47386194625535 21.8568350188686 -3 -8.5529262017796 22.4565709796891 -3 -9.72832615522225 20.3779227375187 -3 -9.08128042846073 20.9304975180372 -3 -10.1352431165027 23.1098814602786 -3 -9.71852602497209 23.7475536043997 -3 -9.59945267423642 23.7321010391145 -3 -11.0500748360613 24.3754904027708 -3 -9.36279223353453 19.5597172943217 -3 -10.8068668896903 21.4602801890082 -3 -11.4194445702378 20.1750065290487 -3 -11.8358325552561 21.8428125430669 -3 -13.2877925934186 22.0954260550159 -3 -12.483488842506 22.2828139847337 -3 -11.5348450538719 24.3777788680368 -3 -12.3469163078947 22.88055119676 -3 -12.9432827462502 24.3524390507978 -3 -13.9865905627568 17.6221020101429 -3 -12.3729670936849 21.5203600515496 -3 -13.9579937682267 23.3135348721486 -3 -15.388228548692 21.1234551831266 -3 -14.504329828547 18.9810144479294 -3 -13.0150228090256 20.24308008235 -3 -13.6101327208876 24.239974574525 -3 -15.6626864761472 17.5436322386445 -3 -13.6963175227013 24.005299614138 -3 -16.8032593298175 15.2291522094631 -3 -14.1488449470714 13.1117894790583 -3 -14.9345705343078 7.41677885968507 -3 -13.5712718686498 15.5693562794415 -3 -16.2951666852859 15.8497806247086 -3 -16.8387899720685 12.8087567684558 -3 -15.4787839562293 10.2225576464702 -3 -14.7534484133644 18.7512482624227 -3 -17.7825505683821 7.85255099878432 -3 -14.5923980898325 3.90754539229957 -3 -13.4913185821322 4.26634159362778 -3 -13.9565652355682 15.9586153049374 -3 -17.3081273257421 12.4642244916376 -3 -15.9311825577068 2.87741639173257 -3 -13.4691261604944 4.54200566839518 -3 -14.4122004782859 4.72971352825965 -3 -14.8592656744341 0.774960270117201 -3 -13.4401419783662 4.82454645479644 -3 -15.2988561029407 4.82149109949811 -3 -15.7321209575121 4.43896048457166 -3 -15.2816141952318 4.04808906447205 -3 -15.2656341661305 3.95287879089622 -3 -15.6964879993844 3.05812844214823 -3 -15.6674692183118 7.760155013652 -3 -16.3359322023281 1.40630035385722 -3 -15.1968048570171 4.71543948377454 -3 -16.1602633466337 2.75124357850919 -3 -16.0951028540919 1.72197039572723 -3 -16.0751362963425 20.8924916601832 -3 -8.21345023388701 21.2012746364933 -3 -8.52357757614748 21.5159387305067 -3 -8.78180862231329 19.8843318804887 -3 -9.23967398971114 23.4338738427075 -3 -9.30554871658329 22.7749332582798 -3 -10.0107506021606 22.4250873575206 -3 -10.2328627830686 21.669473699079 -3 -10.4772018859139 24.0611427644035 -3 -10.2939617770779 23.3146665922024 -3 -12.6070927973797 22.3921405497583 -3 -13.1654645003378 19.3646091785656 -3 -12.7281639386235 9.89169569815086 -3 -13.9048246806746 12.990414058591 -3 -15.2228450842732 12.6711814687424 -3 -15.716868606553 3.22216639695838 -3 -13.2478953397083 12.1765768901451 -3 -16.1238524352937 13.9166116232051 -3 -16.7843827312127 15.9440756153492 -3 -17.5176589875846 2.42337068193551 -3 -13.6824486180247 1.84671020264154 -3 -13.8914837933172 2.85258494430671 -3 -14.5714530257645 0.831209330033794 -3 -15.8467476200531 22.0576763520356 -3 -10.3845026718268 10.0946571766951 -3 -14.347409915506 13.5806904101165 -3 -17.0539034718484 0.204447695234438 -3 -13.547073440834 0.671462060156026 -3 -13.7678386364144 1.82084239962949 -3 -14.2196426191334 1.74000095420842 -3 -14.5462837793763 0.50902194343911 -3 -14.0950610850901 0.910651745597287 -3 -14.6447242796414 1.60241680848259 -3 -14.871852285363 0.367184425178948 -3 -15.2974976764873 0.130405171467411 -3 -14.1485239835241 0.465847292852288 -3 -14.6963807475214 0.212186008159708 -3 -15.8986303676765 0.0927980143778202 -3 -15.3242583193546 0 0 0 0.0696093983288766 0 0.139218796657753 0 0.215023093484109 0 0.291127748000541 0 0.368490542340646 0 0.448139285337396 0 0.531142386626727 0 0.618597670871581 0 0.711648952840469 0 0.811537713754231 0 0.919702278942058 0 1.03795587161499 0 1.16882630383 0 1.31629430778112 0 1.48775296481128 0 1.74387648240564 0 2 1 0 1 0.158507572783122 1 0.283047196523033 1 0.369851003160619 1 0.477888528337934 1 0.566782532515935 1 0.632616207706287 1 0.677053938459774 1 0.718199985453744 1 0.755231427748317 1 0.79226287004289 1 0.829294312337463 1 0.866325754632036 1 0.903357196926609 1 0.952732453319372 1 1.02679533790852 1 1.12972275217343 1 1.32366723183765 1 1.48621877935298 1 1.60644689269105 1 1.70727929338993 1 1.7987588154066 1 1.88436063366915 1 1.94218031683457 1 2 0.5 0.694351445650122 0.5 0.647825804665677 0.5 0.733440190294393 0.5 0.783384570751274 0.5 0.838931734193133 0.5 0.893014016787047 0.5 0.936217366130715 0.25 0.348587215170484 0.25 0.308762843672108 0.75 0.203771358893347 0.5 0.186765333133616 0.75 0.172636452958369 0.25 0.520414693515577 0.25 0.747516761795872 0.25 0.879317006567596 0.25 0.957523220704619 0.5 0.995344162467179 0.25 1.1263328078621 0.5 1.08383931189421 0.5 1.14927452800171 0.25 1.20753653583191 0.5 1.24624676783382 0.75 1.05531732490136 0.75 1.18798476000363 0.25 1.70951908497699 0.25 1.58145732617981 0.5 1.67516168754834 0.5 1.72557788789779 0.25 1.75759706565588 0.75 1.5767734107211 0.5 1.54709992875116 0.75 1.69122049046914 0.75 1.73929847114803 0.5 1.77131764890612 0.75 1.78503823215636 0.125 0.0261035243733287 0.25 0.0174023495822191 0.25 0.0522070487466575 0.125 0.115526369300096 0.25 0.126638641106876 0.25 0.162992064895684 0.375 0.00870117479110957 0.75 0.0174023495822191 0.5 0.0348046991644383 0.375 0.0633193205534382 0.5 0.114058485556 0.125 0.189007579189897 0.25 0.235877454283896 0.625 0.0855438641669997 0.75 0.0570292427779998 0.75 0.136283029169561 0.875 0.0285146213889999 0.125 0.39836325025394 0.375 0.298811180087027 0.25 0.43450095434303 0.5 0.420862623348664 0.5 0.334948884176118 0.5 0.249035145003571 0.875 0.181139465838235 0.625 0.312316991121006 0.875 0.286811181026983 0.125 0.683057216333726 0.5 0.506776362521211 0.75 0.481270552427188 0.5 0.592690101693758 0.25 0.633965727655724 0.375 0.584120249090627 0.875 0.425560777793904 0.25 0.813416884181734 0.875 0.556943380066738 0.25 1.04192801428336 0.375 1.30662331707819 0.125 1.53460514549554 0.625 1.30546771645744 0.75 1.36468866508106 0.5 1.40571009832446 0.375 1.49358371225214 0.875 1.25582599592064 0.375 1.62830950686408 0.125 1.76143700131358 0.25 1.77899752022152 0.875 1.42545372221702 0.625 1.49124175452278 0.125 1.82546788071217 0.375 1.79655803912945 0.5 1.81411855803739 0.125 1.95352963950935 0.625 1.83167907694533 0.75 1.84923959585327 0.625 1.84613399773669 0.625 1.86058891852805 0.75 1.87814943743598 0.75 1.9070592790187 0.875 1.76902864327731 0.625 1.95352963950935 0.875 1.86680011476121 0.875 1.92461979792664 0.875 1.95352963950935 0.1875 0.0838667090233765 0.25 0.0918339419424381 0.3125 0.0949789808301573 0.0625 0.240067663595219 0.6875 0.0514731068746094 0.5625 0.117203524443719 0.5 0.148863184720438 0.375 0.211321393708756 0.8125 0.0823988252792804 0.6875 0.258044175007176 0.5625 0.366589807234835 0.25 0.577190210585651 0.1875 1.40493901001663 0.4375 1.35616670770133 0.5625 1.44847592642362 0.0625 1.7846721815589 0.6875 1.53400758262194 0.8125 1.50111356646906 0.9375 1.455836250785 0.1875 1.86626357986543 0.25 1.9070592790187 0.4375 1.88382409877337 0.8125 1.97676481975467 0.4375 0.180092289214597 0.28125 1.44926136113438 0.90625 1.55378022958005 0.15625 1.98838240987734 0.21875 1.96514722963201 0.34375 1.91867686914136 0.4375 1.93029445926402 0.3125 1.97676481975467 0.46875 1.96514722963201 0.53125 1.94191204938669 0.65625 1.98838240987734 0.328125 1.99419120493867 0.484375 1.98257361481601 0.828125 1.99419120493867 0.6640625 1.99709560246933 44 26 27 44 45 26 46 44 27 46 27 28 47 46 28 47 28 29 47 29 30 48 30 31 48 47 30 49 31 32 49 48 31 50 32 33 50 49 32 51 6 5 51 5 52 53 54 55 56 8 7 57 11 10 57 46 47 57 44 46 58 48 49 58 12 11 58 49 50 59 58 50 59 13 12 59 12 58 59 50 60 61 14 13 61 62 63 64 14 61 64 61 63 64 15 14 64 63 65 66 33 34 66 34 35 66 60 50 66 63 62 66 62 60 66 50 33 67 63 66 67 65 63 67 66 35 68 17 69 68 70 71 72 68 71 73 70 74 75 70 73 75 73 38 75 38 39 75 71 70 76 71 75 76 77 71 78 77 76 79 2 1 79 1 80 79 80 81 82 3 2 82 83 84 85 1 19 85 80 1 85 81 80 85 86 87 85 19 86 88 81 85 88 85 87 88 87 89 90 4 3 90 82 84 90 3 82 91 90 84 92 89 87 92 93 94 95 19 20 95 86 19 95 93 86 96 7 6 96 6 51 97 52 91 97 51 52 98 7 96 98 96 51 98 56 7 98 51 99 100 97 101 100 51 97 100 99 51 102 20 21 102 55 94 102 53 55 103 100 101 104 21 22 104 102 21 104 53 102 105 10 9 105 57 10 106 56 98 106 98 99 106 107 108 106 99 107 109 105 9 109 57 105 109 45 44 109 44 57 110 106 108 110 45 109 110 108 45 110 56 106 111 22 23 111 23 107 111 103 104 111 104 22 112 48 58 112 47 48 112 57 47 112 11 57 112 58 11 113 45 108 113 23 24 113 24 25 113 25 26 113 107 23 113 26 45 113 108 107 114 59 60 114 62 61 114 13 59 114 61 13 114 60 62 115 15 64 115 64 65 116 17 16 116 69 17 117 65 67 117 118 119 120 74 69 120 69 116 121 67 35 121 118 117 121 36 118 121 35 36 121 117 67 122 69 74 122 74 70 122 68 69 122 70 68 123 17 68 123 72 124 123 68 72 125 118 36 125 126 118 127 123 124 128 72 71 128 124 72 128 77 129 128 71 77 130 18 127 131 129 77 131 77 78 131 78 132 133 129 131 133 131 132 134 132 135 134 135 136 134 129 133 134 133 132 137 75 39 137 39 40 137 76 75 137 78 76 137 132 78 138 134 136 139 137 40 139 40 41 139 135 132 139 136 135 139 132 137 140 41 42 140 139 41 140 136 139 141 42 43 141 140 42 142 2 79 142 81 143 142 79 81 142 83 82 142 143 83 142 82 2 144 143 81 144 81 88 144 83 143 144 88 89 145 5 4 145 52 5 145 4 90 145 91 52 145 90 91 146 87 86 146 86 93 146 92 87 146 93 92 147 54 148 147 92 94 147 89 92 147 55 54 147 94 55 147 148 89 149 54 101 149 91 84 149 97 91 149 101 97 150 93 95 150 94 93 150 20 102 150 95 20 150 102 94 151 101 54 151 104 103 151 54 53 151 103 101 151 53 104 152 111 107 152 103 111 152 99 100 152 100 103 152 107 99 153 109 9 153 9 8 153 110 109 153 56 110 153 8 56 154 15 115 154 16 15 154 116 16 155 115 65 155 154 115 155 117 119 155 65 117 156 119 118 156 74 120 156 120 119 156 118 126 156 126 74 157 18 17 157 17 123 157 127 18 157 123 127 158 73 74 158 74 126 159 73 158 159 158 126 159 126 125 160 37 159 160 159 125 160 36 37 160 125 36 161 124 128 161 127 124 161 128 162 161 130 127 161 162 130 163 128 129 163 162 128 163 129 134 164 138 136 164 136 140 164 140 141 165 148 54 165 149 84 165 84 83 165 54 149 165 89 148 165 83 144 165 144 89 166 116 154 166 155 119 166 154 155 166 119 120 166 120 116 167 73 159 167 159 37 167 38 73 167 37 38 168 18 130 169 168 130 169 130 162 170 162 163 170 163 171 170 171 172 170 169 162 170 172 169 173 172 171 174 163 134 174 171 163 174 173 171 174 134 138 175 138 164 176 18 168 176 168 169 176 169 172 176 172 173 177 138 175 177 173 174 177 174 138 177 176 173 178 164 141 178 141 43 179 43 18 179 177 175 179 164 178 179 175 164 179 176 177 179 18 176 179 178 43 
632 1213 1 0.144256271969276
-1.83697019872103e-16 -3 -16.5 -3.3960247101764 -3 -16.547501215295 -6.4726897401453 -3 -16.6790125173232 -9.47653110731694 -3 -16.8983235233494 -12.30229269579 -3 -17.1959099105236 -14.9762629515916 -3 -17.5666283977737 -17.5548047624374 -3 -18.008764245448 -20.9642735186222 -3 -18.6823474727312 -22.3831193928065 -3 -18.9239993161453 -23.1593165653109 -3 -18.9882583789894 -23.6554333973886 -3 -18.9628748087868 -23.9667815012423 -3 -18.893666307579 -24.1686688066963 -3 -18.8108579698707 -24.3329731447482 -3 -18.7089422305211 -24.4768153905927 -3 -18.5813893335365 -24.6014578222216 -3 -18.4268681493983 -24.7081627176265 -3 -18.2440475485879 -24.7981923547992 -3 -18.0315964015868 -24.8944742954934 -3 -17.699935527158 -24.9940657508751 -3 -17.0923364767584 -25.057817401578 -3 -16.0965205439787 -25.0692107263597 -3 -14.969629871399 -25.0462386960241 -3 -13.1996532242993 -25 -3 -9 1.37861988708594e-15 22.5145713530756 -16.7277747886721 -2.71681976814114 22.5268655722595 -16.7736574393057 -5.17815179211627 22.5609032018706 -16.9006876023835 -7.58227346217519 22.617695295925 -17.112638582863 -9.84515951248589 22.6948174034638 -17.4004622065842 -11.9882421372831 22.7909990079616 -17.7594168413238 -14.0571268785051 22.9058709457895 -18.1881247496613 -16.7971270851718 23.0810160823678 -18.8417752980701 -17.91460277604 23.1422890417202 -19.0704490955033 -18.5334568688807 23.1586143605508 -19.1313760148288 -18.8923857020542 23.1533584540957 -19.1117607048986 -19.1005767672003 23.1409044748705 -19.0652818216737 -19.2544270630632 23.1245844883427 -19.0043748027729 -19.3818152885748 23.1043652575571 -18.9289156061913 -19.4846999215969 23.0817566032172 -18.844538959504 -19.5769917778793 23.0547801810783 -18.7438615814753 -19.659223909532 23.0232541294539 -18.6262047550511 -19.7319293686649 22.9869965866574 -18.4908897631769 -19.8149720371126 22.9309787700422 -18.2818284254399 -19.8908568398202 22.8569811069643 -18.0056653871917 -19.9794145546836 22.7095583977505 -17.4554763462163 -20.0323082376692 22.5186592364562 -16.743030977144 -20.0554779935661 22.2163445416665 -15.6147771763141 -20.0414518982008 21.7451911624 -13.8564088267337 -20 20.5734285148067 -9.48333109150404 -22.8237900769778 3.53222464769846 -18.9103024471919 -23.2106607296553 1.35503577835582 -18.903117086979 -22.7297072352003 3.53433310641041 -18.942610698913 -22.9124788385372 3.52973985613954 -18.8722275867713 -23.3308379898635 1.35281944414914 -18.8520293261148 -22.99592341539 3.52686796543145 -18.8282211438722 -23.4415797347972 1.35014192387429 -18.7903109647329 -23.0742737030476 3.52359820927195 -18.7781181447152 -23.7850343387197 3.38363983783073 -16.6335135245868 -24.2016966793412 1.25622174970887 -16.6253976661729 -24.1706347415129 1.27387515975389 -17.0323187830789 -23.7977662136458 3.3662864111184 -16.3676041779784 -24.226327550507 1.22869486629967 -15.9908873866719 -23.8101851967321 3.33819009813068 -15.9370798583427 -19.9422248328674 18.7808153582485 -19.0263240652819 -20.2790336571944 16.606560352393 -19.0333802831667 -19.8329291382572 18.787935845782 -19.0584003767753 -20.3500758381614 16.6021191771601 -19.0110857970766 -20.4178912780601 16.5969585150853 -18.9851795216412 -20.0354742095596 18.772659382041 -18.9895830932446 -20.4825507728738 16.5910613166356 -18.9555758690242 -20.1181945041292 18.7634285978426 -18.9480003353389 -20.5441251185858 16.5844105322778 -18.9221892513891 -20.195613072342 18.7526886586073 -18.8996191486986 -20.6215474888049 16.5743411067261 -18.8716412193651 -20.2678944364543 18.740394660215 -18.8442372496261 -20.7024511014038 16.5613250828652 -18.8063014055336 -20.345949329357 18.7240275971811 -18.7705070437049 -20.432007269712 18.7011247152563 -18.6673343366038 -1.27912855871405 0.189545342558661 -16.5353637578998 -0.83581116166281 3.37884327048644 -16.5600149522515 -2.44869080714591 3.38039671797001 -16.5838186777171 -4.47170027157785 0.192163855141379 -16.6159562699418 -3.98479416117695 3.38337580894764 -16.6294677675758 -0.409314806309926 6.5680399404251 -16.58618535987 -0.747831039382516 16.1365298114593 -16.6738495717835 -1.56501858956326 9.75886690749735 -16.6258980359002 -2.61564384998918 12.9525326150965 -16.6782102518631 -2.19093388007793 16.14119015391 -16.6972442667669 -3.56534214421096 16.1501274268429 -16.7421089470901 -22.9441677797424 -1.54673715439397 -18.9967853622405 -5.37049605399769 12.972538819226 -16.7992532443522 -4.87271712081818 16.1629415482039 -16.8064352200818 -23.1494425486221 -0.82038358340777 -18.9879108742538 -22.8360084447023 -0.820102870799328 -19.0008890005342 -22.4857512058352 0.633111584177847 -19.0074389048919 -20.7214587040616 4.62059653065878 -18.9120659181295 -20.2954463569221 3.52475806957971 -18.7958908706272 -19.7881408564336 4.6072190870127 -18.7366163266372 -22.5289434981599 2.81211072080528 -19.0043824899042 -22.6300804176931 3.53607599857761 -18.969317315714 -23.0752785477299 1.35686982821893 -18.9453929768413 -22.4670643656419 2.44943694633226 -19.0131271765161 -22.2430917781469 3.53942841252001 -19.0206868933635 -21.7826735110073 3.53902290400196 -19.0144732211669 -21.8706328865199 4.26626929019529 -19.0279372305428 -21.0647852624226 5.71593339250152 -18.9947445126634 -21.9078516099418 4.62963558500746 -19.0306161011771 -21.9714709342164 4.62955653243729 -19.0295793006112 -22.2010693987478 4.26560343971158 -19.0187633560493 -24.6367068786101 -1.56651582895636 -17.6238485291365 -21.6676467257254 6.44606108694015 -19.0389126983396 -22.2805787485711 5.71371609788669 -18.9693355194419 -21.0928226720881 7.89886113953265 -19.0428352444089 -23.0846238165582 4.23950251091896 -18.6591531270769 -23.3277105832925 3.50739662603316 -18.5298586807795 -23.1273330380814 4.23618225966187 -18.613407769726 -22.0061649930449 6.80475511537211 -18.9939470927335 -23.1115643453852 4.59313165224674 -18.5518549671239 -23.1402890106253 4.59014351436016 -18.5126645518701 -23.1679404768964 4.58702333768579 -18.471742404307 -23.4303243498443 3.49690921710013 -18.3691584281305 -22.4999972931677 6.4252162647158 -18.8186280861048 -13.9717576222375 17.4727133617791 -17.9799664640143 -14.4222667677293 16.4078853936522 -18.0360415447082 -12.1991820352954 16.3246140654583 -17.6180234817525 -14.9540118141169 17.5163508241889 -18.187192692878 -16.1103297296832 16.4813179944444 -18.404669669259 -15.4276306316329 18.6271453031651 -18.3340725121634 -23.7274136214606 3.426443907466 -17.2894071632081 -23.5040242400958 4.5061225574948 -17.410701953572 -23.6846027709924 3.4448929077945 -17.5721041604211 -23.6110337995497 4.1260730518351 -17.0963584051935 -23.5181938573152 4.49816963584444 -17.3063967595722 -24.0245514926489 2.23158228820635 -15.0015246256746 -23.8161145720804 3.2981073869124 -15.32288603213 -23.8027934585354 3.2012105984291 -13.8381209686542 -19.8790157723001 15.5289965471586 -19.0895551969673 -20.3766945661249 13.7122225333532 -19.0784083610686 -19.5629538748355 14.4319289314505 -19.0432327148773 -19.5354704924491 15.8892513914563 -19.0755799895565 -19.9373868194267 15.5291284817603 -19.0902574831981 -19.9902181708047 15.5290708216106 -19.0899505589441 -20.0367771759689 15.5288687482486 -19.0888749249716 -16.211868797137 20.8533690866992 -18.6075755107153 -13.7802427838687 20.716761871133 -18.0497677369699 -20.6807532357386 14.4278518543704 -19.020140547973 -20.8054262231689 13.3416794663472 -19.0326548575571 -20.7660118051315 13.3430457601417 -19.0409213077262 -20.8439753016031 13.3401700888934 -19.0235227122174 -20.7257229377135 13.34427074627 -19.0483328079668 -19.5136531971155 16.6173989872102 -19.0877897087115 -20.7292895156037 14.425267145749 -19.0055010104538 -19.9998283113476 15.8919817387408 -19.0898271888939 -20.0686628771297 15.8912348434213 -19.0859298214923 -20.1021119531255 16.6141652651435 -19.0715565794487 -20.1296607736734 15.8902382415372 -19.0807294626283 -20.1962273435656 16.6106718859206 -19.0540199837486 -21.1798882104097 13.6720837084683 -18.8409517648577 -23.1890192244293 6.45932543479851 -15.4803896435052 -23.2352025157573 6.20875297084443 -16.5310800206769 -22.9536699614916 7.63281020863146 -16.6108010473968 -19.6492869541676 17.3456892750005 -19.1000867709088 -19.4055946232578 17.708252521949 -19.0984983221091 -22.5378249160809 9.75537452274374 -16.5993707400447 -22.7754969051064 8.40434324227543 -17.1537505694652 -20.9892002937807 15.8044342360531 -18.6329963932903 -21.0963534249453 15.4320793525339 -18.5736661850663 -20.946928904663 15.8149453458727 -18.6878443160081 -21.1233147993365 15.4238477613624 -18.5298495284629 -21.1523185434741 15.4141354102027 -18.4781508050073 -22.1216693947103 11.8772678815613 -16.5924110038188 -22.2230878746309 11.2506864374047 -17.1445759429693 -20.9134262436452 16.509229841554 -18.5447857994488 -18.7982000522171 21.705392993 -19.123570928554 -20.9984618584279 16.4760592150862 -18.3782708497793 -21.4028519209306 15.4953383965645 -17.0201063172023 -21.2891201256646 16.1175273939291 -16.5784583496215 -21.3017512313416 16.0358514693966 -16.1684491363215 -20.9293321379562 17.7458640167912 -17.5812442206535 -20.94838667522 17.4495166962861 -17.8698097947926 -20.719374449885 18.5477395204313 -17.9763660195466 -21.0890358979307 17.1264628380689 -16.335686840309 -21.0953005528224 17.0671237597261 -16.0538965447651 -21.3081666264221 15.9429360969908 -15.7020184352109 -21.3082422045767 15.8128174596526 -15.0488291332713 -20.8569023386951 18.307448085488 -16.8939032134364 -20.3879535192899 20.5830074909094 -17.5036089359726 -20.4643723490261 20.2878224326682 -16.2982808023305 -20.4733665635505 20.1094754829664 -15.5700373156659 -9.96475239102341 -1.39797630712793 -16.9684406960418 -10.8330404291603 0.20740821158369 -17.0851466753111 -7.44920186011935 0.197507324381593 -16.7804174269859 -8.6272796771661 1.80116400728229 -16.8945027013048 -6.89376073297648 3.39334198325723 -16.7821810583154 -8.32028618272527 3.40045870653165 -16.8912317528707 -2.993710914074 4.97669246552133 -16.6126335338586 -4.34040960614973 4.44845062367218 -16.6543154945856 -5.44597795856148 3.38764718273462 -16.6949187146219 -10.0951760286243 1.80796710918639 -17.033794614946 -3.77980100205536 4.97875912996316 -16.6379133826737 -9.96555477324975 2.34170212844821 -17.0292849490607 -9.70751713321513 3.40889303480155 -17.0204723205413 -16.5187821799602 -1.38336838376452 -17.8695684349375 -15.1985753142014 0.226984676516667 -17.6876706029272 -17.8098351123305 0.242516464347055 -18.1657075640694 -2.54046181204816 8.16621428019922 -16.6308773083009 -18.6289988797111 -1.37684164277433 -18.2721874249562 -19.5146994872673 0.253804122496815 -18.5131188124876 -4.20757515963844 8.70481594326515 -16.6926685895599 -4.06994345860107 8.17201967977105 -16.6813823649785 -4.4759699607076 9.77071659106551 -16.7159053185976 -16.3984130574344 1.85258391442469 -17.9473132230472 -15.2892117052713 1.8428531893073 -17.7480789117249 -14.8867994420223 3.4548384360892 -17.7245010889562 -21.0539549452785 -1.36894007888045 -18.7596159408573 -21.74611442645 -1.18543922072175 -18.886772935143 -22.6898921608753 -2.2735000202585 -18.9745484394409 -15.6842572265594 5.08318666469141 -17.9152916723621 -14.5774359374822 5.06694738893362 -17.7166496346347 -21.4217621437079 -0.278913608601814 -18.863973476734 -22.6383466920126 -1.91023978910456 -18.9774910942294 -13.8330348525315 6.67116202490995 -17.6350974496476 -16.3795397660727 6.71718153174048 -18.1031874550163 -21.2349325682621 0.446327970913838 -18.8569576635706 -19.9464020651697 1.88759938903383 -18.6642468415816 -21.8224333861638 0.0255159776219287 -18.935066324854 -20.9234389631808 1.47307927748604 -18.8381003302253 -18.9579075696782 4.05031315865954 -18.542145246886 -14.4573485095102 8.2992127064175 -17.7879196395086 -12.3236741127762 9.87084614786056 -17.4764648114288 -14.6989447958563 9.92409798020928 -17.8809526360018 -23.6826849890315 -1.91081238627681 -18.9244701839901 -18.5058303361408 5.13000239811483 -18.4879509968068 -17.9857662911117 3.49350282733312 -18.3169617702452 -10.2456917264847 11.4403023597127 -17.223391064707 -9.84297563139588 9.8272266658461 -17.1451419515226 -21.4693396650528 2.08285664020317 -18.9463065154073 -23.9236730044632 -1.5494763814806 -18.8066418948611 -24.2672809264167 -2.27578711183692 -18.6567303822937 -21.5852431184092 2.56836400571009 -18.9746784489715 -24.2325128117911 -1.91400855868636 -18.6285134824073 -24.2360779090928 -0.833751768081038 -18.3698624374817 -22.8094516682993 0.99601124619659 -18.9990727486313 -23.2653855141334 0.26772603980436 -18.941607220625 -2.67438174990612 17.7394004103555 -16.7258070730309 -19.8706320757006 5.6984952635095 -18.7949130160319 -18.9382065946507 6.77037600636345 -18.6442580493525 -23.3352793602198 0.629311101054046 -18.9022148856996 -23.3327220324398 0.267119179845471 -18.9229293006229 -23.681418936454 -0.0993877535829046 -18.7998764680709 -8.99014973632838 14.6280518481392 -17.1328902579575 -7.4450404806155 16.2013867655064 -16.9994283620824 -8.6862126296143 16.2266911089095 -17.1264549490624 -3.34728163610542 17.744522551751 -16.7494901883409 -12.2257389940379 13.0949285739623 -17.5397446472892 -14.0673380480952 11.5277252526526 -17.8123725032134 -12.2603849884642 12.0199456753864 -17.5186522534679 -20.0932137278881 6.24773913070037 -18.8582894618067 -15.127890637538 11.5579676992808 -18.0161205046808 -23.8573046615802 0.256921376558143 -18.609061576763 -23.5432475058072 1.34698620411542 -18.7175698339458 -23.6362028442442 1.34333527145667 -18.6334137648659 -10.1482717643395 15.1899400608034 -17.2847617709742 -9.88810892962049 16.255687954822 -17.2720177210638 -10.2789637020393 14.6569040421234 -17.2912391651151 -12.2198362258215 14.1710833281758 -17.5658286607714 -24.4559476761077 -1.20073694916801 -18.037662190288 -24.2582754173644 -0.121933192343063 -18.0188646551085 -24.5071753050879 -0.850734502644592 -17.5847032849374 -6.61703488503978 17.7876756000694 -16.9490158438009 -4.4181825751681 19.3526291832793 -16.816595874857 -6.16810170845266 16.1800259497717 -16.8921980943512 -7.75374387919789 17.2759079596495 -17.0453740507258 -20.4781420374381 6.799901001681 -18.9445732019593 -20.1718609710454 7.34060841811397 -18.9116901812576 -19.2887207233411 8.41353169510536 -18.7824570406927 -7.28000067422798 17.8003742012658 -17.007730044208 -23.9695924757283 0.609955585815163 -18.3663185165722 -2.26205503812509 20.9276020289983 -16.7442246545784 -19.9687176874709 8.24665377337534 -18.9077466998645 -19.563029128452 10.0581465342713 -18.8991524918231 -23.9812426343515 0.846394730836451 -18.2582255867724 -23.9880171581811 1.31639220202971 -18.0123607288725 -24.8040140109739 -1.93248313033792 -16.9178193806716 -23.8362554366518 1.33166950489243 -18.3645112271817 -13.9207387176607 14.7647776043501 -17.8832794341909 -23.700969333098 2.05346055867373 -18.3660625050882 -23.8014084946161 1.80766268250757 -18.2576175118331 -23.7147988457549 2.75473920136783 -18.0144362120032 -22.7769879610534 4.49547147932866 -18.8558938665295 -23.610765099191 2.53462992477092 -18.3670954579254 -24.2340823907111 0.581383102017805 -17.575231834819 -20.3677416948074 8.98233720797587 -18.9956082096665 -20.3933857302519 10.0751415815811 -19.0282426923223 -24.7731652997159 -1.58570885873947 -16.2915642324824 -22.7084816962838 4.97813148905534 -18.8471552551572 -21.5753853194536 7.3540083545352 -19.0407219500919 -24.3666164874839 0.209246660188207 -17.1417303985576 -24.6303267963535 -0.876657532090404 -16.3862093819157 -24.0974796970591 1.29722140595477 -17.5704630031132 -22.6394768733657 5.4606463284366 -18.8380327682168 -24.8599684256381 -1.94829428520538 -15.4537502870265 -24.6498134264394 -0.912446921018915 -14.7315661808439 -12.1035512188361 17.7584158452098 -17.6397943436477 -24.4877094685926 -0.166720498229488 -16.467357259747 -23.9598676465317 2.01318194634102 -17.5710101602166 -7.44731116796426 21.5445372523337 -17.0812725526524 -6.09087954378867 20.9789114731402 -16.948930404952 -7.3772770295085 21.0081933528058 -17.0657543006213 -23.5781618464828 3.4738274065382 -18.0154721351112 -23.1681403824415 5.6307485863366 -18.018572853766 -22.1679273543272 7.34074060439918 -18.9129630402966 -22.2871985731081 7.8708295268582 -18.786591673335 -18.8068634031746 12.7689753583997 -18.8543830280705 -19.5872983961132 12.2450905665432 -18.9802566121161 -17.9221031914313 13.2842404524764 -18.685133154812 -18.5536642296692 13.6715509720479 -18.8378001584658 -24.8502764590659 -1.96398193141667 -14.0011177524312 -21.8173231172334 8.25518784864722 -18.9832059323171 -13.05709533251 18.5160643302228 -17.8336758929292 -12.0549900336279 18.4754398564049 -17.6506711098578 -22.9774089236602 5.55154723245998 -18.4904460441273 -24.4392687104971 0.164362730270176 -15.7602939730513 -20.3657262751296 11.1670080522589 -19.0501485099087 -21.0577004936588 10.0789543101258 -19.0572032408466 -22.8821556320161 6.03389591910132 -18.4997244329677 -24.4425647824652 0.152457345391179 -15.3938703474563 -22.691094789857 6.64626969950934 -18.6076421944156 -17.1334342218768 15.9821864710619 -18.6182910616262 -17.2719082990654 17.6282882477023 -18.7187627902773 -22.7661296311033 6.75346081967931 -18.4722042753964 -22.6277360460156 7.35949105274885 -18.5139220675146 -22.3490710024774 8.57242641224243 -18.5928248738576 -19.0986561388947 14.0545843581386 -18.9591680879059 -21.5289114784514 10.0688536323874 -18.9804809763741 -21.7210135171638 8.98005235122057 -18.9766479070982 -21.7908136382844 9.33683503103755 -18.9283629022645 -21.8928772475671 10.0438650514423 -18.7906738598887 -22.7733917296267 7.1006696559286 -18.336914593279 -20.0297312765784 12.9830253370431 -19.0584703497578 -18.8534408963266 14.9586263322799 -18.9471754498085 -18.0457284996777 15.475035770939 -18.8023226616764 -18.7651974616654 16.5979841558212 -18.9903281888116 -11.9279417451607 21.7076152724994 -17.7172830132263 -24.5183795253669 -0.440832910847478 -12.8794523820328 -24.712398943615 -1.4789158901296 -11.9754720445136 -24.3822455937753 -0.00315723827863756 -10.6043687460128 -23.3238548206278 5.45639528483681 -17.3845223143142 -16.3958863768663 18.1311036224695 -18.5369152841171 -21.5314869838903 10.7877271449372 -18.932955639678 -21.3356022150223 11.1576491650393 -18.9846237751246 -23.2336921768978 5.93127408083314 -17.3713138874726 -23.3779360036643 5.36396594694015 -16.9991959314722 -22.8052745794642 7.54695345417728 -18.0154964128781 -21.1719293095 11.8851187459051 -18.9982300928574 -18.0601537411747 17.1175710551097 -18.8723343503733 -22.9873834685122 7.02808500103531 -17.6253247903441 -22.3688620864124 9.26325060485297 -18.3359856484807 -22.2262210375829 9.52615022205757 -18.5146878893447 -23.0817286508445 6.75718117729086 -17.3006728406119 -22.6237581882543 8.50481222634246 -18.013933854845 -22.162674638447 10.0020057086478 -18.4727205847017 -22.351380488532 9.94129274536156 -18.0115598441245 -22.0473756288587 10.4889814780689 -18.5154185769287 -22.5329793147151 8.98368022090059 -18.0131465300277 -21.1882532730546 12.7814653348062 -18.93261327872 -21.4964856687145 12.2167000816404 -18.7959501583264 -24.0917017641947 1.57876770191886 -12.3409905832282 -23.7738246737645 3.0837723487375 -12.0385957935975 -22.098644228135 10.7046983205198 -18.3360573939058 -21.8146878437202 11.4634171323473 -18.5960403361508 -15.1797125389902 21.8842086424361 -18.4060038502444 -19.1140509787249 17.1562223115402 -19.0609802858348 -18.2133837393488 18.5852270702038 -18.9613285033185 -22.5758248539285 9.17421040041135 -17.619184627961 -23.4988098665574 4.80945447129797 -14.5669452621983 -23.1894011295087 6.43477563857616 -15.2306800086793 -23.1675234652208 6.24613983171758 -13.3119602759725 -22.1693873163666 10.8989124446125 -18.0111769675397 -22.573713965921 9.37411073573633 -17.3146459922995 -24.0644279456955 1.45862343621594 -9.88106496125513 -21.6441329055689 12.6551116636052 -18.5179627194954 -17.7239846378405 20.2072028032376 -18.9262395304358 -17.5937686948036 19.3478239185565 -18.863217814079 -22.472071635263 9.85974330294104 -17.3921303314684 -21.4436381943413 13.3935808092388 -18.618102168403 -20.9704744972839 14.6423922079664 -18.8678375406727 -22.3011496634543 10.6045588985855 -17.6161502326923 -22.0783741928224 11.377669369628 -18.0109821976646 -21.5566945055433 13.2496780876319 -18.4760214192124 -20.8656571636462 15.1276288343304 -18.8808565573721 -22.3898849454797 10.3245655686321 -17.3119310632492 -17.417150580032 21.1663006034009 -18.8999818428798 -21.6925656976673 12.8665221423374 -18.3372257397703 -21.5320663964989 14.2494637090466 -18.0097674928125 -20.7585927482838 15.6131798302716 -18.8949934702795 -21.8963150670946 12.3350768735353 -18.0105860388664 -21.4034741823329 13.9768693225026 -18.5094146902047 -19.6438888940317 18.2526586995773 -19.0989464123811 -22.7704903323825 8.5762626918486 -15.6259021337017 -21.3100765673704 14.45916073844 -18.51624550554 -17.9165422367597 21.3136510627176 -19.0072962404963 -19.4074408409252 19.1618233270879 -19.1080427519752 -18.9136614676481 19.5220574361773 -19.0966393585641 -21.8887122023296 12.7495716025343 -17.6132117186855 -21.8516953499251 13.0695503296382 -17.3861993461799 -19.4584519077982 19.8849611957096 -19.0971106997232 -18.9306384525414 20.9787790849329 -19.1196617254164 -19.6599195746239 19.5163757418929 -19.0718942802109 -19.5141620382534 19.8830687750488 -19.0890035536732 -22.3529158233228 10.676121233742 -15.6132838659168 -22.5568252297415 9.47024751444889 -14.4336160941401 -21.8578337896946 13.141195870507 -17.1025766822557 -21.8495202383336 13.2688968957239 -16.4557457089734 -21.160431280565 15.9058954040303 -18.2240843912439 -21.1437604307845 16.3843269647708 -17.9177793646655 -21.7198715225955 13.7735184097049 -17.3325798189621 -21.6258958566244 14.251645691117 -17.3491947589131 -21.4379330327543 15.2082469702478 -17.382209220426 -21.4549188150186 15.1781665483033 -17.2220915115448 -22.0350735026103 12.3154378764718 -16.0136770302823 -21.935945432833 12.734771920022 -15.3606986435783 -19.4382908413932 20.9666048065642 -19.0699505364017 -21.6505219226248 14.2394824904895 -16.9481189842583 -20.8102938984713 17.5492094542329 -18.3432322426969 -19.0392384034844 22.0653092366157 -19.1123030326685 -19.1326458673118 22.0618556078465 -19.0988337495493 -20.2389910428315 19.4408851131006 -18.7431153225831 -18.9722363795161 22.4286221507765 -19.1144781083904 -21.2844812259422 15.9453034820971 -17.5055705595503 -20.2821926367799 19.428682145106 -18.6899686054157 -20.715835181617 18.0853247147851 -18.3252485092793 -19.1242406247923 22.4221642991325 -19.0896641858688 -20.2193478483742 19.7888192244015 -18.6852376848745 -20.5973436921647 18.6344976261991 -18.3671931942414 -20.7206970772345 18.24170993379 -18.217203640641 -20.2475623101144 19.7796075650967 -18.6457748588269 -20.2790762772805 19.7682859619873 -18.5972730157489 -19.9451262522519 20.8948160993616 -18.776815955049 -20.1855800772917 20.7978371877244 -18.3808222985178 -20.4600899931895 19.3556130436293 -18.3717359531961 -20.4432043244443 19.9841647453973 -17.9861310563978 -20.550836315612 19.0880444692114 -18.2504460309572 -21.1183225548344 16.9355431801318 -17.1166341856644 -22.2011796213636 10.5899536640309 -11.4944614769074 -23.1318740248637 5.99052828516408 -10.7119930351422 -22.5225707435664 9.16754469747499 -12.1343599271772 -19.7022995734209 22.3344251970201 -18.7525317458659 -19.8497276702355 21.9447394354406 -18.6420762375507 -19.8085343245817 21.9599974195509 -18.701582953977 -21.6142730362174 14.1056187121705 -14.265631144526 -21.9152248995332 12.4102330528626 -13.3971499660913 -21.9353725183263 12.6912812983083 -15.0975685183743 -20.6652818303485 19.1538425632282 -17.4929793540316 -20.305118357291 20.702373097457 -17.9910141068789 -20.6734332516598 19.2269873971152 -16.2783454047002 -20.8912974782047 17.9568669541327 -15.314608323855 -20.6763068302925 18.8063056335702 -14.4761411864431 -20.9854336708358 17.1762805905289 -14.1221242387515 -20.6569417913756 18.4796063798791 -13.0765588319763 -20.2612469269653 20.950442647645 -14.764281073551 -20.3353861661391 19.8614920221834 -12.4908390922215 -20.6311308870406 17.9778993320495 -10.927241613401 -8.29426186023643 -2.20020579329765 -16.8114205595464 -6.64735262201182 0.994826473893612 -16.736655129072 -13.850447968551 -1.39038330123725 -17.4368350091468 -13.1546732945563 0.216814205484766 -17.3746441105126 -6.3951580722238 3.92393742099481 -16.7559090010976 -12.2390205736317 1.28437011344556 -17.2742334198092 -13.2351590310115 1.02196581115831 -17.4041755889101 -2.79853286387922 6.57160756532646 -16.6224736574691 -5.01570006919541 6.5800033771351 -16.7078721301006 -13.9123609750861 0.757443369563459 -17.4972442521157 -11.2734158781145 2.61725789170134 -17.1799843695314 -12.8893963876456 1.82455822524853 -17.3734938195614 -7.43548110105 4.9954365746122 -16.8419151890709 -12.7128363614914 2.35970507766026 -17.3607934768241 -12.3603159081071 3.42946534676592 -17.3357051632158 -19.8604697003246 -2.18659753895187 -18.4921332322564 -13.8773680558544 2.63769428269413 -17.538254559841 -6.16006159339586 8.18474924260313 -16.7921253524955 -13.5234352094721 4.2464886942994 -17.52349269606 -11.9401812863529 5.03396504993414 -17.3132031308873 -5.70483197122082 8.98045279307913 -16.7730226706676 -7.21648860911336 9.79352023064339 -16.8891161577063 -13.1352175095285 5.04791106969968 -17.4837936070718 -7.47201936058186 8.72922769500106 -16.8952433015461 -7.60050777485492 8.19697032855731 -16.8984447593064 -18.9729390319499 1.06373742392469 -18.431592208927 -17.2380344192777 2.67178764613174 -18.1359450136688 -9.88505420231349 7.68762629209907 -17.1118877719873 -16.8804311055254 4.29035118327382 -18.1202839338285 -19.0088280617471 2.69259334590257 -18.5006895529099 -11.9138457509476 8.25223805589051 -17.3792557124316 -8.8023557121095 10.614051414293 -17.0454453598794 -17.4864163291088 5.92582809926081 -18.3022275687436 -7.27258815384808 13.7960036871207 -16.9491650169712 -8.00083763341932 13.0063442323652 -17.0037852156456 -23.5046933599304 -0.821748653875609 -18.9247998618499 -23.8008267776829 -0.824353310323547 -18.8043793346564 -13.235637005091 10.697725629522 -17.6429797311652 -11.2781989960959 12.2657458750237 -17.3778062342788 -10.2389538478689 13.0476756360019 -17.2538514824685 -15.889259655577 9.14250665511262 -18.0874276986717 -16.9905527674712 8.35662242592276 -18.2873652162654 -9.18662381990184 13.8293613534202 -17.1411682548456 -18.0058224050518 7.56599780086731 -18.4749290741966 -24.1061713190205 -1.19017927390818 -18.6236730830362 -1.53353595324644 18.530926577627 -16.705558758254 -24.0429269210226 -0.828315149481913 -18.6212124680685 -23.9811264600487 -0.466523368369437 -18.6172113590953 -15.6727781011061 10.761584443456 -18.0990083432129 -16.5298632241599 11.601526839904 -18.3095851160839 -14.8224275831495 12.3605111596897 -17.9819953159993 -15.5044921382261 13.1956624080726 -18.149211822906 -13.1137047316222 13.9282528206987 -17.7103771960557 -17.9847788358332 10.014379428038 -18.5667083146495 -22.5163751673698 4.38259779024555 -18.9638862215695 -10.0148164076138 17.0933227242089 -17.3056294087368 -6.40259931788818 19.3844617445304 -16.9529668353691 -8.21991571053506 19.4255837924824 -17.12913403515 -18.1856648743605 10.8378881645019 -18.6439085356696 -10.0761101860621 17.5123414449912 -17.3225413405314 -4.25161800428377 20.9478764891761 -16.8251122699777 -11.0489523804334 17.0047202587858 -17.4511721886162 -23.3598986018857 3.02975353882914 -18.599531252318 -9.45983563916624 18.3883970810224 -17.2585615579115 -10.0610022955487 17.8696189094191 -17.3278950457502 -3.77611417003698 21.7402399878287 -16.8093567166413 -17.2773139459901 12.4428384805389 -18.5068844519282 -10.7715385808233 17.8319736927415 -17.4285696745772 -17.7857569747296 12.1880719687144 -18.6101010616958 -10.23684107649 18.948724420713 -17.3753955062525 -11.326416490312 19.8841539126181 -17.5645840240135 -15.0990745547465 15.6220229596888 -18.1499742738826 -9.85104328250754 19.6519346746392 -17.3361469294183 -21.4900985225381 8.08027272292999 -19.0417070519222 -16.3945730881467 14.5876175647127 -18.3942468690763 -19.9989249755007 10.6145464084254 -18.9919493509039 -20.7474228879557 9.5332592819608 -19.0483640894671 -22.8254154493182 5.50824573300893 -18.6881461846757 -9.45032971862489 20.4436759213293 -17.2979407898098 -22.7776542987765 5.74982960541941 -18.6920296644244 -22.8478916350992 5.68414565487639 -18.6304742869375 -8.66967388444291 21.8479346188104 -17.2247011350924 -8.69721381830764 22.1167529127919 -17.2331296695783 -20.8981546752709 11.047667172266 -19.0618062490881 -24.4877601666673 -0.144614159667988 -14.2367857165098 -12.6245704303988 20.2991072519668 -17.8053821914704 -20.8182652890242 11.5320147695664 -19.0640829376509 -20.5657844533612 12.0170729612589 -19.0710731554356 -22.0901025162243 8.95739667918004 -18.7886455757573 -24.331928733268 0.636536201088481 -14.3098516299952 -24.2078649395748 1.10105678882768 -13.0487572876045 -24.8511801172357 -2.2507499027304 -10.5688766523037 -20.6478768380478 12.4403319632109 -19.0694772608226 -22.6386157609152 7.93634177882322 -18.2876485183571 -23.6010692540764 4.34826865968362 -16.500741531779 -20.4081649636196 13.1675284727653 -19.0770791404481 -20.6773990874327 12.7421417397836 -19.0652112455503 -22.5037443806301 8.54246505187584 -18.3363052958614 -24.1199071359961 1.66387964593747 -14.0836376467596 -13.0576980106009 22.3055706744821 -17.9533291880864 -21.6947341019471 11.1303253435228 -18.7933204592352 -17.0387521320587 18.7411704306712 -18.7120751508064 -24.2935670693968 0.544781127767582 -11.8909756656169 -23.6594745690603 4.08232619053913 -15.2899043588503 -23.379477747383 5.51026081782403 -15.6333607345148 -21.9633159935354 11.4253712506913 -18.3364527738305 -18.8475256584193 18.1522627680289 -19.0539932792479 -23.6389224861147 3.94260803158781 -13.3889047811036 -23.9169195781485 2.2650051983639 -11.0046455084 -20.4711104514059 15.757249915438 -19.0175751955391 -16.0563288376661 22.4856387398739 -18.6401551139579 -18.3566949147158 19.8701243868722 -19.0335496856994 -21.2015707466544 14.3131786485219 -18.7119547509365 -21.1549392574594 14.5547450368018 -18.7148989926795 -23.0225624804583 7.09741109714696 -14.080053540283 -22.8449438654721 7.71896665528017 -12.739970857166 -18.4598017947782 21.1522764570347 -19.0875933453818 -22.8166664542661 8.15922760685886 -14.3155809388568 -22.9872079204742 6.85105026631183 -11.7694348663949 -22.7023643124973 8.59256858516968 -13.626927003696 -21.3139436786622 15.5636323148548 -17.8437775447224 -19.9508145281163 19.7291643149786 -18.9469224146269 -19.8670064393229 20.2119706756544 -18.946336178091 -19.8984874962191 20.4416280804758 -18.8971140893264 -19.7187313636738 20.93936394179 -18.9587180069074 -22.140508110643 11.5685317587237 -14.5881458370942 -22.3802374008831 10.0579179205473 -13.0739844190527 -19.5640349986375 21.6677221999701 -18.9744199227969 -21.7443482433621 13.7119532306533 -15.4600007627505 -22.0579252586958 11.498780172108 -12.4879111066575 -21.4648197047127 15.0255014999621 -15.0218546862083 -21.4436873551477 14.6976264588632 -13.3024993777828 -20.5419986351249 19.9135704906657 -16.9414091081617 -21.1291122286335 16.215462333392 -13.2225571132458 -21.2713168133682 15.2513170462125 -12.2301240607568 -21.0974148434375 15.6549442208278 -10.5242858470417 -20.5070358351974 19.3555736088037 -13.5373454605114 -20.1630904666341 20.2529932471904 -11.073512441466 -6.4273740458459 -1.00298818585569 -16.6995986556635 -18.7889393453154 -2.59422403674887 -18.2609567052778 -10.8681305330015 4.21991696237188 -17.1619587941439 -9.8422063797219 5.54799072473374 -17.0702126627334 -8.71602301427017 5.80515129990499 -16.9617241387019 -9.90380404405139 6.61809131146194 -17.0952856990723 -7.5860812235277 6.59645858964755 -16.8752472508654 -6.35252503075493 7.3868894136778 -16.7950711897791 -12.9272940085859 5.85106432313615 -17.4717357188357 -11.9818085729811 6.64346972805662 -17.35342369268 -10.9479703287427 7.43360684118382 -17.233234026077 -7.12815874982726 11.7929676298879 -16.9091784912149 -17.0120698209886 9.57878255937295 -18.3375053444571 -17.2831233066855 15.0332213267296 -18.6132589675695 -10.7540481477272 21.0728602004969 -17.5015891115371 -24.947044121136 -2.61972016280466 -11.9597074772852 -18.4842582019094 17.6373998054723 -18.9771677316978 -23.3837146103729 4.99022449369997 -12.1299212916222 -21.2214015083032 16.0285440285061 -14.1872485191211 -21.5757942799167 13.6099433671489 -11.5452262688258 -20.8786270487558 17.1244317867605 -12.1328090008187 -20.1013742235536 21.0168611423321 -12.5551209838341 -4.96407370437681 -2.00227474913103 -16.6138312758978 -3.94575792023575 -0.406907080289706 -16.5902079829321 -5.85207504203917 10.7796239304201 -16.8034311217993 -4.95614461152557 12.3695120307854 -16.7685223196823 -21.745046886232 13.0249675586457 -12.5111617149445 -2.58352783824091 -2.50152976467974 -16.5318808925659 -2.05108134446556 -1.70410926778577 -16.5289528956071 -3.80057832944097 10.2656788913172 -16.6918396700725 -3.33270780388551 11.0612170061805 -16.6823755386284 0 0 0 0.0858052153603289 0 0.171610430720658 0 0.264996211160837 0 0.364437866209005 0 0.473003273230251 0 0.597528727811475 0 0.816573295154579 0 0.945085322597155 0 1.03548623107921 0 1.10668860897028 0 1.16009039238857 0 1.2001417299523 0 1.23722630177056 0 1.27431087358882 0 1.31139544540709 0 1.34848001722535 0 1.38556458904361 0 1.43501068480129 0 1.50917982843782 0 1.60497331317044 0 1.69187136408891 0 1.80248665658522 0 2 1 0 1 0.0858052153603291 1 0.171610430720658 1 0.265039453789667 1 0.364594375299559 1 0.473400792708188 1 0.598415817457906 1 0.819130791878249 1 0.946147588203856 1 1.0364679207168 1 1.10040609210569 1 1.14356435779319 1 1.17952957919944 1 1.21283071013116 1 1.2428017279697 1 1.27277274580824 1 1.30274376364678 1 1.33271478148533 1 1.37267613860338 1 1.41763266536119 1 1.49106764874759 1 1.5674877545539 1 1.66456581697649 1 1.78374387727695 1 2 0.25 1.17112851759064 0.166666666666667 1.16843806443844 0.25 1.15258623168151 0.25 1.18967080349977 0.166666666666667 1.19316111231728 0.25 1.2082130894089 0.166666666666667 1.21788416019612 0.25 1.22675537531803 0.25 1.56168610486327 0.166666666666667 1.56066604464068 0.166666666666667 1.51946096484261 0.25 1.58640915274211 0.166666666666667 1.61732025409706 0.25 1.62349372456037 0.833333333333333 1.15343548364102 0.75 1.14038843586181 0.833333333333333 1.13034669952836 0.75 1.15537394478108 0.75 1.17035945370035 0.833333333333333 1.17452619989777 0.75 1.18534496261962 0.833333333333333 1.1945068784568 0.75 1.20033047153889 0.833333333333333 1.21448755701583 0.75 1.22031115009792 0.833333333333333 1.23446823557485 0.75 1.24278941347682 0.833333333333333 1.25777902722705 0.833333333333333 1.28608498851901 0.125 0.0321769557601234 0.25 0.0214513038400823 0.25 0.0643539115202467 0.125 0.117982171120452 0.25 0.107256519200411 0.375 0.0107256519200411 0.75 0.0214513038400823 0.5 0.0429026076801646 0.625 0.075079563440288 0.75 0.0643539115202468 0.75 0.107256519200411 0.0555555555555556 1.04109921610694 0.625 0.161832349435598 0.75 0.150159126880576 0.0833333333333333 1.08910616286183 0.0833333333333333 1.0439057086208 0.138888888888889 1.03144238644547 0.291666666666667 0.907193595002622 0.25 0.849340676196141 0.291666666666667 0.820532770758154 0.222222222222222 1.09442859417054 0.25 1.13404394577237 0.166666666666667 1.14272609464444 0.208333333333333 1.07462091836962 0.25 1.07027984393359 0.25 1.0065157420948 0.277777777777778 1.03520206722543 0.333333333333333 0.965046513809103 0.291666666666667 1.04954522979074 0.291666666666667 1.0588163727453 0.277777777777778 1.08389223042099 0.0555555555555556 1.44667874622917 0.361111111111111 1.06185963569435 0.333333333333333 1.14291516089429 0.416666666666667 1.01649633770078 0.277777777777778 1.26499667222722 0.25 1.29706391834828 0.277777777777778 1.27735819616664 0.375 1.12880848254611 0.291666666666667 1.29338846363638 0.291666666666667 1.30265960659095 0.291666666666667 1.31193074954551 0.25 1.3322181898634 0.361111111111111 1.21824102962174 0.791666666666667 0.548551799175938 0.75 0.566940288858868 0.75 0.446099808486547 0.791666666666667 0.608972039362099 0.75 0.67729777606904 0.833333333333333 0.651003789865328 0.25 1.49275106449296 0.291666666666667 1.47939611431813 0.25 1.4582835443078 0.277777777777778 1.51506712712613 0.291666666666667 1.49175763825755 0.208333333333333 1.69373369636557 0.25 1.67139046692668 0.25 1.77014713863407 0.708333333333333 1.03557793101875 0.638888888888889 1.06290690290607 0.666666666666667 0.96540060234467 0.722222222222222 0.995094561586091 0.708333333333333 1.04456923637031 0.708333333333333 1.05289451910324 0.708333333333333 1.06038727356287 0.916666666666667 0.735067290871789 0.916666666666667 0.562202291286758 0.666666666666667 1.14121685930414 0.625 1.12664556210604 0.625 1.1191528076464 0.625 1.13413831656567 0.625 1.11166005318676 0.75 1.0099415412068 0.666666666666667 1.15120719858365 0.722222222222222 1.06496457747781 0.722222222222222 1.07650896953414 0.75 1.10575525969282 0.722222222222222 1.08705432766252 0.75 1.12373787039595 0.638888888888889 1.22535737189229 0.375 1.66210838671252 0.361111111111111 1.57377429906601 0.416666666666667 1.56745687222796 0.777777777777778 1.05007659398066 0.791666666666667 1.02223726112457 0.5 1.57034225591031 0.444444444444444 1.51259687853121 0.722222222222222 1.29029868204009 0.708333333333333 1.30406297704221 0.722222222222222 1.27614570139411 0.708333333333333 1.31405331632172 0.708333333333333 1.32529244801117 0.583333333333333 1.57280155161423 0.555555555555555 1.51615999812205 0.75 1.31222329484712 0.944444444444444 1.03765406948301 0.75 1.34694023553227 0.722222222222222 1.53331775342762 0.75 1.57772014302206 0.75 1.61443763471526 0.805555555555555 1.47088036993499 0.791666666666667 1.43190256577054 0.833333333333333 1.41746048339146 0.791666666666667 1.60074183294116 0.791666666666667 1.62501134854681 0.75 1.65264768761842 0.75 1.70118671882971 0.833333333333333 1.5488359782639 0.916666666666667 1.48323432181255 0.916666666666667 1.6067008976202 0.916666666666667 1.66628992777043 0.0625 0.285533982297365 0.125 0.320895436610562 0.125 0.206630098385725 0.1875 0.248248766982906 0.25 0.194956875830703 0.25 0.241649766050792 0.3125 0.0804423894003084 0.291666666666667 0.118613884877107 0.25 0.150159126880576 0.1875 0.29912422181134 0.3125 0.102841263875372 0.208333333333333 0.296038626400922 0.25 0.289867435580087 0.0625 0.554888575494796 0.125 0.500465165408849 0.125 0.63677387775934 0.4375 0.0697167374802674 0.0625 0.671912444621183 0.125 0.746296161430892 0.458333333333333 0.119245598633761 0.4375 0.114514486430394 0.5 0.128707823040494 0.1875 0.570503947252191 0.1875 0.514196111498148 0.25 0.504234016745041 0.0625 0.845690742014024 0.0694444444444444 0.911762397549615 0.0277777777777778 0.993092269352046 0.3125 0.55498795536428 0.3125 0.498680119610237 0.104166666666667 0.895100935025845 0.0416666666666667 0.994495515608977 0.375 0.472053021161793 0.375 0.605741893983518 0.131944444444444 0.88886927393818 0.1875 0.797818418813517 0.115740740740741 0.940548085499052 0.171296296296296 0.875693074690833 0.270833333333333 0.74827589923268 0.4375 0.512270359124212 0.5 0.418798824264905 0.5 0.535464760259831 0.0416666666666667 1.14462394640706 0.3125 0.72754128508983 0.25 0.676019027707205 0.5625 0.336447506591265 0.5 0.314738659999336 0.194444444444444 0.940391531320804 0.0555555555555556 1.20523177177094 0.0277777777777778 1.25460515140719 0.212962962962963 0.962432934912137 0.0416666666666667 1.2632945762255 0.0833333333333333 1.32644742249871 0.152777777777778 1.08708424054495 0.125 1.14113363758955 0.8125 0.0804423894003086 0.333333333333333 0.843128568737538 0.375 0.779063542472454 0.138888888888889 1.16671714512507 0.125 1.15349516152897 0.111111111111111 1.21114591518555 0.6875 0.296881353283536 0.75 0.241671387365207 0.75 0.289889056894501 0.8125 0.101893693240391 0.625 0.43023872854103 0.5625 0.51259004621467 0.583333333333333 0.426425427115655 0.354166666666667 0.872055028140778 0.5625 0.570923014212134 0.125 1.27216579134741 0.166666666666667 1.24260720807496 0.166666666666667 1.2673302559538 0.708333333333333 0.346620838351206 0.75 0.339666517649448 0.6875 0.350097998702086 0.666666666666667 0.435525755189536 0.0694444444444444 1.38656308436394 0.111111111111111 1.39078526994667 0.0833333333333333 1.45251277694311 0.8125 0.214661265927518 0.875 0.139433474960535 0.75 0.194956875830703 0.791666666666667 0.256329683168161 0.375 0.920202131327445 0.395833333333333 0.897779940086616 0.4375 0.830585799855078 0.8125 0.239549996304991 0.138888888888889 1.32905776295024 0.9375 0.0697167374802674 0.430555555555556 0.892555979136978 0.5 0.882108057237702 0.148148148148148 1.35050371209956 0.166666666666667 1.39339561039821 0.0416666666666667 1.52874304505677 0.166666666666667 1.33036293317601 0.6875 0.526240538325491 0.194444444444444 1.3309813520718 0.185185185185185 1.35178610484727 0.222222222222222 1.3946324481898 0.287037037037037 1.19919421220709 0.212962962962963 1.33139363133567 0.138888888888889 1.45512311739464 0.458333333333333 0.94930219746924 0.5 0.975027109415077 0.0555555555555556 1.5891298484849 0.305555555555556 1.20395591656075 0.395833333333333 1.07265241012344 0.125 1.5065894107919 0.0833333333333333 1.58120811614213 0.166666666666667 1.45642828762041 0.324074074074074 1.20871762091442 0.0416666666666667 1.65743838425579 0.0833333333333333 1.70990345534114 0.805555555555556 0.449322872474251 0.111111111111111 1.57436075897498 0.194444444444444 1.45704670651621 0.958333333333333 0.256355768016587 0.9375 0.202236464375101 0.9375 0.252013925130047 0.25 1.3952508670856 0.333333333333333 1.397106123773 0.395833333333333 1.18066731261442 0.416666666666667 1.23252614268272 0.604166666666667 0.851728623222278 0.583333333333333 0.923754329791186 0.625 0.779702916653371 0.638888888888889 0.841602145217137 0.0416666666666667 1.75619505596318 0.430555555555556 1.1430935956071 0.833333333333333 0.504151049886652 0.833333333333333 0.450934404468103 0.328703703703704 1.30909263431342 0.125 1.63528474999091 0.541666666666667 0.995850245691819 0.5 1.06794616159245 0.347222222222222 1.30767357669737 0.125 1.6636118547191 0.37037037037037 1.28262443202582 0.729166666666667 0.749323482637948 0.791666666666667 0.782565806293054 0.375 1.31481613322786 0.398148148148148 1.30631399731892 0.444444444444444 1.28930972550105 0.652777777777778 0.903501373780904 0.5 1.15167884397876 0.458333333333333 1.15023615213759 0.472222222222222 1.17862794354675 0.5 1.23541152636507 0.388888888888889 1.34320792463702 0.611111111111111 0.993330616348626 0.6875 0.893374895775763 0.708333333333333 0.821349189206855 0.75 0.914127822720779 0.958333333333333 0.463398333293159 0.104166666666667 1.82217768025594 0.0625 1.86846928087798 0.125 1.93445190517073 0.328703703703704 1.48342551238571 0.8125 0.716784798079191 0.527777777777778 1.18040950334217 0.541666666666667 1.15290849183072 0.347222222222222 1.48544021141951 0.326388888888889 1.52658520669207 0.407407407407407 1.39967090926842 0.569444444444444 1.14665176674237 0.770833333333333 0.848346814506916 0.388888888888889 1.4548515011521 0.472222222222222 1.34609330831937 0.481481481481481 1.30919938100127 0.37962962962963 1.49449243379007 0.444444444444444 1.40095330201613 0.5 1.31914420875138 0.5 1.40287689113769 0.518518518518518 1.31038708753155 0.462962962962963 1.40159449838998 0.604166666666667 1.18600456931733 0.583333333333333 1.23787082206899 0.1875 1.8522995219024 0.25 1.86890381034146 0.527777777777778 1.34787486811479 0.555555555555555 1.29287284509189 0.958333333333333 0.666741554164847 0.770833333333333 0.968182541922675 0.826388888888889 0.88971992155536 0.472222222222222 1.45773688483445 0.3125 1.72539890562786 0.375 1.68065067262165 0.375 1.8033557155122 0.537037037037037 1.40396991145054 0.481481481481481 1.4952720085264 0.1875 1.96722595258537 0.601851851851852 1.31284638323547 0.888888888888889 0.865970663844727 0.856481481481481 0.838169044660836 0.5 1.486609573524 0.62962962962963 1.29034122550227 0.675925925925926 1.21757009062335 0.527777777777778 1.45951844462987 0.555555555555555 1.40451642160697 0.625 1.32283315230726 0.694444444444444 1.21367644998888 0.518518518518518 1.49645971505668 0.925925925925926 0.850357373189234 0.611111111111111 1.35033416381871 0.666666666666667 1.40779548254553 0.712962962962963 1.20922779050555 0.592592592592593 1.40560944191982 0.652777777777778 1.31657642721891 0.8125 1.07629198032647 0.458333333333333 1.65263224645545 0.671296296296296 1.31573539025318 0.930555555555555 0.908002414347957 0.847222222222222 1.06361036817301 0.861111111111111 0.996874036817666 0.611111111111111 1.46197774033379 0.625 1.49029851707988 0.875 1.09584131375356 0.916666666666667 1.03824714386611 0.861111111111111 1.12206960913497 0.875 1.10638667188194 0.541666666666667 1.65530458614858 0.5 1.73780762068293 0.62962962962963 1.522425760047 0.638888888888889 1.58668024598124 0.729166666666667 1.37457965968669 0.75 1.4238668713622 0.652777777777778 1.49723786426338 0.671296296296296 1.49574451377019 0.708333333333333 1.49275781278379 0.708333333333333 1.51111655863039 0.604166666666667 1.62446208965666 0.625 1.67612262769909 0.916666666666667 1.13076764098777 0.673611111111111 1.53971902938252 0.791666666666667 1.3549759299406 0.958333333333333 1.09090575082965 0.958333333333333 1.10888836153278 0.861111111111111 1.26693820651026 0.972222222222222 1.0906092136381 0.736111111111111 1.47859231239491 0.861111111111111 1.28136869658067 0.8125 1.35899377714477 0.972222222222222 1.12044702695292 0.875 1.28317319197796 0.833333333333333 1.35177273595523 0.819444444444444 1.378482679227 0.875 1.29316353125748 0.875 1.30481892708358 0.916666666666667 1.25972569802903 0.916666666666667 1.3518588269401 0.861111111111111 1.35180143295019 0.888888888888889 1.41751787738137 0.851851851851852 1.37368778309728 0.777777777777778 1.52430025647853 0.5625 1.9016778577561 0.375 1.93445190517073 0.5 1.86890381034146 0.972222222222222 1.26916375501365 0.958333333333333 1.2973302774549 0.958333333333333 1.28234476853563 0.6875 1.75227121717095 0.625 1.8033557155122 0.625 1.69522765415067 0.861111111111111 1.48317692782264 0.916666666666667 1.41754657437633 0.875 1.60756295301717 0.833333333333333 1.68373832330007 0.875 1.74246529805333 0.8125 1.76375528131946 0.875 1.82632384380921 0.958333333333333 1.72501690252369 0.9375 1.85909789122384 0.875 1.93445190517073 0.03125 0.228572206509011 0.15625 0.183115469051679 0.0625 0.432451515808927 0.125 0.410680301009705 0.270833333333333 0.180131825463949 0.166666666666667 0.378071923306683 0.15625 0.417545774054355 0.375 0.0760271340752691 0.375 0.141328616230497 0.145833333333333 0.445185571172519 0.21875 0.345371283524148 0.1875 0.406660166654744 0.3125 0.215598025905292 0.208333333333333 0.401646226182148 0.25 0.391618345236955 0.03125 0.744242869887881 0.21875 0.452907228367551 0.4375 0.179815968585622 0.28125 0.445149232423596 0.3125 0.38096022837094 0.46875 0.166408903685571 0.5 0.218303320940748 0.3125 0.431835683199374 0.458333333333333 0.22479019905686 0.4375 0.228033638114917 0.15625 0.717296148286428 0.21875 0.623261487479698 0.416666666666667 0.309373432463875 0.28125 0.615503491535743 0.21875 0.736918723260361 0.4375 0.393395840580565 0.53125 0.277375413766006 0.34375 0.666641589536674 0.65625 0.229356851359567 0.625 0.254096188917625 0.0833333333333333 1.14844147777105 0.0833333333333333 1.20777679268027 0.53125 0.465694435239788 0.59375 0.383343117566147 0.625 0.342167458729327 0.46875 0.596364455812987 0.4375 0.657264151366143 0.65625 0.302097093809855 0.40625 0.718163846919298 0.0694444444444444 1.26583959713483 0.84375 0.0455840206601748 0.0833333333333333 1.26711210758949 0.0972222222222222 1.26879666884213 0.53125 0.596524299358216 0.5625 0.657583838456601 0.59375 0.559485657189553 0.625 0.606381268164436 0.65625 0.478239633433261 0.5 0.74408481915584 0.282407407407407 1.14154322131404 0.782407407407407 0.348439691097287 0.875 0.210332465465191 0.875 0.281231455969847 0.53125 0.769845947847152 0.798611111111111 0.352826277821206 0.9375 0.135976600927684 0.777777777777778 0.394494695061849 0.231481481481481 1.27907450332685 0.833333333333333 0.329498514535371 0.8125 0.353632043818132 0.96875 0.120663584100463 0.59375 0.718643377554986 0.810185185185185 0.385528986703505 0.583333333333333 0.75465623083944 0.854166666666667 0.366082930218975 0.888888888888889 0.422154394745255 0.71875 0.601769157197266 0.881944444444444 0.351692925357551 0.423611111111111 1.07979496665394 0.677083333333333 0.677852375401192 0.520833333333333 0.938979151464761 0.479166666666667 1.00862417953085 0.326388888888889 1.25890512761392 0.913194444444444 0.337084159937651 0.335648148148148 1.25819559880589 0.333333333333333 1.2751612773084 0.96875 0.308304150214803 0.979166666666667 0.310475071658073 0.537037037037037 1.07014939134221 0.114583333333333 1.74289476748752 0.902777777777778 0.492178343016007 0.555555555555555 1.0712510062171 0.574074074074074 1.04527754292761 0.458333333333333 1.2339688345239 0.145833333333333 1.73885232774363 0.166666666666667 1.81409280076815 0.03125 1.93423464043899 0.590277777777778 1.0699911915455 0.421296296296296 1.35363364966752 0.288194444444444 1.57503946562622 0.618055555555555 1.0524953347677 0.601851851851852 1.08388081209259 0.444444444444444 1.34513151375859 0.1875 1.75391324856686 0.979166666666667 0.530907075375532 0.541666666666667 1.23664117421703 0.834490740740741 0.777476921370014 0.145833333333333 1.87427235296944 0.28125 1.67444631509412 0.336805555555556 1.64958660234694 0.555555555555555 1.34869463334943 0.809027777777778 0.955978591339966 0.28125 1.79715135798466 0.21875 1.91806488146342 0.717592592592593 1.14814105908403 0.979166666666667 0.742936173021548 0.875 0.931422350331197 0.664351851851852 1.26707325892113 0.673611111111111 1.26665274043826 0.40625 1.75839021777424 0.4375 1.83612976292683 0.923611111111111 0.973124779107034 0.447916666666667 1.74438100469114 0.40625 1.88529083404878 0.46875 1.78696869180488 0.71875 1.43366873623524 0.87037037037037 1.19740424198494 0.888888888888889 1.19885292374902 0.898148148148148 1.21914384850902 0.916666666666667 1.1952466695084 0.583333333333333 1.72933015083039 0.53125 1.81974273921951 0.944444444444444 1.19000763940542 0.663194444444444 1.6694757315761 0.59375 1.85251678663415 0.71875 1.70245945239468 0.71875 1.81058751375621 0.895833333333333 1.54539863741486 0.78125 1.81632954583046 0.75 1.86890381034146 0.78125 1.95083892887805 0.90625 1.80078159463859 0.96875 1.92954894561192 0.078125 0.173277188814732 0.015625 0.670885798849678 0.28125 0.335413831975513 0.333333333333333 0.301083024324126 0.34375 0.261144422300718 0.375 0.306690818696145 0.375 0.224009717463321 0.40625 0.184681127172707 0.34375 0.426506624766366 0.375 0.389371919928969 0.40625 0.350043329638355 0.578125 0.219603881600802 0.484375 0.670224637484413 0.692708333333333 0.749600782304023 0.935763888888889 0.400241246615405 0.015625 1.8683606485121 0.789930555555555 0.902162702923441 0.328125 1.8658016315777 0.765625 1.75875813233008 0.6875 1.9016778577561 0.828125 1.8753907255006 0.984375 1.85664641144444 0.0390625 0.12954120208753 0.1015625 0.102727072287428 0.5390625 0.174155852320648 0.6015625 0.147341722520545 0.65625 1.85251678663415 0.01953125 0.0647706010437652 0.05078125 0.0513635361437138 0.51953125 0.108529230000406 0.55078125 0.0951221651003548 50 51 52 53 51 50 53 54 51 55 54 53 55 56 54 57 56 55 58 59 60 61 62 59 61 59 58 63 62 61 64 65 66 64 67 65 64 68 67 69 68 64 69 70 68 71 70 69 71 72 70 73 72 71 73 74 72 75 74 73 75 76 74 77 76 75 78 76 77 79 80 81 79 1 80 82 81 83 82 79 81 84 1 25 84 85 86 84 25 85 84 80 1 87 86 85 87 85 88 87 88 89 90 11 10 91 89 92 91 87 89 93 90 94 95 93 94 96 97 98 99 100 52 99 51 101 99 101 102 99 52 51 103 100 99 103 102 104 103 99 102 105 103 104 105 104 96 105 96 106 107 105 106 108 105 107 109 105 108 109 103 105 109 100 103 110 19 18 110 20 19 111 108 107 111 107 106 112 108 111 112 109 108 113 111 106 114 115 57 116 115 114 117 112 111 118 116 114 119 116 118 120 115 116 120 121 115 120 116 119 122 112 117 123 124 125 126 127 124 126 124 123 126 123 128 129 58 60 130 129 131 132 129 130 132 130 133 132 58 129 134 62 63 134 63 135 134 135 136 137 138 139 137 139 140 141 138 137 142 138 141 143 138 142 144 128 145 146 147 148 146 149 147 146 138 143 146 148 150 146 150 138 151 137 140 152 149 146 153 143 142 153 141 137 153 142 141 153 137 151 154 143 153 154 153 155 156 146 143 156 143 154 156 155 157 156 154 155 158 149 152 159 160 161 162 151 163 162 155 153 162 153 151 164 161 165 166 167 168 169 167 166 170 169 166 171 164 172 173 76 78 173 166 168 173 170 166 173 168 76 174 33 34 175 170 173 176 177 178 179 180 181 182 178 177 183 184 178 183 185 184 183 178 182 183 182 186 187 44 45 187 45 46 188 187 46 188 46 47 189 188 47 190 5 4 191 190 192 193 194 195 193 191 192 196 81 80 196 80 84 197 83 81 197 198 83 197 81 196 199 191 193 200 197 196 201 195 202 201 199 193 201 193 195 203 7 6 204 205 203 206 84 86 207 7 203 207 203 205 207 205 208 209 206 86 209 210 206 209 86 211 212 205 204 212 204 213 212 213 214 215 9 8 216 9 215 217 10 9 217 90 10 217 9 216 218 214 219 220 216 215 220 215 208 221 94 90 221 90 217 221 217 216 222 223 218 222 218 219 224 220 208 224 208 225 226 94 221 226 216 220 226 220 224 226 95 94 226 221 216 227 225 97 227 224 225 228 98 97 229 230 231 229 223 222 232 12 11 232 13 12 232 90 93 232 11 90 233 98 228 233 228 234 235 230 236 237 226 224 237 95 226 237 227 97 237 224 227 238 13 232 239 13 238 239 14 13 239 15 14 239 16 15 240 237 97 240 97 96 240 96 104 240 95 237 240 102 95 240 104 102 241 239 238 241 17 16 241 16 239 241 242 17 243 93 95 243 102 101 243 95 102 244 93 243 244 243 101 245 88 85 245 89 88 246 98 233 246 233 247 246 96 98 248 244 101 248 249 244 248 101 51 248 51 54 248 54 56 250 249 248 250 248 56 251 252 253 254 89 245 254 92 89 255 256 257 258 96 246 258 106 96 258 246 247 259 231 256 260 261 262 260 250 56 260 56 261 263 264 125 263 251 253 263 265 251 263 253 264 266 263 125 266 265 263 267 242 268 267 18 17 267 269 110 267 268 269 267 110 18 267 17 242 270 254 271 270 272 92 270 92 254 273 272 270 273 252 272 273 253 252 274 113 106 274 106 258 275 113 274 275 274 258 275 247 276 275 258 247 277 273 270 278 268 242 278 242 260 278 260 262 279 25 26 280 276 281 280 275 276 280 113 275 282 268 278 282 283 268 284 21 20 284 20 110 284 110 269 285 282 278 285 278 262 286 125 124 286 266 125 287 285 262 288 283 282 288 282 285 288 285 287 288 289 283 290 53 50 290 55 53 290 57 55 290 114 57 291 288 287 291 289 288 291 115 121 291 121 289 292 269 268 292 268 283 293 280 281 293 113 280 293 281 294 295 21 284 296 114 290 297 111 113 297 117 111 298 269 292 298 60 59 298 292 60 299 284 269 299 295 284 299 269 298 300 60 292 300 292 283 301 112 122 301 296 112 302 22 21 302 21 295 302 295 299 302 299 303 304 123 125 305 59 62 305 299 298 305 298 59 306 300 283 306 283 289 306 60 300 306 289 131 306 129 60 306 131 129 307 27 28 307 308 27 307 309 308 310 311 130 310 130 131 310 289 121 310 120 311 310 121 120 310 131 289 312 313 122 312 122 117 314 315 281 314 316 317 318 23 22 318 22 302 318 302 303 319 312 117 319 313 312 319 117 297 320 304 321 320 145 128 320 128 123 320 123 304 322 311 120 322 119 118 322 120 119 323 305 62 323 303 299 323 299 305 324 325 294 326 311 322 327 323 62 327 303 323 328 122 313 329 127 330 331 311 326 331 326 328 332 328 313 332 313 333 332 331 328 334 315 314 334 314 317 335 336 325 335 337 336 335 338 337 339 311 331 339 331 332 340 315 334 340 139 138 340 324 315 340 334 139 341 317 342 341 140 139 341 343 140 341 139 334 341 342 343 341 334 317 344 29 30 345 346 318 345 347 346 348 130 311 348 133 130 349 330 127 349 127 126 349 126 128 350 338 335 350 335 351 352 348 311 353 132 133 353 133 348 353 352 160 353 348 352 354 311 339 355 147 149 356 329 330 356 342 329 356 343 342 357 311 354 357 352 311 358 333 359 360 352 357 360 160 352 360 161 160 360 165 161 360 357 165 361 357 354 361 165 357 362 358 359 362 359 338 362 363 358 364 362 338 365 358 363 366 355 149 366 367 355 366 158 367 366 149 158 368 136 369 370 363 362 370 362 364 370 364 371 372 144 145 372 145 31 373 163 151 373 151 140 373 140 343 374 356 330 375 165 361 375 365 363 375 361 365 376 377 378 379 363 370 380 164 165 380 165 375 381 49 24 381 24 347 382 371 367 383 384 144 385 375 363 385 164 380 385 380 375 386 367 158 386 382 367 387 158 152 388 363 379 388 389 172 388 385 363 388 379 389 390 382 386 391 387 152 392 164 385 392 388 172 392 172 164 392 385 388 393 383 144 394 390 395 394 382 390 396 168 391 396 76 168 396 70 72 396 72 74 396 74 76 397 394 395 398 395 390 398 390 386 399 155 162 399 66 65 399 157 155 399 162 163 399 65 157 400 377 159 400 159 161 400 161 164 401 167 169 401 395 398 401 169 170 401 170 395 402 383 393 402 32 33 402 393 32 403 399 163 403 66 399 403 163 404 405 397 395 405 389 397 405 172 389 406 172 405 406 171 172 406 405 395 407 403 404 407 404 408 409 66 403 409 403 407 409 64 66 410 409 407 411 400 164 411 412 400 411 164 171 413 171 406 413 414 171 415 395 170 415 170 175 415 175 416 417 406 395 417 413 406 418 417 395 418 419 420 421 171 414 421 414 422 421 411 171 423 410 407 423 407 408 424 413 417 424 414 413 424 417 418 424 418 420 424 176 178 424 420 176 425 173 78 425 416 175 425 180 416 425 175 173 426 408 174 426 423 408 427 423 426 428 77 75 428 78 77 429 34 35 429 174 34 429 426 174 429 427 426 430 420 419 430 176 420 430 416 180 431 78 428 432 425 78 433 35 36 433 36 37 433 429 35 433 427 429 434 431 428 435 432 78 436 432 435 436 180 425 436 425 432 436 181 180 437 431 434 438 431 437 439 438 437 439 440 438 439 437 434 441 431 438 441 438 440 441 78 431 441 435 78 441 440 442 443 181 436 443 435 441 443 441 442 443 436 435 443 442 181 444 177 176 444 182 177 444 179 186 444 176 430 444 180 179 444 430 180 444 186 182 445 446 447 448 38 39 448 39 40 448 40 41 449 448 41 449 439 450 449 41 42 449 42 43 449 440 439 449 450 448 449 43 440 451 452 453 454 442 187 454 186 179 454 179 181 454 181 442 455 187 442 455 44 187 455 43 44 455 440 43 455 442 440 456 183 186 456 188 189 457 183 456 457 185 183 457 456 189 457 189 458 459 457 458 459 458 460 459 185 457 461 189 47 461 47 48 461 458 189 462 463 460 462 461 48 464 4 3 464 190 4 465 193 192 465 192 82 465 194 193 465 82 83 465 198 194 465 83 198 466 6 5 466 190 191 466 5 190 466 204 203 466 203 6 467 466 191 467 204 466 468 198 197 468 195 194 468 194 198 469 467 191 469 191 199 470 467 469 471 472 200 471 200 196 471 210 472 471 84 206 471 196 84 471 206 210 473 213 204 473 204 467 473 467 470 474 199 201 474 201 202 474 469 199 475 213 473 475 470 469 475 473 470 475 469 474 476 202 195 476 197 200 476 468 197 476 195 468 476 200 472 477 474 478 477 475 474 479 215 8 479 207 208 479 208 215 480 477 478 480 214 213 480 213 475 480 475 477 481 210 209 482 214 480 482 478 483 482 219 214 482 480 478 484 481 209 484 211 485 484 209 211 486 482 483 486 219 482 487 481 484 487 484 485 487 485 236 487 488 481 489 208 205 489 225 208 490 489 205 490 205 212 490 212 214 491 487 236 491 488 487 492 233 234 492 234 490 492 490 214 492 214 218 493 228 97 493 225 489 493 490 234 493 489 490 493 234 228 493 97 225 494 230 229 494 229 222 494 491 236 494 236 230 495 235 236 495 236 485 496 247 233 496 492 218 496 218 223 496 233 492 497 252 251 497 272 252 497 92 272 497 91 92 497 498 91 499 238 232 499 232 93 499 93 244 499 244 249 499 249 250 499 250 500 499 500 238 501 235 257 501 231 230 501 256 231 501 257 256 501 230 235 502 257 235 502 255 257 503 235 498 503 255 502 503 502 235 503 266 255 503 265 266 504 223 229 504 505 223 504 229 231 506 503 498 506 498 497 506 265 503 506 251 265 506 497 251 507 276 247 507 223 505 507 496 223 507 247 496 508 241 238 508 242 241 508 238 500 509 271 254 509 279 271 509 245 85 509 25 279 509 254 245 509 85 25 510 508 500 510 242 508 511 260 242 511 500 250 511 250 260 511 510 500 511 242 510 512 259 513 512 504 231 512 231 259 514 515 513 514 513 259 514 256 255 514 259 256 516 515 514 516 266 286 516 514 255 516 286 515 516 255 266 517 281 276 517 276 507 517 507 505 518 50 52 518 52 100 518 290 50 518 100 109 518 109 112 518 296 290 518 112 296 519 253 273 519 264 253 520 521 277 520 271 308 520 270 271 520 277 270 520 309 521 520 308 309 522 314 281 522 281 517 522 517 513 523 519 273 524 308 271 524 271 279 525 264 519 525 125 264 525 519 523 525 304 125 526 262 261 526 56 57 526 287 262 526 291 287 526 57 115 526 115 291 526 261 56 527 277 521 527 273 277 527 523 273 527 528 523 529 524 279 529 26 27 529 279 26 529 27 308 529 308 524 530 513 515 531 321 304 531 525 523 531 304 525 531 523 528 532 522 513 532 513 530 532 530 316 532 314 522 532 316 314 533 534 321 533 321 531 533 528 527 533 531 528 535 286 124 535 124 127 535 515 286 536 527 521 536 534 533 536 533 527 537 319 297 537 336 319 537 325 336 537 297 113 538 530 515 538 316 530 538 127 329 538 535 127 538 515 535 539 294 281 539 315 324 539 324 294 539 281 315 540 294 325 540 293 294 540 325 537 540 537 113 540 113 293 541 118 114 541 114 296 541 296 301 542 534 536 542 536 521 542 521 309 543 301 122 543 541 301 543 122 328 544 322 118 544 118 541 544 326 322 544 328 326 544 541 543 544 543 328 545 309 307 545 542 309 546 545 307 546 28 29 546 307 28 546 29 545 547 325 324 547 335 325 547 351 335 548 318 303 548 345 318 548 303 327 549 320 321 549 145 320 549 321 534 549 344 145 550 547 324 550 355 351 550 351 547 551 324 340 551 550 324 552 313 319 552 359 333 552 333 313 552 338 359 552 319 336 552 336 337 552 337 338 553 554 345 553 345 548 553 327 62 553 62 134 553 548 327 555 347 24 555 346 347 556 355 550 556 550 551 557 361 354 557 332 333 557 339 332 557 354 339 558 132 353 558 58 132 558 353 160 558 61 58 558 63 61 559 556 551 559 340 138 559 138 150 559 551 340 560 147 355 560 559 150 560 556 559 560 148 147 560 150 148 560 355 556 561 333 358 561 361 557 561 358 365 561 557 333 561 365 361 562 553 134 562 134 136 562 368 554 562 136 368 562 554 553 563 30 31 563 31 145 563 344 30 563 145 344 564 364 338 564 371 364 564 355 367 564 367 371 564 351 355 564 350 351 564 338 350 565 330 349 565 128 144 565 384 374 565 374 330 565 144 384 565 349 128 566 345 554 566 554 368 566 368 381 566 381 347 566 347 345 567 63 558 567 135 63 567 376 136 567 136 135 568 159 377 568 377 376 568 558 160 568 376 567 568 160 159 568 567 558 569 382 394 569 397 389 569 370 371 569 371 382 569 394 397 569 389 379 569 379 370 570 404 163 570 163 373 571 136 376 571 369 136 572 368 369 572 381 368 572 446 381 573 70 396 573 152 146 573 146 156 573 157 65 573 65 67 573 391 152 573 67 68 573 68 70 573 156 157 573 396 391 574 393 144 574 31 32 574 144 372 574 32 393 574 372 31 575 383 402 575 570 374 575 374 384 575 404 570 575 384 383 576 398 386 576 401 398 576 386 158 576 158 387 577 391 168 577 168 167 577 387 391 577 576 387 577 401 576 577 167 401 578 579 378 578 378 377 580 33 174 580 174 408 580 404 575 580 402 33 580 575 402 580 408 404 581 400 412 581 579 578 581 578 377 581 377 400 582 378 579 582 579 447 582 447 446 583 581 412 583 447 579 583 579 581 584 415 416 584 418 395 584 395 415 584 419 418 584 430 419 584 416 430 585 64 409 585 69 64 585 71 69 585 73 71 585 75 73 585 428 75 586 410 423 586 585 409 586 409 410 587 434 428 587 439 434 587 428 585 587 585 586 588 439 587 588 586 423 588 587 586 589 421 422 589 411 421 589 412 411 589 422 453 589 453 452 590 445 447 590 412 589 590 583 412 590 447 583 591 427 433 591 450 439 591 439 588 591 38 448 591 37 38 591 448 450 591 588 423 591 433 37 591 423 427 592 451 453 592 422 414 592 414 424 592 424 178 592 453 422 593 589 452 593 590 589 593 445 590 594 178 184 594 184 185 594 451 592 594 592 178 595 451 594 596 456 186 596 186 454 596 188 456 596 187 188 596 454 187 597 598 595 599 446 445 599 463 49 599 381 446 599 49 381 600 460 458 600 462 460 600 458 461 600 461 462 601 49 463 601 463 462 602 192 190 602 82 192 602 190 464 603 207 479 603 8 7 603 7 207 603 479 8 604 605 483 604 483 478 604 202 476 604 474 202 604 478 474 604 476 605 606 607 605 606 605 476 608 476 472 608 607 606 608 488 491 608 491 607 608 606 476 609 472 210 609 608 472 609 210 481 609 488 608 609 481 488 610 486 483 610 219 486 610 222 219 611 610 483 611 483 605 611 605 607 611 494 222 611 222 610 612 607 491 612 491 494 612 611 607 612 494 611 613 235 495 613 498 235 613 91 498 614 517 505 614 513 517 614 512 513 614 505 504 614 504 512 615 342 317 615 329 342 615 316 538 615 538 329 615 317 316 616 29 344 616 534 542 616 542 545 616 545 29 616 549 534 616 344 549 617 346 555 617 24 23 617 23 318 617 318 346 617 555 24 618 374 570 618 343 356 618 356 374 618 570 373 618 373 343 619 376 378 619 582 446 619 571 376 619 369 571 619 572 369 619 446 572 619 378 582 620 594 185 620 459 597 620 597 595 620 595 594 620 185 459 621 598 599 621 595 598 621 599 445 622 460 463 622 598 597 622 599 598 622 597 459 622 463 599 622 459 460 623 601 462 623 48 49 623 49 601 623 462 48 624 3 2 624 602 464 624 464 3 625 602 624 625 82 602 625 79 82 626 485 211 626 613 495 626 495 485 627 87 91 627 613 626 627 91 613 628 445 593 628 451 595 628 593 452 628 452 451 628 621 445 628 595 621 629 2 1 629 624 2 630 1 79 630 629 1 630 625 624 630 624 629 630 79 625 631 626 211 631 211 86 632 626 631 632 627 626 632 87 627 632 631 86 632 86 87 
336 612 1 0.0490044102742599
-25 -3 -9 -24.9504822694465 -3 -7.25049432294322 -24.8048553606087 -3 -5.38120173476588 -24.5341322438039 -3 -3.16862624812648 -24.1324560162755 -3 -0.715636219079103 -23.5910512289845 -3 1.96774414906209 -22.9048526982322 -3 4.86029602044987 -22.0737302979812 -3 7.92835985476685 -21.1034825484936 -3 11.12577592842 -20.0063087942497 -3 14.3955133498054 -18.9253292138004 -3 17.3469895083471 -17.773607128009 -3 20.2548864559925 -16.5700697288665 -3 23.0724894329928 -15.3343351570545 -3 25.7581896022122 -14.0854154059107 -3 28.2777930335658 -12.8406599834395 -3 30.6057765178587 -11.615048938621 -3 32.7254986439113 -10.4208455053567 -3 34.6285824929967 -9.26754761911703 -3 36.3137747161175 -8.16204623585114 -3 37.7855699337688 -7.10889936921369 -3 39.0528165140746 -6.11064927858592 -3 40.1274343611712 -5.16813357857499 -3 41.0233035449922 -4.28076199924844 -3 41.7553330347731 -3.4467467596144 -3 42.3386897876915 -2.66328656957197 -3 42.7881547850459 -1.92671378885734 -3 43.1175695865782 -1.23262259924271 -3 43.339341983964 -0.611879774557963 -3 43.459425728348 -1.83697019872103e-16 -3 43.5 -20 20.5734285148067 -9.48333109150404 4.27734141656408e-16 6.98542864692438 41.2277747886721 -0.48780364392991 6.99585812008353 41.188851464946 -0.982651225091879 7.02672668941011 41.0736483958622 -1.48387712218494 7.07740457967779 40.8845159345628 -1.99081571390811 7.14726201566028 40.6238044341897 -2.50280137896044 7.23566922213126 40.2938642478848 -3.21301758055108 7.38617767380874 39.7321590592559 -3.97977092215717 7.58270572838876 38.9987063744506 -4.80676615825637 7.83170097947457 38.069443446555 -5.69615369154523 8.13977599213601 36.9196918467601 -6.6482579726063 8.51337467687989 35.525402573655 -7.66118584652834 8.95835391117905 33.8647174629374 -8.73031935347964 9.47945157091407 31.9199545211011 -9.84772374499361 10.0796224815151 29.6800861895131 -11.0015429344955 10.7592479927765 27.1436892513658 -12.175515780493 11.515271166358 24.3221723558601 -13.3488203927494 12.3403826662156 21.2428143164821 -14.4965099423947 13.2224723774573 17.9508106972942 -15.5907827108678 14.1446292286738 14.5092744760068 -16.6031629302999 15.0859458632378 10.9962329698041 -17.4221071097818 15.9299554188116 7.84634642632902 -18.1373293895769 16.7532342650179 4.77382794349031 -18.7380006945558 17.5403190964055 1.83638736288507 -19.2186627243338 18.2784137279965 -0.918219303006328 -19.5791280364883 18.9580758704674 -3.45475295068896 -19.8237858934105 19.5733870172706 -5.75112541302196 -19.9552426269518 20.0908191909513 -7.68220857466927 -22.4887762089211 8.67555443204418 -8.3973228451103 -17.2830113808219 -0.321963913780107 19.7526772346078 -17.0348935537152 1.02537914133339 19.5024941546649 -17.5801273543483 1.11829421069303 18.078741613275 -15.0259702398754 10.4708981724625 18.4081199780204 -13.3340451654288 8.0779180366439 23.7799939934094 -0.388439224188255 4.49349263022853 41.7736371560431 -0.434137956445698 -0.502169123257155 42.909361725183 -0.827150139842153 2.00441517467922 42.2750106055819 -18.7920068309629 -0.875749375596031 16.2522493197871 -18.0146873051285 3.42575191831618 15.3757742186145 -18.3474030139502 5.90102986708909 12.6772835300044 -17.2884582702423 5.47461428122877 15.916231470033 -16.9461998256043 -1.69436331635854 21.4186081051605 -17.1879972916338 3.19635408090405 17.709107240658 -16.0781605199228 0.2071117072882 22.2773264045439 -15.7569921176724 2.15219094467116 21.8438103165452 -14.8458481092929 0.684365289474127 24.7279042154866 -16.9814972256306 6.89309277580548 15.7640507458149 -16.3376209843782 5.12162910841419 18.5974200481705 -15.288338360289 9.10230873625336 18.6376019450483 -14.6646456793569 7.31957272565101 21.2404590965924 -15.3335778712416 4.77456181083047 21.2336579011844 -16.8278253566641 7.60297978948355 15.6880436511555 -13.9629391414309 -1.8347639635777 27.9097213457719 -14.4925143590426 -1.20924098917851 26.5164455130589 -13.9001646259603 -1.24853393199731 27.7258026833057 -16.4201605082396 9.7685097415127 15.2933049367273 -14.4732037860258 3.17795630162931 24.1120673440937 -14.7701658554538 3.69565108474328 23.1605646146714 -13.2423536800949 0.463024607201027 28.1195430645041 -14.2825633123068 4.43603400530265 23.8050318722942 -13.190811689048 4.10866730865574 26.2916288047192 -14.42153830006 5.37371381362206 22.9540873243366 -15.4715774189662 11.5584732238059 16.5736339025168 -13.3933224584261 2.29710665820839 26.855853042771 -11.9684483784707 3.76941810225549 28.8684823594726 -15.3329124114988 12.2650137296464 16.4612263969803 -13.9644663265335 5.65560058328751 23.7976506782166 -14.2122464703006 9.23802959305502 21.125021980426 -12.6964151708834 5.8384705612625 26.3638058235345 -11.8029934614572 6.12929735551884 27.9820626937364 -11.7115930300467 7.32920452325917 27.5384998244344 -10.0206497951839 6.63695748992417 31.0135466411231 -12.153492910511 9.47441706203638 25.5017480526905 -11.4746175139991 8.47327466497564 27.4069973120221 -9.5360392604602 4.79593132543478 32.6714525952612 -10.138219945747 3.31263724572255 32.3380774290968 -10.766876757719 3.46273289438317 31.1979877884807 -9.00913672569364 4.11351569442481 33.8086173201294 -8.99940283123217 3.05879049578447 34.2662349239408 -10.5424026183655 8.63215889651292 29.1099891277892 -9.01140224344495 4.64593580379676 33.5789664185489 -4.1413665692237 -2.13138067899802 41.6231388191695 -8.54966077610588 6.10518681610835 33.683009850448 -3.64298025992403 -1.70808109942868 41.8697334283924 -4.07255069823495 -1.69790895728287 41.5566555024772 -2.49398791737618 -1.73049967823325 42.5597318626932 -3.03554886869918 -0.438527073534524 41.9341643685396 -3.61541038940124 0.887345702900206 41.1953159920154 -4.05617556015554 0.921653735004029 40.8463499113746 -4.0935812032137 1.36420084740746 40.6920329722657 -1.18167160636586 -2.16458357067445 43.158201043285 -3.30194548767558 0.721150939303265 41.4609849922069 -2.67332637523181 0.399020474741364 41.9341926629927 -3.42962915045358 1.30676522166211 41.2170655495483 -3.40569743883157 1.59361239505727 41.1575470951878 -4.16451287922823 2.25376062431942 40.381043880988 -3.35794947621575 2.16720604005512 41.0384912203888 -2.03886961603979 -0.192041437487156 42.3972386453942 -1.78666389996094 -1.32053734984295 42.7703614598693 -1.71863928923856 -0.481732340738034 42.5962056219808 -3.9166529061547 2.8122274778502 40.431143049638 -1.55090860509517 -0.0662691402624658 42.5577252540778 -3.37417161683044 3.03760626312884 40.7932480004592 -3.79470849106529 3.08998197945152 40.4532332887274 -2.01658226136291 1.21383313713424 42.0665796136631 -1.98626528948222 2.0569938651956 41.8756358008504 -1.38852294479004 2.0249021794412 42.1193963549036 -1.49579416313462 0.631169298494989 42.4118959973649 -0.921961385391048 0.754825507987888 42.5432526175949 -2.00304543946239 2.62179767491045 41.7304481566994 -2.66849209328893 2.10571633955059 41.5055518658863 -2.09877026990321 3.47652808862328 41.4747635285764 -2.61686049302561 3.8129211932439 41.1017913378712 -2.26622730450326 4.62753437431644 41.1007540468848 -1.83906823460789 3.31404273089193 41.637282837617 -2.01106008644869 2.90444030424778 41.6577399501728 -2.97614883843618 5.29949770174162 40.4769329843288 -3.86859798510843 4.57291124330915 39.9741074885479 -3.32677795988709 5.6513953292219 40.1189752691445 -3.14583807604855 6.05536155318762 40.1490106499054 -3.16931994571607 6.49776246670543 40.0106236545001 -1.34115751579918 3.70012306503692 41.7406689337227 -2.75414281806999 5.98484381135192 40.4511092498716 -0.87212563482937 3.25804251331315 41.9760994303051 -1.31735778164279 4.53778134421277 41.551309941718 -19.9696321850122 -1.89508222658636 13.6968306124845 -19.312021278464 -0.0837707437921784 14.2621895314569 -19.5549099227138 0.328060359360704 13.2669485019075 -19.4993176747433 2.26440638110259 11.9901460556058 -18.7094169371428 4.82762099569891 12.4137803368437 -19.3023788757127 6.32384568575969 9.46567853641188 -18.0340332592439 7.39778849212138 12.487647470713 -17.8769501005117 8.14758788107974 12.3930161329964 -17.4586154050453 10.4395643735273 11.9246429555091 -15.3073314590231 -0.524521690511272 24.4217489060433 -16.0660401280283 3.60313760563066 20.2253849417472 -16.5460310010544 12.3603817104122 13.1382511917481 -12.5926046072349 -1.8911167764732 30.5150689504784 -12.4690021688366 -1.3376802452992 30.4695455912846 -11.3039084346258 4.75970080387765 29.6136877011744 -5.85348608071102 -2.09855590709066 40.1055581258605 -5.2420615656245 -1.66561945619947 40.5628500794785 -4.41325943902297 -0.372157300037925 40.9171696620996 -5.72691753050917 -1.65035449991654 40.0930256527513 -7.8013091925052 3.81961587736223 35.7165675801489 -7.91044526950283 2.83803758617166 35.9430197450283 -6.87707837813631 2.64894156060989 37.3793466588891 -7.7462102065597 4.31133546917947 35.6033897188305 -5.20568189464353 1.02588241479307 39.7861820251412 -5.14657751694257 1.47184082336885 39.7080706098077 -5.02903711474107 2.36295006697426 39.5516677228764 -5.95360557492217 2.49739407826731 38.5304640711659 -3.72175738019868 -0.408020355258422 41.4667050212624 -7.03450840546516 5.62646253944997 36.0861826970816 -1.83662443509481 -1.95006120074669 42.9014731305943 -1.15658986137917 -1.74699886556806 43.0675434205757 -1.81989327045913 -1.74018380224345 42.8577895791465 -7.08915952104703 7.15744681879421 35.4276680896331 -4.93304232276804 3.1553700633972 39.4043744894476 -0.591653320216742 -2.58352420219017 43.366778422779 -0.781305032170647 -2.30535355672357 43.2748283350688 -0.581637448612524 -2.37530197307616 43.3204344308914 -6.94064389915842 7.61182645525745 35.461569999548 -4.88521117001453 3.55137953111929 39.3306898618417 -2.70436613272045 0.96928848275865 41.7725992860548 -1.09975237481452 -0.912169070761031 42.8879007340361 -2.71934030105362 1.2548578774384 41.6915628038917 -2.07981121010039 0.512897712683789 42.208139535526 -2.70238511045577 1.53848154890023 41.6295597547514 -1.23191621746773 -0.352772550925657 42.7236014417256 -1.07182823426996 -0.494898250901606 42.7979489794822 -0.991427319195489 -0.287410529748483 42.7686682021774 -2.68905160789636 2.96343757001939 41.2747392062648 -2.66489540590903 3.24666462683511 41.2171100827894 -3.24420768926304 4.18114160826957 40.5813406397705 -4.35687253933009 6.16950948999704 39.0567614760986 -4.81516402870608 6.28517926408169 38.5529931493409 -4.81353182843399 6.79904699921055 38.392147046662 -4.013867081216 5.98927908483275 39.4365063537234 -4.08058993256101 6.70529715798285 39.1631979629902 -4.04690207172937 6.9978553638503 39.108386860514 -1.3530281269655 3.2813058973123 41.8353496110763 -2.13057457607758 5.32126444423106 41.0020466242968 -1.37609264142547 5.38239879464362 41.3307485631957 -2.06404282736244 5.66753567612017 40.9517003062169 -0.857502553890957 4.09253687421156 41.7865762590404 -2.03962874453969 6.16078092435941 40.8424021068333 -0.850162086695871 4.50979195927963 41.691815308053 -0.949418131702289 5.76906492611435 41.3755078116467 -0.62857657965453 6.30746400988726 41.3233812322662 -0.960915101089669 6.1881169652062 41.2749980663912 -0.464352695023074 6.36994233118158 41.3354661696246 -0.472272832258203 6.57855507337943 41.286625272625 -20.7924200355709 -0.284209125387035 9.96312488146262 -19.8769351601807 4.42777681693171 9.13678721459908 -20.1419740494515 6.73680289170548 6.32895714096971 -18.9817742812964 7.89827426279646 9.23857448441617 -18.8208844296699 8.68767659688434 9.12533207121986 -18.3599249270242 11.0826916187877 8.69617511274938 -17.4725308374329 13.1225401506423 9.87315801445298 -11.5174004144251 -2.46776234906555 32.6475518511814 -11.4685815465887 -2.20165512246609 32.608576902359 -11.018499191079 -0.349212228929755 32.5215439981668 -6.96238270921463 -1.60676282981948 38.7513623663433 -5.81462838402114 -0.284765234683884 39.5780469987614 -7.30623827024837 -0.171656526468587 37.8448640836032 -6.89068355509271 1.6914372339407 37.7006881201361 -6.36442884016745 1.15122394192711 38.5112636231433 -6.89593351515275 1.21515500829509 37.8609851812291 -5.11238828639037 -0.330943343280099 40.2856415786671 -6.35977559999281 4.43429662011573 37.3930525806525 -6.0101433387344 3.86407375348714 38.0093852051642 -5.18161338020184 5.03778977173197 38.5569091720668 -6.10869177468437 5.31621231601428 37.3941312411553 -6.30832060258408 6.34211652745211 36.7820472412415 -5.91045475054752 5.95603640514303 37.4143973478902 -5.67007484571531 5.64341312557615 37.807670338837 -5.95354938247235 6.69159373284783 37.1059368543045 -5.8672571181086 7.17502938105506 37.0440460163103 -4.52492187534506 4.79547693990877 39.3074243100408 -1.49617445139998 6.16539549738802 41.0977868287254 -21.9446801270551 -2.06324756566311 7.57483949209047 -21.8791209561539 -1.59202057232517 7.39864103124277 -21.2083772728316 0.453760311450786 7.98088670029494 -21.3974403341603 0.835586810460308 6.99797992699115 -20.4026544992194 -1.10925874899355 11.8254992398528 -19.8029351107549 8.38070789938019 6.10669304412889 -20.8546054478373 7.13235079774751 3.3244725068711 -19.6328553937014 9.20491393439324 5.99590508177495 -19.1391576452441 11.7023544662263 5.58549741863535 -18.2796303687319 13.8591539335014 6.71749836448805 -12.254409500151 -0.417635879639769 30.410469353969 -12.1475048989892 0.0414604874112334 30.3807631492928 -10.2545232548158 -2.14771680739163 34.5250941433561 -11.6790059153172 1.20226691915274 30.6614614436267 -10.1715886256884 -1.7220248591828 34.4732729251788 -9.20299515241499 -1.17773330757871 35.6880837356625 -8.18419949913638 1.38614375523234 36.1217635123269 -8.09262504025783 1.8706679538451 36.0622979123436 -9.11494580302161 0.839144161710722 35.0056510371414 -22.6535721381634 -1.67798742683059 4.59367853360767 -22.5272137166661 -1.01437180061831 4.46085118038244 -21.9739317067377 1.68346876958195 4.07910052678443 -21.1573294395857 3.91818313734437 5.1410248336475 -20.4963695557732 8.8409057264703 3.11916289650026 -20.3167755677966 9.69729722059206 3.01685188270914 -19.7949413758779 12.293092596911 2.62002041161571 -18.9684126966673 14.5661293062639 3.68880991300874 -12.5510149152796 1.73267392471359 28.7957083802623 -10.0939772736058 -0.301696324594192 33.992176260297 -9.16544377572807 -0.25706097216927 35.3744730355537 -8.11343367969143 -1.93529207870588 37.4606635081027 -8.08766710600835 -1.40053133483305 37.2980555729877 -8.24715871056218 -0.66215048302226 36.8138591646385 -9.64281819630744 2.04543641165149 33.6966277555682 -7.82416301990971 -0.98613221500248 37.4860759610867 -8.23537806689228 -0.214132424617015 36.6611326669835 -23.2564052144401 -1.38918419214008 1.75660818983401 -23.0885935345554 -0.581595757275361 1.65142725993916 -22.5414758214978 2.09522210122248 1.26386367257034 -21.7344729443772 4.53686949708525 2.26497412151934 -21.4345781724104 7.50430529166089 0.499197629981949 -20.8715654055872 10.1596486360899 0.219499693798216 -20.8840704178801 8.6240362073167 1.75022595794742 -21.0594947170053 9.2732412866668 0.312510096451116 -20.3246152009092 12.8475641922364 -0.163400331983767 -19.5351437883048 15.2346488102725 0.824866727169727 -23.761168308241 -1.25302216080036 -0.898280123341684 -23.575160483076 -0.377629653478917 -0.989257797146751 -23.1481402702136 2.39910749919627 -2.18929790374362 -22.2627683799374 5.97493014100663 -1.83589612974974 -21.881818805892 7.84812566678368 -2.11237739839572 -22.2402578499475 4.92043476314109 -0.451669435244981 -22.4524643112299 5.04189641536458 -1.69685476786897 -21.2981522807579 10.5870916139921 -2.36664692496348 -21.3858570051871 9.02576867095004 -0.956307266571073 -21.4929133418172 9.67291482576844 -2.2821061250674 -20.835049954598 13.518190875142 -3.52991402925486 -19.9596296792227 17.0759976972909 -3.18344790074514 -19.9783481867178 15.8562612820044 -1.83812633731783 -20.149158617869 16.1384340217275 -3.04695673091725 -24.0011617139278 -0.245251906019442 -3.81184275815566 -23.4871036553155 2.59399269616398 -4.75425190255434 -22.6897016531904 5.24616073975156 -3.35624404736891 -22.8263118423297 5.35239144629433 -4.43959803680176 -22.3469403268633 6.58100209399356 -3.11559912437205 -22.201041475304 8.16095376087966 -4.48854268070125 -22.2497524487468 7.05562636684722 -3.18258870275445 -21.6381676849393 11.0342260225557 -5.07193207086492 -20.3431580729739 16.5146308355294 -4.65858704979654 -20.443140357628 16.7513512287357 -5.67269920809107 -20.0050320584686 17.8393524744979 -4.42324841000608 -19.9081285489753 18.315743542835 -4.48885468916365 -24.521862250775 -1.08349927042678 -7.05170277357315 -24.3070959398806 -0.129221522862832 -6.95202790769999 -24.2382473499605 -0.159299581026646 -6.02388884350377 -23.7069903708954 2.77897088371796 -7.44394230764406 -23.0307223762065 5.58229167883567 -6.63431358864386 -22.3962626350183 8.43351126138717 -6.55882243613525 -22.6246397404899 6.87778242527629 -5.51647981984243 -22.1976160654014 9.40391741015982 -6.70615461271878 -22.0980903100086 9.89010862402969 -6.77949810141462 -21.489117775857 12.7932245159285 -7.06284487291591 -21.5491192015394 12.2020198376327 -6.41324511249859 -21.0096332464234 15.3497012078902 -7.89817485222853 -20.2670082749445 18.6474607894672 -7.64730241732199 0 0 0 0.0676840666503667 0 0.135368133300733 0 0.210928551851325 0 0.290453139268726 0 0.373738138339193 0 0.460443405161802 0 0.550076961190595 0 0.641991592276153 0 0.735400269869057 0 0.820012635504111 0 0.904396787347929 0 0.987885092409452 0 1.06986198085712 0 1.14979373004848 0 1.22724626684171 0 1.30189072094606 0 1.37349911069219 0 1.4419337717692 0 1.50713407002103 0 1.56910312862126 0 1.62789630012395 0 1.68361225580344 0 1.73638695269545 0 1.78639033396538 0 1.83382532026672 0 1.87892835190192 0 1.92197037508043 0 1.96098518754022 0 2 1 0 1 2 1 1.96111969465487 1 1.92223938930974 1 1.8833590839646 1 1.84447877861947 1 1.80559847327434 1 1.75219658360332 1 1.69508454080546 1 1.63392487802832 1 1.56843866764288 1 1.49840285638995 1 1.4236547467021 1 1.34410445521124 1 1.25975584162861 1 1.17073563323546 1 1.07732871491602 1 0.980014412924065 1 0.879494300334284 1 0.776698203195316 1 0.672755023958674 1 0.579305563870833 1 0.486933552238835 1 0.396519523317065 1 0.308831923490198 1 0.224490849865704 1 0.143955072841144 1 0.0719775364205719 0.5 0.0338420333251834 0.166666666666667 0.896879099702365 0.25 0.893120255879583 0.25 0.851376103348821 0.833333333333333 0.885954710869354 0.75 1.04678781770316 0.75 1.97080614421249 0.25 1.97080614421249 0.5 1.94161228842498 0.125 0.793388186608939 0.375 0.777726875131344 0.5 0.704077646913866 0.5 0.798355419349714 0.0833333333333333 0.942382096055909 0.375 0.845737837614648 0.208333333333333 0.973801128574108 0.333333333333333 0.966600578080472 0.25 1.05072315744585 0.583333333333333 0.79720599413349 0.5 0.877156870132847 0.75 0.889184916136889 0.666666666666667 0.963977018252009 0.5 0.955958320915981 0.625 0.796631281525378 0.0833333333333333 1.14258771811201 0.125 1.10025844374716 0.125 1.13898471214378 0.75 0.789986922082024 0.416666666666667 1.04008090028136 0.444444444444444 1.0120400404929 0.25 1.15898679144205 0.5 1.03475977169912 0.5 1.11356122248225 0.555555555555555 1.01116552055008 0.875 0.832941559666103 0.375 1.12485705374222 0.5 1.19899095003858 0.916666666666667 0.831326457032335 0.583333333333333 1.03876912036713 0.791666666666667 0.966371264286256 0.625 1.12288938387087 0.666666666666667 1.17905182753179 0.75 1.16908226627839 0.75 1.29137671485363 0.875 1.10876172546931 0.833333333333333 1.16963338859741 0.625 1.34497682177539 0.5 1.32299758807865 0.5 1.28082328128734 0.583333333333333 1.38670731921012 0.5 1.39857692869715 0.875 1.23105617404454 0.625 1.3807725144666 0.0833333333333333 1.74051953267481 0.75 1.39506659187844 0.125 1.76897317111049 0.125 1.74258582266449 0.125 1.84024387071373 0.25 1.80155938952553 0.375 1.75864756813799 0.375 1.73016397822071 0.416666666666667 1.72535456773062 0.0833333333333333 1.92390162373161 0.361111111111111 1.7796341947933 0.333333333333333 1.82160744810392 0.416666666666667 1.76867159742719 0.444444444444444 1.76887888454624 0.5 1.71573574675046 0.5 1.76929345878435 0.277777777777778 1.86465766061398 0.166666666666667 1.88376462854665 0.25 1.88618276686901 0.555555555555555 1.72890093759093 0.291666666666667 1.8962067961582 0.583333333333333 1.76396712292846 0.583333333333333 1.73548353301117 0.416666666666667 1.86213608881322 0.5 1.8617035652607 0.5 1.90266472952252 0.361111111111111 1.89835944061298 0.375 1.9367354368675 0.555555555555555 1.85885559796323 0.5 1.81549851202252 0.638888888888889 1.84950474929883 0.666666666666667 1.81219849910646 0.75 1.83365101926752 0.625 1.86815787439502 0.583333333333333 1.85743161431449 0.805555555555555 1.78031135305981 0.722222222222222 1.72201720227593 0.833333333333333 1.75364151995596 0.875 1.76436778003649 0.916666666666667 1.76031071455877 0.666666666666667 1.90237396433418 0.875 1.79292380143542 0.625 1.9367354368675 0.75 1.90222858174 0.0625 0.717689889442546 0.166666666666667 0.737702218005479 0.1875 0.709859233703749 0.291666666666667 0.67678901516033 0.4375 0.694187726602418 0.5 0.610648578073493 0.583333333333333 0.701571049023128 0.625 0.700317750077758 0.75 0.69113017470473 0.166666666666667 1.03702978616064 0.416666666666667 0.921878724106659 0.875 0.731370973020349 0.0833333333333333 1.22937459307661 0.125 1.23043875619406 0.583333333333333 1.22993755440956 0.0833333333333333 1.63721538872005 0.125 1.67127151876945 0.25 1.71464673741495 0.125 1.64187493301811 0.583333333333333 1.46767375826332 0.5 1.47016831407958 0.5 1.53778636883196 0.625 1.4664264803552 0.375 1.65640711064918 0.416666666666667 1.65719426273808 0.5 1.65876856691588 0.5 1.59816748388341 0.25 1.75810306347024 0.75 1.50043054278442 0.104166666666667 1.88207274722267 0.125 1.9248672480572 0.125 1.882636707664 0.875 1.48175262976066 0.574074074074074 1.65965108435841 0.0416666666666667 1.96195081186581 0.0694444444444444 1.94958962392961 0.0625 1.9624336240286 0.916666666666667 1.48730270530376 0.611111111111111 1.66009234307967 0.388888888888889 1.81747171144811 0.208333333333333 1.92728538637957 0.416666666666667 1.8154038431202 0.347222222222222 1.85998344435845 0.444444444444444 1.81543539942098 0.263888888888889 1.91773190241323 0.25 1.92849445554075 0.270833333333333 1.93350647018535 0.583333333333333 1.81069936862148 0.611111111111111 1.81119907878314 0.694444444444444 1.7671078506912 0.861111111111111 1.67797104015213 0.861111111111111 1.64522793495941 0.907407407407407 1.64146024931571 0.851851851851852 1.70319453342007 0.916666666666667 1.69378319899214 0.944444444444444 1.69421697959658 0.625 1.90244665563126 0.819444444444445 1.84083785661705 0.833333333333333 1.8959387491482 0.854166666666667 1.84443127529181 0.708333333333333 1.93659005427333 0.902777777777778 1.84444710973436 0.75 1.93651736297625 0.875 1.92708261408855 0.930555555555555 1.95085027330583 0.916666666666667 1.92546820582894 0.9375 1.96354130704427 0.958333333333333 1.96273410291447 0.145833333333333 0.613432988175463 0.395833333333333 0.597647135937523 0.5 0.518505256714715 0.583333333333333 0.606761336497646 0.625 0.604817715709723 0.75 0.59631366509676 0.875 0.635217869287782 0.0416666666666667 1.30194286261077 0.0625 1.30196893344312 0.208333333333333 1.3089784849883 0.125 1.56721992666378 0.25 1.62730578330654 0.25 1.53486938913572 0.416666666666667 1.54508682207269 0.375 1.58254607606925 0.375 1.54873704869306 0.25 1.67097626036075 0.66358024691358 1.55591934318349 0.62037037037037 1.58366374338302 0.740740740740741 1.62954111793408 0.74537037037037 1.56498583035925 0.828703703703704 1.54247036916816 0.805555555555556 1.57282923887192 0.783950617283951 1.5917331985593 0.868055555555556 1.56349028236003 0.912037037037037 1.56513974412098 0.731481481481482 1.67577916010501 0.909722222222222 1.88495765778165 0.0486111111111111 0.54131778484262 0.0729166666666667 0.536938196668632 0.180555555555556 0.557174509758263 0.197916666666667 0.529045270549662 0.104166666666667 0.665561438809005 0.583333333333333 0.514433462016969 0.5 0.428481464239434 0.625 0.512397564668097 0.75 0.50390956052501 0.875 0.541623608667797 0.194444444444444 1.23280134420813 0.229166666666667 1.23398263821517 0.0694444444444444 1.3748037891499 0.319444444444444 1.24959618590589 0.104166666666667 1.37545612837875 0.152777777777778 1.42859388196441 0.375 1.46672315891643 0.416666666666667 1.46787154397081 0.319444444444444 1.41414160094039 0.0659722222222222 0.454408938016886 0.0989583333333333 0.451391704444428 0.232638888888889 0.44375495770943 0.348958333333333 0.478763367394548 0.583333333333333 0.42455868522638 0.625 0.422597295719853 0.75 0.413904704918923 0.875 0.450214541921037 0.347222222222222 1.18722661982406 0.21875 1.36545121102515 0.229166666666667 1.42192393706201 0.0925925925925926 1.50098262621641 0.138888888888889 1.4979069043141 0.201388888888889 1.48173163555006 0.409722222222222 1.36856959450952 0.175925925925926 1.51022773258797 0.239583333333333 1.47839666309886 0.0775462962962963 0.36931541177245 0.116319444444444 0.367104048489078 0.244212962962963 0.358497709297617 0.366319444444444 0.392519994312063 0.5 0.341285030914696 0.625 0.335688349743069 0.5625 0.381941163317274 0.583333333333333 0.337553910133611 0.75 0.326736207658779 0.875 0.361368314204561 0.0814043209876543 0.286626466805889 0.122106481481481 0.284713130574471 0.248070987654321 0.248956024498392 0.414737654320988 0.264470505403689 0.5 0.257471994567215 0.372106481481482 0.307984851932416 0.372106481481482 0.267969760821926 0.625 0.252089010002507 0.5625 0.296580172155142 0.583333333333333 0.253883338190743 0.75 0.216044364282052 0.916666666666667 0.231727376788542 0.875 0.275613528762241 0.875 0.235345640249961 0.124035493827161 0.192162078899563 0.249356995884774 0.162665664219926 0.374035493827161 0.213198918422313 0.374035493827161 0.176314429679522 0.436053240740741 0.22270578658408 0.5 0.177441812346234 0.457368827160494 0.220956158874962 0.625 0.159858599571353 0.875 0.179999718561598 0.875 0.144010950351312 0.9375 0.189650356545553 0.958333333333333 0.187841224814843 0.0831189986282579 0.0767832436234309 0.124678497942387 0.081332832109963 0.124678497942387 0.115174865435146 0.249785665294925 0.0655025658483698 0.374678497942387 0.0982538487725547 0.5 0.103672834860653 0.43701774691358 0.139993632270088 0.541666666666667 0.0991244892523962 0.5625 0.0968503164482679 0.6875 0.0889264918382478 0.666666666666667 0.112570527749283 0.791666666666667 0.0592843278921652 0.9375 0.0720054751756561 59 1 31 60 12 11 61 60 62 63 49 48 64 48 47 65 30 66 65 66 67 65 32 30 68 11 10 68 60 11 68 62 60 69 70 71 72 13 12 72 12 60 73 69 71 73 62 69 73 61 62 74 72 60 74 60 61 74 61 75 74 75 76 77 71 70 78 79 80 78 80 81 78 82 79 78 77 82 78 71 77 78 73 71 83 15 14 83 14 84 85 83 84 86 79 82 87 75 88 87 76 75 89 85 84 89 84 76 90 87 88 90 91 87 92 81 80 92 88 81 92 90 88 93 63 79 93 79 86 94 87 91 94 76 87 94 89 76 94 91 95 96 49 63 96 50 49 96 63 93 97 80 64 97 92 80 97 91 90 97 90 92 98 64 80 98 80 79 98 79 63 98 48 64 98 63 48 99 95 91 99 97 64 99 91 97 100 95 99 101 102 100 101 99 64 101 100 99 103 101 64 103 47 46 103 64 47 104 103 46 104 101 103 105 106 107 108 106 105 108 109 106 110 102 101 110 101 104 110 44 102 110 104 46 110 45 44 110 46 45 111 108 105 112 24 23 112 25 24 113 102 44 113 105 102 113 111 105 113 44 43 114 25 112 114 112 115 116 26 25 116 25 114 116 114 117 118 119 120 121 28 27 122 123 117 124 118 120 124 122 118 125 126 127 125 120 126 125 124 120 128 117 123 128 129 116 128 116 117 130 129 128 131 127 126 132 130 128 133 127 131 133 131 134 135 136 137 138 135 137 139 67 66 139 137 67 139 138 137 140 136 141 140 137 136 142 143 144 145 146 142 147 148 149 150 147 149 151 38 37 152 142 144 152 145 142 153 147 150 153 151 37 153 150 151 154 65 67 154 67 137 155 152 144 156 68 10 156 10 9 157 62 68 157 68 156 157 69 62 157 156 158 157 158 69 159 69 158 160 70 69 160 69 159 160 161 70 162 77 70 162 82 77 162 70 161 163 82 162 163 86 82 164 86 163 165 14 13 165 84 14 165 74 76 165 76 84 165 72 74 165 13 72 166 78 81 166 61 73 166 81 88 166 88 75 166 73 78 166 75 61 167 51 50 167 86 164 167 93 86 167 50 96 167 96 93 168 16 15 168 15 83 169 83 85 169 168 83 170 100 102 170 102 105 170 105 107 170 107 95 170 95 100 171 22 21 171 23 22 172 115 112 172 173 115 172 23 171 172 112 23 172 171 174 175 109 108 175 176 109 175 177 176 178 111 113 178 108 111 178 175 108 179 119 173 179 120 119 180 120 179 180 181 126 180 126 120 180 182 181 183 119 118 183 122 117 183 114 115 183 115 173 183 173 119 183 118 122 183 117 114 184 178 113 185 27 26 185 121 27 185 26 116 185 186 121 187 129 186 187 185 116 187 186 185 187 116 129 188 184 113 188 113 43 189 126 181 189 131 126 189 181 182 190 29 28 190 30 29 191 190 28 191 28 121 191 121 186 192 66 30 192 190 191 192 191 186 192 186 66 192 30 190 193 188 43 193 43 42 194 131 189 194 134 131 194 148 134 195 123 122 196 186 129 196 66 186 196 129 130 197 195 122 197 122 124 197 124 125 197 135 195 198 128 123 198 123 195 198 138 132 198 195 135 198 132 128 198 135 138 199 141 136 199 125 127 199 197 125 199 135 197 199 127 141 199 136 135 200 196 130 200 130 132 201 66 196 201 196 200 202 138 139 202 200 132 202 201 200 202 66 201 202 132 138 202 139 66 203 146 140 203 140 141 203 141 127 203 127 133 204 146 203 204 143 142 204 203 133 204 142 146 205 147 144 205 148 147 205 133 134 205 144 143 205 143 204 205 204 133 205 134 148 206 207 208 209 151 150 209 150 149 209 149 148 210 151 209 210 206 208 210 209 206 211 38 151 211 39 38 211 40 39 211 151 210 211 208 40 211 210 208 212 140 146 212 137 140 212 146 145 212 145 152 212 154 137 212 152 154 213 144 147 213 147 153 213 155 144 213 214 155 215 214 213 215 213 153 216 154 152 216 65 154 216 152 155 217 153 37 217 37 36 217 215 153 218 65 216 218 216 155 218 155 214 218 219 65 218 214 219 220 221 34 220 219 221 222 219 220 222 65 219 222 32 65 223 32 222 223 33 32 223 34 33 223 220 34 223 222 220 224 159 158 225 226 161 225 159 224 225 160 159 225 161 160 227 161 226 227 163 162 227 162 161 228 163 227 228 164 163 229 164 228 230 51 167 230 52 51 230 164 229 230 167 164 231 17 16 231 18 17 231 16 168 232 231 168 232 168 169 233 232 169 234 235 174 234 171 21 234 174 171 236 235 234 237 177 182 238 182 180 238 180 179 238 236 239 238 237 182 238 235 236 238 239 237 238 179 235 240 174 235 240 179 173 240 172 174 240 173 172 240 235 179 241 177 175 241 178 184 241 175 178 242 177 241 242 194 189 242 182 177 242 189 182 242 243 194 244 242 241 244 241 184 244 243 242 245 184 188 245 244 184 245 188 193 246 244 245 247 207 243 247 243 244 247 244 246 248 245 193 248 207 247 248 208 207 248 246 245 248 247 246 249 208 248 249 41 40 249 42 41 249 193 42 249 40 208 249 248 193 250 148 194 250 207 206 250 243 207 250 206 209 250 209 148 250 194 243 251 214 215 251 215 217 251 217 36 251 35 34 251 36 35 251 34 221 251 219 214 251 221 219 252 8 7 252 9 8 252 224 9 253 252 7 253 224 252 254 224 253 254 253 255 254 255 225 254 225 224 256 9 224 256 224 158 256 156 9 256 158 156 257 228 227 257 227 226 257 226 258 259 229 228 259 228 257 260 229 259 261 229 260 261 52 230 261 230 229 261 53 52 262 233 169 262 85 89 262 169 85 263 262 89 263 233 262 264 19 18 264 231 232 264 18 231 265 233 263 265 95 107 265 107 106 266 232 233 266 264 232 267 264 266 267 19 264 268 239 236 268 237 239 269 177 237 269 268 270 269 237 268 269 109 176 269 176 177 271 253 7 271 7 6 272 255 253 272 253 271 273 255 272 274 225 255 274 255 273 274 226 225 274 258 226 275 257 258 275 259 257 276 260 259 276 259 275 277 260 276 278 260 277 278 53 261 278 54 53 278 261 260 279 265 263 279 95 265 279 89 94 279 94 95 279 263 89 280 266 233 280 270 281 280 281 267 280 267 266 282 20 19 282 21 20 282 19 267 282 234 21 283 282 267 283 234 282 284 267 281 284 283 267 285 265 106 285 233 265 285 106 109 285 280 233 285 109 269 285 269 270 285 270 280 286 234 283 286 236 234 286 283 284 287 236 286 287 286 284 287 281 270 287 270 268 287 268 236 287 284 281 288 6 5 288 271 6 288 272 271 289 272 288 289 273 272 290 273 289 291 292 258 291 273 290 291 274 273 291 258 274 293 277 276 294 295 293 294 293 276 294 258 292 294 276 275 294 292 295 294 275 258 296 277 293 297 278 277 297 277 296 297 55 54 297 54 278 298 5 4 298 289 288 298 288 5 299 289 298 299 290 289 300 290 299 301 302 292 303 292 291 303 291 290 303 290 300 303 300 304 303 301 292 303 304 301 305 296 293 306 292 302 306 293 295 306 302 307 306 305 293 306 307 305 306 295 292 308 296 305 309 56 55 310 296 308 310 297 296 310 55 297 310 308 311 310 309 55 310 311 309 312 4 3 312 299 298 312 300 299 312 298 4 313 300 312 314 304 300 314 301 304 314 300 313 314 313 315 316 301 314 316 315 317 316 314 315 318 302 301 318 301 316 318 317 307 318 307 302 318 316 317 319 307 317 319 305 307 319 308 305 320 311 308 320 308 321 320 309 311 322 56 309 322 321 57 322 309 320 322 320 321 323 57 56 323 322 57 323 56 322 324 2 1 324 3 2 325 324 1 326 324 325 326 3 324 326 312 3 326 313 312 327 326 325 327 325 1 327 313 326 327 1 59 328 327 59 328 59 329 328 315 313 328 313 327 330 328 329 330 315 328 330 329 317 330 317 315 331 329 59 331 317 329 331 319 317 332 319 331 332 331 59 333 332 59 334 319 332 334 332 333 334 333 321 334 321 308 334 308 319 335 321 333 335 59 31 335 333 59 336 335 31 336 58 57 336 31 58 336 57 321 336 321 335 
159 259 1 0.0335221850952183
-1.83697019872103e-16 -3 37 0.294194979344524 -3 36.9735315544486 0.603617698141303 -3 36.8950705912311 0.927547558398556 -3 36.7660336705021 1.38077522522515 -3 36.5177591067553 1.91782599036973 -3 36.1381673230585 2.62962141218616 -3 35.5179564684389 3.45182107408717 -3 34.6654494833024 4.39229095660025 -3 33.542942715602 5.45432042017093 -3 32.1165272286738 6.63476099537019 -3 30.3607441088982 7.92201458000571 -3 28.2641789001872 9.2943911664225 -3 25.8353011988697 10.7196314003909 -3 23.1070506284771 12.1564364080476 -3 20.1380605539595 13.558375990913 -3 17.0087261306978 14.7515245781087 -3 14.1338634009683 15.8493858296416 -3 11.2747310157788 16.8297331688263 -3 8.4930284722647 17.6781709269646 -3 5.83926322626713 18.387897265763 -3 3.35078690415623 18.9585985525812 -3 1.05201004578669 19.3949663758253 -3 -1.04401495583924 19.7052049482255 -3 -2.93342444371538 19.8997272475544 -3 -4.61933046290032 19.9745937443421 -3 -5.71129278074746 20 -3 -6.75 -1.83697019872103e-16 -3 43.5 0.67806379236857 -3 43.4503070006666 1.36688372564721 -3 43.3034532103695 2.11465138317293 -3 43.0424550713935 2.90762382935646 -3 42.658618357039 3.75146918490134 -3 42.137723928023 4.65089836335259 -3 41.4635483658424 5.60950789648141 -3 40.618534025514 6.62960137295836 -3 39.5845153887183 7.71196025063294 -3 38.343550820009 8.8555471274899 -3 36.8789174054828 10.0571371137551 -3 35.1763254874763 11.3108884132664 -3 33.2253958953452 12.6078852034294 -3 31.0214090956562 13.9357172344881 -3 28.5672704673844 15.2782006989429 -3 25.8755296538591 16.6153857554972 -3 22.9701460375683 17.924017563516 -3 19.8875370956072 19.1785881236073 -3 16.676356343396 20.3530058894723 -3 13.3955329486539 21.3208208342089 -3 10.4381053115842 22.188107788184 -3 7.52718177299507 22.943261538715 -3 4.70865154220155 23.5789713453599 -3 2.02265720574895 24.092388183067 -3 -0.498535697413811 24.4848234415632 -3 -2.83158147804149 24.7611076007615 -3 -4.96206320472475 24.9287711805372 -3 -6.88371512467335 24.9820343249487 -3 -7.96438489801261 25 -3 -9 0.207264949553408 -3 40.2426887146365 0.684424111058654 -3 40.1734421632452 0.95565597101412 -3 40.1039619899749 1.17516412516175 -3 40.0329063540303 1.47321837639746 -3 39.9163727378752 21.7523353684076 -3 -0.845911372750404 21.9401936459187 -3 -1.91060961306145 22.1031701522321 -3 -2.95550118835231 22.3380172479044 -3 -4.85996389467075 22.4546273181254 -3 -6.33694227274304 0.999197933550509 -3 41.7464010396741 2.03207673236436 -3 37.8710049014664 1.77402358236189 -3 39.7766237887369 2.09483836986987 -3 39.6044882334737 2.44261380058011 -3 39.3925109682299 2.78923080772222 -3 39.1564589362594 1.44519712034403 -3 41.6123844025198 2.54110038860401 -3 37.4994573706111 3.23787103546694 -3 38.8163747289735 3.34138465459406 -3 36.8040606095106 3.61352132128349 -3 38.5033362298862 4.11756043497267 -3 38.0452211222351 2.87398983691687 -3 40.9071265174286 4.18420501127743 -3 35.9435425753106 4.95877760635196 -3 37.190166354861 3.91852005692281 -3 40.1566631729036 4.70113741889202 -3 35.3580525891831 5.99369902502128 -3 35.9959138036705 5.7542323115049 -3 34.0438187957755 6.61826626196386 -3 35.2050004583773 7.11982300975589 -3 34.5337595492106 5.77431333590274 -3 38.404190704974 6.59414910155183 -3 32.8890107251337 7.79937636931946 -3 33.5750260824022 7.44218133837345 -3 36.4263174700417 7.8224177458915 -3 31.0451269829039 9.06076617562589 -3 31.6514672575977 8.90840423782863 -3 34.4038833657902 9.05274708170828 -3 29.0258441161028 10.2114189757869 -3 29.739763948436 9.77787599080311 -3 27.758312598048 10.9737258440042 -3 28.3925223198567 10.1719997508939 -3 32.4606401995986 10.804864394375 -3 25.8664155631955 11.5821286193124 -3 27.2712210403214 12.3632462959754 -3 25.7710948467002 11.3968515812227 -3 30.4051891549495 12.1162892791798 -3 29.1195501923642 12.2244449812494 -3 23.0625565875835 12.9824727017331 -3 24.5326445836612 13.7627361176153 -3 22.9081552877619 13.8061588740059 -3 25.8681005785675 13.5712545131195 -3 20.1895861600742 15.0053741086741 -3 20.1651570620742 14.2973543964625 -3 18.5472394113508 16.3468562222579 -3 16.96516452445 15.1790611142623 -3 22.976381917892 14.946651083705 -3 17.0176022014698 16.4569068705955 -3 20.0645218610928 15.5623368862415 -3 15.5088221588063 17.5382037734071 -3 13.8770025296482 16.1409145387428 -3 14.0335914389188 17.1480664250347 -3 18.3913315021443 17.7578669867927 -3 16.8514003789824 16.7059889806015 -3 12.5323767799727 18.1072373258139 -3 12.3032136782864 18.5769285511903 -3 10.9468834543625 18.3707436558044 -3 15.2372539989811 17.7156542805149 -3 9.6718085301854 19.0832393554978 -3 9.41731733858713 19.504515367713 -3 8.08195794330828 18.9425178696006 -3 13.6642495110931 19.4753952431859 -3 12.1321374386314 18.6035906570323 -3 6.90927142529187 19.9420266179855 -3 6.62258050849493 20.4235841026281 -3 9.21593503140648 19.1799382720209 -3 4.94127164856168 20.308604466274 -3 5.33043827293186 20.6747418715027 -3 3.96072715270457 21.4455996347635 -3 5.70548388843066 19.8370572448201 -3 2.44257693586338 20.9826463802014 -3 2.73087598013394 21.2778158243783 -3 1.46382859473216 22.1306013129383 -3 3.0263067868329 20.3599913974088 -3 0.133143566778974 21.5254266413117 -3 0.311267478823902 22.6893018657231 -3 0.512635272185967 21.2386023264373 -3 -6.59118500197481 0.576721734361029 -3 41.013635436126 0.526565068354184 -3 42.6543458828719 2.29926498846007 -3 40.3653074845031 2.15274708106219 -3 41.3129555368719 2.51709005916461 -3 41.9942209471388 4.05711167803851 -3 35.0340522476013 5.05598627513033 -3 33.816164859024 4.9199385326496 -3 38.263216797061 4.73724531807014 -3 40.4274189227108 6.60611272240661 -3 37.4624968422686 6.71942764201522 -3 38.4182062471312 7.99748580937135 -3 34.5013277182781 8.83659563201749 -3 28.0435765672317 13.2223661016459 -3 19.3781819557989 0 0 0 0.0344989048539522 0 0.0689978097079044 0 0.103496714561857 0 0.149495254367126 0 0.201243611648054 0 0.266249712435903 0 0.33748697659383 0 0.415238297184301 0 0.49960527552456 0 0.590473274248603 0 0.68745883869792 0 0.789855345055985 0 0.89660209486584 0 1.00630713232124 0 1.1173442355985 0 1.21694813900534 0 1.31503034725384 0 1.41060385800959 0 1.50289967778506 0 1.59137458338287 0 1.67568953452302 0 1.7556735502797 0 1.83128511426482 0 1.90257826356638 0 1.95128913178319 0 2 1 0 1 0.0432003392723688 1 0.0864006785447376 1 0.132631913217596 1 0.181022816815628 1 0.231932000335575 1 0.285672328549974 1 0.342513685891704 1 0.402685444612125 1 0.466376952209892 1 0.533734915415855 1 0.604856912700644 1 0.679780535234092 1 0.758468019320812 1 0.840786899817399 1 0.926488375584497 1 1.01518679951148 1 1.10634571643628 1 1.19927733439957 1 1.29316184522968 1 1.37769660456148 1 1.46154316864994 1 1.54404060238347 1 1.62458970130944 1 1.70268095439115 1 1.77791006043748 1 1.8499813463536 1 1.91870193789991 1 1.95935096894995 1 2 0.5 0.0172494524269761 0.5 0.0560990744901366 0.5 0.077699244126321 0.5 0.0949486965532971 0.5 0.118064313889726 0.5 1.72917725233543 0.5 1.76679180535859 0.5 1.80459758735115 0.5 1.87627980495999 0.5 1.93499553484155 0.75 0.0712498765174371 0.25 0.183251323619716 0.5 0.141063583792361 0.5 0.165259035591377 0.5 0.191133214231841 0.5 0.216587805991815 0.75 0.102232496217232 0.25 0.225167234016897 0.5 0.249090856385739 0.25 0.288914682503902 0.5 0.275961020492938 0.5 0.311579652571902 0.75 0.198805311403721 0.25 0.353786593598404 0.5 0.370086210602978 0.75 0.267381592467856 0.25 0.392662253893639 0.5 0.440807624697097 0.25 0.470206450110828 0.5 0.482991113867226 0.5 0.516670095470207 0.75 0.386385827607551 0.25 0.530854685178395 0.5 0.562104094832229 0.75 0.49152352384005 0.25 0.618315574973942 0.5 0.646157875699282 0.75 0.583480503766436 0.25 0.705211133853643 0.5 0.722963429009366 0.25 0.756409387032675 0.5 0.774161682188398 0.75 0.662969205466687 0.25 0.829274921198802 0.5 0.815321122436692 0.5 0.86869449734162 0.75 0.740715724165089 0.75 0.786894570878752 0.25 0.931499924409354 0.5 0.911545235225169 0.5 0.966397753952869 0.75 0.897591436463059 0.25 1.03131677835 0.5 1.05632642437876 0.25 1.08683532998863 0.5 1.15831078499903 0.75 0.990792276732177 0.25 1.13782751029877 0.75 1.08133607040752 0.25 1.18762946200219 0.5 1.25505499211751 0.25 1.23600156556142 0.75 1.13232825071766 0.75 1.1787940596993 0.25 1.28504266968567 0.5 1.30409609624176 0.5 1.34636347590766 0.75 1.22716616325854 0.25 1.37848366695862 0.5 1.39415023128553 0.5 1.43607351332976 0.75 1.2741084186736 0.75 1.31976266056867 0.25 1.46948659555741 0.5 1.4822214232175 0.75 1.40688505894562 0.25 1.53530363533411 0.5 1.52347014008426 0.5 1.56770759288317 0.75 1.51313101280048 0.25 1.62075710064955 0.5 1.60798214234616 0.5 1.65013961791623 0.75 1.59614864709631 0.25 1.70243339342922 0.5 1.68918524445708 0.75 1.67641028615369 0.25 1.96749776742077 0.625 0.0442496644722066 0.875 0.0356249382587185 0.625 0.169934447598041 0.75 0.150518903810477 0.875 0.165718612310659 0.125 0.365074615243735 0.125 0.442722373647565 0.625 0.348982740089727 0.875 0.30494763917978 0.75 0.438954675723801 0.875 0.426381389908722 0.625 0.550075299618322 0.125 0.721934112865298 0.125 1.04657123115494 58 2 1 58 1 28 59 3 2 59 2 58 60 4 3 60 3 59 61 4 60 62 5 4 62 4 61 63 52 53 64 63 53 65 64 53 65 24 23 65 23 64 65 53 54 66 25 24 66 65 54 66 54 55 66 24 65 67 25 66 67 66 55 67 55 56 67 56 57 68 61 60 69 6 5 69 62 70 69 70 71 69 71 72 69 72 73 69 5 62 74 62 61 74 30 31 74 68 30 74 61 68 75 7 6 75 73 76 75 6 69 75 69 73 77 8 7 77 76 78 77 75 76 77 7 75 77 78 79 80 76 73 80 32 33 80 73 72 81 79 82 81 77 79 81 8 77 83 33 34 83 78 76 83 80 33 83 76 80 83 79 78 84 81 82 84 82 85 86 85 87 86 87 88 89 35 36 89 85 82 90 11 10 90 86 88 90 10 86 90 88 91 92 37 38 92 88 87 93 91 94 93 12 11 93 11 90 93 90 91 95 94 91 95 38 39 96 93 94 96 94 97 96 12 93 98 96 97 98 97 99 100 94 95 100 39 40 100 97 94 100 95 39 101 14 13 101 102 103 101 13 98 101 98 99 101 99 102 104 40 41 104 97 100 104 100 40 104 99 97 105 104 41 105 103 102 105 41 42 105 102 99 105 99 104 106 14 101 106 15 14 106 107 108 106 103 107 106 101 103 109 108 107 109 42 43 109 107 103 109 103 105 109 105 42 110 15 106 110 108 111 110 106 108 112 110 111 112 111 113 114 109 43 114 43 44 114 108 109 114 111 108 115 16 112 115 112 113 116 114 44 116 111 114 116 44 45 117 115 113 117 17 16 117 113 118 117 16 115 119 17 117 119 117 118 120 111 116 120 116 45 120 45 46 120 113 111 121 120 46 121 113 120 122 18 17 122 119 118 122 17 119 122 123 124 122 118 123 125 118 113 125 113 121 125 121 46 125 46 47 126 19 18 126 18 122 126 122 124 126 127 128 126 124 127 129 125 47 129 118 125 129 123 118 130 124 123 130 123 129 130 47 48 130 129 47 131 128 132 131 20 19 131 19 126 131 126 128 133 132 128 133 124 130 133 130 48 133 48 49 133 128 127 133 127 124 134 135 136 134 21 20 134 131 132 134 132 135 134 20 131 137 136 135 137 135 132 137 133 49 137 49 50 137 132 133 138 134 136 138 136 139 138 139 140 138 22 21 138 21 134 141 136 137 141 139 136 141 140 139 141 50 51 141 137 50 142 138 140 142 140 143 142 143 63 142 23 22 142 63 64 142 64 23 142 22 138 144 143 140 144 52 63 144 63 143 144 51 52 144 141 51 144 140 141 145 26 25 145 27 26 145 25 67 145 67 57 145 57 27 146 59 58 146 68 60 146 60 59 147 28 29 147 29 30 147 30 68 147 58 28 147 68 146 147 146 58 148 80 72 148 71 70 148 72 71 149 70 62 149 74 31 149 62 74 149 148 70 149 80 148 150 31 32 150 149 31 150 32 80 150 80 149 151 9 8 151 8 81 151 84 9 151 81 84 152 10 9 152 9 84 152 84 85 152 85 86 152 86 10 153 82 79 153 89 82 153 35 89 154 153 79 154 34 35 154 83 34 154 79 83 154 35 153 155 87 85 155 92 87 155 85 89 155 37 92 156 155 89 156 36 37 156 89 36 156 37 155 157 95 91 157 92 38 157 88 92 157 91 88 157 38 95 158 13 12 158 98 13 158 12 96 158 96 98 159 112 16 159 16 15 159 110 112 159 15 110 
603 1155 1 0.171194674236409
25 -3 -9 25.0338217057824 -3 -12.4798845675535 25.0666907502038 -3 -14.6022876776042 25.0648882235759 -3 -15.792741734832 25.0065566754913 -3 -16.9722035751195 24.8914271400411 -3 -17.7129615687521 24.7560593579956 -3 -18.1395371807128 24.6365570938588 -3 -18.3730224623856 24.5034930467197 -3 -18.5524002932898 24.3638444040072 -3 -18.68512056593 24.2040482448487 -3 -18.7920071365624 24.0228477087234 -3 -18.8743854217361 23.8189859351103 -3 -18.9335808380007 23.5912060634883 -3 -18.9709188019056 23.2481212862386 -3 -18.9889931157489 22.6430605373782 -3 -18.9545369974019 21.6049767634177 -3 -18.8019080304993 18.9375284088034 -3 -18.276163462884 15.8760237512791 -3 -17.7116411896623 13.0602816363112 -3 -17.2919289511145 10.3020290138116 -3 -16.975696696926 7.46379754065516 -3 -16.7409470206373 4.50118899895295 -3 -16.58454029357 2.32425832160762 -3 -16.5219759192318 -1.83697019872103e-16 -3 -16.5 20 20.5734285148067 -9.48333109150404 20.0457964227505 21.832535271887 -14.1823814810811 20.0465906773126 22.4064667628421 -16.3243229653892 19.9823189780942 22.7024867893946 -17.4290847445411 19.8652007127362 22.8853777978108 -18.1116432801976 19.7469473745132 22.9782175312505 -18.4581258823558 19.633751318515 23.0339371232659 -18.6660742307341 19.5217859067261 23.0718046132755 -18.807397627405 19.4027594273502 23.1002857689924 -18.9136907475989 19.2680388329817 23.1227559664794 -18.9975506662766 19.1167183939143 23.1395242140472 -19.0601306181534 18.9478923804415 23.1508995200063 -19.1025838379446 18.7606550628571 23.1571908926675 -19.1260635603654 18.4808000409301 23.1582051373015 -19.1298487728707 17.9919310190572 23.1454123529425 -19.0821054516725 17.088842165686 23.0989089675417 -18.9085524546331 14.5811994323673 22.9381271534321 -18.3085065554428 12.59455011707 22.8224602223619 -17.8768316919334 10.3409178343188 22.7150064667068 -17.4758088163646 8.12714675809388 22.6340765378593 -17.1737742100527 5.84894921483422 22.5742962073192 -16.9506709791838 3.47152719597139 22.5348684633564 -16.8035246354869 1.79033136085415 22.5198391792924 -16.7474345837585 1.37861988708594e-15 22.5145713530756 -16.7277747886721 19.8826782517101 19.8559318704752 -18.9727488259169 20.1419394363673 19.4632632624408 -18.8405772821857 19.8741533669857 20.9119477034413 -18.8467693750995 19.9624836244318 18.7792222371434 -19.0191473869196 20.0699514097056 18.7690642421724 -18.9733877378359 19.8510150092874 18.7869160929122 -19.0538066027475 16.451696366154 11.5990071316052 -18.2926094548064 15.3974329938808 9.94188829189016 -18.0160834691184 16.7295770206321 9.9781987090033 -18.2918884692403 17.0465407962162 11.6183830613 -18.4231480650063 17.312913250747 13.2615307975575 -18.547733547571 12.5930567422878 7.72638089596513 -17.4661527301088 14.7065017590234 8.30441059476116 -17.8331395493791 13.0118215290864 9.88510182307851 -17.5847474150952 19.4029220490246 18.0720530134499 -19.1028078715183 19.1478254566393 17.3394274239896 -19.0698046720875 19.7023660896359 16.6189980471538 -19.0958169127283 19.9228666901737 16.6180312469635 -19.0909636222672 20.0253424248349 16.6162236679985 -19.0818896627907 19.8152480091829 16.6189463835056 -19.0955575636987 19.6030242763646 18.7965136759888 -19.0970417131099 18.4686193828638 15.491944671986 -18.8923285299563 19.177264744581 14.4217640564503 -18.9856598543566 19.4765154255514 15.5236965677662 -19.0613434731089 18.8332759936863 16.6003294332272 -19.0021013686036 18.3469387587256 13.8463050940056 -18.8010645325036 19.2695834937247 18.2527597691374 -19.099413725144 18.8476642818609 17.6959791168802 -19.0402141940395 19.5721843876279 20.2402448206298 -19.0655120871039 19.7312884086669 18.7926544730779 -19.0796568087614 19.3587983784336 19.887337002785 -19.1072886772444 19.4328659923847 20.9669375885918 -19.0713093841112 18.8237259037161 20.9779120863092 -19.1161215129165 18.9558896958636 18.672144050848 -19.0815269599794 18.2718777113569 19.5012764775343 -19.0061335298214 18.9995815963132 19.1592348049576 -19.0965787460878 18.3288013628762 17.1289900789676 -18.928067401163 17.7043872913736 16.5544170016879 -18.7716231702378 19.3283355743084 21.6913820563792 -19.068097042275 18.9423535388199 19.765565322215 -19.1037196069902 10.4306771525914 8.76535624060607 -17.1950468469693 10.4907910127486 9.83747030387618 -17.2229501072189 7.96351207377494 9.80187071462102 -16.9525443807227 8.95131473079155 8.21115950496203 -17.0218859022738 10.3990358459594 8.22946593258254 -17.1811457694196 18.0246041970561 18.0289036961195 -18.9015305952089 19.0035755623176 22.0662808442773 -19.1160923393803 18.2983285687856 21.6948746598653 -19.0819254032083 18.5761520999791 20.243079104358 -19.0774586319067 18.4517289993262 20.9694599375718 -19.0816088830306 4.89029510707338 6.5793902635086 -16.7016358103204 2.34961500929705 6.57051809377532 -16.6113920362318 6.13626952615103 4.98812230234131 -16.7524455618503 7.21708641721419 6.59362628925987 -16.8464383479678 15.2590564074322 14.8142985431379 -18.1550641914529 16.2077275470969 14.8521569044692 -18.3628414629799 15.0290950332889 16.4334015481389 -18.1641314131416 10.930797298079 11.4535115781274 -17.3123835951736 3.91116756855148 8.17128311306486 -16.6749744781857 5.34627718853947 9.7766716046601 -16.7611381376 3.01256900428622 9.76325426327545 -16.6592233115957 11.6374118958182 13.0798600486005 -17.4485759582973 8.66945392892318 13.0174267300536 -17.0708373498622 17.7208872595531 22.4017201060419 -19.0111085529232 1.94289268480629 8.16470856541396 -16.6177780875447 1.45633783018862 16.1382304483303 -16.6823866870907 0.801705200314784 6.56825598118735 -16.5883828306498 14.7353684069129 18.0494269810943 -18.1592690681206 15.664718992148 18.0943674162461 -18.3670590187667 10.7825332202473 15.2062922621345 -17.3718043336458 10.4564522621674 16.2710007317478 -17.3488871248292 9.2826525786063 16.2405145182138 -17.195847798992 9.60718820259016 14.6412821450084 -17.2055018261368 8.08584585169732 16.2138768163709 -17.0621278167671 10.9460579869835 14.6737031355517 -17.3834372865847 13.4785480303906 19.6173852728763 -17.9508131926227 13.2845751039995 18.5258339461695 -17.8776859754971 14.5091885836241 21.2998295407636 -18.2292750849598 13.1829166355551 20.6864653886627 -17.9260582142408 11.336427343183 21.1417093767622 -17.598433972521 4.24878166191827 17.7533269679712 -16.7901989444018 4.37792401828258 16.1575819420606 -16.7795302549901 5.63904846974516 16.1725049999783 -16.8544432880765 6.87757666511444 16.1913240699889 -16.9489141145071 3.40308011481483 17.7450022608308 -16.751708207051 5.15736482435838 19.3629632351651 -16.860867040175 3.27011220626328 16.1478245299787 -16.7305485155796 2.27830209168905 19.3323112173356 -16.7295535376241 2.65996928429002 20.9306065718904 -16.7562116721254 2.37006977777331 21.4601994572123 -16.7523519546192 24.8489874508321 -2.25281417544898 -10.3139248245463 24.3810450087841 -0.00761151832129769 -10.467275030922 24.7056823238983 -1.48637902756009 -11.515089005084 24.8904128613017 -2.22902660640797 -13.2518526236818 24.7452418411917 -1.4466589101892 -13.965327732701 24.5630632053332 -0.70757430222552 -12.4310908658058 24.4206360331334 0.083611608829532 -13.2749380614297 24.2366732712317 0.784311841258077 -11.5588269820921 24.0952447776205 1.5894622446319 -12.5599588334495 24.9638738954328 -2.47373679966484 -15.5243017247533 24.8414965562038 -1.93894402584591 -16.3195583738184 24.8084753196826 -1.68811098550841 -15.2533655148427 24.5399871265952 -0.357530640123047 -15.9582959137973 24.6515488747734 -0.905842649140961 -15.0369000769524 24.4422900715911 0.138379154129263 -14.9605721436232 23.921265628329 2.28624659708882 -11.377028282164 23.7527397051419 2.95526101303421 -10.0693959418838 23.7702680981107 3.0677384766655 -11.7929061948256 24.273154376765 0.877259989806761 -13.844984166226 24.1738394946689 1.41059431037766 -14.206584608449 24.2326623790371 1.21038242832422 -15.568775302081 23.9205401447681 2.76328491207419 -15.150307069935 24.0135549849443 2.17477129202542 -13.9553999333877 23.8053194709563 3.21232229410446 -14.0083872673933 23.33638906529 5.5477991805516 -14.103002325037 23.3956292009865 5.43314625713649 -15.7541573766234 23.606297180231 4.31751386509295 -14.9370366622591 23.156175078791 6.17710019767299 -12.6097197502407 23.1874508129514 6.39288142702679 -14.8045506765837 23.4813280627063 4.708765030198 -13.3352920742086 23.6480169088018 3.94629746977786 -17.0719532856408 23.9294702423999 2.66857078289966 -16.5275990849478 23.5807088771961 4.44144210584927 -16.5623964686843 23.7337806794757 3.42307459859601 -17.2377787018677 23.6738102453203 -0.823013509707369 -18.8663220513867 23.8758850518106 -1.9115132874696 -18.8595686772588 23.8923429443928 -0.825592998138006 -18.7470651117803 23.4565465814632 0.265703779298999 -18.8793661394838 23.4186686270528 -0.821281407523328 -18.9464019630082 23.552095820617 -1.54752453506514 -18.9421293274434 23.2734777362795 -0.0949596390224059 -18.9532737834965 23.3568360049506 5.38216312324075 -17.212213474386 23.2718162696978 6.0279588664085 -16.4895796583727 23.1248254202883 6.6202977036823 -17.1177281417972 23.1002028143679 6.32413649902506 -17.7504339441587 22.7176040907869 8.74392348715077 -14.8545536809047 22.8663339669043 7.87737421735619 -14.1180642686217 22.5415830204364 9.32992454927956 -13.3677573543454 22.3965934263975 10.2094471171571 -14.156084836486 22.2475335563076 11.0916488785979 -14.8744590865775 22.5622586348514 9.61336656787231 -15.5207132327904 22.2173584582381 10.7651376826732 -12.674703079918 20.9501655464612 -1.82240738820565 -18.7232249515607 22.0733911429073 -2.27401976969558 -18.902323191509 20.6603288078777 -2.1852936808918 -18.6531686383621 19.611142759029 -1.37360735991047 -18.4717025737939 22.3770839864174 10.5920916199463 -16.2591758681583 22.2723521831867 10.9217073866871 -17.3327155847416 22.5345549524631 9.76392041282432 -16.6642832197712 22.1737192539681 11.5694617024501 -16.8980414805048 21.1646357006903 -1.00585577101272 -18.7933224892433 21.291107724608 0.628244443309235 -18.8726823206663 20.1681788724852 0.258154970003877 -18.6470290836928 22.3761376507935 -0.820612121117257 -18.9773449389721 22.4659079048261 -1.54712353682667 -18.9699646229724 22.6469493102008 8.65723942991953 -17.7847944532249 22.8009254325579 7.76960446707166 -17.8612695699259 22.687682350639 8.78087983834347 -17.323865473943 22.3865153399641 9.92344064859756 -17.8759597067086 22.5746238948499 8.52247259708731 -18.1651362967669 22.3570824809763 9.49388271584555 -18.2600016870658 21.7258540932793 13.7164495610331 -14.990827348586 21.9264137818928 12.5365119216235 -14.1611715697908 21.6030573231485 13.962103288893 -13.4779783771582 21.3071791152943 15.7800859155174 -14.8845183557957 21.5167770686272 14.8979188044544 -15.7303362846061 21.7102755764611 13.9766060878738 -16.4643285409821 21.9331652604002 12.8154657340652 -15.8489182310583 22.0597684613555 12.2013090334398 -16.4043222398183 21.8115687339248 13.4411872098921 -16.7762866342443 21.8601205444393 13.1705124886269 -16.92344111852 21.9923403961738 12.4744980223903 -17.0099411286741 17.8404185184869 -2.18985917811413 -18.0892984428313 16.6581759115494 -1.38296173982637 -17.8946533236932 22.1645367090427 11.1668941405202 -17.7951161829037 22.0265978438055 11.4020201970257 -18.1771282205586 22.1747627385241 10.4546373838577 -18.2640275242416 21.9747888447752 12.0754532539272 -17.8789985101224 22.1628636350041 8.59457403738171 -18.7824457517094 22.2363028009182 9.05798194384213 -18.6234569176447 22.0278420225021 9.31922329406584 -18.7865830050415 22.3269969476156 8.57567211145121 -18.6206135116615 21.9687358691147 8.60875874757222 -18.9038907003882 22.2606520135297 7.39574295273455 -18.8609445600517 22.5083836082492 7.61105008262622 -18.614926985298 18.5267994599972 -0.56518531063576 -18.2805990519483 17.3439944814375 0.239555739874909 -18.0745824634113 19.1563540229004 1.06528546027887 -18.4696677864147 20.6901668502902 1.35015683389098 -18.7906546490765 18.0442357415354 1.86834443288868 -18.2700061369231 21.0993887507724 16.8599937413603 -15.0702744407259 20.8845946400024 18.1453496497904 -16.1636835632325 21.2027113860545 16.4934972520075 -15.8264052589074 20.9866729287346 17.1968336979606 -14.2171551205052 19.092788102938 2.42200177375454 -18.5079325240706 19.9851975118452 2.97631029409842 -18.7138262813637 18.6379776086441 3.50242378698803 -18.4536590688411 14.2999022871923 -2.19476248602044 -17.4837063127217 15.4232456782239 -1.38642784881186 -17.6808373777057 20.1646341970264 20.2992129687334 -11.2517674128626 20.3148224155675 19.3311840831359 -10.3751060842491 20.3397386020344 19.9401865762533 -12.8048013268665 21.5066350232481 14.7195252917225 -17.6349220907295 21.2827185999807 15.3550208948358 -18.1634849808493 21.4301509940239 14.4137279169151 -18.2607343560308 21.2543307874148 15.6881538923233 -18.0262350316485 21.7267727733662 13.4880888292246 -17.7524595663248 21.7362973684147 13.7457927432876 -17.1721255056794 21.4732395009727 15.13738461012 -17.0050097658934 20.8375740353815 18.1406587056099 -14.9698223300264 20.6819487387372 19.0798947402928 -15.6481992239719 20.6630243824865 18.575883879155 -13.4890124497802 21.3795822185002 15.4211781258324 -17.5650049831009 21.2195353638649 16.2960904969305 -17.4748365394615 21.1832258353493 16.3444775667563 -17.7177373030187 12.825369790033 -1.92853160568092 -17.2837196056456 20.5169290139609 19.5293013340345 -14.2551439908083 20.3672667889206 20.4790012482348 -14.9544730604982 12.7083809022723 -1.39293114265321 -17.2796647860348 13.3925138574914 -0.855078894374079 -17.3838499467498 14.6517098905378 0.224087129614469 -17.5984899798709 20.4075824623085 7.61769870156477 -18.9598319144874 20.4676476755104 5.70821120658923 -18.9062524520286 21.0828048260076 6.80755477833504 -19.0224240222272 19.3903740781533 6.77974451407983 -18.739550353188 19.6588143994947 8.42204599932279 -18.856528672068 11.3487324788437 -2.19787377462799 -17.0994408471967 9.51798598442772 -1.39866017423919 -16.926254574966 9.77961552425217 -1.93221816902241 -16.9423540637048 20.5211648549914 8.34758950796265 -18.9980412600736 19.8618108056425 10.065163130428 -18.9524488309379 21.2243540609919 8.26280230237628 -19.0505337699134 16.9091541913809 2.6680912870046 -18.0711441744012 15.3284442706757 1.84318390118227 -17.7548501596906 15.6813942686561 3.46400909801025 -17.8650246155091 20.5802849325143 9.16753562953885 -19.0264270277797 21.2719083502184 8.98892376122051 -19.0502650462978 20.5918165565753 10.0776184777107 -19.0470565862859 12.2884762271854 -0.590461585682657 -17.2422197773202 20.4723869162758 20.1582839499168 -15.7693367609893 20.5634298222913 19.8032093565273 -16.4799540415472 18.5269630001108 5.94579564908598 -18.5240313385904 19.0517290154203 5.13951552993236 -18.6043175095497 17.4932136802424 5.11250472868198 -18.2739160383849 12.4065475853862 0.213538547467783 -17.2738259934176 11.5015038779031 -0.325249197065437 -17.1514147962673 9.84562919733315 0.204069734094844 -16.9823951021479 16.6423205267822 4.28688252525049 -18.0730895140967 14.82539450593 5.07046400362355 -17.7596655620891 20.3141579546532 20.989669358595 -15.9427491739909 20.2389856066098 21.4662173041609 -16.7758217858418 12.6449688333869 1.28670712621822 -17.3281028900843 13.0845196616548 3.43614838489986 -17.4381104306603 20.2118721342076 21.4473923474959 -15.6799352054667 17.8360629371302 6.74704769055394 -18.4069727713349 16.2755410743429 6.71513303619303 -18.082351067192 18.1258329938398 8.38485252475032 -18.5329577415789 11.5701479657739 1.81611076053565 -17.2005339636221 10.4404878598222 3.41397939136449 -17.0984113796499 8.13460353761654 1.79915985542711 -16.8534681627853 17.2695334084116 7.54911018878528 -18.3165401302161 13.9929281376488 4.25193640030634 -17.5976139620187 12.6027635878572 5.57830090203174 -17.4175508488082 7.7602947879322 0.198240583872398 -16.8029856684878 7.97003681739344 -1.40074734177641 -16.7975022179942 5.48695098810779 0.193654734406756 -16.6618425131247 15.5851923500961 5.89159844481911 -17.9219973220583 20.2107953248301 14.1969496089147 -19.0828659455203 19.7909709845696 13.8898160649283 -19.0556409510864 20.334899033225 13.3492331626235 -19.0783567806067 20.7364582830447 13.7049377854452 -19.0353126439558 2.05456389430002 -2.20252941786346 -16.5244370012483 3.96858088701275 -1.40425534931729 -16.5811016506651 0.845040616548014 0.189418660395784 -16.5314647375916 20.1484872029453 14.6207917418238 -19.0850349299161 19.3148953760382 12.5112013317802 -18.9427411948367 18.7327656945669 13.3132442828843 -18.860614240754 19.8323156691853 13.3440280939987 -19.0468646955325 18.6662217314249 11.6715825725489 -18.7815613319381 6.85507881519156 0.995368299644127 -16.7499819015945 6.66615775225489 1.79398375019787 -16.747488623929 9.32869796472315 2.6052960656596 -16.9702817026597 7.7571708922751 3.39746552855483 -16.8453668056592 8.00834162273581 2.33200324778274 -16.8506885639633 14.4635870518686 6.68171626988812 -17.7424505468177 12.363797780902 6.64878400187065 -17.407478128059 4.44517554352608 0.724179828875952 -16.6203403802423 3.91424168300201 0.989391658294004 -16.6029801401509 15.7851602850015 9.13991694214863 -18.0664227581029 13.5994580323716 7.47461895063967 -17.6178866741582 11.377343015799 5.83162928696129 -17.2558472233299 10.3089413821551 5.01752773804624 -17.1121386759896 3.50843660752678 1.78664561644899 -16.5972420589286 1.62767169256375 3.37941014944342 -16.5687013296197 2.69769062178593 3.38077799597596 -16.5896610618823 4.7347491298696 2.58713528032192 -16.6519051350262 6.37687966106459 3.39113657777138 -16.7483872755963 4.9679121304854 3.38609046590537 -16.671064892447 8.33462752169368 4.73460651144058 -16.9115969865756 10.3528076670211 4.48300924258511 -17.10756319506 8.31721302578168 5.0013246622749 -16.9139394436669 10.072771481442 6.08502680177441 -17.1046366035381 19.6728890301102 20.9454354269078 -18.9835096812189 9.95526649237368 6.61864956428108 -17.1009639990608 19.6177504040948 21.3067307730617 -18.9794739987916 19.5612489575539 21.1949872809287 -19.0159089257764 17.345143146067 14.3535714134598 -18.5994233759587 10.1068919824851 7.15531301268812 -17.1274284379652 4.48127962649909 4.18284172591156 -16.6575146375296 14.6356576120797 11.5436178433589 -17.9194433243792 11.782193007856 9.32346873991055 -17.3843625072514 8.88287898353779 7.4089958799153 -17.002407776236 16.3292234859019 14.0408520454044 -18.3584865551307 17.0183476829071 15.7041197176852 -18.5804843126844 13.6021587692503 11.5152704839805 -17.7284628163785 14.2504471778561 12.3431122018689 -17.8710658718921 14.6112788109673 13.1654775750868 -17.9665853492009 6.77858486032576 7.65655564382497 -16.8278636610023 6.55972502975344 8.18784857517461 -16.8190885210507 16.7374047342072 17.3289891173967 -18.5829500391472 7.202137424742 8.99329563671466 -16.8771898780183 13.6081172980977 13.9437753132892 -17.7997230396917 9.5194913753888 10.6248434187948 -17.1225132308742 17.1555465680966 18.8992679035457 -18.7457066472661 6.15739182328102 8.71755723385981 -16.7983989484653 17.5201373872294 20.4709519805437 -18.8936053568008 16.696328325963 21.4296038942196 -18.747026872135 16.1941352683757 19.758956089431 -18.5573037631359 17.6531743723391 21.2092701650413 -18.9516616940294 12.7681611089573 14.1872818711567 -17.6575756282114 14.0992882642754 15.5827155833053 -17.9438489585226 13.2854871359935 14.7430863501792 -17.7642317668029 12.846949252902 16.3471585479184 -17.7311956995221 21.252451315127 14.8657830391026 -10.2947618856703 22.5094579882922 9.02670620039506 -11.0645853337522 17.2480346263435 21.9189249251453 -18.8942730844803 15.5151606635286 18.9039964085061 -18.364806014203 13.8481969609675 17.1967189631028 -17.9462163659479 11.3928154078566 17.9125115027026 -17.5262164418688 11.941304494669 15.5084721854547 -17.5545214275758 11.8610300590072 15.7751032493383 -17.5482629377068 7.97098044552826 13.8071181898392 -17.0131389319973 6.15736842360199 12.9810711694028 -16.8508762904677 22.6691233087955 3.53544722665996 -18.9596825425616 22.9832774619981 1.35779686206029 -18.9667616328219 23.1201647997822 1.35632911372963 -18.9329292010975 22.5661655077395 3.53696878397706 -18.9829976098809 22.8360072343185 1.35885059771983 -18.9910508375938 22.4574384616684 3.5381431416619 -19.000992481432 15.6949986095085 22.1891843760249 -18.5407944320818 10.3853497885508 17.0741282696351 -17.3560785304824 11.6616194211234 18.9993176863695 -17.5975863289388 9.85771305080805 19.4732514231683 -17.3333425664933 11.7892990958445 19.5433192589448 -17.6335137651123 5.97409571253462 18.5765388579092 -16.9084217201756 7.54650354356381 19.4089489291303 -17.0578701404409 9.79391872083679 21.8870273761877 -17.3754696407318 4.32218322074339 21.7476177431319 -16.8378104051674 23.8925334710971 2.63072374625872 -12.9328048334215 23.5621262070912 4.07199391205595 -17.5839673121117 23.6947654717055 3.44104973780628 -17.5132146490056 23.6631151113313 3.45220402974122 -17.6841336570764 23.629728452275 3.46184735232131 -17.8318998388752 23.4440621871187 4.19226464784218 -18.0083249940179 22.9523820509176 7.66677459320931 -15.7188254989795 23.1687064494065 6.55619971895416 -16.4657518803824 23.4135724732182 4.79244089951528 -17.6436957714965 23.1134400588403 5.52938977281108 -18.2329162611832 23.3267401708214 4.56262919995647 -18.1518052315073 22.6378786025902 9.25978832963794 -15.8349875436407 22.1609354837253 11.6508255922686 -15.6910054193537 19.8561475935525 -2.59335356210902 -18.4760904726734 20.1050373747743 21.0869714415532 -12.8210759508332 20.0709919694227 12.2097240042037 -19.0451562723737 20.8874234897356 11.1686811950208 -19.0618627482745 20.7038197380482 11.8956618428921 -19.068377402066 20.3573341460833 15.2518118956516 -19.0626682467319 20.2153462240755 16.6098153046832 -19.0497199871308 20.1227955053933 16.6134946770815 -19.0681902596263 20.5156445987858 15.8738605905674 -18.9952693970302 17.9473505316525 14.9241776322008 -18.7581113525157 7.88050443658533 11.8029345757259 -16.9744770363042 16.4461159213942 22.647436672689 -18.7405126621321 8.28301685840877 17.8223039693489 -17.1091261569129 8.72642757954462 20.6442840578857 -17.2094529907488 5.97101202115792 20.5764554559771 -16.9341039146455 22.8371798350551 8.22886303518201 -16.5984621594316 22.0478919423365 12.1052228936518 -14.9691646645579 20.6699728631268 14.8925587320169 -18.9991992751727 21.0371374323254 14.0433235683706 -18.893999508653 20.9484739739178 14.5267179924182 -18.8961829833883 20.6981301108269 15.5012690107274 -18.9419618681743 6.6619443797092 10.7875954401532 -16.8595170469581 5.87930089160555 12.3784016096888 -16.8244477897417 3.72909604201616 12.958832003492 -16.7163232700704 7.09315593463125 21.6022183666973 -17.0467681949188 4.90945276913143 10.2726563463427 -16.7428117241288 4.50379471219885 11.0682870346612 -16.731040652831 20.3099333826145 16.604740707743 -19.024245754532 24.0145244476917 2.29227710693352 -16.1191665054644 23.8114554622397 3.33361803792331 -15.8670214449499 23.5395234993006 2.4223051739685 -18.5135193730402 23.6896660184783 1.34081312587467 -18.5752768783035 23.6967134024377 2.05384334861744 -18.3736183275138 23.4149015816243 4.19866508725353 -18.0965081962529 23.3015264769478 4.56745822874152 -18.2151395388723 23.2881442076543 2.79523607362566 -18.7132102439858 22.7879049640717 -0.82011294032449 -19.0004234583206 23.2769615774792 4.57174739379336 -18.2713933550795 23.2792526173072 3.51137131599372 -18.5907634938695 23.1432197695311 4.23484817218541 -18.5950271401825 22.8711503966203 5.68179657224363 -18.6035550745363 22.8091056448002 4.61400167326734 -18.8255721854037 22.7689226511487 4.61577493081926 -18.8488290438384 22.742702275481 4.25645857527132 -18.892768345626 22.7274693041548 4.61743345442207 -18.8705811286382 22.6831397570319 4.25822712652508 -18.9171348778045 22.6847271109487 4.61897880742299 -18.8908489436181 22.6211955064809 4.2598107845086 -18.9389540097823 22.3427929183954 3.53898101980965 -19.0138314229563 22.0389971536913 6.4422751496475 -18.9989035430932 22.2220796257335 3.53949313851549 -19.0216787001952 20.7656195425436 3.530404048554 -18.882405113889 21.1219631740853 2.44358105734515 -18.905296114283 21.5464299293631 2.81048698866863 -18.9763649717916 21.1316371856114 16.8979577494455 -16.9348723193564 21.2968311313564 16.0740773488585 -16.3603412129106 21.0786466537538 17.188396410607 -16.6297979083773 21.150931497218 16.3778111744843 -17.8850704107763 21.222263539765 15.7097774096583 -18.1390685029028 21.2520040943082 15.3718439214731 -18.2530337407232 21.2274100112744 15.3838262058368 -18.3168152901649 20.979913189429 15.8068591944656 -18.6456500458434 21.2488259677225 14.3610069943605 -18.6415377809148 20.8087431944086 15.4888546359584 -18.8758803069222 21.0886597386199 12.2489295250624 -19.0051785123005 20.6223827012157 15.8648953862264 -18.9484881490666 20.7711203541789 15.4934890530046 -18.9005492507558 20.7351691840954 15.4975080891291 -18.9219425296586 20.5690060544745 15.869700786003 -18.9735631601832 20.6005972436016 17.2792574904535 -18.7788249170214 20.8454164696027 16.5297314092827 -18.6477026835115 20.6909973496627 17.5991229661373 -18.5802622685074 20.4454099258637 18.6969891106352 -18.648704300189 20.7006026829427 17.9297604378532 -18.4390601270093 24.3648948784136 0.524938011906876 -16.0124359871144 24.6065766158215 -0.867884851189068 -16.7917948708873 24.7624029973781 -1.92847160676404 -17.2892753389615 23.4520944771099 4.5509374677447 -11.4047140679678 24.62143113398 -1.56549558567929 -17.6946687233512 24.5891231077881 -1.92030336949555 -18.0456314580814 24.2621582853738 -0.834741783257023 -18.324091276561 24.4863208449412 -0.84855592924845 -17.685424805083 24.3583988746631 0.211525325056057 -17.2118630864867 24.2532198079998 0.911851620835025 -16.8817813705741 24.0953031664212 1.29772896032585 -17.5821624193193 24.3563366256754 -0.132535189818764 -17.6515936803626 24.0357347213624 1.30934050829353 -17.8498151875927 24.025774655297 1.98920346459857 -17.0977031858274 24.1987737302873 0.236900283594629 -17.9928528992083 23.9802012062865 1.317411055968 -18.0358458901801 22.8319175743595 7.61811505309061 -11.8625952654283 24.0966063043469 -0.82955619296729 -18.5638355687474 23.9609654850986 -0.106091464830463 -18.5676486666637 23.9888019483886 0.608710853827207 -18.3318556079568 23.8928762876504 0.852610896289802 -18.4195247913657 23.852116606981 1.33042129110517 -18.3357391912321 23.6757794781914 2.76124331237077 -18.1266647278514 23.6503594507249 0.86345339379575 -18.7008696552757 23.6235815504731 0.623980995479728 -18.7546401924357 23.6382058752674 2.64936740188699 -18.2695038637641 23.6068045032911 2.94642689593826 -18.2139325014085 23.2470292373509 1.35443041233052 -18.8891630566514 23.4891900316457 1.34875876478146 -18.758428362931 21.8935712300789 12.16812519438 -11.9323313775083 23.3625453920579 3.85775641671985 -18.3701191450918 22.6417663574446 0.269845602088967 -19.0068430533927 21.5715259548965 13.5360029132912 -11.1394203855878 21.2785462993926 15.3528331987936 -12.7397302647301 22.9990461110004 3.1663896376587 -18.8606425694357 23.0281820238702 3.88495708762968 -18.7647940662499 23.0194078182018 6.01043560624853 -18.2417592194181 22.9516107449919 6.59938107146749 -18.124673082129 22.2402629539706 0.390374637486664 -18.9904020693659 22.8652043863148 6.73505470797744 -18.2849854736592 22.1711820216301 0.995911185677159 -18.9965554218946 22.7691905656109 7.33153371669248 -18.2462995581619 22.2344692706917 2.08636357534795 -19.0155292827444 22.7372507925138 7.10780502451302 -18.4068667826546 21.9649847020146 1.60097267746593 -18.9915893326225 22.4795867085155 9.85181615707742 -17.3319176806727 22.5899977000348 5.58284878798875 -18.8542550244375 22.5005341350167 6.06638498255184 -18.8569680999056 21.9118581702041 3.17598331615052 -19.0163697239021 22.4057967150622 6.78940695501077 -18.8378324152687 22.2972482615297 6.67525721007823 -18.9062235953122 21.8746901939516 7.89238344110747 -18.9836210780288 21.563049445261 3.29540347545086 -18.9903300356613 20.955229061351 16.7177687257059 -12.0021145539195 20.6335972786299 18.0449076487619 -11.2143058065805 21.570032883545 3.53786408199756 -18.9967164053439 22.3265806808588 9.27370713248106 -18.4201639106705 22.2475532583197 9.97997473001661 -18.3053786881565 22.0549128750928 10.0225992439664 -18.6291440152937 21.9100291288328 12.8142897866448 -17.2787086833928 21.4083279273682 4.62771491002437 -19.0054258144461 21.2146393373901 4.26237555543296 -18.9742906013149 22.0542479519391 10.7172517357347 -18.4263045047475 21.7060894834091 7.05070234477653 -19.0335357985052 21.5996096816989 6.62780908966843 -19.0408697610862 21.8579347999122 9.57156721649969 -18.8731625033227 21.4774468499348 10.0708429399859 -18.9955912677462 21.5312550340372 7.35423601772293 -19.0429141831658 21.8758674863267 10.9867991339738 -18.6319056714803 21.8008066017943 10.0524950330789 -18.8562250783978 21.766325716296 12.6154284094342 -18.2684328637519 21.7863264940249 11.4688757975812 -18.6332848824701 21.4383624824398 11.5105488351429 -18.9176205783262 21.6745080514014 13.3148088605981 -18.1450909960314 21.6805122171926 10.5384714792863 -18.8776742656949 21.6356069128486 13.2226096354505 -18.3122498994939 19.6600395255336 4.60522324987118 -18.7104402633751 21.3503546871855 9.35073168396356 -19.040235230744 21.6072080405533 12.4329823363407 -18.6360400918057 21.5191667278248 13.9345575398225 -18.2645474278094 20.7353583042419 18.9328585776658 -16.5305435446077 21.0770460310249 10.0788238073192 -19.0562119736164 21.3609434139658 12.9413512770957 -18.8004757841213 21.0920384644652 10.8036992979915 -19.047780222661 21.2846407158456 12.7136000535693 -18.8857400052875 21.2058016321435 13.3144716519197 -18.8680401582327 20.9283392517112 17.8643404239918 -17.3034890465045 20.9487652993929 17.7138874472715 -17.432084112989 20.7452815573118 18.5210747111231 -17.8562466140631 21.0615559785986 13.4469068805634 -18.9383154924415 18.2237816703737 10.0213182790653 -18.6194141208775 21.046925466258 16.1240005726838 -18.4199907326883 20.4208527446521 20.5038674281913 -17.1804565899132 20.7594473578313 18.7452413836057 -17.2630912266479 20.9389826907065 16.9948688903048 -18.273459519372 20.688909682462 18.5744143814574 -18.096530705923 20.7506493426953 16.2024011184526 -18.8211782416774 20.4671306709649 19.9576680104981 -17.8744469552436 20.5820266634155 18.6424585323829 -18.4030554165005 20.4747294620118 16.9473542090347 -18.9255865660187 20.4456599303791 19.36342875586 -18.4057751678829 20.172888038808 20.8052808509591 -18.4112169830171 20.174920512722 20.1427318544541 -18.6544935967258 20.3280671382801 20.676049010679 -17.8835250538254 20.1557474287369 21.7003312422273 -17.6888750190434 20.1745166536148 21.4120893869996 -17.9622859035106 20.275803498422 18.7388947894773 -18.8374806447228 20.2466408806302 19.2088889294631 -18.7826449382531 20.0396519595431 20.86556829348 -18.6573884898295 0 0 0 0.158507572783122 0 0.283047196523033 0 0.369851003160619 0 0.477888528337934 0 0.566782532515935 0 0.632616207706287 0 0.677053938459774 0 0.718199985453744 0 0.755231427748317 0 0.79226287004289 0 0.829294312337463 0 0.866325754632036 0 0.903357196926609 0 0.952732453319372 0 1.02679533790852 0 1.12972275217343 0 1.32366723183765 0 1.48621877935298 0 1.60644689269105 0 1.70727929338993 0 1.7987588154066 0 1.88436063366915 0 1.94218031683457 0 2 1 0 1 0.236289138461052 1 0.393815230768419 1 0.505791997114682 1 0.598779090008167 1 0.660579052583349 1 0.706929024514736 1 0.745554001124224 1 0.781317868355232 1 0.817081735586241 1 0.852845602817249 1 0.888609470048257 1 0.924373337279265 1 0.972058493587276 1 1.04358622804929 1 1.15087782974232 1 1.36550153391109 1 1.49239976910905 1 1.61168573654952 1 1.71215727964856 1 1.80339200614944 1 1.88879314825934 1 1.94439657412967 1 2 0.875 0.814029171192484 0.861111111111111 0.762877044207939 0.916666666666667 0.762116169155177 0.833333333333333 0.842099595075785 0.833333333333333 0.817303313795619 0.833333333333333 0.86594217322979 0.5625 1.34759496910115 0.5 1.42586015663204 0.5 1.34458438287437 0.5625 1.30695708222232 0.625 1.26932978157026 0.416666666666667 1.57937435464208 0.4375 1.47486762816674 0.5 1.54942333090005 0.805555555555555 0.968414104155156 0.777777777777778 1.02320087877251 0.75 0.961900126513581 0.75 0.926136259282573 0.75 0.908254325667069 0.75 0.944018192898077 0.833333333333333 0.913627329537801 0.708333333333333 1.13747588961492 0.666666666666667 1.0808765989637 0.708333333333333 1.02138836273864 0.75 1.07798765338987 0.645833333333333 1.17510319026698 0.8125 0.983739292219888 0.791666666666667 1.05385125490198 0.888888888888889 0.868888373726171 0.833333333333333 0.889784751383795 0.875 0.922274476011668 0.916666666666667 0.870361473974362 0.916666666666667 0.978606778793546 0.828703703703704 1.01789067698507 0.861111111111111 1.08619344651542 0.847222222222222 0.999910388026612 0.770833333333333 1.12396321758406 0.75 1.19407518026615 0.944444444444444 0.864522850255324 0.87037037037037 0.992809184948923 0.458333333333333 1.66576455115418 0.5 1.65948251496973 0.5 1.75545804752758 0.4375 1.72393516128125 0.4375 1.66890556924641 0.805555555555556 1.14013431339079 0.958333333333333 0.915726190805398 0.944444444444444 1.03603046244314 0.888888888888889 1.03240011265448 0.916666666666667 1.03225257964006 0.375 1.86250142850149 0.375 1.93661504941022 0.3125 1.82625314219099 0.375 1.78838780759276 0.6875 1.39512066578741 0.6875 1.33250531342091 0.75 1.39568084527156 0.5625 1.63503115165921 0.4375 1.89024568465975 0.5 1.84387631990929 0.5 1.91548673254696 0.625 1.59699128444099 0.625 1.72063897241836 0.972222222222222 1.09345414609273 0.4375 1.94717920784185 0.75 1.95774336627348 0.375 1.97887168313674 0.8125 1.40034995354659 0.8125 1.33773460118009 0.708333333333333 1.62571154939418 0.75 1.63558412575963 0.75 1.68581989730914 0.6875 1.67811154908899 0.75 1.73380766358807 0.6875 1.62077526121146 0.875 1.46427058700898 0.833333333333333 1.4831509080075 0.9375 1.38609406309884 0.916666666666667 1.47364698104234 0.9375 1.57057629301919 0.8125 1.86850165526001 0.75 1.86633473408432 0.75 1.82363416302936 0.75 1.77942502683851 0.8125 1.89630336819518 0.875 1.83486337011688 0.75 1.90213994040315 0.875 1.93086891213012 0.9375 1.91743168505844 0.958333333333333 1.92641998141552 0.03125 0.0544869781441984 0.125 0.0594403397936709 0.0625 0.108973956288397 0.03125 0.19985687912928 0.0625 0.241206185475437 0.09375 0.154169565358119 0.125 0.199365174427841 0.15625 0.109281633400631 0.1875 0.159122927007592 0.0208333333333333 0.34835316693739 0.0416666666666667 0.413659137351748 0.0520833333333333 0.327432661413592 0.104166666666667 0.381252080579733 0.0833333333333333 0.311229133027585 0.125 0.30503688961659 0.21875 0.0993749101016861 0.25 0.0396268931957806 0.25 0.118880679587342 0.15625 0.232079908312091 0.177083333333333 0.253983975407655 0.166666666666667 0.348845023807718 0.229166666666667 0.316437967035703 0.208333333333333 0.237780447021647 0.25 0.24022277607256 0.34375 0.24425407084889 0.333333333333333 0.359990398584281 0.291666666666667 0.30010658732842 0.375 0.158139517604714 0.375 0.289326994859143 0.3125 0.199181146838637 0.270833333333333 0.482443922969575 0.222222222222222 0.428874507344083 0.291666666666667 0.430653802309418 0.25 0.501317206034556 0.0833333333333333 0.819075327182355 0.0416666666666667 0.81878440109195 0.0833333333333333 0.771243047551865 0.125 0.822452206797307 0.0833333333333333 0.866907606812845 0.0555555555555556 0.866713656085908 0.111111111111111 0.86915885988948 0.326388888888889 0.496645598393795 0.354166666666667 0.422516680087867 0.375 0.485042961591454 0.361111111111111 0.562637394478171 0.46875 0.290896944443171 0.4375 0.243362675240615 0.5 0.197398355622087 0.53125 0.24390179768191 0.5625 0.290405239741732 0.5 0.338431213645726 0.5625 0.15795549001551 0.0451388888888889 1.16919383221543 0.0277777777777778 1.07400589014023 0.03125 1.19705226323203 0.0625 1.26438177429064 0.534722222222222 0.397952020784366 0.541666666666667 0.505406227982867 0.5 0.435851879553177 0.569444444444444 0.457472827923005 0.0763888888888889 1.13955110344193 0.138888888888889 1.10284720924213 0.125 1.20509631674362 0.0833333333333333 1.01403587320628 0.0555555555555556 1.01828902810703 0.451388888888889 0.565058993606445 0.416666666666667 0.576839069902391 0.458333333333333 0.506345474727784 0.5 0.576745638601857 0.444444444444444 0.623772512485106 0.481481481481481 0.639385849579167 0.666666666666667 0.296406971964486 0.625 0.242379265837738 0.6875 0.200075364132022 0.75 0.287360176053389 0.708333333333333 0.350434678091234 0.666666666666667 0.413509180129079 0.625 0.361606027803283 0.597222222222222 0.409539427863144 0.643518518518518 0.443620251266986 0.631944444444444 0.458675786835939 0.604166666666667 0.46828330210792 0.03125 1.38085164823584 0.0625 1.43803606463403 0.548611111111111 0.563963205737375 0.555555555555555 0.622520183491883 0.518518518518518 0.638968406581426 0.583333333333333 0.574960576412557 0.444444444444444 0.764666271533787 0.462962962962963 0.717680922672997 0.472222222222222 0.764635127766942 0.444444444444444 0.717701685184227 0.444444444444444 0.811630857883347 0.398148148148148 0.796027902044901 0.407407407407407 0.717743210206686 0.09375 1.32711756210286 0.125 1.38985334991508 0.15625 1.27012896617903 0.166666666666667 1.14725287726005 0.1875 1.33516161561445 0.791666666666667 0.299491436066983 0.833333333333333 0.38340139756419 0.770833333333333 0.356787633885433 0.8125 0.242195238248534 0.208333333333333 1.2600506375798 0.229166666666667 1.18493965954514 0.25 1.28046988131382 0.03125 1.55229850699705 0.0625 1.49815012130306 0.96875 0.0787937174185512 0.9375 0.0394428656065766 0.9375 0.157587434837102 0.6875 0.538913718852897 0.708333333333333 0.615692379026304 0.671296296296296 0.63365239627021 0.722222222222222 0.593200074706957 0.638888888888889 0.555745545868595 0.652777777777778 0.484627362998837 0.708333333333333 0.465412332454876 0.84375 0.291391470829719 0.875 0.340587703410904 0.875 0.197030300443679 0.715277777777778 0.529306203580916 0.75 0.517315484780672 0.75 0.548215466068263 0.0416666666666667 1.61141333689047 0.90625 0.242734360689828 0.9375 0.288438420935978 0.0625 1.61389655899018 0.0833333333333333 1.58417941203808 0.125 1.52474511813389 0.40625 1.07243687528132 0.333333333333333 1.10000023553838 0.375 1.00976541265066 0.375 1.18356218571259 0.4375 1.13510833791197 0.03125 1.66804494468417 0.0625 1.7296429966773 0.0416666666666667 1.72218842891484 0.434027777777778 1.04552398835571 0.5 1.08665449011136 0.430555555555556 0.955939638799437 0.21875 1.39560054180348 0.1875 1.48389423085531 0.25 1.45603946799251 0.465277777777778 1.0212970644554 0.458333333333333 0.929026751873824 0.5 0.999426915747897 0.09375 1.62719405740559 0.916666666666667 0.349226791089463 0.895833333333333 0.410015161242948 0.34375 1.26197654454311 0.3125 1.2320160335132 0.3125 1.34039090337363 0.125 1.61948370865602 0.104166666666667 1.65620347132978 0.125 1.71422229917814 0.28125 1.39821518568307 0.3125 1.48912351861449 0.947916666666667 0.362533672928842 0.958333333333333 0.436628924921706 0.166666666666667 1.60563417636919 0.25 1.57793511179555 0.96875 0.341126825852199 0.375 1.30223209383355 0.375 1.40031192543344 0.4375 1.26407328429348 0.1875 1.64607870548685 0.25 1.68338090417983 0.1875 1.76811000242169 0.40625 1.33219260486346 0.28125 1.53352931520502 0.333333333333333 1.58887828160725 0.125 1.78353069992084 0.0625 1.78005919702674 0.125 1.85283910066355 0.34375 1.44471772202397 0.657407407407407 0.949715273891696 0.645833333333333 1.01735860983559 0.625 0.953840620707483 0.638888888888889 0.873916838228967 0.03125 1.94875485437453 0.0625 1.89750970874906 0.125 1.97887168313674 0.673611111111111 0.947652600483803 0.59375 1.10113472207664 0.625 1.14680354494137 0.625 1.02427730831247 0.5625 1.17799213584081 0.15625 1.81047455154262 0.1875 1.81497376606532 0.21875 1.72574545330076 0.25 1.77710843146709 0.208333333333333 1.77110947877016 0.375 1.49733089597327 0.375 1.5943498665131 0.145833333333333 1.88222818328853 0.15625 1.89692272460103 0.46875 1.40972600552056 0.40625 1.53460874733992 0.34375 1.63875566310363 0.3125 1.68316145969416 0.1875 1.90755965796427 0.25 1.95774336627348 0.25 1.92883352469077 0.21875 1.87190364537804 0.25 1.82131756765795 0.25 1.86411847678922 0.302083333333333 1.75474387502352 0.291666666666667 1.68323460785605 0.3125 1.75470730094257 0.354166666666667 1.68863304460001 0.916666666666667 0.81623882156477 0.375 1.69136883705293 0.930555555555555 0.813319509705251 0.925925925925926 0.832333497794954 0.666666666666667 1.25380425184395 0.395833333333333 1.68388108111742 0.28125 1.87754333344088 0.5625 1.45681547005806 0.479166666666667 1.60759394102712 0.40625 1.72864668841958 0.65625 1.33222522367883 0.71875 1.26329024684353 0.5625 1.51142572053651 0.59375 1.47229312677107 0.625 1.44656897310985 0.416666666666667 1.80085621784459 0.4375 1.8070904229705 0.78125 1.26590489072312 0.46875 1.78390574059527 0.65625 1.4960559751142 0.53125 1.69524459959339 0.840277777777778 1.2099613352397 0.458333333333333 1.81935238861676 0.899305555555555 1.15076326996545 0.9375 1.21533309341547 0.875 1.27978835708862 0.927083333333333 1.12379283652776 0.666666666666667 1.53762907047995 0.71875 1.45801610789598 0.6875 1.50794796349943 0.75 1.52091155000455 0.75 0.0396268931957806 0.5 0.0792537863915612 0.954861111111111 1.1543936197541 0.84375 1.3400691553176 0.78125 1.46063075177557 0.8125 1.58483218346694 0.71875 1.570843405608 0.729166666666667 1.57331154969937 0.65625 1.74488111123145 0.625 1.8116506733739 0.25 0.85881345060082 0.166666666666667 0.87366136604275 0.166666666666667 0.848973737846368 0.25 0.877329171748107 0.166666666666667 0.898348994239132 0.25 0.895844892895393 0.96875 1.29041731366328 0.78125 1.63532604038804 0.854166666666667 1.56595186246842 0.875 1.64875281692933 0.875 1.55651170196916 0.84375 1.80714640425177 0.875 1.74579115324353 0.96875 1.64136678633388 0.96875 1.86041184560394 0.229166666666667 0.178330563304495 0.274305555555556 0.542640830299423 0.25 0.534234043629732 0.25 0.556452909006475 0.25 0.57702593250346 0.277777777777778 0.602837737629271 0.421875 0.355385577141656 0.375 0.419874209840141 0.302083333333333 0.549741668011533 0.328703703703704 0.639201079786273 0.291666666666667 0.626030151940669 0.484375 0.363374411998174 0.579861111111111 0.349972333802438 0.015625 1.26035974753484 0.984375 0.157541427939801 0.581597222222222 1.01890329953254 0.541666666666667 0.928087505128907 0.569444444444444 0.936671876988432 0.697916666666667 0.892608965406997 0.75 0.872490458436061 0.75 0.890372392051565 0.722222222222222 0.83756533033019 0.6875 1.19564007072943 0.578125 1.75344763648365 0.984375 1.2206475717028 0.8125 1.72123622231991 0.921875 1.6935789697887 0.921875 1.80310149942374 0.440104166666667 0.43086552593472 0.602430555555555 0.296175799820088 0.684606481481482 0.843182145595982 0.652777777777778 0.793993055750452 0.671296296296296 0.793755325784968 0.708333333333333 0.811161799469503 0.5390625 1.79866197819647 0.6015625 1.82217918489964 0.625 1.89091073331564 0.9609375 1.75762938953615 0.51953125 1.85707435537171 0.55078125 1.8688329587233 0.75 0.853177970131316 0.208333333333333 0.392653157998846 0.25 0.370769991053558 0.208333333333333 0.700656021076723 0.166666666666667 0.717327355402775 0.194444444444444 0.670560214436337 0.277777777777778 0.617101700587181 0.291666666666667 0.637139584629041 0.222222222222222 0.753375164251422 0.0833333333333333 0.962572166073825 0.291666666666667 0.647426096377533 0.25 0.71791969155214 0.277777777777778 0.717888547785296 0.333333333333333 0.717826260251606 0.291666666666667 0.788319855426213 0.291666666666667 0.797577715999856 0.277777777777778 0.817989627533511 0.291666666666667 0.8068355765735 0.277777777777778 0.830333441631702 0.291666666666667 0.816093437147143 0.277777777777778 0.842677255729893 0.25 0.91436061404268 0.361111111111111 0.877204596680727 0.25 0.932876335189966 0.25 1.10667310825189 0.208333333333333 1.08940943777647 0.222222222222222 1.0372317369143 0.777777777777778 0.456581889405208 0.75 0.40233783041703 0.791666666666667 0.426215091717477 0.75 0.571390452033956 0.722222222222222 0.611225063791385 0.708333333333333 0.6311423696701 0.708333333333333 0.642729862652946 0.722222222222222 0.712879231812403 0.666666666666667 0.714069273271936 0.708333333333333 0.783623621701626 0.583333333333333 0.856748094509917 0.722222222222222 0.813245900613104 0.708333333333333 0.793279865853999 0.708333333333333 0.802220832661751 0.722222222222222 0.825644041253187 0.777777777777778 0.74729057865363 0.75 0.712284211082636 0.791666666666667 0.694346882914788 0.833333333333333 0.70921164967302 0.805555555555555 0.663271250459999 0.138888888888889 0.385052439719437 0.0833333333333333 0.457467271542876 0.0416666666666667 0.512124902029406 0.3125 0.0988832054002476 0.0555555555555556 0.562844699121155 0.0416666666666667 0.615533412910295 0.0833333333333333 0.664284293304655 0.0833333333333333 0.560875782423765 0.125 0.501275405734005 0.152777777777778 0.465067989822285 0.166666666666667 0.545083539925133 0.111111111111111 0.555611701590888 0.166666666666667 0.581840675239746 0.194444444444444 0.486979023634608 0.125 0.604683916614894 0.166666666666667 0.610368601155565 0.4375 0.118696651998138 0.0833333333333333 0.71776367042826 0.111111111111111 0.717618232086432 0.138888888888889 0.663993416620998 0.148148148148148 0.681771396214924 0.166666666666667 0.66384797827917 0.222222222222222 0.623793073469899 0.148148148148148 0.753077232379731 0.138888888888889 0.770952170868209 0.217592592592593 0.649414056005507 0.229166666666667 0.638840976790092 0.166666666666667 0.824286109649986 0.166666666666667 0.770806732526381 0.625 0.118512624408934 0.263888888888889 0.667510696069661 0.125 0.956192433722706 0.6875 0.0790697588023572 0.75 0.157771462426306 0.236111111111111 0.806094307426121 0.263888888888889 0.767954659542826 0.347222222222222 0.640231827364889 0.37037037037037 0.619100908210723 0.12962962962963 1.00507735889585 0.375 0.647332665076999 0.152777777777778 1.00059810174063 0.398148148148148 0.639479280879701 0.194444444444444 0.967790365576718 0.388888888888889 0.670799386368356 0.175925925925926 1.01280931346519 0.5 0.506298759077517 0.328703703703704 0.797536190977397 0.347222222222222 0.797515428466167 0.236111111111111 0.985054036052135 0.375 0.788226424125679 0.37037037037037 0.817885814977362 0.416666666666667 0.858626587999751 0.240740740740741 1.02559372678539 0.8125 0.11832859681973 0.875 0.0788857312131532 0.25 1.01977472172093 0.472222222222222 0.670705955067822 0.5 0.647192518126197 0.5 0.717639397650537 0.615740740740741 0.497437383361478 0.291666666666667 1.01643828536417 0.277777777777778 1.04651655966008 0.527777777777778 0.67007979057121 0.384259259259259 0.915198865777048 0.368055555555556 0.943485004665696 0.481481481481481 0.795934470744367 0.5 0.858533156699217 0.395833333333333 0.934196000325208 0.537037037037037 0.716846036677515 0.5 0.788086277174877 0.601851851851852 0.637183344392125 0.555555555555555 0.716449356191003 0.555555555555555 0.810378528890123 0.62962962962963 0.614925131851029 0.518518518518518 0.795517027746626 0.625 0.644514924842247 0.291666666666667 1.1902350584261 0.472222222222222 0.905528886815622 0.592592592592593 0.715655995217981 0.652777777777778 0.634907409570266 0.861111111111111 0.415415138067791 0.5 0.928980036223557 0.611111111111111 0.76222390108103 0.527777777777778 0.90490272231901 0.601851851851852 0.793731965557326 0.625 0.785408683890927 0.8125 0.49564254954952 0.805555555555555 0.510825948393386 0.833333333333333 0.565070007381564 0.62962962962963 0.814911402003607 0.5 1.23727253078998 0.736111111111111 0.661754637437011 0.916666666666667 0.479442619074992 0.847222222222222 0.490242572724678 0.770833333333333 0.632868667474372 0.833333333333333 0.601119985550421 0.736111111111111 0.76276505584787 0.888888888888889 0.566179043829711 0.833333333333333 0.65516581761172 0.763888888888889 0.800234274392473 0.861111111111111 0.65478538008534 0.916666666666667 0.654024505032578 0.888888888888889 0.708450774620259 0.916666666666667 0.566733562053785 0.958333333333333 0.539110854541579 0.944444444444444 0.577415404705246 0.833333333333333 0.763257481734319 0.851851851851852 0.744988579362966 0.916666666666667 0.708070337093878 50 51 52 50 53 54 50 55 53 56 57 58 56 59 60 56 58 59 61 62 63 64 65 66 64 67 68 64 69 67 64 66 69 64 68 70 71 72 73 71 73 74 71 75 72 76 65 64 76 77 65 76 64 70 78 79 55 78 55 50 80 79 78 80 70 79 81 82 80 81 80 78 83 77 76 83 84 77 85 70 80 85 84 83 85 83 76 85 76 70 86 71 74 86 74 77 86 87 71 88 35 36 88 36 37 89 80 82 89 85 80 90 91 92 93 90 92 93 94 90 95 87 86 95 86 77 95 77 84 96 81 88 96 88 37 96 37 38 96 38 39 96 39 97 96 82 81 96 97 82 98 89 82 98 85 89 98 82 99 98 84 85 100 101 102 100 102 103 104 105 106 107 91 63 108 109 110 108 101 100 111 112 107 113 40 41 113 97 40 114 110 115 114 108 110 114 116 101 114 115 116 114 101 108 117 106 118 119 120 121 122 121 123 122 119 121 122 111 124 122 124 119 122 112 111 125 126 117 127 42 43 128 127 43 128 125 127 129 43 44 129 128 43 130 131 132 130 132 133 134 130 135 134 136 131 134 115 136 134 131 130 137 134 135 137 115 134 137 49 115 138 49 137 138 137 135 139 49 138 139 47 48 139 48 49 140 2 1 140 1 141 140 142 2 140 141 142 143 3 2 143 2 142 143 144 3 145 143 142 145 144 143 145 142 141 145 146 144 147 145 141 147 146 145 147 148 146 149 4 3 149 150 4 151 149 3 151 150 149 151 152 150 151 3 144 153 154 152 153 152 151 153 151 144 153 144 154 155 141 156 155 147 141 155 148 147 155 156 157 158 146 148 158 154 146 159 160 154 159 161 160 159 154 158 159 158 148 162 161 159 162 159 148 162 163 161 164 165 166 164 167 168 164 169 167 164 166 169 164 168 165 170 171 172 170 173 171 174 175 176 174 176 177 174 178 179 174 179 175 174 180 178 174 177 180 181 182 183 181 170 172 181 172 182 181 183 184 185 186 187 188 189 190 188 191 189 188 190 185 188 185 187 188 187 191 192 17 193 194 17 192 194 192 195 196 190 189 196 197 198 196 199 197 200 201 202 200 202 195 200 195 192 200 192 193 200 203 201 200 193 204 200 204 203 205 206 207 205 207 208 205 209 206 205 208 210 205 210 209 211 212 213 211 214 215 211 215 216 211 213 214 211 216 217 218 219 220 218 221 199 218 199 196 218 217 219 218 220 221 222 19 18 222 223 19 222 18 195 224 225 226 224 226 208 224 208 197 224 197 227 224 227 225 228 229 230 228 231 229 228 230 232 228 232 233 228 234 231 228 233 234 235 236 223 235 195 202 235 223 222 235 222 195 237 202 238 237 239 236 237 236 235 237 235 202 240 241 242 240 214 243 240 242 214 244 237 238 244 239 237 244 238 245 244 245 246 244 246 239 247 20 19 247 19 248 249 250 26 249 251 250 252 253 254 252 255 253 252 254 256 252 256 257 252 257 258 259 240 243 259 260 241 259 241 240 259 243 261 262 263 264 262 252 258 262 264 255 262 258 263 262 255 252 265 20 247 266 260 259 266 259 261 266 251 267 266 261 251 268 265 247 269 248 270 269 268 247 269 247 248 271 272 273 271 274 272 271 275 274 276 20 265 276 265 268 276 21 20 276 268 277 276 277 278 276 278 21 279 271 273 279 275 271 279 280 275 279 273 281 282 283 236 282 284 283 282 239 246 282 236 239 285 286 287 285 281 286 285 287 280 285 279 281 285 280 279 288 268 269 289 260 266 289 266 267 289 290 260 291 292 274 291 293 292 294 269 270 294 288 269 295 277 268 295 288 294 295 268 288 295 294 296 295 296 277 297 298 284 297 284 282 297 282 246 297 246 293 299 289 267 299 290 289 299 28 300 299 300 290 301 283 302 301 294 270 301 270 283 303 267 27 303 27 28 303 28 299 303 299 267 304 293 291 304 305 293 304 291 274 304 274 306 307 294 301 307 296 294 307 301 302 307 302 308 307 309 296 310 306 58 310 305 304 310 304 306 311 284 298 311 312 302 311 298 312 311 302 284 313 314 277 313 315 314 313 277 296 313 296 309 316 297 293 316 293 305 316 298 297 317 318 319 317 319 320 321 23 322 321 323 25 321 24 23 321 25 24 321 322 323 324 317 320 324 318 317 324 69 66 324 73 318 324 66 73 325 72 326 325 327 72 325 328 280 325 326 328 329 315 313 329 313 309 329 309 330 331 308 332 331 333 309 331 309 307 331 332 333 331 307 308 334 312 298 334 298 316 334 335 312 334 316 305 334 305 62 336 315 329 336 323 315 336 329 330 337 323 336 337 336 330 338 58 57 338 57 62 338 305 310 338 62 305 338 310 58 339 334 62 339 61 335 339 62 61 339 335 334 340 312 335 340 341 312 342 323 337 342 343 323 342 344 343 342 337 330 345 342 330 345 344 342 345 330 346 345 346 347 345 347 344 348 102 346 348 332 308 348 349 341 348 308 349 348 346 332 350 102 348 350 348 341 350 103 102 351 341 340 351 350 341 351 103 350 352 78 50 352 81 78 352 50 52 353 340 335 353 103 351 353 351 340 354 35 88 354 34 35 354 352 52 354 52 34 355 88 81 355 354 88 355 352 354 355 81 352 356 60 75 357 61 94 357 353 335 357 335 61 358 346 102 358 102 101 358 116 343 358 101 116 358 347 346 358 344 347 358 343 344 359 57 56 360 94 61 360 91 90 360 63 91 360 61 63 360 90 94 361 103 353 361 357 94 361 353 357 361 94 93 362 105 104 362 56 60 362 356 105 362 60 356 363 106 105 363 105 356 364 111 107 364 107 63 364 63 57 364 57 359 365 359 56 365 111 364 365 364 359 366 362 104 366 56 362 366 365 56 367 100 103 367 108 100 367 103 361 367 361 93 368 108 367 368 367 93 369 87 95 369 363 87 369 118 106 369 106 363 370 93 92 370 368 93 370 92 109 371 366 104 371 111 365 371 365 366 372 91 107 372 92 91 373 95 84 373 369 95 373 118 369 374 368 370 374 370 109 374 109 108 374 108 368 375 373 84 375 376 377 375 377 373 378 376 375 378 99 97 378 98 99 378 84 98 378 375 84 378 97 113 379 111 371 379 124 111 380 104 106 381 380 382 381 104 380 381 379 371 383 1 26 383 384 156 383 156 1 381 371 104 385 376 378 385 378 113 385 113 41 386 118 373 386 373 377 386 117 118 386 377 127 386 125 117 386 127 125 387 382 380 387 380 106 387 106 117 387 117 126 387 126 388 387 388 382 389 124 379 389 381 382 389 379 381 389 119 124 390 389 382 390 119 389 390 120 119 391 123 133 391 133 132 391 392 112 393 394 395 396 397 394 396 394 393 398 397 396 391 132 392 391 122 123 391 112 122 399 377 376 399 127 377 399 42 127 400 121 120 400 390 382 400 120 390 400 382 388 401 402 388 401 388 126 403 128 129 403 129 402 403 401 126 403 402 401 403 126 125 403 125 128 404 135 130 404 405 135 404 130 133 406 44 45 406 129 44 407 139 138 407 47 139 407 46 47 408 169 163 408 155 157 408 148 155 408 162 148 408 163 162 408 157 169 409 410 173 409 411 410 409 412 411 409 413 412 409 173 170 414 168 186 414 415 168 414 186 185 416 417 418 416 181 184 416 170 181 416 413 409 416 409 170 416 184 417 416 418 413 419 185 190 419 414 185 419 196 198 419 190 196 420 217 218 420 196 189 420 218 196 421 18 17 421 195 18 421 17 194 421 194 195 422 251 249 422 26 27 422 249 26 422 27 251 423 280 287 423 287 424 423 424 425 423 325 280 423 327 325 423 425 319 423 319 327 426 427 428 426 68 67 426 67 69 426 324 320 426 69 324 426 429 427 426 428 68 430 71 87 430 87 363 430 356 75 430 363 356 430 75 71 431 107 112 431 112 392 431 372 107 432 376 385 432 385 41 432 41 42 432 42 399 432 399 376 433 133 123 433 123 121 433 402 405 433 400 388 433 405 404 433 404 133 433 388 402 433 121 400 434 402 129 434 405 402 434 129 406 435 138 135 435 405 434 435 135 405 435 407 138 436 207 183 436 198 207 436 183 415 436 415 414 436 414 419 436 419 198 437 217 420 437 189 212 437 420 189 437 211 217 437 212 211 438 320 439 438 439 440 438 426 320 438 440 441 438 441 429 438 429 426 442 92 372 442 372 431 442 109 92 443 431 392 443 442 431 443 392 444 445 434 406 445 435 434 445 407 435 445 45 46 445 406 45 445 46 407 446 109 442 446 110 109 447 442 443 447 446 442 447 443 444 447 110 446 447 444 110 55 448 53 55 427 448 79 427 55 79 428 427 79 68 428 70 68 79 141 1 156 171 449 450 415 165 168 451 452 453 454 412 413 418 454 413 455 454 418 456 452 451 204 15 457 204 16 15 458 454 455 459 456 451 203 204 457 460 458 461 206 184 183 462 460 461 463 464 462 465 464 463 466 393 464 467 466 464 467 464 465 468 466 467 468 393 466 468 469 398 468 396 393 468 398 396 470 469 468 470 468 467 470 471 469 472 473 474 475 476 477 255 264 478 479 255 478 479 253 255 479 480 253 481 480 479 482 483 481 484 483 482 319 485 320 486 487 484 486 441 488 486 488 487 489 486 448 489 441 486 490 491 492 429 489 448 429 448 427 429 441 489 493 492 494 493 490 492 52 33 34 77 74 65 97 99 82 97 39 40 116 115 49 116 25 323 116 49 25 116 323 343 392 132 131 444 131 136 444 136 115 444 115 110 444 392 131 144 146 154 150 5 4 152 154 495 152 496 150 497 6 5 497 5 150 497 150 496 498 156 384 498 157 156 160 495 154 160 449 495 499 6 497 161 449 160 161 450 449 500 7 6 500 8 7 500 6 499 500 501 8 502 501 500 502 497 496 502 499 497 502 500 499 169 157 498 169 498 167 503 502 496 504 505 503 504 503 496 504 495 449 504 152 495 504 496 152 506 503 505 506 502 503 506 505 507 166 163 169 166 161 163 166 450 161 508 505 504 508 504 449 508 173 410 508 449 171 508 171 173 508 411 505 508 410 411 509 502 506 509 506 507 509 507 510 509 501 502 511 384 187 511 498 384 511 167 498 512 9 8 512 10 9 512 513 176 512 176 10 512 501 513 512 8 501 514 501 509 514 513 501 514 509 510 175 11 10 175 12 11 175 13 12 175 10 176 172 166 165 172 450 166 172 171 450 515 513 514 516 514 510 516 515 514 516 452 515 516 453 452 516 510 453 186 511 187 186 167 511 186 168 167 179 14 13 179 15 14 179 457 15 179 13 175 517 507 505 517 510 507 517 505 411 517 411 412 182 415 183 182 172 165 182 165 415 518 515 452 518 513 515 519 176 513 519 513 518 520 459 451 520 510 517 520 453 510 520 451 453 178 457 179 521 517 412 521 459 520 521 520 517 521 412 454 177 519 522 177 176 519 177 522 395 177 395 394 523 518 452 523 519 518 523 522 519 523 456 522 523 452 456 180 457 178 180 177 394 180 394 397 191 524 212 191 384 524 191 187 384 525 458 460 525 459 521 525 521 454 525 460 459 525 454 458 193 17 16 193 16 204 526 457 180 526 180 397 417 458 455 417 455 418 417 461 458 527 524 384 527 383 528 527 384 383 529 522 456 529 395 522 529 393 395 529 464 393 189 191 212 530 460 462 530 462 464 530 529 456 530 456 459 530 464 529 530 459 460 531 417 184 531 461 417 532 184 206 532 531 184 533 201 203 533 203 457 533 457 526 207 206 183 534 461 531 534 531 532 535 201 533 535 533 526 535 526 397 536 534 532 536 532 206 536 206 209 537 535 397 537 398 469 537 397 398 537 469 471 538 461 534 538 534 536 213 212 524 213 524 527 213 528 214 213 527 528 539 201 535 539 473 201 539 535 537 539 474 473 539 537 474 540 207 198 540 208 207 541 465 463 541 467 465 541 463 462 541 470 467 541 462 461 542 541 461 542 470 541 543 537 471 543 474 537 234 461 538 234 538 536 197 208 540 197 540 198 197 199 227 544 542 461 544 461 234 545 470 542 545 542 544 545 546 470 547 472 474 547 474 543 548 383 549 548 528 383 548 549 261 238 201 473 238 202 201 550 543 471 550 547 543 551 209 210 231 536 209 231 234 536 231 209 551 233 544 234 233 545 544 233 546 545 233 232 546 552 210 208 552 553 551 552 551 210 229 551 553 229 231 551 226 552 208 219 217 216 554 227 199 554 199 221 554 256 227 554 221 220 555 273 272 555 550 471 556 272 472 556 550 555 556 472 547 556 555 272 556 547 550 557 226 225 557 552 226 557 553 552 230 229 553 257 220 219 257 219 216 257 256 554 257 554 220 558 470 546 559 555 471 559 470 558 559 471 470 559 273 555 250 383 26 250 549 383 243 214 528 243 548 261 243 528 548 245 238 473 245 473 472 560 232 230 560 561 232 562 558 546 562 559 558 562 273 559 563 553 557 242 477 476 242 215 214 242 476 215 564 561 560 564 230 553 564 560 230 258 257 216 258 476 475 258 475 263 258 216 215 258 215 476 565 225 227 248 19 223 566 567 563 566 563 557 566 557 225 568 565 227 568 227 256 569 567 561 569 553 563 569 563 567 569 561 564 569 564 553 570 565 568 281 562 546 281 273 562 251 549 250 251 261 549 571 272 274 571 472 272 571 245 472 571 246 245 572 232 561 572 546 232 573 225 565 573 566 225 573 570 483 573 565 570 286 281 546 286 546 572 574 568 256 574 483 570 574 570 568 254 483 574 254 253 480 254 481 483 254 480 481 254 574 256 241 260 575 241 477 242 576 286 572 576 287 286 576 572 561 270 223 236 270 248 223 292 571 274 292 246 571 577 573 483 578 561 567 578 576 561 578 567 485 579 485 567 579 567 566 579 566 573 579 573 577 267 251 27 580 577 483 580 579 577 283 270 236 283 284 302 581 475 477 424 287 576 424 576 578 424 578 485 278 22 21 582 475 581 582 264 263 582 583 478 582 263 475 582 478 264 582 581 583 584 579 580 584 320 485 584 485 579 275 280 585 439 580 483 439 584 580 439 320 584 586 482 481 586 481 479 586 491 482 290 587 575 290 575 260 588 581 477 588 477 241 588 575 587 588 583 581 588 241 575 293 246 292 425 485 319 425 424 485 589 478 583 589 479 478 589 583 590 589 491 586 589 590 494 589 586 479 589 494 492 589 492 491 440 483 484 440 439 483 440 484 487 440 488 441 440 487 488 314 278 277 314 22 278 591 482 491 591 491 490 591 484 482 591 486 484 300 28 29 300 587 290 306 274 275 306 585 58 306 275 585 592 590 583 592 588 587 592 583 588 593 493 494 593 494 590 322 315 323 322 23 22 322 314 315 322 22 314 594 53 448 594 591 490 594 54 53 594 448 486 594 490 54 594 486 591 595 592 596 595 493 593 595 597 493 595 593 590 595 596 597 595 590 592 598 592 587 598 596 592 318 72 327 318 327 319 599 29 30 599 300 29 599 598 587 599 587 300 328 585 280 600 31 596 600 596 598 600 598 599 600 599 30 600 30 31 601 54 490 601 490 493 602 601 493 602 493 597 333 332 346 330 309 333 330 333 346 51 54 601 51 597 52 51 602 597 51 601 602 326 60 328 73 66 65 73 65 74 73 72 318 349 302 312 349 308 302 603 33 52 603 596 31 603 597 596 603 31 32 603 32 33 603 52 597 62 57 63 341 349 312 59 585 328 59 58 585 59 328 60 75 326 72 75 60 326 50 54 51 
377 699 1 0.437619342839514
1.37861988708594e-15 22.5145713530756 -16.7277747886721 4.27734141656408e-16 6.98542864692438 41.2277747886721 -2.71681976814114 22.5268655722595 -16.7736574393057 -5.17815179211627 22.5609032018706 -16.9006876023835 -7.58227346217519 22.617695295925 -17.112638582863 -9.84515951248589 22.6948174034638 -17.4004622065842 -11.9882421372831 22.7909990079616 -17.7594168413238 -14.0571268785051 22.9058709457895 -18.1881247496613 -16.7971270851718 23.0810160823678 -18.8417752980701 -17.91460277604 23.1422890417202 -19.0704490955033 -18.5334568688807 23.1586143605508 -19.1313760148288 -18.8923857020542 23.1533584540957 -19.1117607048986 -19.1005767672003 23.1409044748705 -19.0652818216737 -19.2544270630632 23.1245844883427 -19.0043748027729 -19.3818152885748 23.1043652575571 -18.9289156061913 -19.4846999215969 23.0817566032172 -18.844538959504 -19.5769917778793 23.0547801810783 -18.7438615814753 -19.659223909532 23.0232541294539 -18.6262047550511 -19.7319293686649 22.9869965866574 -18.4908897631769 -19.8149720371126 22.9309787700422 -18.2818284254399 -19.8908568398202 22.8569811069643 -18.0056653871917 -19.9794145546836 22.7095583977505 -17.4554763462163 -20.0323082376692 22.5186592364562 -16.743030977144 -20.0554779935661 22.2163445416665 -15.6147771763141 -20.0414518982008 21.7451911624 -13.8564088267337 -20 20.5734285148067 -9.48333109150404 -20 20.5734285148067 -9.48333109150404 -0.48780364392991 6.99585812008353 41.188851464946 -0.982651225091879 7.02672668941011 41.0736483958622 -1.48387712218494 7.07740457967779 40.8845159345628 -1.99081571390811 7.14726201566028 40.6238044341897 -2.50280137896044 7.23566922213126 40.2938642478848 -3.21301758055108 7.38617767380874 39.7321590592559 -3.97977092215717 7.58270572838876 38.9987063744506 -4.80676615825637 7.83170097947457 38.069443446555 -5.69615369154523 8.13977599213601 36.9196918467601 -6.6482579726063 8.51337467687989 35.525402573655 -7.66118584652834 8.95835391117905 33.8647174629374 -8.73031935347964 9.47945157091407 31.9199545211011 -9.84772374499361 10.0796224815151 29.6800861895131 -11.0015429344955 10.7592479927765 27.1436892513658 -12.175515780493 11.515271166358 24.3221723558601 -13.3488203927494 12.3403826662156 21.2428143164821 -14.4965099423947 13.2224723774573 17.9508106972942 -15.5907827108678 14.1446292286738 14.5092744760068 -16.6031629302999 15.0859458632378 10.9962329698041 -17.4221071097818 15.9299554188116 7.84634642632902 -18.1373293895769 16.7532342650179 4.77382794349031 -18.7380006945558 17.5403190964055 1.83638736288507 -19.2186627243338 18.2784137279965 -0.918219303006328 -19.5791280364883 18.9580758704674 -3.45475295068896 -19.8237858934105 19.5733870172706 -5.75112541302196 -19.9552426269518 20.0908191909513 -7.68220857466927 -16.9303626326636 17.4351681256204 2.2288161283204 -16.7801879882812 18.204817209712 -0.643553357508491 -17.68408203125 18.7308593362937 -2.60676930083284 -15.8852221000599 16.7623988184132 4.73962536459034 -16.1918826698857 16.7318030907103 4.85381017487239 -18.2881078144876 18.9537143641031 -3.43847558733995 -17.8214741188778 18.0904330865906 -0.21666599844007 -17.0656310067019 17.4325357585315 2.23864025604013 -16.4933262210096 16.729696553046 4.86167188046331 -15.8906220052342 15.7923351661584 8.35995220138128 -14.2960779441424 13.9086569837807 15.389934883124 -13.7885258086972 13.7973083171593 15.8054937643102 -16.3929448024017 16.0751964392071 7.30429955886976 -15.1043584443011 14.4978303065004 13.1911101082696 -16.1168924438642 16.0582707460194 7.3674671057996 -15.3643513872925 15.5285613150835 9.34436961530081 -18.4669266503635 18.7011708201897 -2.49597025033153 -18.9919891895721 19.2450606990742 -4.52579491205115 -18.549281363039 18.4285881412195 -1.47867784315147 -18.8088176576439 19.2118625175033 -4.40189761170961 -18.6200279041643 19.2043970502893 -4.37403610876468 -18.1968033888966 18.2424980623269 -0.784180213939679 -17.6290616958084 17.6002931380408 1.61256119236668 -17.2574541039511 16.7917861708914 4.62995027204179 -17.7260196669652 17.3671538812349 2.48264874400527 -17.9164392660589 17.3985730161167 2.36539093629642 -17.0845531764216 16.8115921640442 4.55603329930113 -16.6685890045563 16.1188895862717 7.14123451408222 -17.4332474643484 16.7928807743603 4.62586515628168 -16.0418427475916 15.0623347345067 11.0843509018526 -15.8631017567343 15.0936829653105 10.9673577117655 -16.5689714546934 15.6916283376796 8.73579520193332 -16.224808114541 15.0504766618524 11.1286058314783 -15.2646508871028 14.0435917675799 14.8863514142767 -14.9403136722028 13.9706994507434 15.158389244192 -17.6806416896219 16.8831326701794 4.28904049560549 -18.1075516250777 17.4529330571675 2.16251650119338 -17.2186311114293 16.2870798010765 6.51354008709463 -16.9439089784571 16.1894869491596 6.87776156890427 -17.9264069049821 16.9993995352878 3.85512664778409 -16.9883393974832 15.7641755378541 8.46504536493491 -17.6790046713985 16.4718788604457 5.82386060833799 -16.4119657879138 15.0582913066296 11.0994411801267 -6.70563011954485 21.7658327589283 -13.9334443137267 -8.86224944682447 22.1948560297574 -15.5345809580902 -7.88824068070631 20.7603273703059 -10.1808471161036 -5.49203584295688 20.6595615166209 -9.80478383048325 -4.36523299946741 21.3460946917347 -12.3669605210894 -6.61609586832248 20.7013553695412 -9.9607606130257 -9.72453984019103 21.095254104292 -11.4308107041527 -9.99945348828126 21.7902612032914 -14.0246125092395 -11.3980787646922 21.4338582731896 -12.6944986661331 -9.67045271208603 20.6407552772066 -9.73459798948962 -9.76943791181727 19.9774327260935 -7.2590445269291 -9.17217815802553 19.9280903982346 -7.0748964523962 -8.63375918738589 19.8872349638559 -6.92242189552966 -11.2351680576894 20.5489784689143 -9.39208227798627 -7.62154797941773 16.7449461269553 4.80475969583996 -7.08532529995254 17.9377205090438 0.353265099919049 -9.28513740401932 18.6014082516629 -2.12365127589586 -8.4559224900477 16.7422565424928 4.81479736170539 -6.74000106719974 16.7615117011163 4.74293613141448 -7.38201112891314 16.3802938384847 6.16566056350857 -9.39085458081376 16.6707828784418 5.0815407073468 -10.4537609713685 17.4793408970228 2.06396110113516 -10.2592064838071 16.6221665409311 5.26297934901456 -9.16060024239476 16.2087758597913 6.80577437440404 -8.80174422172743 15.7221557624808 8.62186530155075 -8.01155321226941 15.8041670914698 8.31579485496754 -9.54453125000001 15.6599107054386 8.8541670169525 -11.0668316677922 16.5959979010043 5.36064204278654 -11.3814086914063 16.1006487033854 7.20931041578887 -10.4888809204102 15.8728155931564 8.05959515880975 -12.2773060930329 18.2221623845269 -0.708286431183925 -11.8191587394156 16.5918132758948 5.37625927630584 -3.66014929362935 12.1598289126283 21.9166500983672 -2.96433477742644 12.2085665996144 21.7347585742915 -3.92535376146228 13.0062006559561 18.7579477501773 -3.78236459955639 11.1297862717089 25.7608215682407 -2.94445420313367 11.0262701860059 26.1471488594851 -4.33356046537066 12.1268561610626 22.0397060824758 -5.255680799042 12.9417802274857 18.9983680622739 -6.25355751969044 14.2138986933244 14.2507573145173 -7.22105789990537 13.9349317551341 15.2918761014755 -4.85486234616602 12.2019708285302 21.7593743270928 -2.03468830948338 9.15691942454113 33.1236608784391 -2.74823071167557 8.20107884636148 36.6909064801416 -1.97265191656157 8.08494058932269 37.1243403561128 -2.10823346748612 9.99557596999296 29.9937520407127 -2.51122519294764 10.0364853458203 29.841076171619 -2.73119236763094 9.35917819904014 32.3688208557322 -1.3462341723579 8.97603927812605 33.7987147749407 -1.70056416983157 8.05255899105034 37.2451901260956 -4.79984034678143 10.6218061407028 27.656629226391 -3.34147326816649 9.91175756593383 30.3065665832707 -4.07291207650808 10.7149333948578 27.3090735823152 -4.13906291293424 9.82238375100986 30.6401142014332 -5.657497474973 11.4569014463338 24.5400111166137 -6.27516487177505 11.3819528016486 24.8197232665375 -5.4989351680455 10.5560579188445 27.9020049308735 -4.67800315530095 11.2694427511533 25.239616491348 -10.3379366720561 14.1204501121199 14.5995121674678 -11.004360830064 13.8245245336496 15.7039214615781 -9.69842110353451 13.3576720069414 17.4462388108953 -9.65713455500596 14.8807303814823 11.7621075742152 -10.6741091121182 15.1525103154406 10.7478110522052 -11.6641179522722 14.7567601993582 12.2247705925258 -8.93209408880227 13.5059619558303 16.8928131873899 -6.47912188830858 10.9119752123861 26.573703508084 -6.87024836474454 11.3279686177804 25.0211949835386 -5.33015512479193 9.66006236649148 31.2459058556107 -5.8580201947667 9.60115802933742 31.4657398346558 -8.83809251601926 10.6138650457761 27.6862657961253 -7.81580849678058 10.2776467756565 28.9410494626445 -9.23334136557785 11.045017321498 26.0771835973322 -9.82862633390445 11.3167113580968 25.0632076486319 -9.83375170192963 10.9966266358491 26.2577800947871 -8.44433973761081 10.0943107630739 29.6252687764599 -7.03247149418057 9.22761190253134 32.8598329588667 -17.3514994743994 17.5067190057414 1.96178460838235 -16.7906749060423 16.756255314694 4.76255323260686 -17.1327150945868 17.0246628010853 3.7608428562626 -16.7771949674466 15.7169206941933 8.64140284238075 -12.1000860109294 16.944784888187 4.05895128560195 -12.7094289330908 18.3121732417647 -1.04421152362797 -13.7079406614902 18.3620433718939 -1.23032938305031 -13.064299714955 17.2999083449823 2.73361250188213 -5.88766378026496 12.9299917723384 19.0423631758266 -6.14467605216313 12.4272458411696 20.9186365342468 -6.49908975077052 12.9315032246032 19.0367223591811 -7.24931971616971 11.0857176554112 25.925287883283 -6.37248647731846 9.56279449993725 31.6089144755349 -7.44510570765065 11.294886475814 25.1446592181807 -8.00191612622175 11.2826212432982 25.1904336890961 -18.9867928942194 21.0320268407852 -11.1948433443218 -19.391451931669 21.1517499421012 -11.6416560412729 -19.8646119167236 21.1481862946475 -11.6283563279155 -19.9805603027344 20.9056407046569 -10.7231638629188 -4.62186232719931 18.7236935455445 -2.58002620568051 -3.87473120788858 18.6955320966468 -2.47492624757973 -5.69537220060897 18.7743561621844 -2.76910166502521 -3.37303833469255 20.6046041974144 -9.59968032295672 -2.88459756539757 12.9141348870051 19.10154187754 -2.73223876953126 14.8153998319534 12.0059245043435 -4.00924530029298 14.8939507170713 11.7127686101038 -12.2231491088867 16.3412774329095 6.31127177144388 -13.01513671875 16.5925691785131 5.37343820932881 -19.5507945494939 21.1852492530907 -11.7666771719042 -19.6806023293666 21.1972435221365 -11.8114403933828 -19.7848273680033 21.1856154851473 -11.7680439685469 -19.9384006635161 21.0541236374233 -11.2773097120599 -19.6942722848798 20.658304971753 -9.8000943411942 -19.76474609375 20.3232030708111 -8.54947702116598 -19.01484375 19.6635178093682 -6.08749810845654 -13.7801187162347 13.5544950753796 16.7116851193824 -19.9907215118408 20.6567931592947 -9.79445218028812 -19.8279026031494 20.1333907215825 -7.84108768994064 -19.9710910797119 20.2565130139121 -8.30058634045926 -19.9045715332031 20.1104166610497 -7.75534732877622 -0.919206034104337 21.5457618533732 -13.1121285129273 -0.474422651529311 20.5740139254968 -9.48551587394269 -0.228107227012515 19.6030238499249 -5.86173157826333 -1.73838328091571 20.5814646940389 -9.51332252069728 -3.43626730352444 17.7216596603645 1.15961516471664 -8.06986172531654 18.9337197189463 -3.36385455573553 -7.05231129180279 18.8569532076536 -3.07735803527112 -9.27062836025462 19.0423137435002 -3.76913297276904 -10.2483034660732 19.1465344144074 -4.15808981179343 -0.928403286263347 15.7266553605435 8.60507257296727 -0.394629496335982 16.6920451404681 5.00218886518088 -1.16875067353249 16.699169257013 4.97560130027613 -1.39616851806641 14.7667053918577 12.1876546288269 -15.0258731424903 22.1642879570521 -15.4204993576644 -15.7958912938674 21.4930106579894 -12.9152583715947 -0.705661201477051 14.7542207771981 12.2342478450493 -0.500984342023731 13.7819870903516 15.8626733611904 -1.62265992075831 12.8417016372501 19.371866445783 -0.936851352453233 12.8197242746026 19.4538870798 -14.1430974930734 20.4927608069614 -9.18227510729514 -5.66713499466933 15.968418522966 7.70280016740785 -3.98056871621618 16.7894373390862 4.63871623167735 -4.82481378270128 16.838086771315 4.45715407883976 -17.3235774329208 22.4015023035008 -16.3057953508951 -6.27131098886179 16.0279146793957 7.48075748875705 -5.22822265625001 15.0002254439956 11.3161459296619 -6.39020538330079 15.1320914095103 10.8240154465719 -0.14768454246223 11.8386110999574 23.1154512955511 -1.22374763267496 10.895032630307 26.6369340852144 -0.887193606047518 10.882067441074 26.6853208301617 -0.54857816696167 10.8732001490401 26.7184140145577 -0.235043185949324 8.92810757041067 33.977598343428 -15.2922086685664 19.9753682416132 -7.25133976595731 -7.49622802734376 15.2874160103996 10.2443361443876 -18.2238819852238 21.875245150898 -14.3417769195348 -1.76037157795342 10.9242823423179 26.5277726738829 -2.42032913837937 10.9747512967396 26.3394199717763 -0.965681864839908 8.95218307562166 33.8877473347627 -18.1403238981964 20.7536355622912 -10.1558729485981 -18.0349025478337 19.7650220137991 -6.46631695657448 -17.6436699196066 19.5784246777344 -5.76992621782418 -16.9298930192354 20.3878205089867 -8.79063258349224 -15.1810634509804 18.0049420665257 0.102390832033135 -16.3152844607116 19.0200083366385 -3.68588806107745 -15.70625 17.6617142574034 1.383334454248 -14.4539916992188 17.1186113050948 3.41022226600448 -8.46954068920868 11.4480807289853 24.5729304819177 -8.54844053316647 12.2281092173283 21.6618245320705 -18.2258701217086 19.455943801389 -5.31282136434762 -18.4262084960937 19.2227798114214 -4.4426415072929 -18.5558622595931 19.6577796340999 -6.06608294681251 -11.8860735326748 12.3835527154532 21.0817014993623 -10.4199023960569 10.9918946938413 26.2754399427784 -19.899491443313 20.7257787481363 -10.0519099028351 -18.2926875859141 17.9077441064661 0.465138557367321 -19.560126165663 19.7541336169496 -6.42568090631946 -19.2662000979515 19.2055411983468 -4.37830612744642 -19.1683634053911 19.3038009501287 -4.74501651343588 -19.3740297972133 19.1625987657875 -4.2180427873347 -18.8111580279809 18.4597974346475 -1.595152511893 -19.8659378290176 20.1008980679808 -7.71982345582653 -19.8422625015676 19.9562912091617 -7.18014331159083 -19.764680577616 19.7936844019917 -6.57328644557587 -19.1526790426177 18.6785479615172 -2.4115405923533 -18.9100797615582 17.9709871077118 0.229112463495207 -19.8538912148017 19.8968879862673 -6.9584474656156 -19.9286456391863 20.0611690859137 -7.57155287621916 -19.7487767594329 19.5492733419226 -5.66113195146606 -19.5195914037902 18.9578294359306 -3.45383324447706 -19.4645369236007 18.9920013999905 -3.58136475054297 -3.09551092315691 22.0475831720367 -14.9849511705009 -2.20067917822577 21.070314068736 -11.3377332243152 -1.1518029569393 19.1223621529539 -4.06787770391546 -0.862744235992433 18.635241405356 -2.24991832445904 -1.579043008274 19.1266479883346 -4.08387265930881 -2.81037109419246 18.6648476321575 -2.36041026710273 -2.00646601669138 18.6486236119275 -2.29986139930107 -12.1581354248792 22.3607608759143 -16.1537462731697 -2.21119830146013 18.1689854735776 -0.509827497731679 -0.101656169700437 17.1764827078963 3.19424325044353 -12.800427229992 21.9726539368257 -14.7053114577208 -1.9212361822254 17.1964385873008 3.1197668945965 -2.06130924819953 16.7165290437461 4.91081369417965 -5.33502173143172 17.8121119585385 0.822042592269996 -12.6039458885907 21.1084138076477 -11.4799233856887 -2.45999001209586 16.2458603878932 6.66737303135298 -8.70851706714719 18.5408367476007 -1.89759534524498 -12.7860732342597 19.8945649761505 -6.94977787383301 -12.2674615964926 19.4131883938711 -5.15325601119251 -11.2965261373839 19.2757118498574 -4.64018656408435 -12.1581850368885 20.2218983552199 -8.17140267553319 -13.1639792574196 19.5570653209121 -5.69021201294627 -4.20771400229659 15.3806449330572 9.8964010682948 -14.2933678198509 19.7643989528823 -6.46399166157675 -8.54732513427735 15.4640666434477 9.58506700666311 -1.50016765164966 12.3543757794884 21.190591306792 -16.1684132521625 20.1848748670123 -8.03322913646885 -14.6010874924606 18.438341448007 -1.51507767962402 -9.66218879381195 15.2807635914376 10.2691633099473 -8.5819118872607 14.6316348253856 12.6917448455078 -15.5090876203776 18.7293691344748 -2.60120779193115 -14.1806562486088 17.6473691147952 1.43687125530346 -13.7584060668945 16.8523913369801 4.40376871299767 -5.78352477048703 11.9191544446316 22.8148594410156 -6.64517443945051 11.6832454192485 23.6952839097092 -7.38239153454861 12.6980244971698 19.908076832449 -17.0250284237065 19.3048349019183 -4.74887527404707 -8.19308267284743 12.5075229211433 20.6190383931021 -7.63901391428333 11.94960420844 22.7012193754042 -14.3410191961489 16.7718726089827 4.70426869684497 -14.885473221704 16.729988060945 4.86058395817347 -13.6125448191222 15.5627286857808 9.21685525189764 -7.34278740769489 11.4629101654788 24.5175862714765 -12.671155974115 15.1507214590112 10.7544871552871 -12.2279221423817 14.3301614165358 13.8168589244664 -10.7539708610002 13.0480402421682 18.601800288666 -10.2387190806126 13.186330445999 18.0856942217804 -9.67518608066212 12.6207407062516 20.1965038667575 -9.21133101245 11.7301131779283 23.5203710530795 -17.9446519197765 19.502385556632 -5.48614435450716 -3.80159470966922 7.97121401720243 37.5487737014363 -18.3039926644467 19.6970712178137 -6.21272113354222 -14.4884638432359 15.9880093263934 7.62968629365602 -8.62990764217346 11.1431118006416 25.7110900172262 -15.3984122823456 16.726847047341 4.87230638053117 -15.2990924023987 16.4217908275755 6.01079169186067 -11.7829625350941 13.5049793304619 16.8964803951896 -12.7603287638569 13.9865294765166 15.0993107837215 -14.0880289597596 15.2405543487126 10.4192262467309 -11.3302463365426 12.6721891613789 20.0044956182515 -13.6842372082021 14.4876621857159 13.2290580516551 -14.5528555290428 15.0033489634436 11.3044887963838 -13.2715991274801 13.7260686305387 16.0713638942934 -18.7925300482369 19.6467704345995 -6.02499605492663 -10.875853168133 11.8344771934742 23.13087924458 -15.706700147684 16.197022221391 6.84963955008759 -15.9110631230837 16.1167487371572 7.14922427174873 -19.8123993521742 20.707812940735 -9.98486059681446 -12.8554433934139 12.9586534880746 18.935396196467 -13.5255509887451 13.6289942453585 16.4336504318992 -19.9580862619755 20.7096297142314 -9.99164088780874 -14.6176160829037 13.9257893049196 15.3259961901819 -18.6796730038304 18.4340550371586 -1.49908057655608 -19.7306908460111 19.9161156853434 -7.03020621548024 -19.625430753623 19.6854877203872 -6.16949093261746 -18.6782715699764 18.08053865285 -0.179739469008329 -18.5406192632424 17.6931165712522 1.26613942348903 -19.055313998639 18.3600456218572 -1.22287367841264 -18.3454853130735 17.2330501463388 2.98313069612221 -19.5730484061246 19.3185614263102 -4.80010336048921 -19.7715820803646 19.5555075194625 -5.68439821878829 -11.4759922871782 21.8786900800547 -14.3546335701762 -11.0166253863713 20.0951124426539 -7.69823120815303 -13.198786020184 20.3552834734396 -8.66920271370282 -10.8930010711928 18.3813334768452 -1.30232103481206 -7.44764993383725 14.4083241087873 13.5251517857271 -8.1099155668106 13.6986432704765 16.173716731461 -8.56723211208492 13.009701613453 18.7448819989237 -4.74411585529014 9.72961141386654 30.986345277189 -3.28193260481287 8.07484444198144 37.1620196909511 -4.30924524633257 7.89017619285501 37.8512109792357 -13.1877417589662 14.7771482530891 12.148681340135 -10.2915648978401 12.1845975012961 21.8242124670271 -14.9279572531896 15.7154791794616 8.64678264859975 -12.3245371419563 13.1877316928889 18.0804646971933 0 0 0 1 0.0858052153603291 0 0.171610430720658 0 0.265039453789667 0 0.364594375299559 0 0.473400792708188 0 0.598415817457906 0 0.819130791878249 0 0.946147588203856 0 1.0364679207168 0 1.10040609210569 0 1.14356435779319 0 1.17952957919944 0 1.21283071013116 0 1.2428017279697 0 1.27277274580824 0 1.30274376364678 0 1.33271478148533 0 1.37267613860338 0 1.41763266536119 0 1.49106764874759 0 1.5674877545539 0 1.66456581697649 0 1.78374387727695 0 2 0 2 1 0.0388803053451319 1 0.0777606106902638 1 0.116640916035396 1 0.155521221380528 1 0.19440152672566 1 0.247803416396682 1 0.304915459194541 1 0.366075121971682 1 0.431561332357118 1 0.501597143610045 1 0.576345253297897 1 0.655895544788762 1 0.740244158371391 1 0.829264366764544 1 0.922671285083981 1 1.01998558707593 1 1.12050569966572 1 1.22330179680468 1 1.32724497604133 1 1.42069443612917 1 1.51306644776116 1 1.60348047668293 1 1.6911680765098 1 1.7755091501343 1 1.85604492715886 1 1.92802246357943 1 1.21092123164966 0.625 1.125 0.5 1.25 0.5 1.08707544920117 0.625 1.13746220890604 0.65625 1.36584252979268 0.53125 1.33476701409814 0.625 1.23611461150209 0.640625 1.18784896861092 0.6875 1.15658294844908 0.765625 1.04841109174316 0.875 0.987907387793362 0.84375 1.21927778932049 0.78125 1.1249729343261 0.875 1.17415089840234 0.75 1.09388810757768 0.75 1.4348973017381 0.609375 1.53502758937805 0.59375 1.48142748610668 0.6875 1.48168505958537 0.5625 1.42834252979268 0.53125 1.40809725010241 0.65625 1.3346382273588 0.6875 1.32371225162204 0.78125 1.37448485304262 0.75 1.41384210162541 0.78125 1.28862248802066 0.75 1.26440468023863 0.8125 1.35880201522341 0.8125 1.23296232669211 0.90625 1.20153477690904 0.875 1.27809661949198 0.875 1.26438987647518 0.9375 1.1795791205393 0.96875 1.13585644427392 0.9375 1.40316351766953 0.84375 1.45319935020819 0.8125 1.35465846207491 0.875 1.30953157115677 0.84375 1.44752502011566 0.875 1.34912616569661 0.9375 1.43386245491804 0.9375 1.29581742625825 0.96875 0.238003426647935 0.0546875 0.326318255251811 0.03125 0.301793320719723 0.125 0.198940078807746 0.125 0.149688598044058 0.078125 0.24565459034225 0.125 0.386090442225734 0.109375 0.387597056713956 0.0625 0.470387563731744 0.09375 0.391659142681472 0.140625 0.409871858536909 0.1875 0.378621858536909 0.1875 0.351420254184752 0.1875 0.48152496464322 0.15625 0.353208475442579 0.3984375 0.303966025548598 0.3125 0.410958210951346 0.28125 0.401983012774299 0.40625 0.304433938110858 0.390625 0.346462722249004 0.421875 0.462204694228504 0.421875 0.511288974771233 0.375 0.522426375682709 0.4375 0.458948795772282 0.453125 0.447735607930927 0.484375 0.395471215861854 0.46875 0.5 0.5 0.582648057136914 0.453125 0.625 0.5 0.5625 0.5 0.620594936768166 0.34375 0.642869738591119 0.46875 0.200374017397649 0.6796875 0.159593979155954 0.671875 0.204850381681415 0.625 0.22220076336283 0.75 0.171510610690264 0.75 0.241154055639343 0.6875 0.283906386135924 0.640625 0.321175190840707 0.5625 0.387515500343972 0.59375 0.272068971333628 0.6875 0.134244158462268 0.8671875 0.19724295860612 0.9375 0.141985992371679 0.9375 0.130540534353981 0.8125 0.155885610690264 0.8125 0.178917858906839 0.859375 0.0895704580176979 0.875 0.122545839699113 0.9375 0.298234742445424 0.796875 0.212075435243122 0.828125 0.247586585838052 0.78125 0.26826525979598 0.84375 0.339287560985841 0.75 0.384394049647726 0.765625 0.348882899052796 0.8125 0.277457729597271 0.75 0.611860202626507 0.640625 0.682424219678432 0.6875 0.586536428853767 0.6875 0.531615404923619 0.5625 0.601762142951256 0.5625 0.703524285902511 0.625 0.520196119350502 0.65625 0.411744963012147 0.8046875 0.429500538309612 0.78125 0.358478237119751 0.875 0.400686277961142 0.890625 0.617536866750902 0.8984375 0.539520341945369 0.890625 0.636146365088207 0.875 0.680656469284783 0.875 0.695553391556435 0.90625 0.602586588803325 0.9296875 0.509619786050215 0.953125 1.28537641943045 0.6640625 1.23823572831579 0.71875 1.28116691082677 0.71875 1.31361139259429 0.90625 0.652943767159576 0.4453125 0.651846814861881 0.34375 0.736662884613179 0.359375 0.723239477182238 0.4375 0.323434388363178 0.6484375 0.350685835713663 0.6875 0.362962390590433 0.65625 0.465729239322765 0.80859375 0.442894318802532 0.90625 0.474607026971497 0.796875 0.519713515633383 0.8125 1.33887188182339 0.25 1.4588163326806 0.25 1.70728290848824 0.25 1.875 0.25 0.179555215360329 0.25 0.148305215360329 0.25 0.226269726894833 0.25 0.117055215360329 0.125 0.148255305345132 0.625 0.125 0.5 0.1875 0.5 0.6875 0.5 0.75 0.5 1.52054962058442 0.25 1.58228290848824 0.25 1.64478290848824 0.25 1.79114145424412 0.25 1.66614145424412 0.375 1.75 0.5 1.5 0.5 1.00170763258344 0.875 1.9375 0.375 1.8125 0.625 1.9375 0.875 1.875 0.75 0.0292638038400823 0.0625 0.015625 0.125 0.0078125 0.1875 0.0585276076801646 0.125 0.136652607680165 0.3125 0.33854718764978 0.25 0.288769726894833 0.25 0.40104718764978 0.25 0.455450396354094 0.25 0.0390625 0.4375 0.015625 0.375 0.046875 0.375 0.0625 0.5 0.696484282962155 0.0625 0.794552748466404 0.125 0.03125 0.5 0.0234375 0.5625 0.081940152672566 0.625 0.046875 0.625 0.687503450503964 0.1875 0.259692431723708 0.4375 0.167902607680165 0.375 0.206884863447417 0.375 0.915510334591605 0.0625 0.290942431723708 0.4375 0.25 0.5 0.3125 0.5 0.0078125 0.6875 0.0701303053451319 0.75 0.050690152672566 0.75 0.03125 0.75 0.015625 0.875 0.816936402002563 0.25 0.375 0.5 1.08522223723781 0.125 0.101380305345132 0.75 0.140260610690264 0.75 0.0642253816814149 0.875 1.16489338854978 0.25 1.2319359409117 0.375 1.1694359409117 0.375 0.990914895276172 0.25 0.910739477182238 0.4375 0.995457447638086 0.375 1 0.5 0.875 0.5 0.552847468446615 0.8125 0.532048571805023 0.75 1.30346797045585 0.4375 1.375 0.5 1.36596797045585 0.4375 0.841182050934113 0.875 0.754960418024664 0.9375 1.80182072712206 0.375 1.46034721806458 0.75 1.70043505958537 0.625 1.6325551787561 0.6875 1.58837011917073 0.625 1.67674023834147 0.75 1.55174023834147 0.75 1.84375 0.6875 1.83901123178971 0.75 1.80302246357943 0.75 1.63893246628967 0.8125 1.61959557099952 0.9375 1.85226684768457 0.8125 1.90151123178971 0.875 1.8138179630138 0.875 1.75081692218609 0.9375 1.72612469423788 0.875 0.10043711728037 0.03125 0.0731595096002057 0.09375 0.0409825538400823 0.21875 0.03125 0.25 0.0566075538400823 0.21875 0.105402607680165 0.25 0.0741526076801646 0.25 0.493006437085931 0.03125 0.0839513038400823 0.28125 0.00390625 0.34375 0.542040669838055 0.0625 0.0761388038400823 0.34375 0.0839513038400823 0.375 0.220309316614381 0.3125 0.553178070749532 0.125 0.103482553840082 0.40625 0.379708210951346 0.28125 0.602726923429029 0.21875 0.580454152541523 0.25 0.517950396354094 0.25 0.548687654520436 0.1875 0.642957908728953 0.25 0.192346215861854 0.46875 0.729947155365758 0.25 0.4375 0.5 0.078033902672566 0.65625 0.903925648639367 0.25 0.821478954364476 0.375 0.519631071475628 0.53125 0.461468666895982 0.5625 0.908468201001281 0.375 0.816989477182238 0.4375 0.8125 0.5 0.337674818756093 0.71875 0.403280666178559 0.75 0.429302700093697 0.6875 1.08244669427489 0.375 0.494908547516163 0.71875 0.469548571805023 0.75 0.881143862300293 0.53125 0.949787724600586 0.5625 0.864049867551841 0.625 0.461497090905971 0.78125 0.783787076727176 0.625 0.778312010503097 0.6875 0.692574153454352 0.75 0.63955529115406 0.71875 0.612311362629687 0.75 0.606352520544903 0.8125 1.23645195568377 0.40625 0.281659040288901 0.96875 1.29895195568377 0.40625 0.944312658376506 0.625 0.577929940360795 0.84375 1.01843158690088 0.59375 1.02457544920117 0.625 0.772836944279017 0.75 0.853099735103682 0.75 0.938837592152426 0.6875 0.766878102194233 0.8125 0.933362525928347 0.75 1.01362531675301 0.75 0.927403683843563 0.8125 1.43298398522792 0.46875 0.760919260109448 0.875 1.09936317380176 0.6875 1.13675703610205 0.71875 1.73398109068309 0.375 0.921444841758778 0.875 0.964555658213503 0.84375 1.86966036356103 0.375 1.09213376800854 0.90625 1.51658386222407 0.71875 1.77209252979268 0.65625 1.73815258937805 0.6875 1.54606590824893 0.8125 1.5403915781564 0.875 1.63325813619714 0.875 1.52672901295878 0.9375 1.74559965698712 0.8125 1.8261640769879 0.90625 0.464818863276006 0.0625 0.479279756528672 0.1875 0.6180955525122 0.1875 0.515776573859756 0.3125 0.391321928868344 0.5625 0.453855809847237 0.625 0.507919564473732 0.6875 0.313371748457866 0.859375 0.23945099944751 0.953125 0.323867081130291 0.984375 0.858574801327762 0.6875 0.686615311369568 0.8125 1.01910038297709 0.6875 0.847140893018898 0.8125 54 55 56 54 57 55 54 58 57 54 59 60 54 56 59 61 62 58 61 58 54 61 54 60 63 64 65 63 66 67 63 67 64 63 68 66 63 69 68 63 65 69 70 71 72 70 73 71 70 74 73 70 59 74 70 60 59 75 76 60 75 72 76 75 70 72 75 60 70 77 78 79 77 80 78 77 66 80 77 81 66 77 79 82 77 82 81 83 84 85 83 86 87 83 87 88 83 88 84 89 82 90 89 91 92 89 92 82 89 90 93 89 93 91 94 47 46 94 95 47 94 91 95 96 45 86 96 86 94 96 94 46 96 46 45 97 98 99 97 4 5 97 100 101 97 102 100 97 101 4 97 5 98 97 99 102 103 99 104 103 104 105 106 103 105 106 107 108 106 108 109 106 110 107 106 99 103 106 105 110 106 109 99 111 112 113 111 113 114 111 115 112 111 116 115 111 114 116 117 118 119 117 114 118 120 121 122 120 123 121 120 117 119 120 114 117 120 119 123 120 122 114 124 119 118 124 125 126 124 118 127 124 128 125 124 126 119 129 130 131 129 132 133 129 133 130 129 134 132 135 136 137 135 129 131 135 131 136 135 134 129 135 138 134 139 140 141 139 142 143 139 144 140 139 145 142 139 143 144 139 141 146 139 146 145 147 148 149 147 150 148 147 151 152 147 152 153 147 153 150 147 154 151 147 149 154 155 156 157 155 158 159 155 160 156 155 161 158 155 157 161 155 159 160 162 152 163 162 153 152 162 164 153 162 165 164 166 167 168 166 168 169 166 169 170 171 39 38 171 166 170 171 172 167 171 167 166 171 170 39 171 38 172 173 61 60 173 174 62 173 60 76 173 175 174 173 76 175 173 62 61 176 91 94 176 94 86 176 83 85 176 85 91 176 86 83 177 178 179 177 124 127 177 128 124 177 179 180 177 180 128 177 127 178 181 138 135 181 135 137 181 182 138 181 183 182 181 137 183 184 162 163 184 165 162 184 167 185 184 163 186 184 186 187 184 185 165 184 187 167 188 18 19 188 19 20 188 20 21 189 21 22 189 188 21 190 24 25 191 25 26 100 192 193 100 194 192 100 193 195 102 194 100 196 197 198 131 196 198 160 199 200 201 22 23 201 23 202 201 189 22 203 23 24 203 202 23 203 24 190 204 190 25 204 25 191 205 206 207 205 189 201 205 201 202 205 203 190 205 202 203 208 43 42 209 26 27 209 191 26 210 206 209 211 27 53 211 209 27 211 212 209 213 214 1 215 1 214 215 216 195 215 214 216 104 6 7 217 193 192 109 218 219 109 194 102 109 102 99 109 219 194 108 220 218 108 218 109 107 221 220 107 220 108 222 223 224 222 197 225 226 8 9 226 9 227 112 219 218 228 223 222 228 222 225 229 196 230 229 230 231 229 228 225 229 225 197 229 197 196 232 226 227 233 234 235 236 9 10 236 10 11 236 227 9 237 238 233 237 239 238 240 241 242 240 242 243 240 243 244 240 229 231 240 244 2 245 232 227 136 131 198 136 198 238 136 239 246 136 238 239 247 236 11 247 11 12 247 12 13 247 13 14 247 14 15 247 15 16 247 16 17 247 17 18 247 18 188 247 227 236 134 154 132 138 154 134 180 200 199 142 242 241 142 243 242 142 248 249 142 241 248 142 250 244 142 244 243 142 145 250 143 142 249 143 249 133 159 199 160 159 126 125 159 125 199 251 252 253 251 188 252 251 247 188 251 254 247 255 256 257 255 257 258 146 244 250 146 28 2 146 29 28 146 30 29 146 2 244 146 250 145 141 30 146 141 31 30 140 32 31 140 31 141 259 187 260 261 262 56 263 189 205 263 262 261 264 42 41 265 264 41 265 40 39 265 41 40 266 204 191 72 267 78 88 44 43 268 206 210 269 72 270 269 271 272 269 270 268 273 274 275 273 212 274 273 209 212 273 210 209 276 272 271 95 48 47 277 50 49 278 212 211 278 211 279 278 275 274 278 274 212 280 278 279 281 50 277 281 51 50 281 52 51 281 277 282 283 1 3 283 3 4 283 213 1 284 214 213 284 195 216 284 216 214 284 213 283 98 5 6 98 104 99 98 6 104 285 286 215 287 286 285 287 215 195 287 285 215 287 193 288 287 288 289 287 289 286 287 195 193 290 7 8 290 104 7 291 288 193 291 289 288 291 286 289 291 193 217 292 2 1 292 228 229 292 240 2 292 286 291 292 224 223 292 215 286 292 229 240 292 1 215 292 223 228 293 8 226 293 290 8 294 291 217 294 234 295 294 224 292 294 292 291 294 295 224 294 217 234 296 235 234 296 217 192 296 219 112 296 192 194 296 112 235 296 194 219 296 234 217 297 226 232 297 293 226 298 197 222 298 295 234 298 222 224 298 224 295 299 218 220 299 112 218 113 112 299 113 299 220 113 220 221 300 301 302 300 302 303 300 232 304 300 304 301 305 298 234 305 238 198 305 233 238 305 234 233 305 198 197 305 197 298 306 232 245 306 304 232 122 239 237 122 246 239 122 307 246 308 248 241 308 230 196 308 231 230 308 241 240 308 240 231 127 301 304 178 304 306 178 127 304 309 310 245 309 247 254 309 227 247 309 245 227 311 123 126 311 126 159 311 312 307 311 307 123 128 180 199 128 199 125 313 310 309 313 255 310 313 309 254 313 256 255 313 254 256 314 200 180 314 180 310 314 258 315 314 315 200 314 310 255 314 255 258 316 317 151 316 154 138 316 151 154 149 133 132 149 132 154 149 143 133 318 317 316 319 253 55 319 55 257 319 257 256 319 254 251 319 251 253 319 256 254 320 260 321 320 321 317 320 157 260 320 317 318 163 317 321 322 323 324 322 315 258 322 258 257 322 257 323 325 163 321 325 321 260 326 322 324 326 160 200 326 200 315 326 315 322 326 327 160 156 327 328 156 160 327 329 156 328 329 157 156 330 331 259 330 259 260 330 329 328 330 157 329 330 260 157 332 55 253 332 253 252 332 56 55 332 261 56 333 34 33 185 36 35 334 263 261 334 189 263 334 332 252 334 261 332 334 188 189 334 252 188 335 324 323 336 259 331 336 331 168 336 187 259 337 257 55 337 338 335 337 323 257 337 335 323 337 55 57 337 57 338 339 328 327 339 327 340 341 324 335 342 328 339 343 344 345 343 341 344 343 345 340 346 262 263 346 263 205 346 205 207 170 265 39 347 265 170 347 264 265 347 342 264 347 170 169 58 62 348 58 348 57 59 56 262 74 346 207 74 207 73 74 262 346 74 59 262 349 348 62 350 190 204 350 266 206 350 205 190 350 206 205 350 204 266 69 348 349 69 349 68 351 352 208 351 345 352 351 42 264 351 208 42 65 208 352 65 345 344 65 352 345 65 344 69 65 64 208 174 349 62 174 68 349 353 206 266 353 266 191 353 191 209 353 209 206 76 72 78 175 76 78 175 78 80 175 80 174 71 73 207 71 207 206 71 206 268 71 270 72 71 268 270 66 68 174 66 81 84 66 174 80 67 66 84 67 84 88 354 67 88 354 64 67 354 43 208 354 208 64 354 88 43 355 267 72 355 272 267 355 72 269 355 269 272 79 90 82 79 267 90 79 78 267 92 81 82 85 92 91 85 81 92 85 84 81 87 45 44 87 44 88 86 45 87 356 268 210 356 210 273 357 268 356 357 273 275 357 275 271 357 271 269 357 269 268 357 356 273 358 272 276 358 267 272 358 90 267 358 359 90 93 90 359 93 95 91 360 359 358 360 358 276 360 276 282 360 282 277 360 277 359 361 277 49 361 49 48 361 93 359 361 95 93 361 48 95 361 359 277 362 271 275 362 282 276 362 276 271 362 280 282 362 278 280 362 275 278 363 53 52 363 279 211 363 52 281 363 211 53 363 282 280 363 280 279 363 281 282 101 284 283 101 195 284 101 283 4 101 100 195 364 290 293 364 104 290 105 364 293 105 293 297 105 104 364 110 297 303 110 105 297 365 303 302 365 221 107 365 107 110 365 110 303 365 302 221 366 297 232 366 303 297 366 300 303 366 232 300 115 237 233 115 235 112 115 233 235 367 302 301 367 301 127 367 113 221 367 221 302 116 237 115 116 114 122 116 122 237 118 114 113 118 367 127 118 113 367 119 126 123 121 307 122 121 123 307 130 249 248 130 308 196 130 196 131 130 248 308 130 133 249 179 310 180 179 245 310 179 306 245 179 178 306 368 136 246 368 246 307 368 307 312 137 368 312 137 136 368 137 312 369 183 137 369 183 369 318 158 311 159 158 312 311 158 369 312 182 183 318 182 318 316 182 316 138 148 143 149 161 369 158 161 318 369 144 148 150 144 143 148 144 150 140 370 157 320 370 320 318 370 161 157 370 318 161 152 317 163 152 151 317 371 153 164 371 150 153 371 140 150 186 325 260 186 163 325 186 260 187 372 140 371 372 32 140 372 33 32 372 333 33 372 371 164 372 164 333 165 333 164 373 35 34 373 34 333 373 185 35 373 165 185 373 333 165 374 326 324 374 327 326 374 324 341 374 341 343 374 340 327 374 343 340 167 336 168 167 187 336 375 168 331 375 331 330 375 330 328 375 342 347 375 328 342 375 169 168 375 347 169 172 37 36 172 38 37 172 185 167 172 36 185 376 57 348 376 348 69 376 335 338 376 344 341 376 69 344 376 341 335 376 338 57 377 339 340 377 264 342 377 342 339 377 340 345 377 345 351 377 351 264 
337 614 1 0.071607812420323
-1.83697019872103e-16 -3 43.5 0.67806379236857 -3 43.4503070006666 1.36688372564721 -3 43.3034532103695 2.11465138317293 -3 43.0424550713935 2.90762382935646 -3 42.658618357039 3.75146918490134 -3 42.137723928023 4.65089836335259 -3 41.4635483658424 5.60950789648141 -3 40.618534025514 6.62960137295836 -3 39.5845153887183 7.71196025063294 -3 38.343550820009 8.8555471274899 -3 36.8789174054828 10.0571371137551 -3 35.1763254874763 11.3108884132664 -3 33.2253958953452 12.6078852034294 -3 31.0214090956562 13.9357172344881 -3 28.5672704673844 15.2782006989429 -3 25.8755296538591 16.6153857554972 -3 22.9701460375683 17.924017563516 -3 19.8875370956072 19.1785881236073 -3 16.676356343396 20.3530058894723 -3 13.3955329486539 21.3208208342089 -3 10.4381053115842 22.188107788184 -3 7.52718177299507 22.943261538715 -3 4.70865154220155 23.5789713453599 -3 2.02265720574895 24.092388183067 -3 -0.498535697413811 24.4848234415632 -3 -2.83158147804149 24.7611076007615 -3 -4.96206320472475 24.9287711805372 -3 -6.88371512467335 24.9820343249487 -3 -7.96438489801261 25 -3 -9 4.27734141656408e-16 6.98542864692438 41.2277747886721 0.487803643929911 6.99585812008353 41.188851464946 0.98265122509188 7.02672668941011 41.0736483958622 1.48387712218494 7.07740457967779 40.8845159345628 1.99081571390812 7.14726201566028 40.6238044341897 2.50280137896044 7.23566922213126 40.2938642478848 3.21301758055108 7.38617767380874 39.7321590592559 3.97977092215717 7.58270572838876 38.9987063744506 4.80676615825637 7.83170097947457 38.069443446555 5.69615369154523 8.13977599213601 36.9196918467601 6.6482579726063 8.51337467687989 35.525402573655 7.66118584652834 8.95835391117905 33.8647174629374 8.73031935347964 9.47945157091407 31.9199545211011 9.84772374499361 10.0796224815151 29.6800861895131 11.0015429344955 10.7592479927765 27.1436892513658 12.175515780493 11.515271166358 24.3221723558601 13.3488203927494 12.3403826662156 21.2428143164821 14.4965099423947 13.2224723774573 17.9508106972942 15.5907827108678 14.1446292286738 14.5092744760068 16.6031629302999 15.0859458632378 10.9962329698041 17.4221071097818 15.9299554188116 7.84634642632902 18.1373293895769 16.7532342650179 4.77382794349031 18.7380006945558 17.5403190964055 1.83638736288507 19.2186627243338 18.2784137279965 -0.918219303006328 19.5791280364883 18.9580758704674 -3.45475295068896 19.8237858934105 19.5733870172706 -5.75112541302196 19.9552426269518 20.0908191909513 -7.68220857466927 20 20.5734285148067 -9.48333109150404 0.273352194539592 1.99402456776569 42.3539351007791 1.46796342451399 5.39055941950084 41.2939866499605 1.45772499365002 4.54834737114291 41.4982689946565 1.19134860870426 4.52913280621357 41.5947251865597 15.8598830338989 -0.470398339066228 23.1741749492528 15.4867923984231 0.77929487515089 23.2732829167902 14.8339931017159 0.682645385765135 24.7542585764476 18.9817897766318 -0.125033760698876 15.2133254810419 19.7213365193469 -0.0310424143073469 13.0467716222917 18.8669527079034 1.3527783662887 14.4857032100766 19.4042224274548 1.45802487899576 12.8729939803271 13.7503924291822 9.69326405951834 21.9111994957036 13.9461403541235 8.38340184474151 22.2464799676933 13.3035879398121 8.06305963133811 23.8545824734931 19.9219671262465 1.56435836524167 11.2436288803401 17.1916879853532 11.9910898039324 11.5599736859371 17.4824068709174 10.4557354931434 11.8434647127171 16.9555803770876 10.1064105749136 13.5970590029466 16.4969338740485 11.4707735863643 13.9038897438122 24.139292672919 0.872436801456775 -7.77893687496178 23.7173555217531 2.79973765499084 -7.68628653039864 23.689806737425 2.7645822212415 -7.14759416876947 21.2207917826212 14.3992129649725 -7.95260255122436 22.377811421713 8.40131256506541 -6.31424905612487 0.719471593364021 -2.16663569631995 43.2530765314877 0.739529446514997 -1.74981622885244 43.1542561543322 0.57604202899724 -0.501064064097006 42.8924287260636 0.844393972877452 0.753195554411694 42.5598317821879 0.857128448722216 2.0052621474442 42.2685772087189 2.04134963968819 -0.473111446522345 42.4641062743375 2.01616118578227 0.369600385401315 42.2713309240152 2.63514685228819 -0.453869547744368 42.1692595667461 1.45373676969388 -0.487802269594671 42.6892161174284 4.26568947723106 -2.12930638954825 41.5272386365213 3.66004863381467 -2.13893038869732 41.9721829408498 4.07732058791501 -1.69779076935368 41.5530179174722 3.61470922273523 -1.70871742906961 41.8893183655004 1.42336924318837 1.1877558502256 42.3049582327955 1.60540517432453 1.47498428533229 42.1732030024233 1.40762583848298 2.02576751850198 42.1128234521739 1.96465178765394 2.05565665978644 41.8857928843366 0.743141849207886 3.25341780594145 42.0040801714809 2.36119609617926 1.51569391029615 41.8246602230454 2.56376223199812 1.24486534709071 41.7829068763892 1.60284602362857 2.59584422197868 41.9075289151708 1.4259604873579 2.86583652765019 41.9083494481073 1.98001816328282 3.74854348995462 41.4664203699099 3.22028667038509 1.29041606521812 41.366517037763 3.28364567114803 0.86369592971726 41.4358709918102 3.09545490074463 2.14239433412825 41.2269548377266 2.52749768036464 2.0946315915708 41.5897488859424 1.34609608738139 3.42073379346438 41.8048360569682 0.479634075746421 4.49578267871305 41.7621412227809 3.72283387468806 0.895407201189609 41.1133180081721 3.78344361929263 1.33633214833637 40.9467873117358 3.8998073542481 2.22367667877597 40.6095541340767 2.52602199105119 2.94790637837146 41.3755652000992 0.573505311048312 5.74907028884097 41.4611650061325 0.544448325593485 6.16471170823884 41.3705686717124 1.98521314396348 4.59656028582059 41.256242481568 2.51803399848361 4.65829241656831 40.9463501539566 3.18942376118049 3.44964284491109 40.8168651573562 3.70224625652704 3.078032555355 40.5308070247029 4.76261464390593 2.32755322866832 39.8205334030162 0.96547246074481 6.18844030901847 41.273677757714 1.98556203279957 5.02079356398074 41.1518949990091 3.60530299038756 3.50365635068265 40.4900687130582 2.16429578970358 5.75172274435801 40.8763183262582 1.99377269117597 6.2963232274891 40.8331598075615 3.25109166752563 6.51462565309751 39.9417662634711 14.4147292769846 -1.21448291252893 26.6777812933526 16.473634972071 0.933266063875151 20.9139576452511 18.4878991647266 -1.61079921210337 17.5552066585566 12.63108224519 5.81445284249996 26.5091195738573 13.12440698759 4.08951222242017 26.4371261297726 11.8646584068311 3.7418920894738 29.077563184266 16.2815368149288 1.57980180581328 20.9689611600506 17.0229859438358 2.43295362086299 18.6264223841944 15.0983195581121 3.33947519331169 22.6355851280591 16.0687325161346 2.90700642255089 20.6522232425469 16.5550571137802 5.20013203168864 18.0011311458476 12.0775097003346 7.49063206140969 26.7281413460841 14.899516148789 4.63183769650413 22.3177551795638 13.5689186313828 6.16974208716606 24.359522724039 18.0045237318217 1.19313692837527 16.931914621281 14.5801590236572 5.88710575992911 22.2947563709529 17.9570923646182 1.91538181439573 16.5677185178486 12.1383146117992 9.46600674243284 25.5377779327088 17.7080942577775 3.33897373847992 16.2584433618331 15.2444112306692 6.8644291880325 20.1564762596424 15.8631585793246 7.89394664800166 17.9872612247462 14.9132516239595 8.15900792187502 20.1408018551669 21.0617120769333 -0.652688152488191 9.38687680713242 14.8066557045742 8.83612036885571 19.9738547481963 18.3339615231086 4.29753570029448 13.8777284729573 19.1839102579459 3.77794200559082 11.7934529119062 18.0634458792693 5.78279589170653 13.5753597347804 19.3970984419622 6.3682299402906 9.12854665251852 16.7912823363997 7.58488695501195 15.797510235265 19.4294469233337 3.85684824541028 10.990853649886 14.1482954448271 11.4128766513959 19.9407547994503 17.6929062021834 7.22901932546582 13.5832697090051 16.4342319623144 8.97498161207745 15.7973841323807 16.2069220274674 9.63826082288333 15.9471482444834 20.106431817365 4.08540812041827 8.6660440096271 20.1912803360402 6.76261004652017 6.13293233864824 18.1827141675937 8.31661621777045 11.3703485866656 15.4999041247687 12.3919096648214 15.9430726610743 18.4382795844205 8.46205302902099 10.4904162047957 19.0384010522571 7.92988623382418 9.0333546617402 18.8590451538661 8.71074487666771 8.9857626857191 16.5656894384391 13.248214166281 12.4465274337401 18.3843942858098 11.1011290220666 8.60362023495732 17.4833948111726 13.1319504851677 9.83284406208699 17.3308458299405 13.922232788022 9.69430951246807 24.4766317471743 -1.09255623539004 -6.40461058321793 24.1440751153576 -0.183348850878813 -5.05843598853796 24.2409953012674 -0.150305345326128 -6.07544814144576 23.4860773948916 2.60968001370918 -4.77400274639836 22.9533717120629 5.49823741904753 -5.70462876650506 22.1677916138713 8.12350410525049 -4.20408430493584 21.7363826886146 11.2101508358856 -6.13632518215697 21.0306641918741 13.8626491797613 -5.25907815319867 20.2425609850903 17.7083500764154 -5.76553019676547 20.5362191380144 17.0307911616117 -6.86982223414029 20.4520024035787 16.7747243414688 -5.77282981990198 1.41413977974838 -2.3724296503573 43.143247734834 1.62816001339812 -1.74243873818706 42.9271919388634 1.39456146835149 -1.11704851778251 42.8552133485667 2.88269676951494 -2.57487107571386 42.5655229076969 1.41449882726064 -0.907396065998887 42.800010035514 2.8702376341428 -2.36230973985524 42.518974739852 2.79074075813543 -1.72540210364212 42.4028388447514 1.42419334227926 0.559018471814147 42.4526223123606 3.52120489402439 -0.849064356260457 41.725882736173 4.32318761317294 -0.377110074926853 40.9930618277477 3.47487083355581 -0.419594153155465 41.6440521866148 2.64960525042264 0.610828924153408 41.8942285604385 3.41051568908419 0.00866553431413442 41.5749322488591 5.50141932067138 -2.10603557321352 40.4513639377785 2.57909758030606 3.59457062852465 41.1803559952688 1.01608680098514 5.56433424340989 41.404930809106 4.93678917662301 1.44883560655913 39.9183667128937 5.53061121850067 1.05903951729226 39.4489226897899 5.02506734398806 1.00814079590093 39.9666419008424 5.58457940690514 1.52229180798431 39.2468862815209 5.68698580598475 2.45681039133433 38.8387277780966 1.47668155517214 6.23356976187681 41.0894008179863 3.12838448306875 4.74417021063588 40.5152477576617 3.26969092371742 6.07927787089137 40.0465529434251 3.74376379434197 4.84623369339486 40.0028939825172 4.68900272529195 3.66929784522286 39.4878924856368 2.71554115589729 5.90630675752652 40.4978533587965 2.46864292246245 6.17716357939977 40.5885946975345 2.70905546128418 6.12129112417848 40.4460714655557 2.61928975721855 6.39376528290745 40.4352749976207 4.2935758111335 6.30543187864372 39.0777072694113 13.5370969836025 -2.14138390796946 28.8905903077776 4.77040692819306 6.88985849266951 38.4095792994785 4.75017744657802 6.42193269631313 38.5786167852768 13.4808961270252 -0.690782374453005 28.2541519961311 13.0134358251793 -0.441372413408946 29.0209038076236 12.2006519769693 0.901566925554087 29.8642356105011 13.3353904689498 2.28503728773107 26.9786173242817 11.9810618702011 2.88813954473299 29.2866276566827 11.9424132509529 3.17237102654814 29.2169182237124 10.6307563153624 3.42963234602967 31.4494114147702 11.5509836582254 4.83612432614564 29.1175585077636 11.3954080126276 5.38014430042377 29.1368047287332 14.2354642249522 2.79711284228044 24.8389107478237 10.8684232639278 6.97310426638947 29.3261059888053 17.4813175972545 -0.300165324470752 19.2502073839605 22.0292506764938 -1.787094324269 7.0353160479263 21.3853420489776 0.206062834335924 7.58136112334919 21.5306529166467 0.649461498413567 6.68633566731367 15.1791347773866 10.5694530357796 17.9641508705604 21.3359709622977 2.7573650196492 5.52483070509345 20.539354183663 5.57311983671029 5.92818692462662 20.870914323424 7.14206790649793 3.25066373811628 19.2878572345871 8.97790212929437 7.36938842932382 19.8327315485402 8.39931954969068 5.98586920897246 23.8388110399937 -0.26032216862359 -2.68935322063193 19.6532231317661 9.21870208467438 5.91248301129541 24.3287946750779 -1.60883094970975 -3.96132376515085 23.0490732683832 2.40461728460977 -1.63179359010335 19.1521803355728 11.7133643266546 5.5302284487574 18.2906600832209 13.8698183274141 6.67181201114435 22.2986904310353 6.04833535744397 -2.12674339219185 21.8657203254553 7.8343479796397 -2.00772547460802 22.6919917102923 5.27253762341265 -3.40891058465852 22.5153369773587 5.15234900304142 -2.18640526399069 23.3482313489134 4.1672171943782 -6.71097167725416 21.476621183251 10.8020912466003 -3.66745335213499 20.7327423061356 13.3652902116027 -2.7623600513898 20.0274871731282 17.8910392076095 -4.62945940415944 20.1605855910909 16.1586277524025 -3.13346684321226 19.9670778766805 17.090073299853 -3.24092276030291 19.9229763125355 18.3509517434819 -4.62616800635148 20.290400485759 18.7889994442391 -8.21198942604875 2.24227337758645 -2.05098084622094 42.7576388855744 2.20660854725779 -1.73495615899638 42.6968933115013 4.76062625007372 -1.67970398267316 40.9963432682945 5.44756101771481 -1.65928010122718 40.3677375773217 5.10262257379244 -0.331552244672682 40.2949718725701 5.885947069129 -0.279815579977269 39.5022026441684 6.7796079779679 -1.61362527263874 38.9625744526245 4.37211244570983 0.948214915815242 40.5761813649296 7.46143146511675 -2.05989042280041 38.317945020065 7.33771512294216 -1.59223195474325 38.3041314718686 6.57034421890335 1.17552288061014 38.264105599906 6.60678466969012 1.65235061569542 38.057988099866 6.67446593509569 2.61425655639505 37.6428054223039 7.1289053010755 1.24441339110612 37.5633818927469 7.15766956794003 1.72934208190847 37.354190980743 7.21009371074236 2.70766915556967 36.9332662879429 4.39669111049608 4.97059915011944 39.3785853705832 5.05297195432507 5.11145206823227 38.671510495374 11.2276510417041 -1.76492201728313 32.811444771299 5.84480679611119 3.88305513804633 38.1946025530613 6.10507795035717 3.93618861065437 37.8731305494675 11.7845791021404 -1.10371683683068 31.5672436956991 11.1839135102212 -1.14305798312559 32.6043673090284 10.5866479530733 0.321936131897937 32.9337474678734 6.3084193541854 5.42266373114472 37.109242913944 5.87966510305269 6.7490286762873 37.1773348520717 10.8025021415087 2.07624653647561 31.780335811873 9.43726326788123 3.15363199405361 33.545842223406 5.81845754733492 7.21266572048156 37.0914616557765 14.173037339559 -0.023600762651756 26.525694288361 10.3354056010107 4.47301873809109 31.4747814828147 10.1890702292087 4.99175657621414 31.4866564087461 9.6912194528201 6.51219562933797 31.6398451813791 17.0718953238801 -1.68786084912938 21.117980921712 11.5235948171128 8.1824268945223 27.4625290762833 20.6678934677224 0.905934333624653 9.40912035141963 22.468586676232 -0.049117308962126 3.76556082760967 22.7163022903103 0.738749188069927 1.9199371633878 23.3474040682392 -0.353069198399064 0.165212445149743 22.2852674956952 2.60627629455569 1.86834678727449 21.4343723164651 5.06657628952713 2.98560684416307 21.4295594375759 7.50080238442751 0.525804852006345 22.0047835633711 4.22260809862967 1.4168577686289 20.5036118104049 8.84606283010343 3.0856838106127 22.2451277717645 4.99237812665803 -0.559252485911087 20.3196507443514 9.69951777440832 3.00341692637441 21.9855396006143 6.35154961420119 -0.843894746110163 20.5173380038888 10.8889564825773 1.02381765452851 18.9741791665431 14.5724594883926 3.66169135945287 20.0625021424504 12.5616027829959 1.27211219031574 21.1079629076551 10.3852954254241 -1.14572493601079 19.6199097573106 14.2329447361299 1.46088471353455 19.5842115077583 16.4527671748792 -0.638612850884589 19.7661932500686 15.5434548662377 -0.498061017532467 19.6977737529589 17.2409492161852 -2.03584020343791 20.6054462290031 15.032220799599 -4.20868934130424 6.78541979699985 -0.213404212100635 38.484570580358 7.68562223789363 -0.139765906744794 37.3561989920183 8.84903904373962 -1.52791203919838 36.32449478717 9.44481280989873 -0.938572224347244 35.2408232332739 9.14558295235052 0.0787897669069033 35.2683299880103 8.85748301401226 1.03188605361364 35.305483059984 8.29471601722868 2.91345451220683 35.3701713189276 7.28003161471997 4.19787775673143 36.2898398293457 8.10696457032711 4.91784308671818 34.8436215071519 9.16131670687709 4.1528228502257 33.5534415977337 9.02473750015218 4.64966729793783 33.5563898610787 7.0132102567884 7.1300959229826 35.5448395576554 6.89051025482593 7.59285419919187 35.539039347525 7.89518591662064 6.93386618769289 34.3417114871761 22.2688270667433 -0.935086453436878 5.38810874708747 20.5938927240163 11.4964814675856 0.0540435232349802 20.429291051713 12.9701231164664 -0.778640237672598 20.2580033600995 14.4767161020356 -1.64021635476847 7.99113432453607 1.13964066064414 36.4798398280444 10.087959489411 1.13578858809758 33.3827715183542 9.84193406309194 1.53534281127167 33.6013754147011 7.1602273591191 5.66346282324899 35.9004430517805 8.00960946479951 5.92641720634113 34.5804246943216 8.85409653983154 6.20987782638337 33.1574660135327 0 0 0 0.0432003392723688 0 0.0864006785447376 0 0.132631913217596 0 0.181022816815628 0 0.231932000335575 0 0.285672328549974 0 0.342513685891704 0 0.402685444612125 0 0.466376952209892 0 0.533734915415855 0 0.604856912700643 0 0.679780535234092 0 0.758468019320812 0 0.840786899817399 0 0.926488375584497 0 1.01518679951148 0 1.10634571643628 0 1.19927733439957 0 1.29316184522968 0 1.37769660456148 0 1.46154316864994 0 1.54404060238347 0 1.62458970130944 0 1.70268095439115 0 1.77791006043748 0 1.8499813463536 0 1.91870193789991 0 1.95935096894995 0 2 1 0 1 0.0388803053451319 1 0.0777606106902638 1 0.116640916035396 1 0.155521221380528 1 0.19440152672566 1 0.247803416396682 1 0.304915459194541 1 0.366075121971682 1 0.431561332357118 1 0.501597143610045 1 0.576345253297897 1 0.655895544788762 1 0.740244158371391 1 0.829264366764544 1 0.922671285083981 1 1.01998558707593 1 1.12050569966572 1 1.22330179680468 1 1.32724497604133 1 1.42069443612917 1 1.51306644776116 1 1.60348047668293 1 1.6911680765098 1 1.7755091501343 1 1.85604492715886 1 1.92802246357943 1 2 0.5 0.019440152672566 0.833333333333333 0.11088087079908 0.75 0.108000848180922 0.75 0.088560695508356 0.166666666666667 1.00108720279949 0.25 0.994037404443487 0.25 0.948457945981087 0.166666666666667 1.23493952372706 0.166666666666667 1.29721156665819 0.25 1.2527706183908 0.25 1.29923642737245 0.833333333333333 1.00740679306411 0.75 1.0011173960582 0.75 0.950857339763312 0.25 1.3461786827875 0.833333333333333 1.31658076439711 0.75 1.311248658575 0.75 1.25985061000552 0.833333333333333 1.24766767227191 0.166666666666667 1.94890813382644 0.25 1.94368671626469 0.25 1.92336220073967 0.75 1.94368671626469 0.5 1.88737343252938 0.0833333333333333 0.0465855111239417 0.125 0.0482780970497282 0.25 0.0386654489240074 0.375 0.0579981733860111 0.5 0.0604804749813163 0.25 0.134727766236781 0.333333333333333 0.135426383909843 0.25 0.172899338374107 0.25 0.0965561940994563 0.0833333333333333 0.267028450938595 0.0833333333333333 0.230167889086552 0.125 0.257706512132905 0.125 0.22928583346204 0.416666666666667 0.0979534294455798 0.444444444444444 0.110910159382375 0.5 0.0986520471186415 0.5 0.136823619255967 0.625 0.054000424090461 0.444444444444444 0.161805588898809 0.416666666666667 0.17429657372023 0.555555555555555 0.113453415844923 0.583333333333333 0.101768314139402 0.666666666666667 0.143056153297487 0.416666666666667 0.217601324792684 0.375 0.219818605423717 0.5 0.213166763530617 0.5 0.174995191393292 0.638888888888889 0.0973657745957198 0.75 0.036000282726974 0.375 0.248306955458615 0.416666666666667 0.254450594463519 0.5 0.266737872473328 0.583333333333333 0.178111458414052 0.875 0.044280347754178 0.916666666666667 0.0424803336178293 0.75 0.146172420318247 0.75 0.184343992455572 0.625 0.22554093246445 0.583333333333333 0.258265479157341 0.5 0.323714572543122 0.916666666666667 0.0748805880721059 0.791666666666667 0.147612431627326 0.625 0.254029282499347 0.861111111111111 0.163208796660104 0.916666666666667 0.15264119876237 0.916666666666667 0.245687622682265 0.125 0.894622422899243 0.25 1.06508865627179 0.0833333333333333 1.17064262008167 0.625 0.872361766402995 0.5 0.88172909245069 0.5 0.793866193042678 0.291666666666667 1.06156375709379 0.333333333333333 1.1290901097441 0.416666666666667 1.00540960109739 0.375 1.06724985542075 0.5 1.14046230639801 0.75 0.857995966523512 0.5 1.01109569942435 0.625 0.941423244254446 0.25 1.18201481673558 0.583333333333333 1.0077695983023 0.291666666666667 1.19093036406745 0.875 0.890060853263928 0.375 1.19661646239441 0.625 1.0707898512281 0.666666666666667 1.13381010415391 0.708333333333333 1.06746375010606 0.125 1.40386092571872 0.75 1.07060844860901 0.416666666666667 1.26414281504471 0.375 1.32598306936806 0.5 1.26982891337167 0.5 1.39919552034532 0.625 1.20015645820176 0.375 1.34921597385889 0.916666666666667 1.06395624636491 0.583333333333333 1.26650281224962 0.708333333333333 1.19683035707971 0.75 1.19073888821291 0.375 1.41674174549653 0.5 1.48730480820555 0.625 1.32952306517542 0.916666666666667 1.18408668596881 0.625 1.35522208946016 0.583333333333333 1.39924966237529 0.625 1.39927673339028 0.916666666666667 1.28745632415662 0.75 1.40641596763657 0.875 1.36597154735209 0.916666666666667 1.36863760026314 0.0833333333333333 1.89944474009002 0.125 1.85063613058857 0.125 1.88667177354663 0.25 1.8380058364737 0.375 1.86805372449181 0.5 1.81274524824395 0.625 1.87821598225432 0.75 1.84398037154765 0.916666666666667 1.85841359785261 0.875 1.89986582171177 0.875 1.85959793319949 0.0625 0.0904550051336622 0.125 0.105212592168035 0.1875 0.0915029316432548 0.0416666666666667 0.180980187831755 0.208333333333333 0.0931873524619887 0.0625 0.180958873339818 0.125 0.178272361684581 0.354166666666667 0.0967122786479272 0.208333333333333 0.227298123590819 0.25 0.279709198936311 0.25 0.226304268655209 0.354166666666667 0.17762249466678 0.291666666666667 0.224142380911378 0.0833333333333333 0.34163610981338 0.645833333333333 0.184298542880969 0.854166666666667 0.077580609276629 0.416666666666667 0.329268018257112 0.375 0.364339170609908 0.375 0.332044741114107 0.416666666666667 0.371019541503906 0.5 0.384380283291903 0.916666666666667 0.113760893417238 0.75 0.227667666926659 0.875 0.244629725825057 0.75 0.270991341397745 0.625 0.327685812344824 0.868055555555556 0.20391926124258 0.898148148148148 0.187179206034913 0.888888888888889 0.204448209671184 0.916666666666667 0.199164410722317 0.875 0.318533231684713 0.0625 0.826545221110027 0.916666666666667 0.356209265242182 0.875 0.351276336877432 0.166666666666667 0.841417503910646 0.1875 0.814815044416347 0.291666666666667 0.779880811878479 0.375 0.871162069511883 0.4375 0.790587208157312 0.458333333333333 0.791680203119101 0.5 0.710012346802742 0.583333333333333 0.787291502122977 0.625 0.784004156663127 0.395833333333333 0.938285835304638 0.75 0.769417490565881 0.166666666666667 1.11786563817673 0.0625 1.47395076405109 0.166666666666667 1.45488109119957 0.1875 1.48039117394 0.833333333333333 1.12734756728891 0.291666666666667 1.5115142958044 0.4375 1.49525114251486 0.5 1.5737605395332 0.625 1.44686038792106 0.583333333333333 1.48916043845844 0.125 1.77034339543243 0.625 1.49008825358489 0.0625 1.81427309551302 0.25 1.73285522659149 0.75 1.49774765164365 0.875 1.45974120769887 0.416666666666667 1.74499325921535 0.5 1.73909505226272 0.375 1.78855044436821 0.375 1.74794236269166 0.3125 1.90587022037825 0.625 1.79153771190518 0.75 1.75808116677339 0.9375 1.81755354166689 0.875 1.76757422402872 0.916666666666667 1.77021919939725 0.958333333333333 1.81696137399345 0.9375 1.94993291085589 0.09375 0.143085732753927 0.125 0.141742476926308 0.125 0.299451916953562 0.125 0.341197321774218 0.25 0.328415230440146 0.25 0.37712126194398 0.125 0.421749107076936 0.375 0.290175848286361 0.0833333333333333 0.459077709856576 0.125 0.455428088679918 0.375 0.430554154926975 0.416666666666667 0.436692484045818 0.5 0.448969142283505 0.375 0.466080673150428 0.416666666666667 0.472049464736942 0.5 0.483987047909969 0.75 0.31665116354 0.75 0.362310985682255 0.0972222222222222 0.688172753271072 0.625 0.40564006398288 0.625 0.423149016796112 0.145833333333333 0.729830673556286 0.145833333333333 0.692368862289561 0.263888888888889 0.671704651107942 0.75 0.449298392400756 0.875 0.43195406464615 0.395833333333333 0.705128520311591 0.5 0.630376228744703 0.916666666666667 0.431823153883139 0.208333333333333 0.894937724945867 0.583333333333333 0.703268688704442 0.625 0.699896859655292 0.75 0.685229754699782 0.0833333333333333 1.06652621884411 0.8125 0.829739171914905 0.208333333333333 1.40052988699354 0.145833333333333 1.56805199855692 0.180555555555556 1.62298640790178 0.125 1.67872246395047 0.270833333333333 1.62218476119794 0.395833333333333 1.58469659235701 0.5 1.65787888890962 0.347222222222222 1.6340828037685 0.583333333333333 1.57646236002882 0.375 1.69536705775056 0.625 1.57781327027663 0.4375 1.70291062580064 0.666666666666667 1.63790256910889 0.875 1.55061406416329 0.75 1.62791440920852 0.625 1.70798002784151 0.833333333333333 1.61976976503332 0.916666666666667 1.68424323998871 0.875 1.68078082172816 0.9375 1.72937115026926 0.8125 1.80577729778818 0.25 0.432876674591442 0.25 0.488632087238904 0.125 0.546744499969774 0.171296296296296 0.588397883682496 0.256944444444444 0.580168369173423 0.337962962962963 0.571792274234574 0.5 0.555040084356876 0.625 0.502169238378816 0.666666666666667 0.563189410485805 0.583333333333333 0.62354868926712 0.625 0.620134919528329 0.875 0.512821822849327 0.916666666666667 0.5090802631029 0.833333333333333 0.570291133466145 0.104166666666667 1.52100138130401 0.6875 1.66794721852501 0.75 1.69299778799095 0.8125 1.71943099425078 0.356481481481482 0.518936473692501 0.332561728395062 0.649541815218035 0.366898148148148 0.638460397273082 0.75 0.508281232975513 0.75 0.567264073550269 0.75 0.626246914125025 59 1 31 60 61 62 63 17 16 64 63 65 66 20 19 67 20 66 67 21 20 68 67 66 69 67 68 70 71 72 70 46 47 73 67 69 74 75 76 74 76 77 78 30 29 79 30 78 79 78 80 81 30 79 81 58 30 81 79 82 83 2 1 84 83 1 85 1 59 85 84 1 86 85 59 86 59 87 88 89 90 88 91 89 92 7 6 92 6 93 94 92 93 94 93 95 96 86 87 97 89 96 98 96 87 98 97 96 98 99 97 100 87 59 101 102 89 101 89 97 101 97 99 103 99 98 104 87 100 104 103 98 104 105 103 104 98 87 106 107 102 106 102 108 109 101 99 109 102 101 109 108 102 110 105 104 110 100 62 110 62 61 110 61 105 110 104 100 111 100 59 111 59 31 111 62 100 112 107 106 113 106 108 113 112 106 113 108 114 115 99 103 115 103 105 115 108 109 115 109 99 116 111 31 117 116 31 117 31 32 117 32 33 118 105 61 118 119 105 120 108 115 121 108 120 121 114 108 121 122 114 123 116 117 123 117 33 124 118 61 124 119 118 124 61 60 125 121 120 126 119 124 126 124 60 127 34 35 127 35 36 128 37 38 129 65 63 129 16 15 129 63 16 130 63 64 131 19 18 131 66 19 132 133 134 135 130 64 135 136 130 137 135 64 138 135 137 138 139 136 138 136 135 140 72 132 141 138 137 141 139 138 142 72 71 142 133 132 142 132 72 143 66 131 143 68 66 144 142 71 144 141 142 145 143 136 145 68 143 146 70 72 146 46 70 146 45 46 146 72 140 147 68 145 147 145 136 147 136 139 148 141 144 148 139 141 148 149 139 150 148 144 150 144 71 150 149 148 151 21 67 151 22 21 151 67 73 152 150 71 152 71 70 152 149 150 153 68 147 153 69 68 154 69 153 154 73 69 155 147 139 155 153 147 155 154 153 155 156 154 157 139 149 157 155 139 158 154 156 158 73 154 159 70 47 159 152 70 159 47 48 160 155 157 160 157 76 161 157 149 161 76 157 162 77 76 162 76 161 162 161 149 163 73 158 163 158 156 163 156 164 165 156 155 165 76 75 165 155 160 165 160 76 166 77 162 166 49 77 166 48 49 167 156 165 167 165 75 168 156 167 169 168 167 170 77 49 170 49 50 170 74 77 171 75 74 171 167 75 171 169 167 172 171 74 172 74 170 173 50 51 173 170 50 173 172 170 174 28 27 174 29 28 174 78 29 174 27 175 176 174 175 176 80 78 176 78 174 177 176 175 177 80 176 178 179 82 180 81 82 180 82 179 181 81 180 182 56 57 183 181 184 183 184 182 183 182 57 183 81 181 185 3 2 185 4 3 185 2 83 185 83 84 186 185 84 187 186 84 187 84 85 188 5 4 188 6 5 188 93 6 189 187 85 189 88 187 189 85 91 189 91 88 190 93 188 191 93 190 191 95 93 192 85 86 192 91 85 192 96 89 192 89 91 192 86 96 193 194 94 193 191 90 193 95 191 193 94 95 195 194 193 195 193 90 196 102 107 196 89 102 196 90 89 197 107 112 197 194 195 197 195 90 197 90 196 197 196 107 197 112 194 198 8 7 198 9 8 199 120 115 199 115 105 199 105 119 200 111 116 200 62 111 200 116 123 200 60 62 201 114 122 202 203 201 204 122 205 204 201 122 204 202 201 206 33 34 206 123 33 206 126 60 206 127 126 206 200 123 206 60 200 206 34 127 207 208 209 207 199 119 207 125 120 207 209 125 207 120 199 210 122 121 210 121 125 210 125 209 210 205 122 211 207 119 211 119 126 211 208 207 212 126 127 212 211 126 213 211 212 213 128 208 213 208 211 214 212 127 214 128 213 214 36 37 214 127 36 214 37 128 214 213 212 215 209 208 215 208 128 215 128 38 216 15 14 216 129 15 217 38 39 217 215 38 217 218 215 219 216 220 219 129 216 221 222 220 223 222 221 224 222 223 224 134 133 224 225 134 224 133 222 224 223 225 226 134 225 226 132 134 227 140 132 227 132 226 228 64 65 228 137 64 228 133 142 228 141 137 228 65 222 228 222 133 228 142 141 229 140 227 230 143 131 230 136 143 230 130 136 230 131 18 231 23 22 231 22 151 232 231 151 233 231 232 234 149 152 234 162 149 234 159 48 234 152 159 234 166 162 234 48 166 235 233 163 236 164 237 236 163 164 236 235 163 238 156 168 238 164 156 238 168 169 238 169 171 239 237 164 239 164 238 240 26 25 240 177 175 241 239 238 242 26 240 242 27 26 242 175 27 242 240 175 243 177 240 244 238 171 244 241 238 245 51 52 245 171 172 245 244 171 245 173 51 245 172 173 246 247 179 248 249 246 248 178 177 248 179 178 248 177 243 248 243 249 248 246 179 250 177 178 250 178 82 250 79 80 250 82 79 250 80 177 251 181 180 251 179 247 251 180 179 252 181 251 253 254 255 253 182 184 256 253 255 256 255 55 256 182 253 256 56 182 256 55 56 257 58 81 257 81 183 257 183 57 257 57 58 258 188 4 258 190 188 258 191 190 258 4 185 258 185 186 259 191 258 259 258 186 259 186 187 259 187 88 259 90 191 259 88 90 260 94 194 260 198 7 260 261 198 260 7 92 260 92 94 262 261 260 262 263 261 262 260 194 262 202 263 262 203 202 264 198 261 264 261 263 264 9 198 265 112 113 265 113 114 265 262 194 265 114 201 265 203 262 265 194 112 265 201 203 266 10 9 266 11 10 266 9 264 267 266 264 268 202 204 268 263 202 269 205 270 269 268 204 269 204 205 271 268 269 272 270 273 272 269 270 272 271 269 274 275 210 274 218 275 274 209 215 274 210 209 274 215 218 276 13 12 276 14 13 277 210 275 277 205 210 278 270 205 278 205 277 279 220 216 279 221 220 279 216 14 279 14 276 279 276 280 281 221 279 281 279 280 282 278 277 282 277 275 283 275 218 283 218 217 283 282 275 284 223 221 284 221 281 284 225 223 284 285 225 286 217 39 286 39 40 286 40 41 286 283 217 287 220 222 287 65 129 287 129 219 287 222 65 287 219 220 288 226 225 288 227 226 288 225 285 289 227 288 289 229 227 290 43 44 290 44 229 290 229 289 291 230 18 291 18 17 291 130 230 291 63 130 291 17 63 292 140 229 292 45 146 292 44 45 292 229 44 292 146 140 293 151 73 293 73 163 293 233 232 293 163 233 293 232 151 294 24 23 294 233 235 295 24 294 296 25 24 296 240 25 296 24 295 296 243 240 297 294 235 297 295 294 297 296 295 297 243 296 298 297 235 298 237 299 298 236 237 298 235 236 300 297 298 300 298 299 301 299 237 301 237 239 301 239 241 302 246 249 302 300 299 302 243 297 302 297 300 302 249 243 303 301 241 303 241 244 304 247 246 304 246 302 304 302 299 304 299 247 305 299 301 305 301 303 306 52 53 306 245 52 306 244 245 307 303 244 307 305 303 307 244 306 308 251 247 308 252 251 308 299 305 308 247 299 309 306 53 309 307 306 310 311 309 310 309 53 310 53 54 312 255 254 312 55 255 312 54 55 312 311 310 312 310 54 313 184 181 313 254 253 313 253 184 313 181 252 313 252 254 314 315 267 314 263 268 314 264 263 314 267 264 314 268 271 314 271 315 316 266 267 316 267 315 316 12 11 316 11 266 317 276 12 317 280 276 317 281 280 317 12 316 318 316 315 318 281 317 318 317 316 319 320 285 321 273 270 321 270 278 321 320 273 321 278 282 322 320 321 323 289 288 323 288 285 323 285 320 323 320 322 324 290 289 324 323 322 324 289 323 325 282 283 326 325 283 326 41 42 326 286 41 326 283 286 327 325 326 327 326 42 327 42 43 328 23 231 328 233 294 328 231 233 328 294 23 329 305 307 329 308 305 330 309 311 330 308 329 330 329 307 330 307 309 330 252 308 331 330 311 331 252 330 331 312 254 331 311 312 331 254 252 332 315 271 332 273 320 332 272 273 332 320 319 332 271 272 332 318 315 332 319 318 333 281 318 333 318 319 333 284 281 334 284 333 334 319 285 334 333 319 334 285 284 335 336 322 335 327 336 335 282 325 335 325 327 335 321 282 335 322 321 337 290 324 337 322 336 337 43 290 337 336 327 337 327 43 337 324 322 
368 682 1 0.480229340389363
1.37861988708594e-15 22.5145713530756 -16.7277747886721 4.27734141656408e-16 6.98542864692438 41.2277747886721 0.487803643929911 6.99585812008353 41.188851464946 0.98265122509188 7.02672668941011 41.0736483958622 1.48387712218494 7.07740457967779 40.8845159345628 1.99081571390812 7.14726201566028 40.6238044341897 2.50280137896044 7.23566922213126 40.2938642478848 3.21301758055108 7.38617767380874 39.7321590592559 3.97977092215717 7.58270572838876 38.9987063744506 4.80676615825637 7.83170097947457 38.069443446555 5.69615369154523 8.13977599213601 36.9196918467601 6.6482579726063 8.51337467687989 35.525402573655 7.66118584652834 8.95835391117905 33.8647174629374 8.73031935347964 9.47945157091407 31.9199545211011 9.84772374499361 10.0796224815151 29.6800861895131 11.0015429344955 10.7592479927765 27.1436892513658 12.175515780493 11.515271166358 24.3221723558601 13.3488203927494 12.3403826662156 21.2428143164821 14.4965099423947 13.2224723774573 17.9508106972942 15.5907827108678 14.1446292286738 14.5092744760068 16.6031629302999 15.0859458632378 10.9962329698041 17.4221071097818 15.9299554188116 7.84634642632902 18.1373293895769 16.7532342650179 4.77382794349031 18.7380006945558 17.5403190964055 1.83638736288507 19.2186627243338 18.2784137279965 -0.918219303006328 19.5791280364883 18.9580758704674 -3.45475295068896 19.8237858934105 19.5733870172706 -5.75112541302196 19.9552426269518 20.0908191909513 -7.68220857466927 20 20.5734285148067 -9.48333109150404 20 20.5734285148067 -9.48333109150404 20.0457964227505 21.832535271887 -14.1823814810811 20.0465906773126 22.4064667628421 -16.3243229653892 19.9823189780942 22.7024867893946 -17.4290847445411 19.8652007127362 22.8853777978108 -18.1116432801976 19.7469473745132 22.9782175312505 -18.4581258823558 19.633751318515 23.0339371232659 -18.6660742307341 19.5217859067261 23.0718046132755 -18.807397627405 19.4027594273502 23.1002857689924 -18.9136907475989 19.2680388329817 23.1227559664794 -18.9975506662766 19.1167183939143 23.1395242140472 -19.0601306181534 18.9478923804415 23.1508995200063 -19.1025838379446 18.7606550628571 23.1571908926675 -19.1260635603654 18.4808000409301 23.1582051373015 -19.1298487728707 17.9919310190572 23.1454123529425 -19.0821054516725 17.088842165686 23.0989089675417 -18.9085524546331 14.5811994323673 22.9381271534321 -18.3085065554428 12.59455011707 22.8224602223619 -17.8768316919334 10.3409178343188 22.7150064667068 -17.4758088163646 8.12714675809388 22.6340765378593 -17.1737742100527 5.84894921483422 22.5742962073192 -16.9506709791838 3.47152719597139 22.5348684633564 -16.8035246354869 1.79033136085415 22.5198391792924 -16.7474345837585 16.7771949674466 15.7169206941933 8.64140284238075 16.224808114541 15.0504766618524 11.1286058314783 16.9883393974832 15.7641755378541 8.46504536493492 17.2186311114293 16.2870798010765 6.51354008709463 16.5689714546934 15.6916283376796 8.73579520193331 16.0418427475916 15.0623347345067 11.0843509018526 12.3857708114213 17.8604782266586 0.641537222273244 12.533801326067 19.4541524739845 -5.30613603946078 11.417106846115 17.6568158902965 1.40161540916505 12.3665133483678 17.4783329099074 2.0677229602634 13.2822701620353 18.0740417091395 -0.155492544986719 13.8204253087256 19.6738027586821 -6.12588206184941 14.1091579146856 18.294918133911 -0.979814584427918 14.8689870861012 18.5205192971449 -1.82176958786344 14.7974786309532 19.8673947951699 -6.84837737796267 13.217837434087 17.3447539284679 2.56624650581907 17.3514994743994 17.5067190057414 1.96178460838235 17.6290616958084 17.6002931380408 1.61256119236668 17.8214741188778 18.0904330865906 -0.21666599844007 16.7906749060423 16.756255314694 4.76255323260686 17.1327150945868 17.0246628010853 3.7608428562626 17.0656310067019 17.4325357585315 2.23864025604013 16.4933262210096 16.729696553046 4.86167188046331 11.5985701353786 21.8867866218989 -14.3848502757046 12.6019212416891 21.1082130337029 -11.4791740871259 13.4070442022616 22.2306987474285 -15.6683478015199 9.53690692308801 21.5378539323707 -13.0826157499638 10.4939701740225 20.9248161032347 -10.7947274246663 1.82777210688717 11.7085194924858 23.6009597842734 0.96964405251667 11.6104433226846 23.9669850329833 1.22374763267496 10.895032630307 26.6369340852144 1.62265992075831 12.8417016372501 19.371866445783 0.0764254269422968 12.323650406253 21.3052599607881 2.42032913837937 10.9747512967396 26.3394199717763 2.67524528042648 11.8281153951264 23.1546217992416 1.76037157795342 10.9242823423179 26.5277726738829 3.51088421704683 11.9679768520309 22.6326517360534 4.33356046537066 12.1268561610626 22.0397060824758 3.92535376146228 13.0062006559561 18.7579477501773 2.94445420313367 11.0262701860059 26.1471488594851 2.88459756539757 12.9141348870051 19.10154187754 3.78236459955639 11.1297862717089 25.7608215682407 7.24931971616971 11.0857176554112 25.925287883283 6.87024836474454 11.3279686177804 25.0211949835386 6.47912188830858 10.9119752123861 26.573703508084 8.00191612622176 11.2826212432982 25.1904336890961 7.44510570765065 11.294886475814 25.1446592181807 5.8580201947667 9.60115802933742 31.4657398346558 6.37248647731846 9.56279449993725 31.6089144755349 7.81580849678059 10.2776467756565 28.9410494626445 5.88766378026496 12.9299917723384 19.0423631758266 4.85486234616602 12.2019708285302 21.7593743270928 6.14467605216313 12.4272458411696 20.9186365342468 6.49908975077052 12.9315032246032 19.0367223591812 5.25568079904201 12.9417802274857 18.9983680622739 7.22105789990537 13.9349317551341 15.2918761014755 4.11392886543576 15.6696313752966 8.81788898315859 5.13056359317741 15.8047910025882 8.31346638697416 4.7932347792511 16.8360737741143 4.46466668666825 4.11789193562261 16.7966303169404 4.61187167286745 4.00924530029298 14.8939507170713 11.7127686101038 3.06187244368944 15.5499245969217 9.26464076206404 3.42358232364695 16.7630457838345 4.7372108567673 6.11148487336349 15.9541032259188 7.75622558331343 6.54226838225433 16.971559231952 3.95902807433127 7.05645951037266 16.1162752425433 7.15099137770494 5.22822265625001 15.0002254439956 11.3161459296619 6.39020538330079 15.1320914095103 10.8240154465719 10.3064496211843 17.2985240884254 2.73877861768313 9.15136049614407 18.146215400686 -0.424848428807989 9.12608286390089 16.9481514428875 4.04638713241295 10.9140355550327 18.8032782276707 -2.87704028287969 9.89478141167115 16.9669571589116 3.97620324473855 10.952444511764 16.7666915318009 4.72360474012501 18.967618042398 21.0258315807883 -11.1717223192472 19.3678961122177 21.1457753436773 -11.6193585364001 19.6227244250161 21.1943678527311 -11.8007082490562 19.8302038584646 21.1689989275145 -11.7060301312142 19.9805603027344 20.9056407046569 -10.7231638629188 2.73223876953126 14.8153998319534 12.0059245043435 1.39616851806641 14.7667053918577 12.1876546288269 0.936851352453233 12.8197242746026 19.4538870798 13.7801187162347 13.5544950753796 16.7116851193824 4.176374818701 18.7062246104223 -2.51483125225048 6.63106940510963 18.8289828342165 -2.97297118049733 5.62874388917622 18.7708472166012 -2.75600610182772 11.6641179522722 14.7567601993582 12.2247705925258 13.01513671875 16.5925691785131 5.37343820932881 12.2231491088867 16.3412774329095 6.31127177144388 0.474422651529312 20.5740139254968 -9.48551587394268 1.2999144838969 20.5778872007741 -9.49997113406925 2.10181508968746 20.5852530571252 -9.52746088421315 6.84704089354068 20.7111116418512 -9.99717151697926 7.29026405727583 18.8737186374592 -3.13992747111649 8.26404110293973 20.7802776650162 -10.2553026295882 8.30422195197346 18.9533294676208 -3.43703913411229 9.48904494594827 19.0643132297142 -3.85123617305985 10.5429459144732 19.1809448047738 -4.28651113694928 11.5697162283289 19.3125784213605 -4.77777448203468 19.9710910797119 20.2565130139121 -8.30058634045926 16.4664546692253 21.5923919192883 -13.2861542880824 16.1101765418927 21.5387801246202 -13.0860723464964 19.9809062957764 20.4566530866034 -9.04751926037369 19.9045715332031 20.1104166610497 -7.75534732877622 19.7393696085907 21.1941423940741 -11.7998668258929 19.928030787304 21.0742779784721 -11.3525267368469 1.70056416983157 8.05255899105034 37.2451901260956 0.235043185949323 8.92810757041067 33.977598343428 0.965681864839908 8.95218307562166 33.8877473347627 1.3462341723579 8.97603927812605 33.7987147749407 1.97265191656157 8.08494058932269 37.1243403561128 2.74823071167557 8.20107884636148 36.6909064801416 0.127578871324658 9.8975079124655 30.3597470140047 2.10823346748612 9.99557596999296 29.9937520407127 2.51122519294764 10.0364853458203 29.8410761716191 4.67800315530095 11.2694427511533 25.239616491348 10.4199023960569 10.9918946938413 26.2754399427784 8.46954068920868 11.4480807289853 24.5729304819177 8.54844053316647 12.2281092173283 21.6618245320705 0.705661201477053 14.7542207771981 12.2342478450493 0.314836341142653 12.8100763554394 19.4898936043044 11.8860735326748 12.3835527154532 21.0817014993623 6.25355751969044 14.2138986933244 14.2507573145173 7.49622802734376 15.2874160103996 10.2443361443876 0.208001555874944 17.661920662433 1.38256414019029 2.33613397774185 18.6545759417607 -2.32207579666199 0.862744235992435 18.635241405356 -2.24991832445903 0.560358916595579 15.7227737797182 8.61955882982082 1.16875067353249 16.699169257013 4.97560130027614 14.9403136722028 13.9706994507434 15.158389244192 7.62333308099837 16.1882035427451 6.88255130684977 10.6741091121182 15.1525103154406 10.7478110522052 11.3814086914063 16.1006487033854 7.20931041578887 10.4888809204102 15.8728155931564 8.05959515880975 2.64833811848631 19.6263685674172 -5.94885525003308 3.13016827249693 18.6729390514547 -2.39060785502506 4.98625457896796 20.6437123017225 -9.7456337552222 3.8806104791942 20.6150918423969 -9.63882074688306 17.6790046713985 16.4718788604457 5.82386060833799 8.5825261755353 18.0817121386104 -0.18411897748817 18.9100797615582 17.9709871077118 0.229112463495207 6.38335349752213 21.6374268847235 -13.454227067204 19.5195914037902 18.9578294359306 -3.45383324447706 19.4645369236007 18.9920013999905 -3.58136475054297 19.1526790426177 18.6785479615172 -2.4115405923533 19.3740297972133 19.1625987657875 -4.2180427873347 18.8111580279809 18.4597974346475 -1.595152511893 13.2636440930853 20.3642053725055 -8.70249969431657 18.549281363039 18.4285881412195 -1.47867784315147 17.7260196669652 17.3671538812349 2.48264874400527 18.2926875859141 17.9077441064661 0.46513855736732 16.4112233926759 19.0568352192177 -3.82332785794721 15.70625 17.6617142574034 1.383334454248 16.7801879882812 18.204817209712 -0.643553357508495 17.627655964626 19.5710192372682 -5.74228873775159 17.1070177690937 20.4380098497833 -8.97794175334327 15.6667916361193 20.0619592013345 -7.57450162711307 19.2662000979515 19.2055411983468 -4.37830612744642 19.1683634053911 19.3038009501287 -4.74501651343588 19.8538912148017 19.8968879862673 -6.9584474656156 19.8422625015676 19.9562912091617 -7.18014331159082 19.764680577616 19.7936844019917 -6.57328644557587 19.7487767594329 19.5492733419226 -5.66113195146606 19.9286456391863 20.0611690859137 -7.57155287621916 14.5423871279661 21.3249654870366 -12.2881052556323 18.2190988339375 19.451917773723 -5.2977960245454 17.68408203125 18.7308593362937 -2.60676930083284 18.4262084960937 19.2227798114214 -4.4426415072929 18.5498462939192 19.6539983448969 -6.05197098338893 15.4322222514113 22.2038821386524 -15.5682668550807 19.560126165663 19.7541336169496 -6.42568090631946 19.8659378290176 20.1008980679808 -7.71982345582652 19.8279026031494 20.1333907215825 -7.84108768994064 18.1907458553021 20.7699641582081 -10.216812098176 18.0205644037483 19.7579867529987 -6.44006100582304 19.8951262235641 20.348534028141 -8.64401344092556 18.300898996722 21.8874953397441 -14.3874952467108 19.7262844330329 20.6732411947183 -9.85583708417365 19.01484375 19.6635178093682 -6.08749810845654 19.76474609375 20.3232030708111 -8.54947702116598 3.80159470966922 7.97121401720243 37.5487737014363 1.1236692650073 9.92527286536761 30.2561267991043 0.548578166961671 10.8732001490401 26.7184140145577 0.88719360604752 10.882067441074 26.6853208301617 4.07291207650808 10.7149333948578 27.3090735823152 7.63901391428333 11.94960420844 22.7012193754042 6.64517443945051 11.6832454192485 23.6952839097092 5.78352477048703 11.9191544446316 22.8148594410156 5.657497474973 11.4569014463338 24.5400111166137 7.34278740769489 11.4629101654788 24.5175862714765 8.62990764217346 11.1431118006416 25.7110900172262 9.23334136557785 11.045017321498 26.0771835973322 9.21133101245001 11.7301131779283 23.5203710530795 9.83375170192963 10.9966266358491 26.2577800947871 7.38239153454861 12.6980244971698 19.908076832449 10.875853168133 11.8344771934742 23.13087924458 9.82862633390446 11.3167113580968 25.0632076486319 8.19308267284743 12.5075229211433 20.6190383931021 9.69842110353451 13.3576720069414 17.4462388108953 9.67518608066212 12.6207407062516 20.1965038667575 11.3302463365426 12.6721891613789 20.0044956182515 1.99324349620241 16.2318929571142 6.71950019267136 2.57723148833274 16.7312202555628 4.85598534525512 1.84065152646988 16.71130078652 4.93032581578237 10.2387190806126 13.186330445999 18.0856942217804 10.7539708610002 13.0480402421682 18.601800288666 12.8554433934139 12.9586534880746 18.935396196467 1.44691670351097 17.1876762445578 3.15246840290658 11.7829625350941 13.5049793304619 16.8964803951896 12.7603287638569 13.9865294765166 15.0993107837215 12.2279221423817 14.3301614165358 13.8168589244664 11.004360830064 13.8245245336496 15.7039214615781 13.5255509887451 13.6289942453585 16.4336504318992 13.2715991274801 13.7260686305387 16.0713638942934 15.2646508871028 14.0435917675799 14.8863514142767 14.6176160829037 13.9257893049196 15.3259961901819 14.2960779441424 13.9086569837807 15.389934883124 13.7885258086972 13.7973083171593 15.8054937643102 14.5528555290428 15.0033489634436 11.3044887963838 9.66218879381195 15.2807635914376 10.2691633099473 9.54453125000001 15.6599107054386 8.8541670169525 8.54732513427736 15.4640666434477 9.58506700666311 8.5819118872607 14.6316348253856 12.6917448455078 15.1043584443011 14.4978303065004 13.1911101082696 15.8631017567343 15.0936829653105 10.9673577117655 13.6842372082021 14.4876621857159 13.2290580516551 9.14284457382833 15.9951559700579 7.60301465639615 12.671155974115 15.1507214590112 10.7544871552871 13.7584060668945 16.8523913369801 4.40376871299767 14.0880289597596 15.2405543487126 10.4192262467309 16.6685890045563 16.1188895862717 7.14123451408222 4.22006228617569 19.185880027793 -4.30492964000348 1.60696787845194 20.0957803946654 -7.70072403899687 15.3643513872925 15.5285613150835 9.3443696153008 11.9030376521418 16.6142153800646 5.29265348534768 16.9439089784571 16.1894869491596 6.87776156890426 14.4884638432359 15.9880093263934 7.62968629365602 14.885473221704 16.729988060945 4.86058395817346 13.6125448191222 15.5627286857808 9.21685525189764 16.3929448024017 16.0751964392071 7.30429955886976 15.9110631230837 16.1167487371572 7.14922427174873 15.706700147684 16.197022221391 6.84963955008759 16.1168924438642 16.0582707460194 7.3674671057996 18.3454853130735 17.2330501463388 2.98313069612221 18.5406192632424 17.6931165712522 1.26613942348903 17.9264069049821 16.9993995352878 3.85512664778409 18.1075516250777 17.4529330571675 2.16251650119338 17.4332474643484 16.7928807743603 4.62586515628168 14.3410191961489 16.7718726089827 4.70426869684497 14.4539916992188 17.1186113050948 3.41022226600447 15.3984122823456 16.726847047341 4.87230638053117 15.2990924023987 16.4217908275755 6.01079169186067 15.8852221000599 16.7623988184132 4.73962536459034 13.8613445229834 17.2126467229356 3.05927730891148 17.0845531764216 16.8115921640442 4.55603329930113 16.1918826698857 16.7318030907103 4.85381017487239 17.9164392660589 17.3985730161167 2.36539093629641 7.36930608099352 21.2021693851528 -11.8298239644306 5.00562388234189 22.0786519038101 -15.1009012560057 19.055313998639 18.3600456218572 -1.22287367841264 18.6782715699764 18.08053865285 -0.179739469008329 8.43449338832327 22.178094205449 -15.4720249781438 19.7715820803646 19.5555075194625 -5.68439821878828 15.6829289775708 18.7893165552848 -2.82493461217685 18.6796730038304 18.4340550371586 -1.49908057655608 19.5730484061246 19.3185614263102 -4.80010336048921 18.2881078144876 18.9537143641031 -3.43847558733995 14.099788052886 21.6724139475268 -13.5848005631933 18.9919891895721 19.2450606990742 -4.52579491205115 18.8088176576439 19.2118625175033 -4.40189761170961 18.6200279041643 19.2043970502893 -4.37403610876468 17.9336092392597 19.4965756537681 -5.46446150183185 19.625430753623 19.6854877203872 -6.16949093261746 18.2941374825121 19.6915827418854 -6.19223786252161 18.7897847399568 19.6448291786141 -6.01775118895827 19.7306908460111 19.9161156853434 -7.03020621548024 19.8340430185199 20.3253834585934 -8.55761433914967 19.9015729762347 20.8972683374293 -10.6919177630456 3.28193260481287 8.07484444198144 37.1620196909511 5.33015512479193 9.66006236649148 31.2459058556107 4.30924524633257 7.89017619285501 37.8512109792357 2.73119236763094 9.35917819904014 32.3688208557322 4.13906291293424 9.82238375100986 30.6401142014332 3.3414732681665 9.91175756593383 30.3065665832707 0.68395111753685 11.6029954134493 23.9947810086596 4.74411585529014 9.72961141386654 30.986345277189 7.03247149418057 9.22761190253134 32.8598329588667 5.4989351680455 10.5560579188445 27.9020049308735 6.27516487177505 11.3819528016486 24.8197232665375 8.1099155668106 13.6986432704765 16.173716731461 10.2915648978401 12.1845975012961 21.8242124670271 8.56723211208492 13.009701613453 18.7448819989237 8.93209408880227 13.5059619558303 16.8928131873899 7.44764993383725 14.4083241087873 13.5251517857271 12.3245371419563 13.1877316928889 18.0804646971933 9.65713455500596 14.8807303814823 11.7621075742152 16.4119657879138 15.0582913066296 11.0994411801267 13.1877417589662 14.7771482530891 12.148681340135 9.83569762191735 15.9251823999939 7.86415957506221 8.78398881787976 16.5732357485891 5.44559155208956 8.31280036705484 16.9423223034558 4.06814177693642 14.9279572531896 15.7154791794616 8.64678264859975 15.8906220052342 15.7923351661584 8.35995220138127 17.6806416896219 16.8831326701794 4.28904049560548 17.2574541039511 16.7917861708914 4.62995027204179 16.9303626326636 17.4351681256204 2.22881612832039 18.1968033888966 18.2424980623269 -0.784180213939679 18.4669266503635 18.7011708201897 -2.49597025033153 19.9509905922117 20.9292115478696 -10.8111314473656 2.03468830948337 9.15691942454113 33.1236608784391 4.79984034678143 10.6218061407028 27.656629226391 8.44433973761082 10.0943107630739 29.6252687764599 8.83809251601926 10.6138650457761 27.6862657961253 1.8461037775045 15.6242718812908 8.98717291939402 10.3379366720561 14.1204501121199 14.5995121674678 7.45240917422803 16.9499648045569 4.03961957453033 0 1 0 0 0.0388803053451319 0 0.0777606106902638 0 0.116640916035396 0 0.155521221380528 0 0.19440152672566 0 0.247803416396682 0 0.304915459194541 0 0.366075121971682 0 0.431561332357118 0 0.501597143610045 0 0.576345253297897 0 0.655895544788762 0 0.740244158371391 0 0.829264366764544 0 0.922671285083981 0 1.01998558707593 0 1.12050569966572 0 1.22330179680468 0 1.32724497604133 0 1.42069443612917 0 1.51306644776116 0 1.60348047668293 0 1.6911680765098 0 1.7755091501343 0 1.85604492715886 0 1.92802246357943 0 2 0 2 1 1.76371086153895 1 1.60618476923158 1 1.49420800288532 1 1.40122090999183 1 1.33942094741665 1 1.29307097548526 1 1.25444599887578 1 1.21868213164477 1 1.18291826441376 1 1.14715439718275 1 1.11139052995174 1 1.07562666272074 1 1.02794150641272 1 0.956413771950708 1 0.849122170257683 1 0.634498466088907 1 0.507600230890946 1 0.388314263450476 1 0.287842720351441 1 0.196607993850564 1 0.111206851740661 1 0.0556034258703306 1 1.31361139259429 0.09375 1.26438987647518 0.0625 1.34912616569661 0.0625 1.35465846207491 0.125 1.27809661949198 0.125 1.23296232669211 0.09375 0.642197168890974 0.625 0.598499233044453 0.75 0.57422135301389 0.625 0.654891830637502 0.59375 0.710172984768058 0.625 0.692249233044453 0.75 0.778148800645143 0.625 0.846124616522227 0.625 0.772472514881726 0.75 0.735562308261113 0.5625 1.28537641943045 0.3359375 1.3346382273588 0.3125 1.33476701409814 0.375 1.23823572831579 0.28125 1.28116691082677 0.28125 1.23611461150209 0.359375 1.18784896861092 0.3125 0.471616812079216 0.9375 0.5530497319677 0.875 0.574416294510709 0.953125 0.368817329647722 0.921875 0.430432189447975 0.875 0.0997709721642602 0.30078125 0.052643277672566 0.296875 0.0701303053451319 0.25 0.081940152672566 0.375 0.00390625 0.34375 0.140260610690264 0.25 0.146898666655954 0.3046875 0.101380305345132 0.25 0.194026361147649 0.30859375 0.241154055639343 0.3125 0.204850381681415 0.375 0.171510610690264 0.25 0.148255305345132 0.375 0.22220076336283 0.25 0.465729239322765 0.19140625 0.429500538309612 0.21875 0.411744963012147 0.1953125 0.519713515633383 0.1875 0.474607026971497 0.203125 0.400686277961142 0.109375 0.442894318802532 0.09375 0.539520341945369 0.109375 0.323434388363178 0.3515625 0.272068971333628 0.3125 0.350685835713663 0.3125 0.362962390590433 0.34375 0.283906386135924 0.359375 0.387515500343972 0.40625 0.184714990972728 0.55078125 0.234095107329795 0.5546875 0.205401998462641 0.625 0.174151998462641 0.625 0.1875 0.5 0.13533487461566 0.546875 0.142901998462641 0.625 0.283475223686863 0.55859375 0.29071068008786 0.625 0.33285534004393 0.5625 0.25 0.5 0.3125 0.5 0.506333336099178 0.61328125 0.412880397766667 0.6875 0.438445319184465 0.6015625 0.50568981540556 0.71875 0.487690198883333 0.59375 0.568360676506945 0.5625 1.33403548774263 0.75 1.45061045499592 0.75 1.55309238461579 0.75 1.67809238461579 0.75 1.875 0.75 0.125 0.5 0.0625 0.5 0.046875 0.375 1.00170763258344 0.125 0.160803996925282 0.75 0.268921360175721 0.75 0.223303996925282 0.75 0.703524285902511 0.375 0.75 0.5 0.6875 0.5 0.015625 0.875 0.0434267129351653 0.875 0.0712284258703306 0.875 0.255573358638362 0.875 0.300171360175721 0.75 0.31912492603834 0.875 0.350407131725238 0.75 0.412907131725238 0.75 0.472550115445473 0.75 0.535050115445473 0.75 1.9375 0.125 0.860095369728589 0.875 0.824331502497581 0.875 1.9375 0.375 1.875 0.25 1.61559238461579 0.75 1.77654619230789 0.75 0.122545839699113 0.0625 0.015625 0.125 0.0642253816814149 0.125 0.0895704580176979 0.125 0.141985992371679 0.0625 0.19724295860612 0.0625 0.0078125 0.1875 0.130540534353981 0.1875 0.155885610690264 0.1875 0.277457729597271 0.25 0.754960418024664 0.0625 0.552847468446615 0.1875 0.532048571805023 0.25 0.03125 0.5 0.015625 0.375 0.841182050934113 0.125 0.321175190840707 0.4375 0.375 0.5 0.0078125 0.6875 0.0868534258703306 0.75 0.03125 0.75 0.0234375 0.5625 0.046875 0.625 1.13585644427392 0.0625 0.36410534004393 0.5625 0.601762142951256 0.4375 0.625 0.5 0.5625 0.5 0.0946659258703306 0.8125 0.118103425870331 0.75 0.178705995387923 0.875 0.136005424332972 0.875 1.43386245491804 0.0625 0.381630397766667 0.6875 1.61959557099952 0.0625 0.226090676244463 0.9375 1.75081692218609 0.0625 1.72612469423788 0.125 1.63893246628967 0.1875 1.67674023834147 0.25 1.55174023834147 0.25 0.622649482506077 0.8125 1.48142748610668 0.3125 1.37448485304262 0.25 1.46034721806458 0.25 1.00657118019677 0.625 1 0.5 1.125 0.5 1.16701774387132 0.625 1.01314236039354 0.75 0.852695796718998 0.75 1.6325551787561 0.3125 1.58837011917073 0.375 1.85226684768457 0.1875 1.83901123178971 0.25 1.80302246357943 0.25 1.8138179630138 0.125 1.90151123178971 0.125 0.68869061723264 0.875 1.30225887193566 0.5625 1.25 0.5 1.375 0.5 1.36475887193566 0.5625 0.729414984293244 0.9375 1.70043505958537 0.375 1.84375 0.3125 1.8125 0.375 1.17358892406809 0.75 1.22951774387132 0.625 1.84375 0.4375 1.09803031240365 0.875 1.6827961923079 0.625 1.5 0.5 1.75 0.5 0.281659040288901 0.03125 0.0691765171769904 0.1875 0.03125 0.25 0.050690152672566 0.25 0.247586585838052 0.21875 0.469548571805023 0.25 0.403280666178559 0.25 0.337674818756093 0.28125 0.339287560985841 0.25 0.461497090905971 0.21875 0.577929940360795 0.15625 0.636146365088207 0.125 0.606352520544903 0.1875 0.695553391556435 0.09375 0.429302700093697 0.3125 0.760919260109448 0.125 0.680656469284783 0.125 0.494908547516163 0.28125 0.586536428853767 0.3125 0.612311362629687 0.25 0.766878102194233 0.1875 0.0831697492313205 0.59375 0.105926712935165 0.625 0.0746767129351653 0.625 0.63955529115406 0.28125 0.692574153454352 0.25 0.921444841758778 0.125 0.0568696064675827 0.65625 0.772836944279017 0.25 0.853099735103682 0.25 0.778312010503097 0.3125 0.682424219678432 0.3125 0.964555658213503 0.15625 0.927403683843563 0.1875 1.1795791205393 0.03125 1.09213376800854 0.09375 1.04841109174316 0.125 0.987907387793362 0.15625 1.01362531675301 0.25 0.519631071475628 0.46875 0.5 0.5 0.4375 0.5 0.461468666895982 0.4375 1.1249729343261 0.125 1.20153477690904 0.125 0.933362525928347 0.25 0.463302670021965 0.53125 0.783787076727176 0.375 0.8125 0.5 0.938837592152426 0.3125 1.26440468023863 0.1875 0.158984961397806 0.78125 0.0551454629351653 0.84375 1.09388810757768 0.25 0.649031154130557 0.53125 1.30953157115677 0.15625 0.944312658376506 0.375 0.949787724600586 0.4375 0.864049867551841 0.375 1.21927778932049 0.21875 1.13675703610205 0.28125 1.09936317380176 0.3125 1.17415089840234 0.25 1.52672901295878 0.0625 1.5403915781564 0.125 1.44752502011566 0.125 1.45319935020819 0.1875 1.35880201522341 0.1875 0.881143862300293 0.46875 0.875 0.5 1.01843158690088 0.40625 1.02457544920117 0.375 1.08707544920117 0.375 0.805281154130557 0.53125 1.28862248802066 0.25 1.13746220890604 0.34375 1.41384210162541 0.21875 0.272607801141401 0.90625 0.168648763992562 0.96875 1.63325813619714 0.125 1.54606590824893 0.1875 0.307202469847469 0.96875 1.8261640769879 0.09375 0.926347898359499 0.625 1.51658386222407 0.28125 1.74559965698712 0.1875 1.36584252979268 0.46875 0.641232358130472 0.90625 1.53502758937805 0.40625 1.48168505958537 0.4375 1.42834252979268 0.46875 1.23463830790349 0.59375 1.73815258937805 0.3125 1.29713830790349 0.59375 1.43237943596783 0.53125 1.77209252979268 0.34375 1.796875 0.46875 1.77889809615395 0.6875 0.23945099944751 0.046875 0.358478237119751 0.125 0.323867081130291 0.015625 0.178917858906839 0.140625 0.26826525979598 0.15625 0.212075435243122 0.171875 0.037018277672566 0.296875 0.313371748457866 0.140625 0.509619786050215 0.046875 0.348882899052796 0.1875 0.384394049647726 0.234375 0.453855809847237 0.375 0.686615311369568 0.1875 0.507919564473732 0.3125 0.520196119350502 0.34375 0.391321928868344 0.4375 0.847140893018898 0.1875 0.531615404923619 0.4375 1.29581742625825 0.03125 0.858574801327762 0.3125 0.512901335010983 0.515625 0.425897769463632 0.578125 0.389200439485597 0.609375 1.01910038297709 0.3125 1.15658294844908 0.234375 1.40316351766953 0.15625 1.32371225162204 0.21875 1.21092123164966 0.375 1.40809725010241 0.34375 1.4348973017381 0.390625 1.82694904807697 0.71875 0.134244158462268 0.1328125 0.298234742445424 0.203125 0.602586588803325 0.0703125 0.617536866750902 0.1015625 0.0793861873078301 0.5546875 0.611860202626507 0.359375 0.339955559786729 0.6171875 53 54 55 53 55 56 53 56 57 53 57 58 59 60 61 59 62 63 59 61 62 59 63 64 59 64 60 65 66 67 65 67 63 65 63 68 65 68 66 69 70 71 69 72 73 69 74 75 69 75 72 69 73 70 69 71 74 76 77 78 76 79 80 76 47 48 76 48 79 76 78 47 76 80 77 81 82 83 81 84 85 81 86 87 81 85 82 81 83 88 81 88 86 81 87 84 89 90 91 89 87 92 89 93 87 89 92 94 89 91 93 89 94 90 95 96 97 95 98 99 95 99 96 95 100 101 95 101 102 95 102 98 95 97 100 103 104 105 103 105 106 103 107 104 103 108 107 103 106 108 109 110 111 109 111 112 109 113 110 109 114 113 109 115 114 109 112 115 116 117 110 116 118 117 116 110 119 116 120 118 116 119 120 121 122 123 121 124 122 121 125 126 121 126 61 121 123 125 121 61 124 127 34 35 127 35 36 128 34 127 128 33 34 129 32 33 129 33 128 130 31 32 131 30 31 84 132 133 84 133 134 93 113 132 93 132 84 91 113 93 135 17 18 112 136 115 111 137 138 111 138 136 111 136 112 139 140 141 117 137 111 142 52 1 143 52 142 144 52 143 145 137 146 147 146 148 147 145 146 80 147 148 80 149 150 80 148 149 77 150 151 77 80 150 152 28 29 153 44 45 153 45 154 155 30 131 155 29 30 155 152 29 155 156 152 157 130 32 157 32 129 158 131 31 158 31 130 159 2 3 159 3 4 159 4 5 159 160 2 159 161 160 159 162 161 163 5 6 163 159 5 164 6 7 164 163 6 165 2 160 166 86 88 167 92 86 167 86 166 90 94 168 104 90 168 169 14 15 169 15 16 170 171 98 172 134 133 172 173 134 174 16 17 174 169 16 175 119 113 175 176 120 175 113 91 175 120 119 177 178 179 177 180 181 177 142 1 177 179 142 182 18 19 118 120 176 183 118 176 184 141 185 184 185 186 184 139 141 187 179 178 187 178 188 187 189 190 191 22 23 192 146 137 192 137 117 192 149 148 192 148 146 122 150 149 122 149 192 68 141 140 193 24 25 194 190 189 194 49 50 195 193 25 195 25 26 195 26 27 195 196 193 197 198 199 200 77 151 200 151 60 200 60 64 201 202 203 204 205 206 204 206 207 204 207 208 209 153 154 209 208 153 210 211 201 210 199 198 212 156 213 212 213 214 212 215 216 212 216 152 212 152 156 217 77 200 218 219 220 221 218 220 222 45 46 222 217 154 222 154 45 223 211 210 224 156 155 224 213 156 224 214 213 224 155 225 226 208 207 226 227 127 226 207 227 228 223 225 228 225 155 228 155 131 229 44 153 229 36 37 229 37 38 229 38 39 229 39 40 229 40 41 229 41 42 229 42 43 229 43 44 229 153 208 229 226 127 229 208 226 229 127 36 230 157 129 230 231 232 230 128 221 230 129 128 230 130 157 233 8 9 234 235 165 234 166 88 234 236 235 234 83 236 234 88 83 234 165 160 234 160 161 234 161 162 85 1 2 85 165 235 85 172 180 85 177 1 85 173 172 85 2 165 85 180 177 85 134 173 85 84 134 101 10 11 237 168 94 237 92 167 237 94 92 96 238 239 240 104 168 240 168 241 240 241 239 242 238 96 242 171 238 243 170 98 243 244 245 243 245 170 246 14 169 247 240 239 248 246 169 248 169 174 248 249 246 250 239 238 250 247 239 250 171 251 250 238 171 252 171 170 252 170 245 252 251 171 253 248 174 254 181 180 254 115 255 254 255 256 254 256 181 257 252 258 257 251 252 259 17 135 259 174 17 260 255 115 260 115 136 260 177 181 260 136 188 260 188 178 260 178 177 260 256 255 260 181 256 261 262 263 261 258 253 261 263 258 264 251 257 264 257 258 264 263 139 264 258 263 265 266 259 265 259 135 267 19 20 267 182 19 268 269 135 268 18 182 268 135 18 270 135 269 270 265 135 270 266 265 270 271 266 272 186 273 272 274 275 272 273 274 272 184 186 276 269 268 276 268 182 276 182 277 278 262 266 278 266 271 54 267 20 279 274 273 279 183 176 279 176 274 280 140 139 280 281 140 280 139 263 282 278 271 57 283 277 284 138 137 284 187 188 284 136 138 284 188 136 284 137 145 284 145 189 284 189 187 285 179 187 285 144 143 285 143 142 285 142 179 285 190 144 285 187 190 286 271 270 287 141 68 287 185 141 287 186 185 288 283 57 288 57 56 289 290 291 289 291 282 292 277 283 292 276 277 293 294 286 293 286 295 293 75 294 296 23 24 296 191 23 296 24 193 296 193 297 298 56 191 298 296 297 298 191 296 298 297 299 300 283 288 301 302 281 301 290 205 301 291 290 301 205 302 301 280 291 301 281 280 303 205 290 303 289 304 303 290 289 303 206 205 303 305 206 303 304 305 306 68 140 306 281 302 306 66 68 306 140 281 72 295 292 72 292 307 72 293 295 72 75 293 308 305 294 308 294 75 124 150 122 124 61 60 124 151 150 124 60 151 73 72 307 73 307 202 309 300 299 309 299 203 309 203 202 310 194 189 310 189 145 310 145 147 311 52 144 311 194 50 311 50 51 311 51 52 311 190 194 311 144 190 312 297 193 312 196 197 312 193 196 313 297 312 313 299 297 313 203 299 313 197 199 313 199 203 313 312 197 70 202 201 70 73 202 314 49 194 314 48 49 314 194 310 315 27 28 315 195 27 315 196 195 315 28 152 315 215 196 315 216 215 315 152 216 316 66 306 316 205 204 316 204 208 316 208 209 316 209 66 316 306 302 316 302 205 317 210 201 317 203 199 317 201 203 317 199 210 67 217 200 67 209 154 67 200 64 67 66 209 67 154 217 318 197 196 318 198 197 318 214 198 318 212 214 318 215 212 318 196 215 319 220 219 320 77 217 320 217 222 321 223 232 321 201 211 321 232 231 321 231 322 321 211 223 323 220 319 323 322 231 324 206 219 324 219 218 324 207 206 324 227 207 325 198 214 325 210 198 325 214 224 325 223 210 326 324 218 326 227 324 326 128 127 326 221 128 326 218 221 326 127 227 327 220 323 327 323 231 327 231 230 327 221 220 327 230 221 328 223 325 328 325 224 328 225 223 328 224 225 329 223 228 329 232 223 330 130 230 330 158 130 330 232 329 330 230 232 331 7 8 331 233 332 331 164 7 331 8 233 333 9 10 333 10 101 333 233 9 334 164 335 336 334 335 336 167 334 336 237 167 337 85 235 337 235 236 338 335 164 338 164 331 338 331 332 82 236 83 82 337 236 82 85 337 100 332 233 100 233 333 100 333 101 339 11 12 339 12 13 339 101 11 340 335 338 340 338 332 102 101 339 102 243 98 102 244 243 341 96 239 341 239 241 99 171 242 99 242 96 99 98 171 105 104 240 105 240 247 106 105 247 106 247 342 343 244 249 343 248 253 343 249 248 343 252 245 343 258 252 343 253 258 343 245 244 344 250 251 344 247 250 114 132 113 114 115 254 108 106 342 108 342 275 345 342 247 345 247 344 345 344 251 346 275 274 346 274 176 346 176 175 346 108 275 346 175 108 347 262 261 347 259 266 347 174 259 347 261 253 347 253 174 347 266 262 348 275 342 348 342 345 348 184 272 348 272 275 349 20 21 349 54 20 58 57 277 58 182 267 58 267 54 58 277 182 350 280 263 350 278 282 350 263 262 350 282 291 350 262 278 350 291 280 351 273 186 351 279 273 352 279 125 352 183 279 353 122 192 353 183 352 55 191 56 55 349 21 55 54 349 55 21 22 55 22 191 126 279 351 126 125 279 126 351 186 126 186 287 354 282 271 354 294 305 354 286 294 354 271 286 354 304 289 354 289 282 354 305 304 355 270 269 355 295 286 355 276 292 355 292 295 355 269 276 355 286 270 356 299 300 356 288 56 356 298 299 356 300 288 356 56 298 62 287 68 62 61 126 62 126 287 357 283 300 357 307 292 357 300 309 357 202 307 357 309 202 357 292 283 63 67 64 63 62 68 74 308 75 358 71 319 358 319 219 358 308 74 358 219 206 358 206 305 358 305 308 358 74 71 79 147 80 79 310 147 79 48 314 79 314 310 359 71 70 359 70 201 360 323 319 360 319 71 360 321 322 360 322 323 360 71 359 360 359 201 360 201 321 78 77 320 78 320 222 78 46 47 78 222 46 361 158 330 361 329 228 361 330 329 361 131 158 361 228 131 362 234 162 362 162 159 362 159 163 362 163 164 362 166 234 362 167 166 362 164 334 362 334 167 363 168 237 363 340 341 363 336 335 363 237 336 363 335 340 363 341 241 363 241 168 87 86 92 87 93 84 364 13 14 364 339 13 364 14 246 364 102 339 97 341 340 97 340 332 97 96 341 97 332 100 365 249 244 365 244 102 365 364 246 365 102 364 365 246 249 107 90 104 107 91 90 107 175 91 107 108 175 366 172 133 366 133 132 366 180 172 366 254 180 366 132 114 366 114 254 110 113 119 110 117 111 367 348 345 367 184 348 367 251 264 367 264 139 367 139 184 367 345 251 368 353 192 368 118 183 368 183 353 368 117 118 368 192 117 123 352 125 123 122 353 123 353 352 53 58 54 

TShapes 94
Ve
1e-07
0 0 6
0 0

0101101
*
Ve
1e-07
-15 9.18485099360515e-16 -9
0 0

0101101
*
Ed
 1e-07 1 1 0
1  1 0 0 2
2  1 1 0 0 2
2  2 2 0 0 2
4 G2 1 0 2 0
6  1 1 0
6  2 2 0
0

0101000
+94 0 -93 0 *
Ve
1e-07
0 0 -14
0 0

0101101
*
Ed
 1e-07 1 1 0
1  2 0 0 1
2  3 1 0 0 1
2  4 3 0 0 1
4 C2 1 0 3 0
6  3 1 0
6  4 3 0
0

0101000
+94 0 -91 0 *
Ed
 1e-07 1 1 0
1  3 0 0 2
2  5 1 0 0 2
2  6 4 0 0 2
4 C0 1 0 4 0
6  5 1 0
6  6 4 0
0

0101000
+91 0 -93 0 *
Ed
 1e-07 1 1 1
2  7 1 0 0 1
6  7 1 0
0

0101000
+93 0 -93 0 *
Wi

0101100
-92 0 +90 0 +89 0 -88 0 *
Fa
1  1e-07 1 0
2  1
0111000
+87 0 *
Ed
 1e-07 1 1 1
2  8 2 0 0 1
6  8 2 0
0

0101000
+93 0 -93 0 *
Ve
1e-07
0 0 26
0 0

0101101
*
Ed
 1e-07 1 1 0
1  4 0 0 2
2  9 2 0 0 2
2  10 5 0 0 2
4 C0 2 0 5 0
6  9 2 0
6  10 5 0
0

0101000
+93 0 -84 0 *
Ed
 1e-07 1 1 0
1  5 0 0 1
2  11 6 0 0 1
2  12 2 0 0 1
4 C2 6 0 2 0
6  11 2 0
6  12 6 0
0

0101000
+94 0 -84 0 *
Wi

0101100
+92 0 +85 0 +83 0 -82 0 *
Fa
1  1e-07 2 0
2  2
0111000
+81 0 *
Ve
1e-07
15 -9.18485099360515e-16 -9
0 0

0101101
*
Ed
 1e-07 1 1 0
1  6 0 0 2
2  13 3 0 0 2
2  14 6 0 0 2
4 G2 3 0 6 0
6  13 3 0
6  14 6 0
0

0101000
+79 0 -94 0 *
Ed
 1e-07 1 1 1
2  15 3 0 0 1
6  15 3 0
0

0101000
+79 0 -79 0 *
Ed
 1e-07 1 1 0
1  7 0 0 2
2  16 3 0 0 2
2  17 7 0 0 2
4 C0 3 0 7 0
6  16 3 0
6  17 7 0
0

0101000
+79 0 -91 0 *
Wi

0101100
-78 0 +77 0 +76 0 -90 0 *
Fa
1  1e-07 3 0
2  3
0111000
+75 0 *
Ve
1e-07
-1.83697019872103e-16 -3 -13
0 0

0101101
*
Ed
 1e-07 1 1 0
1  8 0 0 1
2  18 4 0 0 1
2  19 7 0 0 1
4 G2 4 0 7 0
6  18 4 0
6  19 7 0
0

0101000
+91 0 -73 0 *
Ve
1e-07
-20 -3 -6.75
0 0

0101101
*
Ed
 1e-07 1 1 0
1  9 0 0 2
2  20 4 0 0 2
2  21 8 0 0 2
4 C0 4 0 8 0
6  20 4 0
6  21 8 0
0

0101000
+73 0 -71 0 *
Ed
 1e-07 1 1 0
1  10 0 0 1
2  22 4 0 0 1
2  23 5 0 0 1
4 G1 4 0 5 0
6  22 4 0
6  23 5 0
0

0101000
+93 0 -71 0 *
Wi

0101100
-89 0 +72 0 +70 0 -69 0 *
Fa
1  1e-07 4 0
2  4
0111000
+68 0 *
Ve
1e-07
-1.83697019872103e-16 -3 37
0 0

0101101
*
Ed
 1e-07 1 1 0
1  11 0 0 2
2  24 5 0 0 2
2  25 9 0 0 2
4 C0 5 0 9 0
6  24 5 0
6  25 9 0
0

0101000
+71 0 -66 0 *
Ed
 1e-07 1 1 0
1  12 0 0 1
2  26 10 0 0 1
2  27 5 0 0 1
4 C2 10 0 5 0
6  26 5 0
6  27 10 0
0

0101000
+84 0 -66 0 *
Wi

0101100
-83 0 +69 0 +65 0 -64 0 *
Fa
1  1e-07 5 0
2  5
0111000
+63 0 *
Ed
 1e-07 1 1 0
1  13 0 0 2
2  28 6 0 0 2
2  29 10 0 0 2
4 C0 6 0 10 0
6  28 6 0
6  29 10 0
0

0101000
+84 0 -79 0 *
Ed
 1e-07 1 1 1
2  30 6 0 0 1
6  30 6 0
0

0101000
+79 0 -79 0 *
Wi

0101100
+78 0 +82 0 +61 0 -60 0 *
Fa
1  1e-07 6 0
2  6
0111000
+59 0 *
Ve
1e-07
20 -3 -6.75
0 0

0101101
*
Ed
 1e-07 1 1 0
1  14 0 0 1
2  31 7 0 0 1
2  32 10 0 0 1
4 G1 7 0 10 0
6  31 7 0
6  32 10 0
0

0101000
+79 0 -57 0 *
Ed
 1e-07 1 1 0
1  15 0 0 2
2  33 7 0 0 2
2  34 11 0 0 2
4 C0 7 0 11 0
6  33 7 0
6  34 11 0
0

0101000
+57 0 -73 0 *
Wi

0101100
-76 0 +56 0 +55 0 -72 0 *
Fa
1  1e-07 7 0
2  7
0111000
+54 0 *
Ve
1e-07
-1.83697019872103e-16 -3 -16.5
0 0

0101101
*
Ed
 1e-07 1 1 0
1  16 0 0 1
2  35 8 0 0 1
2  36 11 0 0 1
4 C2 8 0 11 0
6  35 8 0
6  36 11 0
0

0101000
+73 0 -52 0 *
Ve
1e-07
-25 -3 -9
0 0

0101101
*
Ed
 1e-07 1 1 0
1  17 0 0 2
2  37 8 0 0 2
2  38 12 0 0 2
4 C0 8 0 12 0
6  37 8 0
6  38 12 0
0

0101000
+52 0 -50 0 *
Ed
 1e-07 1 1 0
1  18 0 0 1
2  39 8 0 0 1
2  40 9 0 0 1
4 G2 8 0 9 0
6  39 8 0
6  40 9 0
0

0101000
+71 0 -50 0 *
Wi

0101100
-70 0 +51 0 +49 0 -48 0 *
Fa
1  1e-07 8 0
2  8
0111000
+47 0 *
Ve
1e-07
-1.83697019872103e-16 -3 43.5
0 0

0101101
*
Ed
 1e-07 1 1 0
1  19 0 0 2
2  41 9 0 0 2
2  42 13 0 0 2
4 C0 9 0 13 0
6  41 9 0
6  42 13 0
0

0101000
+50 0 -45 0 *
Ed
 1e-07 1 1 0
1  20 0 0 1
2  43 14 0 0 1
2  44 9 0 0 1
4 C2 14 0 9 0
6  43 9 0
6  44 14 0
0

0101000
+66 0 -45 0 *
Wi

0101100
-65 0 +48 0 +44 0 -43 0 *
Fa
1  1e-07 9 0
2  9
0111000
+42 0 *
Ed
 1e-07 1 1 0
1  21 0 0 2
2  45 10 0 0 2
2  46 14 0 0 2
4 C0 10 0 14 0
6  45 10 0
6  46 14 0
0

0101000
+66 0 -57 0 *
Wi

0101100
-61 0 +64 0 +40 0 -56 0 *
Fa
1  1e-07 10 0
2  10
0111000
+39 0 *
Ve
1e-07
25 -3 -9
0 0

0101101
*
Ed
 1e-07 1 1 0
1  22 0 0 1
2  47 11 0 0 1
2  48 14 0 0 1
4 G2 11 0 14 0
6  47 11 0
6  48 14 0
0

0101000
+57 0 -37 0 *
Ed
 1e-07 1 1 0
1  23 0 0 2
2  49 11 0 0 2
2  50 15 0 0 2
4 C0 11 0 15 0
6  49 11 0
6  50 15 0
0

0101000
+37 0 -52 0 *
Wi

0101100
-55 0 +36 0 +35 0 -51 0 *
Fa
1  1e-07 11 0
2  11
0111000
+34 0 *
Ve
1e-07
1.37861988708594e-15 22.5145713530756 -16.7277747886721
0 0

0101101
*
Ed
 1e-07 1 1 0
1  24 0 0 1
2  51 12 0 0 1
2  52 15 0 0 1
4 C2 12 0 15 0
6  51 12 0
6  52 15 0
0

0101000
+52 0 -32 0 *
Ve
1e-07
-20 20.5734285148067 -9.48333109150404
0 0

0101101
*
Ed
 1e-07 1 1 0
1  25 0 0 2
2  53 12 0 0 2
2  54 16 0 0 2
4 C0 12 0 16 0
6  53 12 0
6  54 16 0
0

0101000
+32 0 -30 0 *
Ed
 1e-07 1 1 0
1  26 0 0 1
2  55 12 0 0 1
2  56 13 0 0 1
4 C1 12 0 13 0
6  55 12 0
6  56 13 0
0

0101000
+50 0 -30 0 *
Wi

0101100
-49 0 +31 0 +29 0 -28 0 *
Fa
1  1e-07 12 0
2  12
0111000
+27 0 *
Ve
1e-07
4.27734141656408e-16 6.98542864692438 41.2277747886721
0 0

0101101
*
Ed
 1e-07 1 1 0
1  27 0 0 2
2  57 16 0 0 2
2  58 13 0 0 2
4 C0 13 0 16 0
6  57 13 0
6  58 16 0
0

0101000
+25 0 -30 0 *
Ed
 1e-07 1 1 0
1  28 0 0 1
2  59 17 0 0 1
2  60 13 0 0 1
4 C2 17 0 13 0
6  59 13 0
6  60 17 0
0

0101000
+45 0 -25 0 *
Wi

0101100
-44 0 +28 0 -24 0 -23 0 *
Fa
1  1e-07 13 0
2  13
0111000
+22 0 *
Ed
 1e-07 1 1 0
1  29 0 0 2
2  61 14 0 0 2
2  62 17 0 0 2
4 C0 14 0 17 0
6  61 14 0
6  62 17 0
0

0101000
+45 0 -37 0 *
Wi

0101100
-40 0 +43 0 +20 0 -36 0 *
Fa
1  1e-07 14 0
2  14
0111000
+19 0 *
Ve
1e-07
20 20.5734285148067 -9.48333109150404
0 0

0101101
*
Ed
 1e-07 1 1 0
1  30 0 0 1
2  63 15 0 0 1
2  64 17 0 0 1
4 C1 15 0 17 0
6  63 15 0
6  64 17 0
0

0101000
+37 0 -17 0 *
Ed
 1e-07 1 1 0
1  31 0 0 2
2  65 15 0 0 2
2  66 18 0 0 2
4 C0 15 0 18 0
6  65 15 0
6  66 18 0
0

0101000
+17 0 -32 0 *
Wi

0101100
-35 0 +16 0 +15 0 -31 0 *
Fa
1  1e-07 15 0
2  15
0111000
+14 0 *
Ed
 1e-07 1 1 0
1  32 0 0 1
2  67 16 0 0 1
2  68 18 0 0 1
4 G2 16 0 18 0
6  67 16 0
6  68 18 0
0

0101000
+32 0 -25 0 *
Ed
 1e-07 1 1 1
2  69 16 0 0 1
6  69 16 0
0

0101000
+30 0 -30 0 *
Wi

0101100
-12 0 +29 0 +11 0 -24 0 *
Fa
1  1e-07 16 0
2  16
0111000
+10 0 *
Ed
 1e-07 1 1 0
1  33 0 0 2
2  70 17 0 0 2
2  71 18 0 0 2
4 C0 17 0 18 0
6  70 17 0
6  71 18 0
0

0101000
+25 0 -17 0 *
Wi

0101100
-20 0 +23 0 +8 0 -16 0 *
Fa
1  1e-07 17 0
2  17
0111000
+7 0 *
Ed
 1e-07 1 1 1
2  72 18 0 0 1
6  72 18 0
0

0101000
+17 0 -17 0 *
Wi

0101100
+12 0 +8 0 +5 0 +15 0 *
Fa
1  1e-07 18 0
2  18
0111000
+4 0 *
Sh

0101100
-86 0 -80 0 -74 0 -67 0 -62 0 -58 0 -53 0 -46 0 -41 0 -38 0 
-33 0 -26 0 -21 0 -18 0 -13 0 +9 0 -6 0 +3 0 *
So

0100000
+2 0 *

+1 0 