  0
SECTION
  2
HEADER
  9
$ACADVER
  1
AC1027
  9
$ACADMAINTVER
 70
   105
  9
$DWGCODEPAGE
  3
ANSI_1252
  9
$LASTSAVEDBY
  1
jason
  9
$REQUIREDVERSIONS
160
                 0
  9
$INSBASE
 10
0.0
 20
0.0
 30
0.0
  9
$EXTMIN
 10
-115.0701754385966
 20
-97.19999999999996
 30
0.0
  9
$EXTMAX
 10
139.0000000000001
 20
97.20000000000009
 30
0.0
  9
$LIMMIN
 10
0.0
 20
0.0
  9
$LIMMAX
 10
12.0
 20
9.0
  9
$ORTHOMODE
 70
     0
  9
$REGENMODE
 70
     1
  9
$FILLMODE
 70
     1
  9
$QTEXTMODE
 70
     0
  9
$MIRRTEXT
 70
     0
  9
$LTSCALE
 40
1.0
  9
$ATTMODE
 70
     1
  9
$TEXTSIZE
 40
0.2
  9
$TRACEWID
 40
0.05
  9
$TEXTSTYLE
  7
Standard
  9
$CLAYER
  8
construction
  9
$CELTYPE
  6
ByLayer
  9
$CECOLOR
 62
   256
  9
$CELTSCALE
 40
1.0
  9
$DISPSILH
 70
     0
  9
$DIMSCALE
 40
1.0
  9
$DIMASZ
 40
2.5
  9
$DIMEXO
 40
0.625
  9
$DIMDLI
 40
5.0
  9
$DIMRND
 40
0.0
  9
$DIMDLE
 40
0.0
  9
$DIMEXE
 40
1.25
  9
$DIMTP
 40
0.0
  9
$DIMTM
 40
0.0
  9
$DIMTXT
 40
2.5
  9
$DIMCEN
 40
0.09
  9
$DIMTSZ
 40
0.0
  9
$DIMTOL
 70
     0
  9
$DIMLIM
 70
     0
  9
$DIMTIH
 70
     0
  9
$DIMTOH
 70
     1
  9
$DIMSE1
 70
     0
  9
$DIMSE2
 70
     0
  9
$DIMTAD
 70
     1
  9
$DIMZIN
 70
     8
  9
$DIMBLK
  1

  9
$DIMASO
 70
     1
  9
$DIMSHO
 70
     1
  9
$DIMPOST
  1

  9
$DIMAPOST
  1

  9
$DIMALT
 70
     0
  9
$DIMALTD
 70
     2
  9
$DIMALTF
 40
25.4
  9
$DIMLFAC
 40
1.0
  9
$DIMTOFL
 70
     0
  9
$DIMTVP
 40
0.0
  9
$DIMTIX
 70
     0
  9
$DIMSOXD
 70
     0
  9
$DIMSAH
 70
     0
  9
$DIMBLK1
  1

  9
$DIMBLK2
  1

  9
$DIMSTYLE
  2
Standard
  9
$DIMCLRD
 70
     0
  9
$DIMCLRE
 70
     0
  9
$DIMCLRT
 70
     0
  9
$DIMTFAC
 40
1.0
  9
$DIMGAP
 40
0.625
  9
$DIMJUST
 70
     0
  9
$DIMSD1
 70
     0
  9
$DIMSD2
 70
     0
  9
$DIMTOLJ
 70
     1
  9
$DIMTZIN
 70
     0
  9
$DIMALTZ
 70
     0
  9
$DIMALTTZ
 70
     0
  9
$DIMUPT
 70
     0
  9
$DIMDEC
 70
     4
  9
$DIMTDEC
 70
     4
  9
$DIMALTU
 70
     2
  9
$DIMALTTD
 70
     2
  9
$DIMTXSTY
  7
Standard
  9
$DIMAUNIT
 70
     0
  9
$DIMADEC
 70
     0
  9
$DIMALTRND
 40
0.0
  9
$DIMAZIN
 70
     2
  9
$DIMDSEP
 70
    46
  9
$DIMATFIT
 70
     0
  9
$DIMFRAC
 70
     0
  9
$DIMLDRBLK
  1

  9
$DIMLUNIT
 70
     2
  9
$DIMLWD
 70
    -2
  9
$DIMLWE
 70
    -2
  9
$DIMTMOVE
 70
     0
  9
$DIMFXL
 40
1.0
  9
$DIMFXLON
 70
     0
  9
$DIMJOGANG
 40
0.7853981633974483
  9
$DIMTFILL
 70
     0
  9
$DIMTFILLCLR
 70
     0
  9
$DIMARCSYM
 70
     0
  9
$DIMLTYPE
  6

  9
$DIMLTEX1
  6

  9
$DIMLTEX2
  6

  9
$DIMTXTDIRECTION
 70
     0
  9
$LUNITS
 70
     2
  9
$LUPREC
 70
     4
  9
$SKETCHINC
 40
0.1
  9
$FILLETRAD
 40
0.0
  9
$AUNITS
 70
     0
  9
$AUPREC
 70
     0
  9
$MENU
  1
.
  9
$ELEVATION
 40
0.0
  9
$PELEVATION
 40
0.0
  9
$THICKNESS
 40
0.0
  9
$LIMCHECK
 70
     0
  9
$CHAMFERA
 40
0.0
  9
$CHAMFERB
 40
0.0
  9
$CHAMFERC
 40
0.0
  9
$CHAMFERD
 40
0.0
  9
$SKPOLY
 70
     0
  9
$TDCREATE
 40
2461246.602785972
  9
$TDUCREATE
 40
2461246.852785972
  9
$TDUPDATE
 40
2461246.602786285
  9
$TDUUPDATE
 40
2461246.852786285
  9
$TDINDWG
 40
0.0000000116
  9
$TDUSRTIMER
 40
0.0000000116
  9
$USRTIMER
 70
     1
  9
$ANGBASE
 50
0.0
  9
$ANGDIR
 70
     0
  9
$PDMODE
 70
     0
  9
$PDSIZE
 40
0.0
  9
$PLINEWID
 40
0.0
  9
$SPLFRAME
 70
     0
  9
$SPLINETYPE
 70
     6
  9
$SPLINESEGS
 70
     8
  9
$HANDSEED
  5
644
  9
$SURFTAB1
 70
     6
  9
$SURFTAB2
 70
     6
  9
$SURFTYPE
 70
     6
  9
$SURFU
 70
     6
  9
$SURFV
 70
     6
  9
$UCSBASE
  2

  9
$UCSNAME
  2

  9
$UCSORG
 10
0.0
 20
0.0
 30
0.0
  9
$UCSXDIR
 10
1.0
 20
0.0
 30
0.0
  9
$UCSYDIR
 10
0.0
 20
1.0
 30
0.0
  9
$UCSORTHOREF
  2

  9
$UCSORTHOVIEW
 70
     0
  9
$UCSORGTOP
 10
0.0
 20
0.0
 30
0.0
  9
$UCSORGBOTTOM
 10
0.0
 20
0.0
 30
0.0
  9
$UCSORGLEFT
 10
0.0
 20
0.0
 30
0.0
  9
$UCSORGRIGHT
 10
0.0
 20
0.0
 30
0.0
  9
$UCSORGFRONT
 10
0.0
 20
0.0
 30
0.0
  9
$UCSORGBACK
 10
0.0
 20
0.0
 30
0.0
  9
$PUCSBASE
  2

  9
$PUCSNAME
  2

  9
$PUCSORG
 10
0.0
 20
0.0
 30
0.0
  9
$PUCSXDIR
 10
1.0
 20
0.0
 30
0.0
  9
$PUCSYDIR
 10
0.0
 20
1.0
 30
0.0
  9
$PUCSORTHOREF
  2

  9
$PUCSORTHOVIEW
 70
     0
  9
$PUCSORGTOP
 10
0.0
 20
0.0
 30
0.0
  9
$PUCSORGBOTTOM
 10
0.0
 20
0.0
 30
0.0
  9
$PUCSORGLEFT
 10
0.0
 20
0.0
 30
0.0
  9
$PUCSORGRIGHT
 10
0.0
 20
0.0
 30
0.0
  9
$PUCSORGFRONT
 10
0.0
 20
0.0
 30
0.0
  9
$PUCSORGBACK
 10
0.0
 20
0.0
 30
0.0
  9
$USERI1
 70
     0
  9
$USERI2
 70
     0
  9
$USERI3
 70
     0
  9
$USERI4
 70
     0
  9
$USERI5
 70
     0
  9
$USERR1
 40
0.0
  9
$USERR2
 40
0.0
  9
$USERR3
 40
0.0
  9
$USERR4
 40
0.0
  9
$USERR5
 40
0.0
  9
$WORLDVIEW
 70
     1
  9
$SHADEDGE
 70
     3
  9
$SHADEDIF
 70
    70
  9
$TILEMODE
 70
     1
  9
$MAXACTVP
 70
    64
  9
$PINSBASE
 10
0.0
 20
0.0
 30
0.0
  9
$PLIMCHECK
 70
     0
  9
$PEXTMIN
 10
0.0
 20
0.0
 30
0.0
  9
$PEXTMAX
 10
0.0
 20
0.0
 30
0.0
  9
$PLIMMIN
 10
-20.0
 20
-7.5
  9
$PLIMMAX
 10
277.0
 20
202.5
  9
$UNITMODE
 70
     0
  9
$VISRETAIN
 70
     1
  9
$PLINEGEN
 70
     0
  9
$PSLTSCALE
 70
     1
  9
$TREEDEPTH
 70
  3020
  9
$CMLSTYLE
  2
Standard
  9
$CMLJUST
 70
     0
  9
$CMLSCALE
 40
1.0
  9
$PROXYGRAPHICS
 70
     1
  9
$MEASUREMENT
 70
     1
  9
$CELWEIGHT
370
    -1
  9
$ENDCAPS
280
     0
  9
$JOINSTYLE
280
     0
  9
$LWDISPLAY
290
     0
  9
$INSUNITS
 70
     4
  9
$HYPERLINKBASE
  1

  9
$STYLESHEET
  1

  9
$XEDIT
290
     1
  9
$CEPSNTYPE
380
     0
  9
$PSTYLEMODE
290
     1
  9
$FINGERPRINTGUID
  2
{75757175-77e2-3779-3436-757075317431}
  9
$VERSIONGUID
  2
{FAEB1C32-E019-11D5-929B-00C0DF256EC4}
  9
$EXTNAMES
290
     1
  9
$PSVPSCALE
 40
0.0
  9
$OLESTARTUP
290
     0
  9
$SORTENTS
280
   127
  9
$INDEXCTL
280
     0
  9
$HIDETEXT
280
     1
  9
$XCLIPFRAME
280
     2
  9
$HALOGAP
280
     0
  9
$OBSCOLOR
 70
   257
  9
$OBSLTYPE
280
     0
  9
$INTERSECTIONDISPLAY
280
     0
  9
$INTERSECTIONCOLOR
 70
   257
  9
$DIMASSOC
280
     2
  9
$PROJECTNAME
  1

  9
$CAMERADISPLAY
290
     0
  9
$LENSLENGTH
 40
50.0
  9
$CAMERAHEIGHT
 40
0.0
  9
$STEPSPERSEC
 40
2.0
  9
$STEPSIZE
 40
6.0
  9
$3DDWFPREC
 40
2.0
  9
$PSOLWIDTH
 40
0.25
  9
$PSOLHEIGHT
 40
4.0
  9
$LOFTANG1
 40
1.570796326794897
  9
$LOFTANG2
 40
1.570796326794897
  9
$LOFTMAG1
 40
0.0
  9
$LOFTMAG2
 40
0.0
  9
$LOFTPARAM
 70
     7
  9
$LOFTNORMALS
280
     1
  9
$LATITUDE
 40
37.795
  9
$LONGITUDE
 40
-122.394
  9
$NORTHDIRECTION
 40
0.0
  9
$TIMEZONE
 70
 -8000
  9
$LIGHTGLYPHDISPLAY
280
     1
  9
$TILEMODELIGHTSYNCH
280
     1
  9
$CMATERIAL
347
5AC
  9
$SOLIDHIST
280
     0
  9
$SHOWHIST
280
     1
  9
$DWFFRAME
280
     2
  9
$DGNFRAME
280
     2
  9
$REALWORLDSCALE
290
     1
  9
$INTERFERECOLOR
 62
   256
  9
$CSHADOW
280
     0
  9
$SHADOWPLANELOCATION
 40
0.0
  0
ENDSEC
  0
SECTION
  2
CLASSES
  0
CLASS
  1
ACDBDICTIONARYWDFLT
  2
AcDbDictionaryWithDefault
  3
ObjectDBX Classes
 90
        0
 91
        3
280
     0
281
     0
  0
CLASS
  1
VISUALSTYLE
  2
AcDbVisualStyle
  3
ObjectDBX Classes
 90
     4095
 91
        3
280
     0
281
     0
  0
CLASS
  1
MATERIAL
  2
AcDbMaterial
  3
ObjectDBX Classes
 90
     1153
 91
        3
280
     0
281
     0
  0
CLASS
  1
SCALE
  2
AcDbScale
  3
ObjectDBX Classes
 90
     1153
 91
        3
280
     0
281
     0
  0
CLASS
  1
TABLESTYLE
  2
AcDbTableStyle
  3
ObjectDBX Classes
 90
     4095
 91
        3
280
     0
281
     0
  0
CLASS
  1
MLEADERSTYLE
  2
AcDbMLeaderStyle
  3
ACDB_MLEADERSTYLE_CLASS
 90
     4095
 91
        3
280
     0
281
     0
  0
CLASS
  1
SUN
  2
AcDbSun
  3
SCENEOE
 90
     1153
 91
        3
280
     0
281
     0
  0
CLASS
  1
DICTIONARYVAR
  2
AcDbDictionaryVar
  3
ObjectDBX Classes
 90
        0
 91
        3
280
     0
281
     0
  0
CLASS
  1
CELLSTYLEMAP
  2
AcDbCellStyleMap
  3
ObjectDBX Classes
 90
     1152
 91
        3
280
     0
281
     0
  0
ENDSEC
  0
SECTION
  2
TABLES
  0
TABLE
  2
VPORT
  5
571
330
0
100
AcDbSymbolTable
 70
     1
  0
VPORT
  5
591
330
571
100
AcDbSymbolTableRecord
100
AcDbViewportTableRecord
  2
*Active
 70
     0
 10
0.0
 20
0.0
 11
1.0
 21
1.0
 12
11.9649122807017
 22
0.0
 13
0.0
 23
0.0
 14
0.5
 24
0.5
 15
0.5
 25
0.5
 16
0.0
 26
0.0
 36
1.0
 17
0.0
 27
0.0
 37
0.0
 40
220.8976851851852
 41
1.656108597285068
 42
50.0
 43
0.0
 44
0.0
 50
0.0
 51
0.0
 71
     0
 72
   100
 73
     1
 74
     3
 75
     0
 76
     0
 77
     0
 78
     0
281
     0
 65
     1
110
0.0
120
0.0
130
0.0
111
1.0
121
0.0
131
0.0
112
0.0
122
1.0
132
0.0
 79
     0
146
0.0
348
597
 60
     3
 61
     5
292
     1
282
     1
141
0.0
142
0.0
 63
   250
361
5C5
  0
ENDTAB
  0
TABLE
  2
LTYPE
  5
56E
330
0
100
AcDbSymbolTable
 70
    48
  0
LTYPE
  5
57C
330
56E
100
AcDbSymbolTableRecord
100
AcDbLinetypeTableRecord
  2
ByBlock
 70
     0
  3

 72
    65
 73
     0
 40
0.0
  0
LTYPE
  5
57D
330
56E
100
AcDbSymbolTableRecord
100
AcDbLinetypeTableRecord
  2
ByLayer
 70
     0
  3

 72
    65
 73
     0
 40
0.0
  0
LTYPE
  5
57E
330
56E
100
AcDbSymbolTableRecord
100
AcDbLinetypeTableRecord
  2
Continuous
 70
     0
  3
Solid line
 72
    65
 73
     0
 40
0.0
  0
LTYPE
  5
604
330
56E
100
AcDbSymbolTableRecord
100
AcDbLinetypeTableRecord
  2
FENCELINE2
 70
     0
  3
Fenceline square ----[]-----[]----[]-----[]----[]---
 72
    65
 73
     4
 40
36.83
 49
6.35
 74
     0
 49
-2.54
 74
     2
 75
     0
340
603
 46
2.54
 50
0.0
 44
-2.54
 45
0.0
  9
BOX
 49
-2.54
 74
     0
 49
25.4
 74
     0
  0
LTYPE
  5
606
330
56E
100
AcDbSymbolTableRecord
100
AcDbLinetypeTableRecord
  2
GAS_LINE
 70
     0
  3
Gas line ----GAS----GAS----GAS----GAS----GAS----GAS--
 72
    65
 73
     3
 40
24.13
 49
12.7
 74
     0
 49
-5.08
 74
     2
 75
     0
340
605
 46
2.54
 50
0.0
 44
-2.54
 45
-1.27
  9
GAS
 49
-6.35
 74
     0
  0
LTYPE
  5
607
330
56E
100
AcDbSymbolTableRecord
100
AcDbLinetypeTableRecord
  2
HIDDEN
 70
     0
  3
Hidden __ __ __ __ __ __ __ __ __ __ __ __ __ __
 72
    65
 73
     2
 40
9.524999999999999
 49
6.35
 74
     0
 49
-3.175
 74
     0
  0
LTYPE
  5
608
330
56E
100
AcDbSymbolTableRecord
100
AcDbLinetypeTableRecord
  2
HIDDEN2
 70
     0
  3
Hidden (.5x) _ _ _ _ _ _ _ _ _ _ _ _ _ _ _ _ _ 
 72
    65
 73
     2
 40
4.762499999999999
 49
3.175
 74
     0
 49
-1.5875
 74
     0
  0
LTYPE
  5
609
330
56E
100
AcDbSymbolTableRecord
100
AcDbLinetypeTableRecord
  2
DASHED
 70
     0
  3
Dashed __ __ __ __ __ __ __ __ __ __ __ __ __ _
 72
    65
 73
     2
 40
19.05
 49
12.7
 74
     0
 49
-6.35
 74
     0
  0
LTYPE
  5
60A
330
56E
100
AcDbSymbolTableRecord
100
AcDbLinetypeTableRecord
  2
DASHED2
 70
     0
  3
Dashed (.5x) _ _ _ _ _ _ _ _ _ _ _ _ _ _ _ _ _ 
 72
    65
 73
     2
 40
9.524999999999999
 49
6.35
 74
     0
 49
-3.175
 74
     0
  0
LTYPE
  5
60B
330
56E
100
AcDbSymbolTableRecord
100
AcDbLinetypeTableRecord
  2
DASHEDX2
 70
     0
  3
Dashed (2x) ____  ____  ____  ____  ____  ___
 72
    65
 73
     2
 40
38.09999999999999
 49
25.4
 74
     0
 49
-12.7
 74
     0
  0
LTYPE
  5
60C
330
56E
100
AcDbSymbolTableRecord
100
AcDbLinetypeTableRecord
  2
DIVIDE
 70
     0
  3
Divide ____ . . ____ . . ____ . . ____ . . ____
 72
    65
 73
     6
 40
31.75
 49
12.7
 74
     0
 49
-6.35
 74
     0
 49
0.0
 74
     0
 49
-6.35
 74
     0
 49
0.0
 74
     0
 49
-6.35
 74
     0
  0
LTYPE
  5
60D
330
56E
100
AcDbSymbolTableRecord
100
AcDbLinetypeTableRecord
  2
DIVIDE2
 70
     0
  3
Divide (.5x) __..__..__..__..__..__..__..__.._
 72
    65
 73
     6
 40
15.875
 49
6.35
 74
     0
 49
-3.175
 74
     0
 49
0.0
 74
     0
 49
-3.175
 74
     0
 49
0.0
 74
     0
 49
-3.175
 74
     0
  0
LTYPE
  5
60E
330
56E
100
AcDbSymbolTableRecord
100
AcDbLinetypeTableRecord
  2
DIVIDEX2
 70
     0
  3
Divide (2x) ________  .  .  ________  .  .  _
 72
    65
 73
     6
 40
63.5
 49
25.4
 74
     0
 49
-12.7
 74
     0
 49
0.0
 74
     0
 49
-12.7
 74
     0
 49
0.0
 74
     0
 49
-12.7
 74
     0
  0
LTYPE
  5
60F
330
56E
100
AcDbSymbolTableRecord
100
AcDbLinetypeTableRecord
  2
DOT
 70
     0
  3
Dot . . . . . . . . . . . . . . . . . . . . . . . .
 72
    65
 73
     2
 40
6.35
 49
0.0
 74
     0
 49
-6.35
 74
     0
  0
LTYPE
  5
610
330
56E
100
AcDbSymbolTableRecord
100
AcDbLinetypeTableRecord
  2
DOT2
 70
     0
  3
Dot (.5x) ........................................
 72
    65
 73
     2
 40
3.175
 49
0.0
 74
     0
 49
-3.175
 74
     0
  0
LTYPE
  5
611
330
56E
100
AcDbSymbolTableRecord
100
AcDbLinetypeTableRecord
  2
BORDER2
 70
     0
  3
Border (.5x) __.__.__.__.__.__.__.__.__.__.__.
 72
    65
 73
     6
 40
22.225
 49
6.35
 74
     0
 49
-3.175
 74
     0
 49
6.35
 74
     0
 49
-3.175
 74
     0
 49
0.0
 74
     0
 49
-3.175
 74
     0
  0
LTYPE
  5
612
330
56E
100
AcDbSymbolTableRecord
100
AcDbLinetypeTableRecord
  2
BORDERX2
 70
     0
  3
Border (2x) ____  ____  .  ____  ____  .  ___
 72
    65
 73
     6
 40
88.89999999999999
 49
25.4
 74
     0
 49
-12.7
 74
     0
 49
25.4
 74
     0
 49
-12.7
 74
     0
 49
0.0
 74
     0
 49
-12.7
 74
     0
  0
LTYPE
  5
613
330
56E
100
AcDbSymbolTableRecord
100
AcDbLinetypeTableRecord
  2
CENTER
 70
     0
  3
Center ____ _ ____ _ ____ _ ____ _ ____ _ ____
 72
    65
 73
     4
 40
50.8
 49
31.75
 74
     0
 49
-6.35
 74
     0
 49
6.35
 74
     0
 49
-6.35
 74
     0
  0
LTYPE
  5
614
330
56E
100
AcDbSymbolTableRecord
100
AcDbLinetypeTableRecord
  2
CENTER2
 70
     0
  3
Center (.5x) ___ _ ___ _ ___ _ ___ _ ___ _ ___
 72
    65
 73
     4
 40
28.575
 49
19.05
 74
     0
 49
-3.175
 74
     0
 49
3.175
 74
     0
 49
-3.175
 74
     0
  0
LTYPE
  5
615
330
56E
100
AcDbSymbolTableRecord
100
AcDbLinetypeTableRecord
  2
CENTERX2
 70
     0
  3
Center (2x) ________  __  ________  __  _____
 72
    65
 73
     4
 40
101.6
 49
63.5
 74
     0
 49
-12.7
 74
     0
 49
12.7
 74
     0
 49
-12.7
 74
     0
  0
LTYPE
  5
616
330
56E
100
AcDbSymbolTableRecord
100
AcDbLinetypeTableRecord
  2
DASHDOT
 70
     0
  3
Dash dot __ . __ . __ . __ . __ . __ . __ . __
 72
    65
 73
     4
 40
25.4
 49
12.7
 74
     0
 49
-6.35
 74
     0
 49
0.0
 74
     0
 49
-6.35
 74
     0
  0
LTYPE
  5
617
330
56E
100
AcDbSymbolTableRecord
100
AcDbLinetypeTableRecord
  2
DASHDOT2
 70
     0
  3
Dash dot (.5x) _._._._._._._._._._._._._._._.
 72
    65
 73
     4
 40
12.7
 49
6.35
 74
     0
 49
-3.175
 74
     0
 49
0.0
 74
     0
 49
-3.175
 74
     0
  0
LTYPE
  5
618
330
56E
100
AcDbSymbolTableRecord
100
AcDbLinetypeTableRecord
  2
DASHDOTX2
 70
     0
  3
Dash dot (2x) ____  .  ____  .  ____  .  ___
 72
    65
 73
     4
 40
50.8
 49
25.4
 74
     0
 49
-12.7
 74
     0
 49
0.0
 74
     0
 49
-12.7
 74
     0
  0
LTYPE
  5
619
330
56E
100
AcDbSymbolTableRecord
100
AcDbLinetypeTableRecord
  2
ACAD_ISO10W100
 70
     0
  3
ISO dash dot __ . __ . __ . __ . __ . __ . __ . 
 72
    65
 73
     4
 40
18.0
 49
12.0
 74
     0
 49
-3.0
 74
     0
 49
0.0
 74
     0
 49
-3.0
 74
     0
  0
LTYPE
  5
61A
330
56E
100
AcDbSymbolTableRecord
100
AcDbLinetypeTableRecord
  2
ACAD_ISO11W100
 70
     0
  3
ISO double-dash dot __ __ . __ __ . __ __ . __ _
 72
    65
 73
     6
 40
33.0
 49
12.0
 74
     0
 49
-3.0
 74
     0
 49
12.0
 74
     0
 49
-3.0
 74
     0
 49
0.0
 74
     0
 49
-3.0
 74
     0
  0
LTYPE
  5
61B
330
56E
100
AcDbSymbolTableRecord
100
AcDbLinetypeTableRecord
  2
ACAD_ISO12W100
 70
     0
  3
ISO dash double-dot __ . . __ . . __ . . __ . . 
 72
    65
 73
     6
 40
21.0
 49
12.0
 74
     0
 49
-3.0
 74
     0
 49
0.0
 74
     0
 49
-3.0
 74
     0
 49
0.0
 74
     0
 49
-3.0
 74
     0
  0
LTYPE
  5
61C
330
56E
100
AcDbSymbolTableRecord
100
AcDbLinetypeTableRecord
  2
ACAD_ISO13W100
 70
     0
  3
ISO double-dash double-dot __ __ . . __ __ . . _
 72
    65
 73
     8
 40
36.0
 49
12.0
 74
     0
 49
-3.0
 74
     0
 49
12.0
 74
     0
 49
-3.0
 74
     0
 49
0.0
 74
     0
 49
-3.0
 74
     0
 49
0.0
 74
     0
 49
-3.0
 74
     0
  0
LTYPE
  5
61D
330
56E
100
AcDbSymbolTableRecord
100
AcDbLinetypeTableRecord
  2
ACAD_ISO14W100
 70
     0
  3
ISO dash triple-dot __ . . . __ . . . __ . . . _
 72
    65
 73
     8
 40
24.0
 49
12.0
 74
     0
 49
-3.0
 74
     0
 49
0.0
 74
     0
 49
-3.0
 74
     0
 49
0.0
 74
     0
 49
-3.0
 74
     0
 49
0.0
 74
     0
 49
-3.0
 74
     0
  0
LTYPE
  5
61E
330
56E
100
AcDbSymbolTableRecord
100
AcDbLinetypeTableRecord
  2
ACAD_ISO15W100
 70
     0
  3
ISO double-dash triple-dot __ __ . . . __ __ . .
 72
    65
 73
    10
 40
39.0
 49
12.0
 74
     0
 49
-3.0
 74
     0
 49
12.0
 74
     0
 49
-3.0
 74
     0
 49
0.0
 74
     0
 49
-3.0
 74
     0
 49
0.0
 74
     0
 49
-3.0
 74
     0
 49
0.0
 74
     0
 49
-3.0
 74
     0
  0
LTYPE
  5
61F
330
56E
100
AcDbSymbolTableRecord
100
AcDbLinetypeTableRecord
  2
BATTING
 70
     0
  3
Batting SSSSSSSSSSSSSSSSSSSSSSSSSSSSSSSSSSSSSSSSSSSSSSS
 72
    65
 73
     4
 40
10.16254
 49
0.00254
 74
     0
 49
-2.54
 74
     2
 75
     0
340
603
 46
2.54
 50
0.0
 44
-2.54
 45
0.0
  9
BAT
 49
-5.08
 74
     2
 75
     0
340
603
 46
2.54
 50
180.0
 44
2.54
 45
0.0
  9
BAT
 49
-2.54
 74
     0
  0
LTYPE
  5
620
330
56E
100
AcDbSymbolTableRecord
100
AcDbLinetypeTableRecord
  2
BORDER
 70
     0
  3
Border __ __ . __ __ . __ __ . __ __ . __ __ .
 72
    65
 73
     6
 40
44.45
 49
12.7
 74
     0
 49
-6.35
 74
     0
 49
12.7
 74
     0
 49
-6.35
 74
     0
 49
0.0
 74
     0
 49
-6.35
 74
     0
  0
LTYPE
  5
621
330
56E
100
AcDbSymbolTableRecord
100
AcDbLinetypeTableRecord
  2
ACAD_ISO02W100
 70
     0
  3
ISO dash __ __ __ __ __ __ __ __ __ __ __ __ __
 72
    65
 73
     2
 40
15.0
 49
12.0
 74
     0
 49
-3.0
 74
     0
  0
LTYPE
  5
622
330
56E
100
AcDbSymbolTableRecord
100
AcDbLinetypeTableRecord
  2
ACAD_ISO03W100
 70
     0
  3
ISO dash space __    __    __    __    __    __
 72
    65
 73
     2
 40
30.0
 49
12.0
 74
     0
 49
-18.0
 74
     0
  0
LTYPE
  5
623
330
56E
100
AcDbSymbolTableRecord
100
AcDbLinetypeTableRecord
  2
ACAD_ISO04W100
 70
     0
  3
ISO long-dash dot ____ . ____ . ____ . ____ . _
 72
    65
 73
     4
 40
30.0
 49
24.0
 74
     0
 49
-3.0
 74
     0
 49
0.0
 74
     0
 49
-3.0
 74
     0
  0
LTYPE
  5
624
330
56E
100
AcDbSymbolTableRecord
100
AcDbLinetypeTableRecord
  2
ACAD_ISO05W100
 70
     0
  3
ISO long-dash double-dot ____ .. ____ .. ____ . 
 72
    65
 73
     6
 40
33.0
 49
24.0
 74
     0
 49
-3.0
 74
     0
 49
0.0
 74
     0
 49
-3.0
 74
     0
 49
0.0
 74
     0
 49
-3.0
 74
     0
  0
LTYPE
  5
625
330
56E
100
AcDbSymbolTableRecord
100
AcDbLinetypeTableRecord
  2
ACAD_ISO06W100
 70
     0
  3
ISO long-dash triple-dot ____ ... ____ ... ____
 72
    65
 73
     8
 40
36.0
 49
24.0
 74
     0
 49
-3.0
 74
     0
 49
0.0
 74
     0
 49
-3.0
 74
     0
 49
0.0
 74
     0
 49
-3.0
 74
     0
 49
0.0
 74
     0
 49
-3.0
 74
     0
  0
LTYPE
  5
626
330
56E
100
AcDbSymbolTableRecord
100
AcDbLinetypeTableRecord
  2
ACAD_ISO07W100
 70
     0
  3
ISO dot . . . . . . . . . . . . . . . . . . . . 
 72
    65
 73
     2
 40
3.0
 49
0.0
 74
     0
 49
-3.0
 74
     0
  0
LTYPE
  5
627
330
56E
100
AcDbSymbolTableRecord
100
AcDbLinetypeTableRecord
  2
ACAD_ISO08W100
 70
     0
  3
ISO long-dash short-dash ____ __ ____ __ ____ _
 72
    65
 73
     4
 40
36.0
 49
24.0
 74
     0
 49
-3.0
 74
     0
 49
6.0
 74
     0
 49
-3.0
 74
     0
  0
LTYPE
  5
628
330
56E
100
AcDbSymbolTableRecord
100
AcDbLinetypeTableRecord
  2
ACAD_ISO09W100
 70
     0
  3
ISO long-dash double-short-dash ____ __ __ ____
 72
    65
 73
     6
 40
45.0
 49
24.0
 74
     0
 49
-3.0
 74
     0
 49
6.0
 74
     0
 49
-3.0
 74
     0
 49
6.0
 74
     0
 49
-3.0
 74
     0
  0
LTYPE
  5
629
330
56E
100
AcDbSymbolTableRecord
100
AcDbLinetypeTableRecord
  2
HIDDENX2
 70
     0
  3
Hidden (2x) ____ ____ ____ ____ ____ ____ ____ 
 72
    65
 73
     2
 40
19.05
 49
12.7
 74
     0
 49
-6.35
 74
     0
  0
LTYPE
  5
62A
330
56E
100
AcDbSymbolTableRecord
100
AcDbLinetypeTableRecord
  2
HOT_WATER_SUPPLY
 70
     0
  3
Hot water supply ---- HW ---- HW ---- HW ----
 72
    65
 73
     3
 40
22.86
 49
12.7
 74
     0
 49
-5.08
 74
     2
 75
     0
340
605
 46
2.54
 50
0.0
 44
-2.54
 45
-1.27
  9
HW
 49
-5.08
 74
     0
  0
LTYPE
  5
62B
330
56E
100
AcDbSymbolTableRecord
100
AcDbLinetypeTableRecord
  2
PHANTOM
 70
     0
  3
Phantom ______  __  __  ______  __  __  ______ 
 72
    65
 73
     6
 40
63.50000000000001
 49
31.75
 74
     0
 49
-6.35
 74
     0
 49
6.35
 74
     0
 49
-6.35
 74
     0
 49
6.35
 74
     0
 49
-6.35
 74
     0
  0
LTYPE
  5
62C
330
56E
100
AcDbSymbolTableRecord
100
AcDbLinetypeTableRecord
  2
PHANTOM2
 70
     0
  3
Phantom (.5x) ___ _ _ ___ _ _ ___ _ _ ___ _ _
 72
    65
 73
     6
 40
31.75
 49
15.875
 74
     0
 49
-3.175
 74
     0
 49
3.175
 74
     0
 49
-3.175
 74
     0
 49
3.175
 74
     0
 49
-3.175
 74
     0
  0
LTYPE
  5
62D
330
56E
100
AcDbSymbolTableRecord
100
AcDbLinetypeTableRecord
  2
PHANTOMX2
 70
     0
  3
Phantom (2x) ____________    ____    ____   _
 72
    65
 73
     6
 40
127.0
 49
63.5
 74
     0
 49
-12.7
 74
     0
 49
12.7
 74
     0
 49
-12.7
 74
     0
 49
12.7
 74
     0
 49
-12.7
 74
     0
  0
LTYPE
  5
62E
330
56E
100
AcDbSymbolTableRecord
100
AcDbLinetypeTableRecord
  2
TRACKS
 70
     0
  3
Tracks -|-|-|-|-|-|-|-|-|-|-|-|-|-|-|-|-|-|-|-|-|-|-|-|-
 72
    65
 73
     2
 40
7.62
 49
3.81
 74
     2
 75
     0
340
603
 46
6.35
 50
0.0
 44
0.0
 45
0.0
  9
TRACK1
 49
3.81
 74
     0
  0
LTYPE
  5
62F
330
56E
100
AcDbSymbolTableRecord
100
AcDbLinetypeTableRecord
  2
ZIGZAG
 70
     0
  3
Zig zag /\/\/\/\/\/\/\/\/\/\/\/\/\/\/\/\/\/\/\/\/\/\/\/
 72
    65
 73
     4
 40
20.32254
 49
0.00254
 74
     0
 49
-5.08
 74
     2
 75
     0
340
603
 46
5.08
 50
0.0
 44
-5.08
 45
0.0
  9
ZIG
 49
-10.16
 74
     2
 75
     0
340
603
 46
5.08
 50
180.0
 44
5.08
 45
0.0
  9
ZIG
 49
-5.08
 74
     0
  0
LTYPE
  5
630
330
56E
100
AcDbSymbolTableRecord
100
AcDbLinetypeTableRecord
  2
DOTX2
 70
     0
  3
Dot (2x) .  .  .  .  .  .  .  .  .  .  .  .  .  .
 72
    65
 73
     2
 40
12.7
 49
0.0
 74
     0
 49
-12.7
 74
     0
  0
LTYPE
  5
632
330
56E
100
AcDbSymbolTableRecord
100
AcDbLinetypeTableRecord
  2
DRAINAGE
 70
     0
  3
Drainage ---->---->---->----
 72
    65
 73
     2
 40
10.16
 49
5.08
 74
     2
 75
     0
340
631
 46
2.54
 50
180.0
 44
0.0
 45
0.0
  9
RIGHT_ARROW
 49
5.08
 74
     0
  0
LTYPE
  5
633
330
56E
100
AcDbSymbolTableRecord
100
AcDbLinetypeTableRecord
  2
DRAINAGE2
 70
     0
  3
Drainage reversed----<----<----<----
 72
    65
 73
     2
 40
10.16
 49
5.08
 74
     2
 75
     0
340
631
 46
2.54
 50
0.0
 44
0.0
 45
0.0
  9
RIGHT_ARROW
 49
5.08
 74
     0
  0
LTYPE
  5
634
330
56E
100
AcDbSymbolTableRecord
100
AcDbLinetypeTableRecord
  2
FENCELINE1
 70
     0
  3
Fenceline circle ----0-----0----0-----0----0-----0--
 72
    65
 73
     4
 40
36.83
 49
6.35
 74
     0
 49
-2.54
 74
     2
 75
     0
340
603
 46
2.54
 50
0.0
 44
-2.54
 45
0.0
  9
CIRC1
 49
-2.54
 74
     0
 49
25.4
 74
     0
  0
ENDTAB
  0
TABLE
  2
LAYER
  5
56C
330
0
100
AcDbSymbolTable
 70
     5
  0
LAYER
  5
579
330
56C
100
AcDbSymbolTableRecord
100
AcDbLayerTableRecord
  2
0
 70
     0
 62
     7
  6
Continuous
370
    25
390
578
347
5AE
348
0
  0
LAYER
  5
635
330
56C
100
AcDbSymbolTableRecord
100
AcDbLayerTableRecord
  2
construction
 70
     0
 62
    30
  6
Continuous
290
     0
370
    25
390
578
347
5AE
348
0
  0
LAYER
  5
636
330
56C
100
AcDbSymbolTableRecord
100
AcDbLayerTableRecord
  2
hatch
 70
     0
 62
    18
420
        0
  6
Continuous
370
    35
390
578
347
5AE
348
0
  0
LAYER
  5
637
330
56C
100
AcDbSymbolTableRecord
100
AcDbLayerTableRecord
  2
hidden
 70
     0
 62
     4
  6
ACAD_ISO02W100
370
    13
390
578
347
5AE
348
0
  0
LAYER
  5
638
330
56C
100
AcDbSymbolTableRecord
100
AcDbLayerTableRecord
  2
visible
 70
     1
 62
   -16
420
  8388608
  6
Continuous
370
    13
390
578
347
5AE
348
0
  0
ENDTAB
  0
TABLE
  2
STYLE
  5
56D
330
0
100
AcDbSymbolTable
 70
     4
  0
STYLE
  5
57A
330
56D
100
AcDbSymbolTableRecord
100
AcDbTextStyleTableRecord
  2
Standard
 70
     0
 40
0.0
 41
1.0
 50
0.0
 71
     0
 42
0.2
  3
txt
  4

  0
STYLE
  5
603
330
56D
100
AcDbSymbolTableRecord
100
AcDbTextStyleTableRecord
  2
textstyle0
 70
     0
 40
0.0
 41
1.0
 50
0.0
 71
     0
 42
0.2
  3
ltypeshp.shx
  4

  0
STYLE
  5
605
330
56D
100
AcDbSymbolTableRecord
100
AcDbTextStyleTableRecord
  2
textstyle1
 70
     0
 40
0.0
 41
1.0
 50
0.0
 71
     0
 42
0.2
  3
STANDARD
  4

  0
STYLE
  5
631
330
56D
100
AcDbSymbolTableRecord
100
AcDbTextStyleTableRecord
  2
textstyle2
 70
     0
 40
0.0
 41
1.0
 50
0.0
 71
     0
 42
0.2
  3
qcadshp.shx
  4

  0
ENDTAB
  0
TABLE
  2
VIEW
  5
56F
330
0
100
AcDbSymbolTable
 70
     0
  0
ENDTAB
  0
TABLE
  2
UCS
  5
570
330
0
100
AcDbSymbolTable
 70
     0
  0
ENDTAB
  0
TABLE
  2
APPID
  5
572
330
0
100
AcDbSymbolTable
 70
     2
  0
APPID
  5
57B
330
572
100
AcDbSymbolTableRecord
100
AcDbRegAppTableRecord
  2
ACAD
 70
     0
  0
APPID
  5
5C6
330
572
100
AcDbSymbolTableRecord
100
AcDbRegAppTableRecord
  2
QCAD
 70
     0
  0
ENDTAB
  0
TABLE
  2
DIMSTYLE
  5
573
330
0
100
AcDbSymbolTable
 70
     2
100
AcDbDimStyleTable
  0
DIMSTYLE
105
58F
330
573
100
AcDbSymbolTableRecord
100
AcDbDimStyleTableRecord
  2
Standard
 70
     0
178
     0
340
57A
  0
DIMSTYLE
105
602
330
573
100
AcDbSymbolTableRecord
100
AcDbDimStyleTableRecord
  2
QCADDimStyle
 70
     0
 41
2.5
 42
0.625
 43
5.0
 44
1.25
 73
     0
 77
     1
 78
     8
 79
     2
140
2.5
147
0.625
178
     0
279
     2
340
57A
  0
ENDTAB
  0
TABLE
  2
BLOCK_RECORD
  5
56B
330
0
100
AcDbSymbolTable
 70
     0
  0
BLOCK_RECORD
  5
587
330
56B
100
AcDbSymbolTableRecord
100
AcDbBlockTableRecord
  2
*Model_Space
340
58A
 70
     0
280
     1
281
     0
  0
BLOCK_RECORD
  5
583
330
56B
100
AcDbSymbolTableRecord
100
AcDbBlockTableRecord
  2
*Paper_Space
340
586
 70
     0
280
     1
281
     0
  0
ENDTAB
  0
ENDSEC
  0
SECTION
  2
BLOCKS
  0
BLOCK
  5
588
330
587
100
AcDbEntity
  8
0
100
AcDbBlockBegin
  2
*Model_Space
 70
     0
 10
0.0
 20
0.0
 30
0.0
  3
*Model_Space
  1

  0
ENDBLK
  5
589
330
587
100
AcDbEntity
  8
0
100
AcDbBlockEnd
  0
BLOCK
  5
584
330
583
100
AcDbEntity
 67
     1
  8
0
100
AcDbBlockBegin
  2
*Paper_Space
 70
     0
 10
0.0
 20
0.0
 30
0.0
  3
*Paper_Space
  1

  0
ENDBLK
  5
585
330
583
100
AcDbEntity
 67
     1
  8
0
100
AcDbBlockEnd
  0
ENDSEC
  0
SECTION
  2
ENTITIES
  0
LWPOLYLINE
  5
6A
330
587
100
AcDbEntity
  8
0
100
AcDbPolyline
 90
        3
 70
   129
 43
0.0
 10
-113.0000000000001
 20
-2.0
 10
-91.00000000000009
 20
-47.59999999999999
 10
-69.00000000000009
 20
-2.000000000000007
  0
LWPOLYLINE
  5
52B
330
587
100
AcDbEntity
  8
0
100
AcDbPolyline
 90
        3
 70
   129
 43
0.0
 10
-113.0000000000001
 20
2.0
 10
-91.00000000000011
 20
47.59999999999999
 10
-69.00000000000009
 20
2.000000000000128
  0
LWPOLYLINE
  5
2B4
330
587
100
AcDbEntity
  8
0
100
AcDbPolyline
 90
        3
 70
   129
 43
0.0
 10
-61.00000000000005
 20
-2.0
 10
-39.00000000000004
 20
-47.59999999999999
 10
-17.00000000000005
 20
-2.000000000000007
  0
LWPOLYLINE
  5
52D
330
587
100
AcDbEntity
  8
0
100
AcDbPolyline
 90
        3
 70
   129
 43
0.0
 10
-61.00000000000005
 20
2.000000000000028
 10
-39.00000000000004
 20
47.59999999999999
 10
-17.00000000000005
 20
2.000000000000036
  0
LWPOLYLINE
  5
2C2
330
587
100
AcDbEntity
  8
0
100
AcDbPolyline
 90
        3
 70
   129
 43
0.0
 10
-9.000000000000007
 20
-2.0
 10
13.00000000000001
 20
-47.59999999999999
 10
35.0
 20
-2.000000000000007
  0
LWPOLYLINE
  5
51E
330
587
100
AcDbEntity
  8
0
100
AcDbPolyline
 90
        3
 70
   129
 43
0.0
 10
-9.000000000000007
 20
2.000000000000107
 10
12.99999999999999
 20
47.60000000000007
 10
35.00000000000001
 20
1.999999999999986
  0
LWPOLYLINE
  5
2D0
330
587
100
AcDbEntity
  8
0
100
AcDbPolyline
 90
        3
 70
   129
 43
0.0
 10
43.00000000000003
 20
-2.0
 10
65.00000000000006
 20
-47.59999999999999
 10
87.00000000000003
 20
-2.000000000000007
  0
LWPOLYLINE
  5
51F
330
587
100
AcDbEntity
  8
0
100
AcDbPolyline
 90
        3
 70
   129
 43
0.0
 10
43.00000000000004
 20
1.999999999999091
 10
65.00000000000003
 20
47.60000000000007
 10
87.00000000000003
 20
1.999999999999218
  0
LWPOLYLINE
  5
55B
330
587
100
AcDbEntity
  8
0
100
AcDbPolyline
 90
        3
 70
   129
 43
0.0
 10
139.0000000000001
 20
1.9999999999991
 10
117.0000000000001
 20
47.60000000000007
 10
95.00000000000009
 20
1.999999999999218
  0
LWPOLYLINE
  5
55D
330
587
100
AcDbEntity
  8
0
100
AcDbPolyline
 90
        3
 70
   129
 43
0.0
 10
139.0000000000001
 20
-1.999999999999959
 10
117.0000000000001
 20
-47.59999999999999
 10
95.00000000000009
 20
-1.999999999999959
  0
LWPOLYLINE
  5
6F
330
587
100
AcDbEntity
  8
0
100
AcDbPolyline
 90
        3
 70
   129
 43
0.0
 10
-89.0701754385966
 20
-51.59999999999998
 10
-67.07017543859658
 20
-97.19999999999996
 10
-45.07017543859656
 20
-51.59999999999999
  0
LWPOLYLINE
  5
520
330
587
100
AcDbEntity
  8
0
100
AcDbPolyline
 90
        3
 70
   129
 43
0.0
 10
-89.07017543859664
 20
51.59999999999999
 10
-67.0701754385966
 20
97.19999999999997
 10
-45.07017543859656
 20
51.59999999999998
  0
LWPOLYLINE
  5
2B5
330
587
100
AcDbEntity
  8
0
100
AcDbPolyline
 90
        3
 70
   129
 43
0.0
 10
-37.07017543859653
 20
-51.59999999999997
 10
-15.07017543859653
 20
-97.19999999999996
 10
6.929824561403485
 20
-51.59999999999999
  0
LWPOLYLINE
  5
521
330
587
100
AcDbEntity
  8
0
100
AcDbPolyline
 90
        3
 70
   129
 43
0.0
 10
-37.07017543859657
 20
51.60000000000001
 10
-15.07017543859654
 20
97.19999999999997
 10
6.929824561403471
 20
51.60000000000004
  0
LWPOLYLINE
  5
2C3
330
587
100
AcDbEntity
  8
0
100
AcDbPolyline
 90
        3
 70
   129
 43
0.0
 10
14.92982456140351
 20
-51.59999999999997
 10
36.92982456140351
 20
-97.19999999999996
 10
58.92982456140351
 20
-51.59999999999999
  0
LWPOLYLINE
  5
523
330
587
100
AcDbEntity
  8
0
100
AcDbPolyline
 90
        3
 70
   129
 43
0.0
 10
14.92982456140349
 20
51.60000000000004
 10
36.92982456140351
 20
97.19999999999997
 10
58.92982456140351
 20
51.60000000000009
  0
LWPOLYLINE
  5
2D1
330
587
100
AcDbEntity
  8
0
100
AcDbPolyline
 90
        3
 70
   129
 43
0.0
 10
66.92982456140356
 20
-51.59999999999997
 10
88.92982456140356
 20
-97.19999999999996
 10
110.9298245614036
 20
-51.59999999999999
  0
LWPOLYLINE
  5
524
330
587
100
AcDbEntity
  8
0
100
AcDbPolyline
 90
        3
 70
   129
 43
0.0
 10
66.92982456140356
 20
51.59999999999992
 10
88.92982456140354
 20
97.20000000000003
 10
110.9298245614035
 20
51.60000000000009
  0
LWPOLYLINE
  5
70
330
587
100
AcDbEntity
  8
0
100
AcDbPolyline
 90
        3
 70
   129
 43
0.0
 10
-65.00000000000006
 20
-1.999999999999972
 10
-87.00000000000006
 20
-47.59999999999999
 10
-43.00000000000005
 20
-47.59999999999999
  0
LWPOLYLINE
  5
525
330
587
100
AcDbEntity
  8
0
100
AcDbPolyline
 90
        3
 70
   129
 43
0.0
 10
-65.00000000000006
 20
1.999999999999957
 10
-87.00000000000006
 20
47.59999999999999
 10
-43.00000000000006
 20
47.60000000000004
  0
LWPOLYLINE
  5
2B6
330
587
100
AcDbEntity
  8
0
100
AcDbPolyline
 90
        3
 70
   129
 43
0.0
 10
-13.00000000000001
 20
-1.999999999999972
 10
-35.00000000000001
 20
-47.59999999999999
 10
9.000000000000007
 20
-47.59999999999999
  0
LWPOLYLINE
  5
526
330
587
100
AcDbEntity
  8
0
100
AcDbPolyline
 90
        3
 70
   129
 43
0.0
 10
-13.00000000000001
 20
1.999999999999581
 10
-35.00000000000004
 20
47.60000000000004
 10
9.000000000000021
 20
47.59999999999997
  0
LWPOLYLINE
  5
2C4
330
587
100
AcDbEntity
  8
0
100
AcDbPolyline
 90
        3
 70
   129
 43
0.0
 10
39.00000000000003
 20
-1.999999999999972
 10
17.00000000000004
 20
-47.59999999999999
 10
61.00000000000004
 20
-47.59999999999999
  0
LWPOLYLINE
  5
517
330
587
100
AcDbEntity
  8
0
100
AcDbPolyline
 90
        3
 70
   129
 43
0.0
 10
39.00000000000004
 20
1.999999999999034
 10
17.00000000000004
 20
47.60000000000001
 10
61.00000000000004
 20
47.60000000000007
  0
LWPOLYLINE
  5
2D2
330
587
100
AcDbEntity
  8
0
100
AcDbPolyline
 90
        3
 70
   129
 43
0.0
 10
91.00000000000006
 20
-1.999999999999972
 10
69.00000000000006
 20
-47.59999999999999
 10
113.0000000000001
 20
-47.59999999999999
  0
LWPOLYLINE
  5
518
330
587
100
AcDbEntity
  8
0
100
AcDbPolyline
 90
        3
 70
   129
 43
0.0
 10
91.00000000000006
 20
2.000000000001862
 10
69.00000000000003
 20
47.60000000000015
 10
113.0000000000001
 20
47.60000000000009
  0
LWPOLYLINE
  5
83
330
587
100
AcDbEntity
  8
0
100
AcDbPolyline
 90
        3
 70
   129
 43
0.0
 10
-41.07017543859659
 20
-51.59999999999996
 10
-19.0701754385966
 20
-97.19999999999993
 10
-63.07017543859656
 20
-97.19999999999996
  0
LWPOLYLINE
  5
519
330
587
100
AcDbEntity
  8
0
100
AcDbPolyline
 90
        3
 70
   129
 43
0.0
 10
-41.0701754385966
 20
51.59999999999998
 10
-19.0701754385966
 20
97.19999999999995
 10
-63.07017543859663
 20
97.19999999999997
  0
LWPOLYLINE
  5
564
330
587
100
AcDbEntity
  8
0
100
AcDbPolyline
 90
        3
 70
   129
 43
0.0
 10
-93.0701754385966
 20
51.59999999999997
 10
-115.0701754385966
 20
97.19999999999996
 10
-71.07017543859658
 20
97.19999999999997
  0
LWPOLYLINE
  5
567
330
587
100
AcDbEntity
  8
0
100
AcDbPolyline
 90
        3
 70
   129
 43
0.0
 10
-93.07017543859664
 20
-51.59999999999999
 10
-115.0701754385966
 20
-97.19999999999995
 10
-71.07017543859664
 20
-97.19999999999996
  0
LWPOLYLINE
  5
2B7
330
587
100
AcDbEntity
  8
0
100
AcDbPolyline
 90
        3
 70
   129
 43
0.0
 10
10.92982456140346
 20
-51.59999999999995
 10
32.92982456140345
 20
-97.19999999999993
 10
-11.07017543859652
 20
-97.19999999999996
  0
LWPOLYLINE
  5
51A
330
587
100
AcDbEntity
  8
0
100
AcDbPolyline
 90
        3
 70
   129
 43
0.0
 10
10.92982456140341
 20
51.60000000000002
 10
32.92982456140343
 20
97.19999999999997
 10
-11.07017543859654
 20
97.19999999999997
  0
LWPOLYLINE
  5
2C5
330
587
100
AcDbEntity
  8
0
100
AcDbPolyline
 90
        3
 70
   129
 43
0.0
 10
62.92982456140351
 20
-51.59999999999995
 10
84.92982456140348
 20
-97.19999999999993
 10
40.92982456140351
 20
-97.19999999999996
  0
LWPOLYLINE
  5
51B
330
587
100
AcDbEntity
  8
0
100
AcDbPolyline
 90
        3
 70
   129
 43
0.0
 10
62.92982456140349
 20
51.60000000000014
 10
84.92982456140342
 20
97.20000000000003
 10
40.92982456140346
 20
97.20000000000009
  0
LWPOLYLINE
  5
2D3
330
587
100
AcDbEntity
  8
0
100
AcDbPolyline
 90
        3
 70
   129
 43
0.0
 10
114.9298245614035
 20
-51.59999999999995
 10
136.9298245614035
 20
-97.19999999999993
 10
92.92982456140356
 20
-97.19999999999996
  0
LWPOLYLINE
  5
51C
330
587
100
AcDbEntity
  8
0
100
AcDbPolyline
 90
        3
 70
   129
 43
0.0
 10
114.9298245614035
 20
51.60000000000009
 10
136.9298245614035
 20
97.20000000000003
 10
92.92982456140354
 20
97.20000000000003
  0
LWPOLYLINE
  5
55
330
587
100
AcDbEntity
  8
visible
100
AcDbPolyline
 90
        3
 70
   129
 43
0.0
 10
-91.00000000000009
 20
-45.2986529277166
 10
-111.4072448335476
 20
-3.0
 10
-70.5927551664526
 20
-3.000000000000043
  0
LWPOLYLINE
  5
51D
330
587
100
AcDbEntity
  8
visible
100
AcDbPolyline
 90
        3
 70
   129
 43
0.0
 10
-91.00000000000011
 20
45.2986529277166
 10
-111.4072448335476
 20
3.0
 10
-70.5927551664526
 20
3.000000000000078
  0
LWPOLYLINE
  5
2B8
330
587
100
AcDbEntity
  8
visible
100
AcDbPolyline
 90
        3
 70
   129
 43
0.0
 10
-39.00000000000005
 20
-45.2986529277166
 10
-59.40724483354752
 20
-3.0
 10
-18.59275516645257
 20
-3.000000000000043
  0
LWPOLYLINE
  5
50F
330
587
100
AcDbEntity
  8
visible
100
AcDbPolyline
 90
        3
 70
   129
 43
0.0
 10
-39.00000000000006
 20
45.2986529277166
 10
-59.40724483354752
 20
3.000000000000007
 10
-18.59275516645257
 20
2.999999999999844
  0
LWPOLYLINE
  5
2C6
330
587
100
AcDbEntity
  8
visible
100
AcDbPolyline
 90
        3
 70
   129
 43
0.0
 10
12.99999999999998
 20
-45.2986529277166
 10
-7.407244833547477
 20
-3.0
 10
33.40724483354747
 20
-3.000000000000043
  0
LWPOLYLINE
  5
510
330
587
100
AcDbEntity
  8
visible
100
AcDbPolyline
 90
        3
 70
   129
 43
0.0
 10
12.99999999999996
 20
45.29865292771662
 10
-7.407244833547473
 20
2.999999999999908
 10
33.40724483354746
 20
3.000000000000625
  0
LWPOLYLINE
  5
2D4
330
587
100
AcDbEntity
  8
visible
100
AcDbPolyline
 90
        3
 70
   129
 43
0.0
 10
65.00000000000003
 20
-45.2986529277166
 10
44.59275516645256
 20
-3.0
 10
85.40724483354751
 20
-3.000000000000043
  0
LWPOLYLINE
  5
511
330
587
100
AcDbEntity
  8
visible
100
AcDbPolyline
 90
        3
 70
   129
 43
0.0
 10
65.00000000000003
 20
45.29865292771659
 10
44.59275516645256
 20
3.000000000000675
 10
85.40724483354751
 20
3.00000000000022
  0
LWPOLYLINE
  5
55F
330
587
100
AcDbEntity
  8
visible
100
AcDbPolyline
 90
        3
 70
   129
 43
0.0
 10
117.0000000000001
 20
-45.2986529277166
 10
137.4072448335476
 20
-2.999999999999969
 10
96.5927551664526
 20
-3.000000000000042
  0
LWPOLYLINE
  5
560
330
587
100
AcDbEntity
  8
visible
100
AcDbPolyline
 90
        3
 70
   129
 43
0.0
 10
117.0000000000001
 20
45.29865292771658
 10
137.4072448335476
 20
3.000000000000651
 10
96.5927551664526
 20
3.000000000000221
  0
LWPOLYLINE
  5
71
330
587
100
AcDbEntity
  8
visible
100
AcDbPolyline
 90
        3
 70
   129
 43
0.0
 10
-65.00000000000006
 20
-4.301347072283377
 10
-85.40724483354754
 20
-46.59999999999999
 10
-44.59275516645257
 20
-46.59999999999999
  0
LWPOLYLINE
  5
512
330
587
100
AcDbEntity
  8
visible
100
AcDbPolyline
 90
        3
 70
   129
 43
0.0
 10
-65.00000000000006
 20
4.301347072283441
 10
-85.40724483354754
 20
46.59999999999999
 10
-44.5927551664526
 20
46.60000000000004
  0
LWPOLYLINE
  5
2B9
330
587
100
AcDbEntity
  8
visible
100
AcDbPolyline
 90
        3
 70
   129
 43
0.0
 10
-13.00000000000002
 20
-4.301347072283377
 10
-33.40724483354749
 20
-46.59999999999999
 10
7.407244833547474
 20
-46.59999999999999
  0
LWPOLYLINE
  5
513
330
587
100
AcDbEntity
  8
visible
100
AcDbPolyline
 90
        3
 70
   129
 43
0.0
 10
-13.00000000000002
 20
4.301347072283463
 10
-33.4072448335475
 20
46.60000000000001
 10
7.407244833547473
 20
46.60000000000002
  0
LWPOLYLINE
  5
2C7
330
587
100
AcDbEntity
  8
visible
100
AcDbPolyline
 90
        3
 70
   129
 43
0.0
 10
39.0
 20
-4.301347072283377
 10
18.59275516645256
 20
-46.59999999999999
 10
59.40724483354752
 20
-46.59999999999999
  0
LWPOLYLINE
  5
514
330
587
100
AcDbEntity
  8
visible
100
AcDbPolyline
 90
        3
 70
   129
 43
0.0
 10
39.00000000000001
 20
4.301347072283491
 10
18.59275516645253
 20
46.60000000000007
 10
59.40724483354752
 20
46.59999999999998
  0
LWPOLYLINE
  5
2D5
330
587
100
AcDbEntity
  8
visible
100
AcDbPolyline
 90
        3
 70
   129
 43
0.0
 10
91.00000000000006
 20
-4.301347072283377
 10
70.5927551664526
 20
-46.59999999999999
 10
111.4072448335476
 20
-46.59999999999999
  0
LWPOLYLINE
  5
515
330
587
100
AcDbEntity
  8
visible
100
AcDbPolyline
 90
        3
 70
   129
 43
0.0
 10
91.00000000000006
 20
4.301347072283917
 10
70.5927551664526
 20
46.59999999999992
 10
111.4072448335476
 20
46.59999999999989
  0
LWPOLYLINE
  5
72
330
587
100
AcDbEntity
  8
visible
100
AcDbPolyline
 90
        3
 70
   129
 43
0.0
 10
-67.07017543859655
 20
-94.89865292771648
 10
-87.47742027214403
 20
-52.59999999999998
 10
-46.66293060504911
 20
-52.60000000000001
  0
LWPOLYLINE
  5
516
330
587
100
AcDbEntity
  8
visible
100
AcDbPolyline
 90
        3
 70
   129
 43
0.0
 10
-67.07017543859655
 20
94.8986529277165
 10
-87.47742027214403
 20
52.59999999999998
 10
-46.66293060504912
 20
52.60000000000001
  0
LWPOLYLINE
  5
2BA
330
587
100
AcDbEntity
  8
visible
100
AcDbPolyline
 90
        3
 70
   129
 43
0.0
 10
-15.07017543859652
 20
-94.89865292771648
 10
-35.47742027214399
 20
-52.59999999999997
 10
5.337069394950937
 20
-52.60000000000001
  0
LWPOLYLINE
  5
508
330
587
100
AcDbEntity
  8
visible
100
AcDbPolyline
 90
        3
 70
   129
 43
0.0
 10
-15.07017543859654
 20
94.8986529277165
 10
-35.47742027214401
 20
52.59999999999998
 10
5.337069394950937
 20
52.60000000000002
  0
LWPOLYLINE
  5
2C8
330
587
100
AcDbEntity
  8
visible
100
AcDbPolyline
 90
        3
 70
   129
 43
0.0
 10
36.92982456140351
 20
-94.89865292771648
 10
16.52257972785606
 20
-52.59999999999997
 10
57.33706939495097
 20
-52.60000000000001
  0
LWPOLYLINE
  5
509
330
587
100
AcDbEntity
  8
visible
100
AcDbPolyline
 90
        3
 70
   129
 43
0.0
 10
36.92982456140351
 20
94.89865292771653
 10
16.52257972785606
 20
52.59999999999998
 10
57.33706939495097
 20
52.59999999999998
  0
LWPOLYLINE
  5
2D6
330
587
100
AcDbEntity
  8
visible
100
AcDbPolyline
 90
        3
 70
   129
 43
0.0
 10
88.92982456140356
 20
-94.89865292771648
 10
68.52257972785608
 20
-52.59999999999997
 10
109.337069394951
 20
-52.60000000000001
  0
LWPOLYLINE
  5
50A
330
587
100
AcDbEntity
  8
visible
100
AcDbPolyline
 90
        3
 70
   129
 43
0.0
 10
88.9298245614035
 20
94.89865292771655
 10
68.52257972785605
 20
52.59999999999998
 10
109.337069394951
 20
52.60000000000008
  0
LWPOLYLINE
  5
84
330
587
100
AcDbEntity
  8
visible
100
AcDbPolyline
 90
        3
 70
   129
 43
0.0
 10
-41.07017543859656
 20
-53.9013470722834
 10
-20.66293060504908
 20
-96.20000000000002
 10
-61.47742027214402
 20
-96.20000000000013
  0
LWPOLYLINE
  5
50B
330
587
100
AcDbEntity
  8
visible
100
AcDbPolyline
 90
        3
 70
   129
 43
0.0
 10
-41.07017543859657
 20
53.90134707228343
 10
-20.66293060504913
 20
96.20000000000009
 10
-61.47742027214404
 20
96.20000000000014
  0
LWPOLYLINE
  5
565
330
587
100
AcDbEntity
  8
visible
100
AcDbPolyline
 90
        3
 70
   129
 43
0.0
 10
-93.07017543859664
 20
53.90134707228343
 10
-113.4774202721441
 20
96.2000000000001
 10
-72.66293060504917
 20
96.20000000000014
  0
LWPOLYLINE
  5
568
330
587
100
AcDbEntity
  8
visible
100
AcDbPolyline
 90
        3
 70
   129
 43
0.0
 10
-93.07017543859666
 20
-53.90134707228339
 10
-113.4774202721441
 20
-96.20000000000002
 10
-72.66293060504918
 20
-96.20000000000013
  0
LWPOLYLINE
  5
2BB
330
587
100
AcDbEntity
  8
visible
100
AcDbPolyline
 90
        3
 70
   129
 43
0.0
 10
10.92982456140349
 20
-53.9013470722834
 10
31.33706939495096
 20
-96.20000000000002
 10
-9.477420272143977
 20
-96.20000000000013
  0
LWPOLYLINE
  5
50C
330
587
100
AcDbEntity
  8
visible
100
AcDbPolyline
 90
        3
 70
   129
 43
0.0
 10
10.92982456140347
 20
53.90134707228347
 10
31.33706939495091
 20
96.20000000000009
 10
-9.477420272143995
 20
96.20000000000014
  0
LWPOLYLINE
  5
2C9
330
587
100
AcDbEntity
  8
visible
100
AcDbPolyline
 90
        3
 70
   129
 43
0.0
 10
62.92982456140351
 20
-53.9013470722834
 10
83.33706939495102
 20
-96.20000000000002
 10
42.52257972785606
 20
-96.20000000000013
  0
LWPOLYLINE
  5
50D
330
587
100
AcDbEntity
  8
visible
100
AcDbPolyline
 90
        3
 70
   129
 43
0.0
 10
62.92982456140349
 20
53.90134707228351
 10
83.33706939495099
 20
96.20000000000009
 10
42.52257972785606
 20
96.20000000000012
  0
LWPOLYLINE
  5
2D7
330
587
100
AcDbEntity
  8
visible
100
AcDbPolyline
 90
        3
 70
   129
 43
0.0
 10
114.9298245614036
 20
-53.9013470722834
 10
135.337069394951
 20
-96.20000000000002
 10
94.52257972785611
 20
-96.20000000000013
  0
LWPOLYLINE
  5
50E
330
587
100
AcDbEntity
  8
visible
100
AcDbPolyline
 90
        3
 70
   129
 43
0.0
 10
114.9298245614036
 20
53.90134707228341
 10
135.337069394951
 20
96.2
 10
94.52257972785605
 20
96.20000000000026
  0
HATCH
  5
53A
330
587
100
AcDbEntity
  8
hatch
440
 33554687
100
AcDbHatch
 10
0.0
 20
0.0
 30
0.0
210
0.0
220
0.0
230
1.0
  2
ESCHER
 70
     0
 71
     0
 91
        1
 92
        0
 93
        3
 72
     1
 10
-13.00000000000002
 20
-4.301347072283392
 11
-33.40724483354747
 21
-46.59999999999998
 72
     1
 10
-33.40724483354747
 20
-46.59999999999998
 11
7.407244833547473
 21
-46.59999999999994
 72
     1
 10
7.407244833547473
 20
-46.59999999999994
 11
-13.00000000000002
 21
-4.301347072283392
 97
        0
 75
     0
 76
     0
 52
45.0
 41
0.5
 77
     0
 78
    21
 53
105.0
 43
0.0
 44
0.0
 45
-10.7763073386424
 46
-10.77630734350364
 79
     2
 49
13.97
 49
-1.27
 53
225.0
 43
0.0
 44
0.0
 45
14.72070958778415
 46
-3.94440224250117
 79
     2
 49
13.97
 49
-1.27
 53
345.0
 43
0.0
 44
0.0
 45
10.77630734350364
 46
10.7763073386424
 79
     2
 49
13.97
 49
-1.27
 53
105.0
 43
0.8980256121069154
 44
0.8980256121069153
 45
-10.7763073386424
 46
-10.77630734350364
 79
     2
 49
2.54
 49
-12.7
 53
345.0
 43
0.8980256121069154
 44
0.8980256121069153
 45
10.77630734350364
 46
10.7763073386424
 79
     2
 49
2.54
 49
-12.7
 53
105.0
 43
-1.226725795988594
 44
0.3287001838816773
 45
-10.7763073386424
 46
-10.77630734350364
 79
     2
 49
2.54
 49
-12.7
 53
225.0
 43
-1.226725795988594
 44
0.3287001838816773
 45
14.72070958778415
 46
-3.94440224250117
 79
     2
 49
2.54
 49
-12.7
 53
345.0
 43
0.3287001838816785
 44
-1.226725795988594
 45
10.77630734350364
 46
10.7763073386424
 79
     2
 49
2.54
 49
-12.7
 53
225.0
 43
0.3287001838816785
 44
-1.226725795988594
 45
14.72070958778415
 46
-3.94440224250117
 79
     2
 49
2.54
 49
-12.7
 53
105.0
 43
-3.592102448427664
 44
-3.592102448427659
 45
-10.7763073386424
 46
-10.77630734350364
 79
     2
 49
2.54
 49
-12.7
 53
345.0
 43
-3.592102448427664
 44
-3.592102448427659
 45
10.77630734350364
 46
10.7763073386424
 79
     2
 49
2.54
 49
-12.7
 53
105.0
 43
4.90690319293463
 44
-1.314800744506973
 45
-10.7763073386424
 46
-10.77630734350364
 79
     2
 49
2.54
 49
-12.7
 53
225.0
 43
4.90690319293463
 44
-1.314800744506973
 45
14.72070958778415
 46
-3.94440224250117
 79
     2
 49
2.54
 49
-12.7
 53
345.0
 43
-1.314800744506969
 44
4.906903192934632
 45
10.77630734350364
 46
10.7763073386424
 79
     2
 49
2.54
 49
-12.7
 53
225.0
 43
-1.314800744506969
 44
4.906903192934632
 45
14.72070958778415
 46
-3.94440224250117
 79
     2
 49
2.54
 49
-12.7
 53
45.0
 43
0.240625235363302
 44
3.351477213064359
 45
-14.72070958778415
 46
3.94440224250117
 79
     2
 49
8.89
 49
-6.35
 53
45.0
 43
3.35147721306436
 44
0.2406252353632983
 45
-14.72070958778415
 46
3.94440224250117
 79
     2
 49
8.89
 49
-6.35
 53
165.0
 43
-1.884126172732207
 44
2.782151784839122
 45
-10.77630734350365
 46
-10.77630733864239
 79
     2
 49
8.89
 49
-6.35
 53
165.0
 43
-3.022777020202426
 44
-1.467351040332148
 45
-10.77630734350365
 46
-10.77630733864239
 79
     2
 49
8.89
 49
-6.35
 53
285.0
 43
-1.467351040332151
 44
-3.022777020202424
 45
14.72070958600481
 46
-3.944402249141764
 79
     2
 49
8.89
 49
-6.35
 53
285.0
 43
2.782151784839122
 44
-1.884126172732208
 45
14.72070958600481
 46
-3.944402249141764
 79
     2
 49
8.89
 49
-6.35
 98
        0
1001
ACAD
1010
0.0
1020
0.0
1030
0.0
  0
HATCH
  5
53B
330
587
100
AcDbEntity
  8
hatch
440
 33554687
100
AcDbHatch
 10
0.0
 20
0.0
 30
0.0
210
0.0
220
0.0
230
1.0
  2
ESCHER
 70
     0
 71
     0
 91
        1
 92
        0
 93
        3
 72
     1
 10
-13.00000000000002
 20
4.301347072283463
 11
-33.4072448335475
 21
46.60000000000002
 72
     1
 10
-33.4072448335475
 20
46.60000000000002
 11
7.407244833547445
 21
46.60000000000001
 72
     1
 10
7.407244833547445
 20
46.60000000000001
 11
-13.00000000000002
 21
4.301347072283463
 97
        0
 75
     0
 76
     0
 52
45.0
 41
0.5
 77
     0
 78
    21
 53
105.0
 43
0.0
 44
0.0
 45
-10.7763073386424
 46
-10.77630734350364
 79
     2
 49
13.97
 49
-1.27
 53
225.0
 43
0.0
 44
0.0
 45
14.72070958778415
 46
-3.94440224250117
 79
     2
 49
13.97
 49
-1.27
 53
345.0
 43
0.0
 44
0.0
 45
10.77630734350364
 46
10.7763073386424
 79
     2
 49
13.97
 49
-1.27
 53
105.0
 43
0.8980256121069154
 44
0.8980256121069153
 45
-10.7763073386424
 46
-10.77630734350364
 79
     2
 49
2.54
 49
-12.7
 53
345.0
 43
0.8980256121069154
 44
0.8980256121069153
 45
10.77630734350364
 46
10.7763073386424
 79
     2
 49
2.54
 49
-12.7
 53
105.0
 43
-1.226725795988594
 44
0.3287001838816773
 45
-10.7763073386424
 46
-10.77630734350364
 79
     2
 49
2.54
 49
-12.7
 53
225.0
 43
-1.226725795988594
 44
0.3287001838816773
 45
14.72070958778415
 46
-3.94440224250117
 79
     2
 49
2.54
 49
-12.7
 53
345.0
 43
0.3287001838816785
 44
-1.226725795988594
 45
10.77630734350364
 46
10.7763073386424
 79
     2
 49
2.54
 49
-12.7
 53
225.0
 43
0.3287001838816785
 44
-1.226725795988594
 45
14.72070958778415
 46
-3.94440224250117
 79
     2
 49
2.54
 49
-12.7
 53
105.0
 43
-3.592102448427664
 44
-3.592102448427659
 45
-10.7763073386424
 46
-10.77630734350364
 79
     2
 49
2.54
 49
-12.7
 53
345.0
 43
-3.592102448427664
 44
-3.592102448427659
 45
10.77630734350364
 46
10.7763073386424
 79
     2
 49
2.54
 49
-12.7
 53
105.0
 43
4.90690319293463
 44
-1.314800744506973
 45
-10.7763073386424
 46
-10.77630734350364
 79
     2
 49
2.54
 49
-12.7
 53
225.0
 43
4.90690319293463
 44
-1.314800744506973
 45
14.72070958778415
 46
-3.94440224250117
 79
     2
 49
2.54
 49
-12.7
 53
345.0
 43
-1.314800744506969
 44
4.906903192934632
 45
10.77630734350364
 46
10.7763073386424
 79
     2
 49
2.54
 49
-12.7
 53
225.0
 43
-1.314800744506969
 44
4.906903192934632
 45
14.72070958778415
 46
-3.94440224250117
 79
     2
 49
2.54
 49
-12.7
 53
45.0
 43
0.240625235363302
 44
3.351477213064359
 45
-14.72070958778415
 46
3.94440224250117
 79
     2
 49
8.89
 49
-6.35
 53
45.0
 43
3.35147721306436
 44
0.2406252353632983
 45
-14.72070958778415
 46
3.94440224250117
 79
     2
 49
8.89
 49
-6.35
 53
165.0
 43
-1.884126172732207
 44
2.782151784839122
 45
-10.77630734350365
 46
-10.77630733864239
 79
     2
 49
8.89
 49
-6.35
 53
165.0
 43
-3.022777020202426
 44
-1.467351040332148
 45
-10.77630734350365
 46
-10.77630733864239
 79
     2
 49
8.89
 49
-6.35
 53
285.0
 43
-1.467351040332151
 44
-3.022777020202424
 45
14.72070958600481
 46
-3.944402249141764
 79
     2
 49
8.89
 49
-6.35
 53
285.0
 43
2.782151784839122
 44
-1.884126172732208
 45
14.72070958600481
 46
-3.944402249141764
 79
     2
 49
8.89
 49
-6.35
 98
        0
1001
ACAD
1010
0.0
1020
0.0
1030
0.0
  0
HATCH
  5
53C
330
587
100
AcDbEntity
  8
hatch
440
 33554687
100
AcDbHatch
 10
0.0
 20
0.0
 30
0.0
210
0.0
220
0.0
230
1.0
  2
BARBWIRE
 70
     0
 71
     0
 91
        1
 92
        0
 93
        3
 72
     1
 10
-65.00000000000006
 20
-4.301347072283392
 11
-85.40724483354751
 21
-46.59999999999998
 72
     1
 10
-85.40724483354751
 20
-46.59999999999998
 11
-44.59275516645257
 21
-46.59999999999994
 72
     1
 10
-44.59275516645257
 20
-46.59999999999994
 11
-65.00000000000006
 21
-4.301347072283392
 97
        0
 75
     0
 76
     0
 52
45.0
 41
0.5
 77
     0
 78
    42
 53
360.0
 43
-2.33486659147798
 44
7.723020264119471
 45
8.980256106000002
 46
8.980256105999999
 79
     2
 49
0.179605178
 49
-17.780907161
 53
333.434949
 43
-3.771707570849041
 44
8.441440753805
 45
26.94076838952729
 46
-8.98025598053188
 79
     2
 49
1.606437097
 49
-38.554489185
 53
203.198591
 43
-3.143089642374203
 44
8.710848437437079
 45
-35.92102433425788
 46
-17.96051257328464
 79
     2
 49
0.683915955
 49
-67.707677132
 53
161.565051
 43
-2.873681958742129
 44
8.62104587622639
 45
-17.96051230238139
 46
0.0000000153477258
 79
     2
 49
0.283980636
 49
-28.11408271
 53
161.565051
 43
-2.334866591477979
 44
8.441440753805004
 45
-17.96051230238139
 46
0.0000000153477258
 79
     2
 49
0.567961272
 49
-27.830102074
 53
156.801409
 43
0.4490128060534579
 44
7.453612580487398
 45
-26.94076831799044
 46
8.980256337856819
 79
     2
 49
0.683915955
 49
-67.707677132
 53
201.801409
 43
1.347038418160373
 44
7.812822825330164
 45
-62.86179312210078
 46
-26.94076780886533
 79
     2
 49
0.967203171
 49
-95.753115199
 53
334.653824
 43
-0.359210244842763
 44
8.621045876226386
 45
134.7038418068456
 46
-62.86179300134863
 79
     2
 49
1.887990763
 49
-186.911082362
 53
239.036243
 43
-0.4490128060534588
 44
6.016771601116332
 45
-17.96051251102931
 46
-35.92102441933582
 79
     2
 49
0.523634462
 49
-51.839807039
 53
296.565051
 43
-0.6286179284748408
 44
6.3759818459591
 45
8.980256149632783
 46
-8.980256148345319
 79
     2
 49
0.401609306
 49
-39.759316976
 53
299.0546039999999
 43
-1.077630734528295
 44
7.184204896855321
 45
26.94076825121968
 46
-44.90128069337585
 79
     2
 49
0.92457397
 49
-91.532821633
 53
119.744881
 43
-1.077630734528295
 44
7.184204896855321
 45
-26.94076810453011
 46
44.90128074894155
 79
     2
 49
1.448022758
 49
-143.354256217
 53
180.0
 43
-0.7184204896855317
 44
7.184204896855322
 45
-8.980256106000002
 46
-8.980256105999999
 79
     2
 49
0.359210229
 49
-17.601301983
 53
225.0
 43
-0.4490128060534571
 44
7.453612580487398
 45
8.980256121069152
 46
-8.980256121069155
 79
     2
 49
0.381
 49
-12.319
 53
315.0
 43
-0.5388153672641476
 44
7.543415141698089
 45
8.980256121069155
 46
8.98025612106915
 79
     2
 49
0.127
 49
-12.573
 53
119.054604
 43
-0.5388153672641476
 44
7.543415141698089
 45
-26.94076825121969
 46
44.90128069337587
 79
     2
 49
1.84914794
 49
-90.608247663
 53
206.565051
 43
-0.1796051224213824
 44
7.723020264119473
 45
-8.98025614834531
 46
-8.980256149632792
 79
     2
 49
0.401609306
 49
-39.759316976
 53
243.434949
 43
0.0000000000000018
 44
8.082230508962239
 45
-8.9802559805319
 46
-26.94076838952729
 79
     2
 49
0.401609306
 49
-39.759316976
 53
303.231711
 43
-1.706248663003137
 44
10.68650478407229
 45
35.92102439212375
 46
-53.88153674501289
 79
     2
 49
3.113443227
 49
-308.230883791
 53
66.801409
 43
-1.975656346635215
 44
10.05788685559745
 45
8.98025633785682
 46
26.94076831799044
 79
     2
 49
0.683915955
 49
-67.707677132
 53
120.963757
 43
-1.436840979371064
 44
9.159861243490537
 45
-8.980256247515143
 46
8.980256013712912
 79
     2
 49
1.047268797
 49
-51.316172577
 53
386.565051
 43
-1.796051224213831
 44
8.980256121069154
 45
8.980256148345319
 46
8.980256149632783
 79
     2
 49
0.401609306
 49
-39.759316976
 53
90.0
 43
-1.796051224213831
 44
8.441440753805004
 45
-8.980256106
 46
8.980256106
 79
     2
 49
0.538815407
 49
-17.421696932
 53
333.434949
 43
-2.155261469056599
 44
8.621045876226386
 45
26.94076838952729
 46
-8.98025598053188
 79
     2
 49
0.401609306
 49
-39.759316976
 53
45.0
 43
-2.334866591477979
 44
8.441440753805004
 45
-8.980256121069152
 46
8.980256121069154
 79
     2
 49
0.254
 49
-12.446
 53
71.565051
 43
-2.424669152688672
 44
8.17203307017293
 45
0.0000000153477249
 46
17.96051230238139
 79
     2
 49
0.283980636
 49
-28.11408271
 53
123.231711
 43
-0.7184204896855331
 44
5.567758795062875
 45
-35.92102439212372
 46
53.88153674501294
 79
     2
 49
3.113443227
 49
-308.230883791
 53
49.08561699999999
 43
2.694076836320747
 44
11.31512271254714
 45
107.7630729883178
 46
125.7235861301307
 79
     2
 49
1.782529963
 49
-176.470464432
 53
45.0
 43
1.885853785424525
 44
10.50689966165091
 45
-8.980256121069152
 46
8.980256121069154
 79
     2
 49
1.143
 49
-11.557
 53
399.2894069999999
 43
0.8980256121069177
 44
9.698676610754685
 45
8.98025608958087
 46
8.980256150554254
 79
     2
 49
1.276334252
 49
-126.357086122
 53
401.1859250000001
 43
-0.7184204896855331
 44
9.159861243490536
 45
8.980256171907937
 46
8.980256108015752
 79
     2
 49
1.909228592
 49
-189.013635307
 53
396.4692339999999
 43
2.245064030267288
 44
12.12334576344336
 45
71.8420492868486
 46
53.8815362386952
 79
     2
 49
2.568415996
 49
-254.273188811
 53
45.0
 43
0.9878281733176095
 44
10.86610990649367
 45
-8.980256121069152
 46
8.980256121069154
 79
     2
 49
1.778
 49
-10.922
 53
59.036243
 43
-0.359210244842763
 44
8.621045876226386
 45
17.96051251102933
 46
35.9210244193358
 79
     2
 49
2.618172056
 49
-49.745269318
 53
234.865807
 43
1.706248663003142
 44
10.86610990649368
 45
-125.7235855827164
 46
-179.6051225589089
 79
     2
 49
2.964844845
 49
-293.519640417
 53
225.0
 43
2.604274275110054
 44
11.76413551860059
 45
8.980256121069152
 46
-8.980256121069155
 79
     2
 49
1.27
 49
-11.43
 53
216.469234
 43
4.669733182955962
 44
13.29077905918233
 45
-71.84204928684854
 46
-53.88153623869528
 79
     2
 49
2.568415996
 49
-254.273188811
 53
231.115504
 43
3.951312693270427
 44
14.00919954886788
 45
-71.84204830941613
 46
-89.80256175561011
 79
     2
 49
1.986862422
 49
-355.648384714
 53
50.52754
 43
-3.552190149110375
 44
6.026749653495014
 45
80.82230539631537
 46
98.78281707379027
 79
     2
 49
2.197440233
 49
-393.341811867
 53
48.691386
 43
-4.310522938113193
 44
4.310522938113194
 45
125.7235856302748
 46
143.6840979511419
 79
     2
 49
1.92448053
 49
-392.594023548
 53
393.310631
 43
-4.669733182955961
 44
4.669733182955962
 45
53.88153660443786
 46
35.92102463116188
 79
     2
 49
3.761001622
 49
-372.339157911
 53
393.6900680000001
 43
-5.028943427798725
 44
5.028943427798726
 45
8.980256058057794
 46
8.980256277095867
 79
     2
 49
3.885452859
 49
-60.872094918
 98
        0
1001
ACAD
1010
0.0
1020
0.0
1030
0.0
  0
HATCH
  5
53D
330
587
100
AcDbEntity
  8
hatch
440
 33554687
100
AcDbHatch
 10
0.0
 20
0.0
 30
0.0
210
0.0
220
0.0
230
1.0
  2
BARBWIRE
 70
     0
 71
     0
 91
        1
 92
        0
 93
        3
 72
     1
 10
-65.00000000000006
 20
4.301347072283441
 11
-85.40724483354754
 21
46.59999999999999
 72
     1
 10
-85.40724483354754
 20
46.59999999999999
 11
-44.59275516645258
 21
46.59999999999995
 72
     1
 10
-44.59275516645258
 20
46.59999999999995
 11
-65.00000000000006
 21
4.301347072283441
 97
        0
 75
     0
 76
     0
 52
45.0
 41
0.5
 77
     0
 78
    42
 53
360.0
 43
-2.33486659147798
 44
7.723020264119471
 45
8.980256106000002
 46
8.980256105999999
 79
     2
 49
0.179605178
 49
-17.780907161
 53
333.434949
 43
-3.771707570849041
 44
8.441440753805
 45
26.94076838952729
 46
-8.98025598053188
 79
     2
 49
1.606437097
 49
-38.554489185
 53
203.198591
 43
-3.143089642374203
 44
8.710848437437079
 45
-35.92102433425788
 46
-17.96051257328464
 79
     2
 49
0.683915955
 49
-67.707677132
 53
161.565051
 43
-2.873681958742129
 44
8.62104587622639
 45
-17.96051230238139
 46
0.0000000153477258
 79
     2
 49
0.283980636
 49
-28.11408271
 53
161.565051
 43
-2.334866591477979
 44
8.441440753805004
 45
-17.96051230238139
 46
0.0000000153477258
 79
     2
 49
0.567961272
 49
-27.830102074
 53
156.801409
 43
0.4490128060534579
 44
7.453612580487398
 45
-26.94076831799044
 46
8.980256337856819
 79
     2
 49
0.683915955
 49
-67.707677132
 53
201.801409
 43
1.347038418160373
 44
7.812822825330164
 45
-62.86179312210078
 46
-26.94076780886533
 79
     2
 49
0.967203171
 49
-95.753115199
 53
334.653824
 43
-0.359210244842763
 44
8.621045876226386
 45
134.7038418068456
 46
-62.86179300134863
 79
     2
 49
1.887990763
 49
-186.911082362
 53
239.036243
 43
-0.4490128060534588
 44
6.016771601116332
 45
-17.96051251102931
 46
-35.92102441933582
 79
     2
 49
0.523634462
 49
-51.839807039
 53
296.565051
 43
-0.6286179284748408
 44
6.3759818459591
 45
8.980256149632783
 46
-8.980256148345319
 79
     2
 49
0.401609306
 49
-39.759316976
 53
299.0546039999999
 43
-1.077630734528295
 44
7.184204896855321
 45
26.94076825121968
 46
-44.90128069337585
 79
     2
 49
0.92457397
 49
-91.532821633
 53
119.744881
 43
-1.077630734528295
 44
7.184204896855321
 45
-26.94076810453011
 46
44.90128074894155
 79
     2
 49
1.448022758
 49
-143.354256217
 53
180.0
 43
-0.7184204896855317
 44
7.184204896855322
 45
-8.980256106000002
 46
-8.980256105999999
 79
     2
 49
0.359210229
 49
-17.601301983
 53
225.0
 43
-0.4490128060534571
 44
7.453612580487398
 45
8.980256121069152
 46
-8.980256121069155
 79
     2
 49
0.381
 49
-12.319
 53
315.0
 43
-0.5388153672641476
 44
7.543415141698089
 45
8.980256121069155
 46
8.98025612106915
 79
     2
 49
0.127
 49
-12.573
 53
119.054604
 43
-0.5388153672641476
 44
7.543415141698089
 45
-26.94076825121969
 46
44.90128069337587
 79
     2
 49
1.84914794
 49
-90.608247663
 53
206.565051
 43
-0.1796051224213824
 44
7.723020264119473
 45
-8.98025614834531
 46
-8.980256149632792
 79
     2
 49
0.401609306
 49
-39.759316976
 53
243.434949
 43
0.0000000000000018
 44
8.082230508962239
 45
-8.9802559805319
 46
-26.94076838952729
 79
     2
 49
0.401609306
 49
-39.759316976
 53
303.231711
 43
-1.706248663003137
 44
10.68650478407229
 45
35.92102439212375
 46
-53.88153674501289
 79
     2
 49
3.113443227
 49
-308.230883791
 53
66.801409
 43
-1.975656346635215
 44
10.05788685559745
 45
8.98025633785682
 46
26.94076831799044
 79
     2
 49
0.683915955
 49
-67.707677132
 53
120.963757
 43
-1.436840979371064
 44
9.159861243490537
 45
-8.980256247515143
 46
8.980256013712912
 79
     2
 49
1.047268797
 49
-51.316172577
 53
386.565051
 43
-1.796051224213831
 44
8.980256121069154
 45
8.980256148345319
 46
8.980256149632783
 79
     2
 49
0.401609306
 49
-39.759316976
 53
90.0
 43
-1.796051224213831
 44
8.441440753805004
 45
-8.980256106
 46
8.980256106
 79
     2
 49
0.538815407
 49
-17.421696932
 53
333.434949
 43
-2.155261469056599
 44
8.621045876226386
 45
26.94076838952729
 46
-8.98025598053188
 79
     2
 49
0.401609306
 49
-39.759316976
 53
45.0
 43
-2.334866591477979
 44
8.441440753805004
 45
-8.980256121069152
 46
8.980256121069154
 79
     2
 49
0.254
 49
-12.446
 53
71.565051
 43
-2.424669152688672
 44
8.17203307017293
 45
0.0000000153477249
 46
17.96051230238139
 79
     2
 49
0.283980636
 49
-28.11408271
 53
123.231711
 43
-0.7184204896855331
 44
5.567758795062875
 45
-35.92102439212372
 46
53.88153674501294
 79
     2
 49
3.113443227
 49
-308.230883791
 53
49.08561699999999
 43
2.694076836320747
 44
11.31512271254714
 45
107.7630729883178
 46
125.7235861301307
 79
     2
 49
1.782529963
 49
-176.470464432
 53
45.0
 43
1.885853785424525
 44
10.50689966165091
 45
-8.980256121069152
 46
8.980256121069154
 79
     2
 49
1.143
 49
-11.557
 53
399.2894069999999
 43
0.8980256121069177
 44
9.698676610754685
 45
8.98025608958087
 46
8.980256150554254
 79
     2
 49
1.276334252
 49
-126.357086122
 53
401.1859250000001
 43
-0.7184204896855331
 44
9.159861243490536
 45
8.980256171907937
 46
8.980256108015752
 79
     2
 49
1.909228592
 49
-189.013635307
 53
396.4692339999999
 43
2.245064030267288
 44
12.12334576344336
 45
71.8420492868486
 46
53.8815362386952
 79
     2
 49
2.568415996
 49
-254.273188811
 53
45.0
 43
0.9878281733176095
 44
10.86610990649367
 45
-8.980256121069152
 46
8.980256121069154
 79
     2
 49
1.778
 49
-10.922
 53
59.036243
 43
-0.359210244842763
 44
8.621045876226386
 45
17.96051251102933
 46
35.9210244193358
 79
     2
 49
2.618172056
 49
-49.745269318
 53
234.865807
 43
1.706248663003142
 44
10.86610990649368
 45
-125.7235855827164
 46
-179.6051225589089
 79
     2
 49
2.964844845
 49
-293.519640417
 53
225.0
 43
2.604274275110054
 44
11.76413551860059
 45
8.980256121069152
 46
-8.980256121069155
 79
     2
 49
1.27
 49
-11.43
 53
216.469234
 43
4.669733182955962
 44
13.29077905918233
 45
-71.84204928684854
 46
-53.88153623869528
 79
     2
 49
2.568415996
 49
-254.273188811
 53
231.115504
 43
3.951312693270427
 44
14.00919954886788
 45
-71.84204830941613
 46
-89.80256175561011
 79
     2
 49
1.986862422
 49
-355.648384714
 53
50.52754
 43
-3.552190149110375
 44
6.026749653495014
 45
80.82230539631537
 46
98.78281707379027
 79
     2
 49
2.197440233
 49
-393.341811867
 53
48.691386
 43
-4.310522938113193
 44
4.310522938113194
 45
125.7235856302748
 46
143.6840979511419
 79
     2
 49
1.92448053
 49
-392.594023548
 53
393.310631
 43
-4.669733182955961
 44
4.669733182955962
 45
53.88153660443786
 46
35.92102463116188
 79
     2
 49
3.761001622
 49
-372.339157911
 53
393.6900680000001
 43
-5.028943427798725
 44
5.028943427798726
 45
8.980256058057794
 46
8.980256277095867
 79
     2
 49
3.885452859
 49
-60.872094918
 98
        0
1001
ACAD
1010
0.0
1020
0.0
1030
0.0
  0
HATCH
  5
53E
330
587
100
AcDbEntity
  8
hatch
440
 33554687
100
AcDbHatch
 10
0.0
 20
0.0
 30
0.0
210
0.0
220
0.0
230
1.0
  2
REDBACK
 70
     0
 71
     0
 91
        1
 92
        0
 93
        3
 72
     1
 10
91.00000000000006
 20
-4.301347072283392
 11
70.5927551664526
 21
-46.59999999999998
 72
     1
 10
70.5927551664526
 20
-46.59999999999998
 11
111.4072448335476
 21
-46.59999999999994
 72
     1
 10
111.4072448335476
 20
-46.59999999999994
 11
91.00000000000006
 21
-4.301347072283392
 97
        0
 75
     0
 76
     0
 52
270.0
 41
0.55
 77
     0
 78
   167
 53
333.434949
 43
10.8966
 44
-10.1981
 45
13.97000001758799
 46
0.000000104667457
 79
     2
 49
0.3123786996
 49
-30.925490981
 53
303.690068
 43
10.6172
 44
-9.779000000000005
 45
13.97000013437227
 46
-13.96999986508305
 79
     2
 49
0.5036954747
 49
-49.86585576500001
 53
345.963757
 43
10.0584
 44
-9.639299999999999
 45
13.97000001484834
 46
0.0000001818554609
 79
     2
 49
0.5759979082
 49
-57.023787755
 53
270.0
 43
10.0584
 44
-9.22020000000001
 45
13.97
 46
-0.0000000000000026
 79
     2
 49
0.4191
 49
-13.5509
 53
378.434949
 43
9.639299999999997
 44
-9.359900000000005
 45
27.93999990907258
 46
13.97000012908867
 79
     2
 49
0.4417702366
 49
-43.7352486725
 53
360.0
 43
9.499600000000001
 44
-9.3599
 45
0.0000000000000034
 46
13.97
 79
     2
 49
0.1397
 49
-13.8303
 53
270.0
 43
7.962899999999999
 44
-7.543800000000006
 45
13.97
 46
-0.0000000000000026
 79
     2
 49
0.1397
 49
-13.8303
 53
540.0
 43
8.102599999999999
 44
-7.543800000000005
 45
-0.0000000000000051
 46
-13.97
 79
     2
 49
0.1397
 49
-13.8303
 53
494.9999999999998
 43
8.242300000000002
 44
-7.683500000000004
 45
-13.96999997500227
 46
0.0000000000000156
 79
     2
 49
0.1975656958
 49
-19.558997876
 53
450.0
 43
8.242300000000002
 44
-7.8232
 45
-13.97
 46
0.0000000000000043
 79
     2
 49
0.1397
 49
-13.8303
 53
585.0000000000001
 43
8.381999999999998
 44
-7.683500000000004
 45
0.0000000000000078
 46
-13.96999997500227
 79
     2
 49
0.1975656958
 49
-19.558997876
 53
285.524111
 43
7.683500000000005
 44
-5.168900000000005
 45
27.93999995186064
 46
-97.78999994908922
 79
     2
 49
2.6098114174
 49
-258.3713261250001
 53
270.0
 43
7.683499999999999
 44
-4.889500000000012
 45
13.97
 46
-0.0000000000000026
 79
     2
 49
0.2794
 49
-13.6906
 53
315.0
 43
7.543799999999999
 44
-4.749800000000001
 45
13.96999997500227
 46
-0.0000000000000049
 79
     2
 49
0.1975656958
 49
-19.558997876
 53
270.0
 43
7.543800000000005
 44
-4.330699999999999
 45
13.97
 46
-0.0000000000000026
 79
     2
 49
0.4191
 49
-13.5509
 53
296.565051
 43
6.705599999999996
 44
-2.654300000000005
 45
13.97000003590427
 46
-13.97000006076358
 79
     2
 49
1.874272197600001
 49
-29.36359748300001
 53
270.0
 43
6.705599999999997
 44
-2.514600000000007
 45
13.97
 46
-0.0000000000000026
 79
     2
 49
0.1397
 49
-13.8303
 53
303.690068
 43
6.4262
 44
-2.0955
 45
13.97000013437227
 46
-13.96999986508305
 79
     2
 49
0.5036954747
 49
-49.86585576500001
 53
302.005383
 43
5.7277
 44
-0.9779000000000019
 45
27.93999985767693
 46
-41.91000006458379
 79
     2
 49
1.3179271457
 49
-130.474789225
 53
315.0
 43
5.588000000000004
 44
-0.8382000000000013
 45
13.96999997500227
 46
-0.0000000000000049
 79
     2
 49
0.1975656958
 49
-19.558997876
 53
540.0
 43
5.7277
 44
-0.8382000000000079
 45
-0.0000000000000051
 46
-13.97
 79
     2
 49
0.1397
 49
-13.8303
 53
494.9999999999998
 43
5.867399999999997
 44
-0.9779000000000069
 45
-13.96999997500227
 46
0.0000000000000156
 79
     2
 49
0.1975656958
 49
-19.558997876
 53
483.6900680000001
 43
6.7056
 44
-2.235200000000002
 45
-13.97000013437228
 46
13.96999986508304
 79
     2
 49
1.5110865638
 49
-48.85846482
 53
513.4349490000001
 43
6.985000000000001
 44
-2.374900000000002
 45
-13.97000001758799
 46
-0.0000001046674805
 79
     2
 49
0.3123786996
 49
-30.925490981
 53
475.016893
 43
7.962900000000007
 44
-4.470400000000002
 45
-13.96999980293879
 46
27.94000017185616
 79
     2
 49
2.3124464165
 49
-228.932200145
 53
459.462322
 43
8.102599999999997
 44
-5.308600000000008
 45
-13.96999979218403
 46
69.85000009648498
 79
     2
 49
0.8497619911000001
 49
-84.126430575
 53
464.0362430000001
 43
8.2423
 44
-5.8674
 45
-13.96999974007297
 46
41.91000015756888
 79
     2
 49
0.5759979082
 49
-57.023787755
 53
464.0362430000001
 43
8.5217
 44
-6.985000000000007
 45
-13.96999974007297
 46
41.91000015756888
 79
     2
 49
1.1519956767
 49
-56.44778986000001
 53
468.434949
 43
8.8011
 44
-7.823200000000003
 45
-13.97000012908867
 46
27.93999990907258
 79
     2
 49
0.8835403335000005
 49
-43.29347857450001
 53
276.340192
 43
8.661399999999995
 44
-6.565900000000001
 45
13.97000054720784
 46
-111.7599999057638
 79
     2
 49
1.2650372845
 49
-125.23869314
 53
585.0000000000001
 43
8.801099999999998
 44
-6.426199999999999
 45
0.0000000000000078
 46
-13.96999997500227
 79
     2
 49
0.1975656958
 49
-19.558997876
 53
315.0
 43
8.661399999999999
 44
-6.286500000000003
 45
13.96999997500227
 46
-0.0000000000000049
 79
     2
 49
0.1975656958
 49
-19.558997876
 53
293.198591
 43
8.242300000000004
 44
-5.308600000000006
 45
13.97000020720042
 46
-27.93999991291197
 79
     2
 49
1.0639234881
 49
-105.32842672
 53
270.0
 43
8.242299999999997
 44
-4.889500000000007
 45
13.97
 46
-0.0000000000000026
 79
     2
 49
0.4191
 49
-13.5509
 53
315.0
 43
7.823200000000001
 44
-4.4704
 45
13.96999997500227
 46
-0.0000000000000049
 79
     2
 49
0.5926969477
 49
-19.163866623
 53
506.3099320000001
 43
8.242300000000006
 44
-4.749800000000001
 45
-27.93999984116664
 46
13.97000017062693
 79
     2
 49
0.5036954747
 49
-49.86585576500001
 53
476.5650509999999
 43
8.382
 44
-5.029200000000001
 45
-13.97000003590427
 46
13.97000006076359
 79
     2
 49
0.3123786996
 49
-30.925490981
 53
476.5650509999999
 43
8.801099999999991
 44
-5.867400000000012
 45
-13.97000003590427
 46
13.97000006076359
 79
     2
 49
0.9371360988000005
 49
-30.300733584
 53
476.5650509999999
 43
8.940800000000001
 44
-6.1468
 45
-13.97000003590427
 46
13.97000006076359
 79
     2
 49
0.3123786996
 49
-30.925490981
 53
476.5650509999999
 43
9.080500000000004
 44
-6.426200000000005
 45
-13.97000003590427
 46
13.97000006076359
 79
     2
 49
0.3123786996
 49
-30.925490981
 53
450.0
 43
9.080500000000006
 44
-7.962900000000004
 45
-13.97
 46
0.0000000000000043
 79
     2
 49
1.5367
 49
-12.4333
 53
494.9999999999998
 43
9.220199999999998
 44
-8.10260000000001
 45
-13.96999997500227
 46
0.0000000000000156
 79
     2
 49
0.1975656958
 49
-19.558997876
 53
591.340192
 43
9.779
 44
-7.404100000000001
 45
-41.90999978548309
 46
-55.88000018524212
 79
     2
 49
0.8945164228
 49
-88.55712921000003
 53
566.5650509999999
 43
10.0584
 44
-7.264400000000006
 45
-13.97000006076361
 46
-13.97000003590424
 79
     2
 49
0.3123786996
 49
-30.925490981
 53
555.945396
 43
11.0363
 44
-6.985000000000012
 45
-41.90999998104234
 46
-13.9700000165867
 79
     2
 49
1.017031367
 49
-100.686103815
 53
524.054604
 43
12.0142
 44
-7.264400000000006
 45
-55.87999999828813
 46
13.9700001604125
 79
     2
 49
1.017031367
 49
-100.686103815
 53
404.9999999999999
 43
11.8745
 44
-7.404100000000002
 45
0.0000000000000078
 46
13.96999997500227
 79
     2
 49
0.1975656958
 49
-19.558997876
 53
360.0
 43
11.45539999999999
 44
-7.404100000000005
 45
0.0000000000000034
 46
13.97
 79
     2
 49
0.4191
 49
-13.5509
 53
341.565051
 43
11.0363
 44
-7.264399999999995
 45
13.97000004343317
 46
0.0000000010014124
 79
     2
 49
0.4417702366
 49
-43.7352486725
 53
375.9453960000001
 43
10.0584
 44
-7.543800000000003
 45
41.90999998104235
 46
13.97000001658671
 79
     2
 49
1.017031367
 49
-100.686103815
 53
404.9999999999999
 43
9.499599999999996
 44
-8.102599999999999
 45
0.0000000000000078
 46
13.96999997500227
 79
     2
 49
0.7902625038000002
 49
-18.9663009305
 53
450.0
 43
9.499600000000006
 44
-8.24230000000001
 45
-13.97
 46
0.0000000000000043
 79
     2
 49
0.1397
 49
-13.8303
 53
540.0
 43
9.639300000000008
 44
-8.2423
 45
-0.0000000000000051
 46
-13.97
 79
     2
 49
0.1397
 49
-13.8303
 53
540.0
 43
9.918700000000008
 44
-8.242300000000006
 45
-0.0000000000000051
 46
-13.97
 79
     2
 49
0.2794
 49
-13.6906
 53
566.5650509999999
 43
10.1981
 44
-8.102600000000002
 45
-13.97000006076361
 46
-13.97000003590424
 79
     2
 49
0.3123786996
 49
-30.925490981
 53
548.130102
 43
11.17599999999999
 44
-7.9629
 45
-83.82000008850588
 46
-13.96999953529906
 79
     2
 49
0.9878281996
 49
-97.79498910500001
 53
521.565051
 43
11.59510000000001
 44
-8.10260000000001
 45
-13.97000004343317
 46
-0.0000000010014094
 79
     2
 49
0.4417702366
 49
-43.7352486725
 53
494.9999999999998
 43
11.7348
 44
-8.2423
 45
-13.96999997500227
 46
0.0000000000000156
 79
     2
 49
0.1975656958
 49
-19.558997876
 53
494.9999999999998
 43
11.8745
 44
-8.382
 45
-13.96999997500227
 46
0.0000000000000156
 79
     2
 49
0.1975656958
 49
-19.558997876
 53
513.4349490000001
 43
12.1539
 44
-8.521700000000006
 45
-13.97000001758799
 46
-0.0000001046674805
 79
     2
 49
0.3123786996
 49
-30.925490981
 53
513.4349490000001
 43
12.7127
 44
-8.801100000000007
 45
-13.97000001758799
 46
-0.0000001046674805
 79
     2
 49
0.6247573992000001
 49
-30.6131122825
 53
513.4349490000001
 43
13.2715
 44
-9.080500000000008
 45
-13.97000001758799
 46
-0.0000001046674805
 79
     2
 49
0.6247573992000001
 49
-30.6131122825
 53
494.9999999999998
 43
13.4112
 44
-9.220199999999995
 45
-13.96999997500227
 46
0.0000000000000156
 79
     2
 49
0.1975656958
 49
-19.558997876
 53
438.6900680000002
 43
12.99209999999999
 44
-11.31570000000002
 45
-0.0000001705873649
 46
13.97000007127033
 79
     2
 49
2.1369991423
 49
-69.09630354000001
 53
625.6012949999999
 43
13.1318
 44
-9.49960000000001
 45
0.000000097101666
 46
-13.97000006604627
 79
     2
 49
1.8214651785
 49
-180.325050015
 53
326.309932
 43
12.7127
 44
-9.220199999999998
 45
27.93999984116661
 46
-13.97000017062695
 79
     2
 49
0.5036954747
 49
-49.86585576500001
 53
326.309932
 43
12.2936
 44
-8.940800000000007
 45
27.93999984116661
 46
-13.97000017062695
 79
     2
 49
0.5036954747
 49
-49.86585576500001
 53
333.434949
 43
12.0142
 44
-8.801100000000002
 45
13.97000001758799
 46
0.000000104667457
 79
     2
 49
0.3123786996
 49
-30.925490981
 53
326.309932
 43
11.5951
 44
-8.521700000000003
 45
27.93999984116661
 46
-13.97000017062695
 79
     2
 49
0.5036954747
 49
-49.86585576500001
 53
341.565051
 43
11.176
 44
-8.382000000000003
 45
13.97000004343317
 46
0.0000000010014124
 79
     2
 49
0.4417702366
 49
-43.7352486725
 53
360.0
 43
11.0363
 44
-8.382000000000009
 45
0.0000000000000034
 46
13.97
 79
     2
 49
0.1397
 49
-13.8303
 53
360.0
 43
10.7569
 44
-8.382000000000007
 45
0.0000000000000034
 46
13.97
 79
     2
 49
0.2794
 49
-13.6906
 53
360.0
 43
10.3378
 44
-8.382000000000003
 45
0.0000000000000034
 46
13.97
 79
     2
 49
0.4191
 49
-13.5509
 53
494.9999999999998
 43
10.4775
 44
-8.521700000000004
 45
-13.96999997500227
 46
0.0000000000000156
 79
     2
 49
0.1975656958
 49
-19.558997876
 53
513.4349490000001
 43
10.75690000000001
 44
-8.661400000000008
 45
-13.97000001758799
 46
-0.0000001046674805
 79
     2
 49
0.3123786996
 49
-30.925490981
 53
494.9999999999998
 43
10.8966
 44
-8.8011
 45
-13.96999997500227
 46
0.0000000000000156
 79
     2
 49
0.1975656958
 49
-19.558997876
 53
476.5650509999999
 43
11.0363
 44
-9.080500000000011
 45
-13.97000003590427
 46
13.97000006076359
 79
     2
 49
0.3123786996
 49
-30.925490981
 53
476.5650509999999
 43
11.176
 44
-9.359900000000001
 45
-13.97000003590427
 46
13.97000006076359
 79
     2
 49
0.3123786996
 49
-30.925490981
 53
450.0
 43
11.176
 44
-9.639300000000002
 45
-13.97
 46
0.0000000000000043
 79
     2
 49
0.2794
 49
-13.6906
 53
450.0
 43
11.17600000000001
 44
-9.918700000000007
 45
-13.97
 46
0.0000000000000043
 79
     2
 49
0.2794
 49
-13.6906
 53
450.0
 43
11.176
 44
-10.3378
 45
-13.97
 46
0.0000000000000043
 79
     2
 49
0.4191
 49
-13.5509
 53
423.434949
 43
11.0363
 44
-10.6172
 45
-0.000000104667457
 46
13.97000001758799
 79
     2
 49
0.3123786996
 49
-30.925490981
 53
404.9999999999999
 43
10.8966
 44
-10.75690000000001
 45
0.0000000000000078
 46
13.96999997500227
 79
     2
 49
0.1975656958
 49
-19.558997876
 53
404.9999999999999
 43
7.823199999999998
 44
-7.823200000000003
 45
0.0000000000000078
 46
13.96999997500227
 79
     2
 49
0.1975656958
 49
-19.558997876
 53
296.565051
 43
10.3378
 44
-10.7569
 45
13.97000003590427
 46
-13.97000006076358
 79
     2
 49
0.3123786996
 49
-30.925490981
 53
326.309932
 43
9.918700000000003
 44
-10.4775
 45
27.93999984116661
 46
-13.97000017062695
 79
     2
 49
0.5036954747
 49
-49.86585576500001
 53
284.036243
 43
9.779000000000002
 44
-9.918700000000007
 45
13.96999974007301
 46
-41.91000015756887
 79
     2
 49
0.5759979082
 49
-57.023787755
 53
360.0
 43
9.359900000000001
 44
-9.918700000000007
 45
0.0000000000000034
 46
13.97
 79
     2
 49
0.4191
 49
-13.5509
 53
611.565051
 43
9.499599999999992
 44
-9.499600000000013
 45
0.000000001001409
 46
-13.97000004343317
 79
     2
 49
0.4417702366
 49
-43.7352486725
 53
270.0
 43
9.499600000000001
 44
-9.3599
 45
13.97
 46
-0.0000000000000026
 79
     2
 49
0.1397
 49
-13.8303
 53
360.0
 43
7.683500000000003
 44
-7.823200000000002
 45
0.0000000000000034
 46
13.97
 79
     2
 49
0.1397
 49
-13.8303
 53
450.0
 43
7.683499999999998
 44
-7.96290000000001
 45
-13.97
 46
0.0000000000000043
 79
     2
 49
0.1397
 49
-13.8303
 53
494.9999999999998
 43
7.823200000000002
 44
-8.102600000000002
 45
-13.96999997500227
 46
0.0000000000000156
 79
     2
 49
0.1975656958
 49
-19.558997876
 53
540.0
 43
7.962899999999997
 44
-8.102600000000004
 45
-0.0000000000000051
 46
-13.97
 79
     2
 49
0.1397
 49
-13.8303
 53
404.9999999999999
 43
7.823200000000002
 44
-8.24230000000001
 45
0.0000000000000078
 46
13.96999997500227
 79
     2
 49
0.1975656958
 49
-19.558997876
 53
344.4758889999999
 43
5.308599999999997
 44
-7.543800000000004
 45
153.6700000026287
 46
-41.91000005007172
 79
     2
 49
2.6098114174
 49
-258.3713261250001
 53
360.0
 43
5.029199999999999
 44
-7.543799999999999
 45
0.0000000000000034
 46
13.97
 79
     2
 49
0.2794
 49
-13.6906
 53
315.0
 43
4.889500000000003
 44
-7.4041
 45
13.96999997500227
 46
-0.0000000000000049
 79
     2
 49
0.1975656958
 49
-19.558997876
 53
360.0
 43
4.4704
 44
-7.404100000000001
 45
0.0000000000000034
 46
13.97
 79
     2
 49
0.4191
 49
-13.5509
 53
333.434949
 43
2.793999999999997
 44
-6.565900000000004
 45
13.97000001758799
 46
0.000000104667457
 79
     2
 49
1.874272197600001
 49
-29.36359748300001
 53
360.0
 43
2.6543
 44
-6.565900000000002
 45
0.0000000000000034
 46
13.97
 79
     2
 49
0.1397
 49
-13.8303
 53
326.309932
 43
2.235200000000003
 44
-6.2865
 45
27.93999984116661
 46
-13.97000017062695
 79
     2
 49
0.5036954747
 49
-49.86585576500001
 53
327.994617
 43
1.117600000000003
 44
-5.588000000000003
 45
69.85000014980506
 46
-41.90999971188432
 79
     2
 49
1.3179271457
 49
-130.474789225
 53
315.0
 43
0.9778999999999988
 44
-5.448300000000001
 45
13.96999997500227
 46
-0.0000000000000049
 79
     2
 49
0.1975656958
 49
-19.558997876
 53
450.0
 43
0.9778999999999944
 44
-5.588000000000004
 45
-13.97
 46
0.0000000000000043
 79
     2
 49
0.1397
 49
-13.8303
 53
494.9999999999998
 43
1.1176
 44
-5.727700000000002
 45
-13.96999997500227
 46
0.0000000000000156
 79
     2
 49
0.1975656958
 49
-19.558997876
 53
506.3099320000001
 43
2.374899999999998
 44
-6.565900000000002
 45
-27.93999984116664
 46
13.97000017062693
 79
     2
 49
1.5110865638
 49
-48.85846482
 53
476.5650509999999
 43
2.514600000000001
 44
-6.845300000000003
 45
-13.97000003590427
 46
13.97000006076359
 79
     2
 49
0.3123786996
 49
-30.925490981
 53
514.983107
 43
4.610099999999997
 44
-7.823200000000001
 45
-181.6100006819882
 46
83.81999846614843
 79
     2
 49
2.3124464165
 49
-228.932200145
 53
530.537678
 43
5.448299999999998
 44
-7.9629
 45
-13.96999995446705
 46
-0.0000000964735594
 79
     2
 49
0.8497619911000001
 49
-84.126430575
 53
525.963757
 43
6.007100000000004
 44
-8.10260000000001
 45
-13.97000001484834
 46
-0.0000001818554326
 79
     2
 49
0.5759979082
 49
-57.023787755
 53
525.963757
 43
7.124699999999998
 44
-8.382000000000009
 45
-13.97000001484834
 46
-0.0000001818554326
 79
     2
 49
1.1519956767
 49
-56.44778986000001
 53
521.565051
 43
7.9629
 44
-8.661399999999999
 45
-13.97000004343317
 46
-0.0000000010014094
 79
     2
 49
0.8835403335000005
 49
-43.29347857450001
 53
353.659808
 43
6.705600000000003
 44
-8.521700000000003
 45
13.96999994007105
 46
-0.0000000001222735
 79
     2
 49
1.2650372845
 49
-125.23869314
 53
404.9999999999999
 43
6.565900000000004
 44
-8.66140000000001
 45
0.0000000000000078
 46
13.96999997500227
 79
     2
 49
0.1975656958
 49
-19.558997876
 53
315.0
 43
6.426199999999997
 44
-8.521700000000001
 45
13.96999997500227
 46
-0.0000000000000049
 79
     2
 49
0.1975656958
 49
-19.558997876
 53
336.801409
 43
5.448299999999998
 44
-8.102600000000004
 45
69.84999980770122
 46
-27.94000065561146
 79
     2
 49
1.0639234881
 49
-105.32842672
 53
360.0
 43
5.0292
 44
-8.1026
 45
0.0000000000000034
 46
13.97
 79
     2
 49
0.4191
 49
-13.5509
 53
315.0
 43
4.610099999999998
 44
-7.683500000000002
 45
13.96999997500227
 46
-0.0000000000000049
 79
     2
 49
0.5926969477
 49
-19.163866623
 53
483.6900680000001
 43
4.889500000000001
 44
-8.102600000000004
 45
-13.97000013437228
 46
13.96999986508304
 79
     2
 49
0.5036954747
 49
-49.86585576500001
 53
513.4349490000001
 43
5.168900000000002
 44
-8.242300000000006
 45
-13.97000001758799
 46
-0.0000001046674805
 79
     2
 49
0.3123786996
 49
-30.925490981
 53
513.4349490000001
 43
6.007100000000001
 44
-8.661400000000002
 45
-13.97000001758799
 46
-0.0000001046674805
 79
     2
 49
0.9371360988000005
 49
-30.300733584
 53
513.4349490000001
 43
6.286499999999999
 44
-8.801100000000003
 45
-13.97000001758799
 46
-0.0000001046674805
 79
     2
 49
0.3123786996
 49
-30.925490981
 53
513.4349490000001
 43
6.5659
 44
-8.9408
 45
-13.97000001758799
 46
-0.0000001046674805
 79
     2
 49
0.3123786996
 49
-30.925490981
 53
540.0
 43
8.102600000000006
 44
-8.940800000000007
 45
-0.0000000000000051
 46
-13.97
 79
     2
 49
1.5367
 49
-12.4333
 53
494.9999999999998
 43
8.242300000000004
 44
-9.0805
 45
-13.96999997500227
 46
0.0000000000000156
 79
     2
 49
0.1975656958
 49
-19.558997876
 53
398.659808
 43
7.543799999999997
 44
-9.639300000000002
 45
13.9700001094708
 46
13.96999994227366
 79
     2
 49
0.8945164228
 49
-88.55712921000003
 53
423.434949
 43
7.404100000000001
 44
-9.918700000000007
 45
-0.000000104667457
 46
13.97000001758799
 79
     2
 49
0.3123786996
 49
-30.925490981
 53
434.0546039999999
 43
7.124700000000002
 44
-10.8966
 45
13.97000016041249
 46
55.87999999828813
 79
     2
 49
1.017031367
 49
-100.686103815
 53
465.945396
 43
7.404099999999996
 44
-11.8745
 45
-13.9700000165867
 46
41.90999998104235
 79
     2
 49
1.017031367
 49
-100.686103815
 53
585.0000000000001
 43
7.543799999999998
 44
-11.7348
 45
0.0000000000000078
 46
-13.96999997500227
 79
     2
 49
0.1975656958
 49
-19.558997876
 53
270.0
 43
7.543800000000003
 44
-11.3157
 45
13.97
 46
-0.0000000000000026
 79
     2
 49
0.4191
 49
-13.5509
 53
288.434949
 43
7.404100000000006
 44
-10.8966
 45
13.97000012908867
 46
-27.93999990907258
 79
     2
 49
0.4417702366
 49
-43.7352486725
 53
614.0546040000002
 43
7.683500000000003
 44
-9.9187
 45
-13.9700001604125
 46
-55.87999999828813
 79
     2
 49
1.017031367
 49
-100.686103815
 53
585.0000000000001
 43
8.242299999999998
 44
-9.359900000000005
 45
0.0000000000000078
 46
-13.96999997500227
 79
     2
 49
0.7902625038000002
 49
-18.9663009305
 53
540.0
 43
8.382000000000001
 44
-9.359900000000005
 45
-0.0000000000000051
 46
-13.97
 79
     2
 49
0.1397
 49
-13.8303
 53
450.0
 43
8.381999999999998
 44
-9.499600000000006
 45
-13.97
 46
0.0000000000000043
 79
     2
 49
0.1397
 49
-13.8303
 53
450.0
 43
8.382000000000003
 44
-9.779000000000005
 45
-13.97
 46
0.0000000000000043
 79
     2
 49
0.2794
 49
-13.6906
 53
423.434949
 43
8.242300000000004
 44
-10.0584
 45
-0.000000104667457
 46
13.97000001758799
 79
     2
 49
0.3123786996
 49
-30.925490981
 53
441.8698979999999
 43
8.102600000000004
 44
-11.0363
 45
-0.0000001453097539
 46
13.96999995897922
 79
     2
 49
0.9878281996
 49
-97.79498910500001
 53
468.434949
 43
8.242300000000002
 44
-11.4554
 45
-13.97000012908867
 46
27.93999990907258
 79
     2
 49
0.4417702366
 49
-43.7352486725
 53
494.9999999999998
 43
8.382000000000003
 44
-11.59510000000001
 45
-13.96999997500227
 46
0.0000000000000156
 79
     2
 49
0.1975656958
 49
-19.558997876
 53
494.9999999999998
 43
8.521700000000006
 44
-11.7348
 45
-13.96999997500227
 46
0.0000000000000156
 79
     2
 49
0.1975656958
 49
-19.558997876
 53
476.5650509999999
 43
8.661400000000002
 44
-12.0142
 45
-13.97000003590427
 46
13.97000006076359
 79
     2
 49
0.3123786996
 49
-30.925490981
 53
476.5650509999999
 43
8.940799999999998
 44
-12.573
 45
-13.97000003590427
 46
13.97000006076359
 79
     2
 49
0.6247573992000001
 49
-30.6131122825
 53
476.5650509999999
 43
9.2202
 44
-13.1318
 45
-13.97000003590427
 46
13.97000006076359
 79
     2
 49
0.6247573992000001
 49
-30.6131122825
 53
494.9999999999998
 43
9.359900000000003
 44
-13.2715
 45
-13.96999997500227
 46
0.0000000000000156
 79
     2
 49
0.1975656958
 49
-19.558997876
 53
551.309932
 43
11.4554
 44
-12.8524
 45
-55.88000011158293
 46
-13.96999960615867
 79
     2
 49
2.1369991423
 49
-69.09630354000001
 53
364.398705
 43
9.639299999999993
 44
-12.9921
 45
167.6400000017032
 46
13.96999897042839
 79
     2
 49
1.8214651785
 49
-180.325050015
 53
303.690068
 43
9.359900000000001
 44
-12.573
 45
13.97000013437227
 46
-13.96999986508305
 79
     2
 49
0.5036954747
 49
-49.86585576500001
 53
303.690068
 43
9.080499999999995
 44
-12.1539
 45
13.97000013437227
 46
-13.96999986508305
 79
     2
 49
0.5036954747
 49
-49.86585576500001
 53
296.565051
 43
8.940800000000003
 44
-11.8745
 45
13.97000003590427
 46
-13.97000006076358
 79
     2
 49
0.3123786996
 49
-30.925490981
 53
303.690068
 43
8.661399999999997
 44
-11.4554
 45
13.97000013437227
 46
-13.96999986508305
 79
     2
 49
0.5036954747
 49
-49.86585576500001
 53
288.434949
 43
8.521700000000008
 44
-11.0363
 45
13.97000012908867
 46
-27.93999990907258
 79
     2
 49
0.4417702366
 49
-43.7352486725
 53
270.0
 43
8.521699999999992
 44
-10.8966
 45
13.97
 46
-0.0000000000000026
 79
     2
 49
0.1397
 49
-13.8303
 53
270.0
 43
8.5217
 44
-10.6172
 45
13.97
 46
-0.0000000000000026
 79
     2
 49
0.2794
 49
-13.6906
 53
270.0
 43
8.521699999999997
 44
-10.19810000000001
 45
13.97
 46
-0.0000000000000026
 79
     2
 49
0.4191
 49
-13.5509
 53
494.9999999999998
 43
8.661400000000004
 44
-10.3378
 45
-13.96999997500227
 46
0.0000000000000156
 79
     2
 49
0.1975656958
 49
-19.558997876
 53
476.5650509999999
 43
8.801099999999995
 44
-10.61720000000001
 45
-13.97000003590427
 46
13.97000006076359
 79
     2
 49
0.3123786996
 49
-30.925490981
 53
494.9999999999998
 43
8.9408
 44
-10.75690000000001
 45
-13.96999997500227
 46
0.0000000000000156
 79
     2
 49
0.1975656958
 49
-19.558997876
 53
513.4349490000001
 43
9.220199999999997
 44
-10.8966
 45
-13.97000001758799
 46
-0.0000001046674805
 79
     2
 49
0.3123786996
 49
-30.925490981
 53
513.4349490000001
 43
9.499600000000008
 44
-11.03630000000001
 45
-13.97000001758799
 46
-0.0000001046674805
 79
     2
 49
0.3123786996
 49
-30.925490981
 53
540.0
 43
9.779000000000002
 44
-11.0363
 45
-0.0000000000000051
 46
-13.97
 79
     2
 49
0.2794
 49
-13.6906
 53
540.0
 43
10.0584
 44
-11.0363
 45
-0.0000000000000051
 46
-13.97
 79
     2
 49
0.2794
 49
-13.6906
 53
540.0
 43
10.4775
 44
-11.0363
 45
-0.0000000000000051
 46
-13.97
 79
     2
 49
0.4191
 49
-13.5509
 53
566.5650509999999
 43
10.75689999999999
 44
-10.89660000000001
 45
-13.97000006076361
 46
-13.97000003590424
 79
     2
 49
0.3123786996
 49
-30.925490981
 53
585.0000000000001
 43
10.8966
 44
-10.75690000000001
 45
0.0000000000000078
 46
-13.96999997500227
 79
     2
 49
0.1975656958
 49
-19.558997876
 98
        0
1001
ACAD
1010
0.0
1020
0.0
1030
0.0
  0
HATCH
  5
53F
330
587
100
AcDbEntity
  8
hatch
440
 33554687
100
AcDbHatch
 10
0.0
 20
0.0
 30
0.0
210
0.0
220
0.0
230
1.0
  2
REDBACK
 70
     0
 71
     0
 91
        1
 92
        0
 93
        3
 72
     1
 10
91.00000000000006
 20
4.301347072283917
 11
70.5927551664526
 21
46.59999999999992
 72
     1
 10
70.5927551664526
 20
46.59999999999992
 11
111.4072448335476
 21
46.59999999999989
 72
     1
 10
111.4072448335476
 20
46.59999999999989
 11
91.00000000000006
 21
4.301347072283917
 97
        0
 75
     0
 76
     0
 52
270.0
 41
0.55
 77
     0
 78
   167
 53
333.434949
 43
10.8966
 44
-10.1981
 45
13.97000001758799
 46
0.000000104667457
 79
     2
 49
0.3123786996
 49
-30.925490981
 53
303.690068
 43
10.6172
 44
-9.779000000000005
 45
13.97000013437227
 46
-13.96999986508305
 79
     2
 49
0.5036954747
 49
-49.86585576500001
 53
345.963757
 43
10.0584
 44
-9.639299999999999
 45
13.97000001484834
 46
0.0000001818554609
 79
     2
 49
0.5759979082
 49
-57.023787755
 53
270.0
 43
10.0584
 44
-9.22020000000001
 45
13.97
 46
-0.0000000000000026
 79
     2
 49
0.4191
 49
-13.5509
 53
378.434949
 43
9.639299999999997
 44
-9.359900000000005
 45
27.93999990907258
 46
13.97000012908867
 79
     2
 49
0.4417702366
 49
-43.7352486725
 53
360.0
 43
9.499600000000001
 44
-9.3599
 45
0.0000000000000034
 46
13.97
 79
     2
 49
0.1397
 49
-13.8303
 53
270.0
 43
7.962899999999999
 44
-7.543800000000006
 45
13.97
 46
-0.0000000000000026
 79
     2
 49
0.1397
 49
-13.8303
 53
540.0
 43
8.102599999999999
 44
-7.543800000000005
 45
-0.0000000000000051
 46
-13.97
 79
     2
 49
0.1397
 49
-13.8303
 53
494.9999999999998
 43
8.242300000000002
 44
-7.683500000000004
 45
-13.96999997500227
 46
0.0000000000000156
 79
     2
 49
0.1975656958
 49
-19.558997876
 53
450.0
 43
8.242300000000002
 44
-7.8232
 45
-13.97
 46
0.0000000000000043
 79
     2
 49
0.1397
 49
-13.8303
 53
585.0000000000001
 43
8.381999999999998
 44
-7.683500000000004
 45
0.0000000000000078
 46
-13.96999997500227
 79
     2
 49
0.1975656958
 49
-19.558997876
 53
285.524111
 43
7.683500000000005
 44
-5.168900000000005
 45
27.93999995186064
 46
-97.78999994908922
 79
     2
 49
2.6098114174
 49
-258.3713261250001
 53
270.0
 43
7.683499999999999
 44
-4.889500000000012
 45
13.97
 46
-0.0000000000000026
 79
     2
 49
0.2794
 49
-13.6906
 53
315.0
 43
7.543799999999999
 44
-4.749800000000001
 45
13.96999997500227
 46
-0.0000000000000049
 79
     2
 49
0.1975656958
 49
-19.558997876
 53
270.0
 43
7.543800000000005
 44
-4.330699999999999
 45
13.97
 46
-0.0000000000000026
 79
     2
 49
0.4191
 49
-13.5509
 53
296.565051
 43
6.705599999999996
 44
-2.654300000000005
 45
13.97000003590427
 46
-13.97000006076358
 79
     2
 49
1.874272197600001
 49
-29.36359748300001
 53
270.0
 43
6.705599999999997
 44
-2.514600000000007
 45
13.97
 46
-0.0000000000000026
 79
     2
 49
0.1397
 49
-13.8303
 53
303.690068
 43
6.4262
 44
-2.0955
 45
13.97000013437227
 46
-13.96999986508305
 79
     2
 49
0.5036954747
 49
-49.86585576500001
 53
302.005383
 43
5.7277
 44
-0.9779000000000019
 45
27.93999985767693
 46
-41.91000006458379
 79
     2
 49
1.3179271457
 49
-130.474789225
 53
315.0
 43
5.588000000000004
 44
-0.8382000000000013
 45
13.96999997500227
 46
-0.0000000000000049
 79
     2
 49
0.1975656958
 49
-19.558997876
 53
540.0
 43
5.7277
 44
-0.8382000000000079
 45
-0.0000000000000051
 46
-13.97
 79
     2
 49
0.1397
 49
-13.8303
 53
494.9999999999998
 43
5.867399999999997
 44
-0.9779000000000069
 45
-13.96999997500227
 46
0.0000000000000156
 79
     2
 49
0.1975656958
 49
-19.558997876
 53
483.6900680000001
 43
6.7056
 44
-2.235200000000002
 45
-13.97000013437228
 46
13.96999986508304
 79
     2
 49
1.5110865638
 49
-48.85846482
 53
513.4349490000001
 43
6.985000000000001
 44
-2.374900000000002
 45
-13.97000001758799
 46
-0.0000001046674805
 79
     2
 49
0.3123786996
 49
-30.925490981
 53
475.016893
 43
7.962900000000007
 44
-4.470400000000002
 45
-13.96999980293879
 46
27.94000017185616
 79
     2
 49
2.3124464165
 49
-228.932200145
 53
459.462322
 43
8.102599999999997
 44
-5.308600000000008
 45
-13.96999979218403
 46
69.85000009648498
 79
     2
 49
0.8497619911000001
 49
-84.126430575
 53
464.0362430000001
 43
8.2423
 44
-5.8674
 45
-13.96999974007297
 46
41.91000015756888
 79
     2
 49
0.5759979082
 49
-57.023787755
 53
464.0362430000001
 43
8.5217
 44
-6.985000000000007
 45
-13.96999974007297
 46
41.91000015756888
 79
     2
 49
1.1519956767
 49
-56.44778986000001
 53
468.434949
 43
8.8011
 44
-7.823200000000003
 45
-13.97000012908867
 46
27.93999990907258
 79
     2
 49
0.8835403335000005
 49
-43.29347857450001
 53
276.340192
 43
8.661399999999995
 44
-6.565900000000001
 45
13.97000054720784
 46
-111.7599999057638
 79
     2
 49
1.2650372845
 49
-125.23869314
 53
585.0000000000001
 43
8.801099999999998
 44
-6.426199999999999
 45
0.0000000000000078
 46
-13.96999997500227
 79
     2
 49
0.1975656958
 49
-19.558997876
 53
315.0
 43
8.661399999999999
 44
-6.286500000000003
 45
13.96999997500227
 46
-0.0000000000000049
 79
     2
 49
0.1975656958
 49
-19.558997876
 53
293.198591
 43
8.242300000000004
 44
-5.308600000000006
 45
13.97000020720042
 46
-27.93999991291197
 79
     2
 49
1.0639234881
 49
-105.32842672
 53
270.0
 43
8.242299999999997
 44
-4.889500000000007
 45
13.97
 46
-0.0000000000000026
 79
     2
 49
0.4191
 49
-13.5509
 53
315.0
 43
7.823200000000001
 44
-4.4704
 45
13.96999997500227
 46
-0.0000000000000049
 79
     2
 49
0.5926969477
 49
-19.163866623
 53
506.3099320000001
 43
8.242300000000006
 44
-4.749800000000001
 45
-27.93999984116664
 46
13.97000017062693
 79
     2
 49
0.5036954747
 49
-49.86585576500001
 53
476.5650509999999
 43
8.382
 44
-5.029200000000001
 45
-13.97000003590427
 46
13.97000006076359
 79
     2
 49
0.3123786996
 49
-30.925490981
 53
476.5650509999999
 43
8.801099999999991
 44
-5.867400000000012
 45
-13.97000003590427
 46
13.97000006076359
 79
     2
 49
0.9371360988000005
 49
-30.300733584
 53
476.5650509999999
 43
8.940800000000001
 44
-6.1468
 45
-13.97000003590427
 46
13.97000006076359
 79
     2
 49
0.3123786996
 49
-30.925490981
 53
476.5650509999999
 43
9.080500000000004
 44
-6.426200000000005
 45
-13.97000003590427
 46
13.97000006076359
 79
     2
 49
0.3123786996
 49
-30.925490981
 53
450.0
 43
9.080500000000006
 44
-7.962900000000004
 45
-13.97
 46
0.0000000000000043
 79
     2
 49
1.5367
 49
-12.4333
 53
494.9999999999998
 43
9.220199999999998
 44
-8.10260000000001
 45
-13.96999997500227
 46
0.0000000000000156
 79
     2
 49
0.1975656958
 49
-19.558997876
 53
591.340192
 43
9.779
 44
-7.404100000000001
 45
-41.90999978548309
 46
-55.88000018524212
 79
     2
 49
0.8945164228
 49
-88.55712921000003
 53
566.5650509999999
 43
10.0584
 44
-7.264400000000006
 45
-13.97000006076361
 46
-13.97000003590424
 79
     2
 49
0.3123786996
 49
-30.925490981
 53
555.945396
 43
11.0363
 44
-6.985000000000012
 45
-41.90999998104234
 46
-13.9700000165867
 79
     2
 49
1.017031367
 49
-100.686103815
 53
524.054604
 43
12.0142
 44
-7.264400000000006
 45
-55.87999999828813
 46
13.9700001604125
 79
     2
 49
1.017031367
 49
-100.686103815
 53
404.9999999999999
 43
11.8745
 44
-7.404100000000002
 45
0.0000000000000078
 46
13.96999997500227
 79
     2
 49
0.1975656958
 49
-19.558997876
 53
360.0
 43
11.45539999999999
 44
-7.404100000000005
 45
0.0000000000000034
 46
13.97
 79
     2
 49
0.4191
 49
-13.5509
 53
341.565051
 43
11.0363
 44
-7.264399999999995
 45
13.97000004343317
 46
0.0000000010014124
 79
     2
 49
0.4417702366
 49
-43.7352486725
 53
375.9453960000001
 43
10.0584
 44
-7.543800000000003
 45
41.90999998104235
 46
13.97000001658671
 79
     2
 49
1.017031367
 49
-100.686103815
 53
404.9999999999999
 43
9.499599999999996
 44
-8.102599999999999
 45
0.0000000000000078
 46
13.96999997500227
 79
     2
 49
0.7902625038000002
 49
-18.9663009305
 53
450.0
 43
9.499600000000006
 44
-8.24230000000001
 45
-13.97
 46
0.0000000000000043
 79
     2
 49
0.1397
 49
-13.8303
 53
540.0
 43
9.639300000000008
 44
-8.2423
 45
-0.0000000000000051
 46
-13.97
 79
     2
 49
0.1397
 49
-13.8303
 53
540.0
 43
9.918700000000008
 44
-8.242300000000006
 45
-0.0000000000000051
 46
-13.97
 79
     2
 49
0.2794
 49
-13.6906
 53
566.5650509999999
 43
10.1981
 44
-8.102600000000002
 45
-13.97000006076361
 46
-13.97000003590424
 79
     2
 49
0.3123786996
 49
-30.925490981
 53
548.130102
 43
11.17599999999999
 44
-7.9629
 45
-83.82000008850588
 46
-13.96999953529906
 79
     2
 49
0.9878281996
 49
-97.79498910500001
 53
521.565051
 43
11.59510000000001
 44
-8.10260000000001
 45
-13.97000004343317
 46
-0.0000000010014094
 79
     2
 49
0.4417702366
 49
-43.7352486725
 53
494.9999999999998
 43
11.7348
 44
-8.2423
 45
-13.96999997500227
 46
0.0000000000000156
 79
     2
 49
0.1975656958
 49
-19.558997876
 53
494.9999999999998
 43
11.8745
 44
-8.382
 45
-13.96999997500227
 46
0.0000000000000156
 79
     2
 49
0.1975656958
 49
-19.558997876
 53
513.4349490000001
 43
12.1539
 44
-8.521700000000006
 45
-13.97000001758799
 46
-0.0000001046674805
 79
     2
 49
0.3123786996
 49
-30.925490981
 53
513.4349490000001
 43
12.7127
 44
-8.801100000000007
 45
-13.97000001758799
 46
-0.0000001046674805
 79
     2
 49
0.6247573992000001
 49
-30.6131122825
 53
513.4349490000001
 43
13.2715
 44
-9.080500000000008
 45
-13.97000001758799
 46
-0.0000001046674805
 79
     2
 49
0.6247573992000001
 49
-30.6131122825
 53
494.9999999999998
 43
13.4112
 44
-9.220199999999995
 45
-13.96999997500227
 46
0.0000000000000156
 79
     2
 49
0.1975656958
 49
-19.558997876
 53
438.6900680000002
 43
12.99209999999999
 44
-11.31570000000002
 45
-0.0000001705873649
 46
13.97000007127033
 79
     2
 49
2.1369991423
 49
-69.09630354000001
 53
625.6012949999999
 43
13.1318
 44
-9.49960000000001
 45
0.000000097101666
 46
-13.97000006604627
 79
     2
 49
1.8214651785
 49
-180.325050015
 53
326.309932
 43
12.7127
 44
-9.220199999999998
 45
27.93999984116661
 46
-13.97000017062695
 79
     2
 49
0.5036954747
 49
-49.86585576500001
 53
326.309932
 43
12.2936
 44
-8.940800000000007
 45
27.93999984116661
 46
-13.97000017062695
 79
     2
 49
0.5036954747
 49
-49.86585576500001
 53
333.434949
 43
12.0142
 44
-8.801100000000002
 45
13.97000001758799
 46
0.000000104667457
 79
     2
 49
0.3123786996
 49
-30.925490981
 53
326.309932
 43
11.5951
 44
-8.521700000000003
 45
27.93999984116661
 46
-13.97000017062695
 79
     2
 49
0.5036954747
 49
-49.86585576500001
 53
341.565051
 43
11.176
 44
-8.382000000000003
 45
13.97000004343317
 46
0.0000000010014124
 79
     2
 49
0.4417702366
 49
-43.7352486725
 53
360.0
 43
11.0363
 44
-8.382000000000009
 45
0.0000000000000034
 46
13.97
 79
     2
 49
0.1397
 49
-13.8303
 53
360.0
 43
10.7569
 44
-8.382000000000007
 45
0.0000000000000034
 46
13.97
 79
     2
 49
0.2794
 49
-13.6906
 53
360.0
 43
10.3378
 44
-8.382000000000003
 45
0.0000000000000034
 46
13.97
 79
     2
 49
0.4191
 49
-13.5509
 53
494.9999999999998
 43
10.4775
 44
-8.521700000000004
 45
-13.96999997500227
 46
0.0000000000000156
 79
     2
 49
0.1975656958
 49
-19.558997876
 53
513.4349490000001
 43
10.75690000000001
 44
-8.661400000000008
 45
-13.97000001758799
 46
-0.0000001046674805
 79
     2
 49
0.3123786996
 49
-30.925490981
 53
494.9999999999998
 43
10.8966
 44
-8.8011
 45
-13.96999997500227
 46
0.0000000000000156
 79
     2
 49
0.1975656958
 49
-19.558997876
 53
476.5650509999999
 43
11.0363
 44
-9.080500000000011
 45
-13.97000003590427
 46
13.97000006076359
 79
     2
 49
0.3123786996
 49
-30.925490981
 53
476.5650509999999
 43
11.176
 44
-9.359900000000001
 45
-13.97000003590427
 46
13.97000006076359
 79
     2
 49
0.3123786996
 49
-30.925490981
 53
450.0
 43
11.176
 44
-9.639300000000002
 45
-13.97
 46
0.0000000000000043
 79
     2
 49
0.2794
 49
-13.6906
 53
450.0
 43
11.17600000000001
 44
-9.918700000000007
 45
-13.97
 46
0.0000000000000043
 79
     2
 49
0.2794
 49
-13.6906
 53
450.0
 43
11.176
 44
-10.3378
 45
-13.97
 46
0.0000000000000043
 79
     2
 49
0.4191
 49
-13.5509
 53
423.434949
 43
11.0363
 44
-10.6172
 45
-0.000000104667457
 46
13.97000001758799
 79
     2
 49
0.3123786996
 49
-30.925490981
 53
404.9999999999999
 43
10.8966
 44
-10.75690000000001
 45
0.0000000000000078
 46
13.96999997500227
 79
     2
 49
0.1975656958
 49
-19.558997876
 53
404.9999999999999
 43
7.823199999999998
 44
-7.823200000000003
 45
0.0000000000000078
 46
13.96999997500227
 79
     2
 49
0.1975656958
 49
-19.558997876
 53
296.565051
 43
10.3378
 44
-10.7569
 45
13.97000003590427
 46
-13.97000006076358
 79
     2
 49
0.3123786996
 49
-30.925490981
 53
326.309932
 43
9.918700000000003
 44
-10.4775
 45
27.93999984116661
 46
-13.97000017062695
 79
     2
 49
0.5036954747
 49
-49.86585576500001
 53
284.036243
 43
9.779000000000002
 44
-9.918700000000007
 45
13.96999974007301
 46
-41.91000015756887
 79
     2
 49
0.5759979082
 49
-57.023787755
 53
360.0
 43
9.359900000000001
 44
-9.918700000000007
 45
0.0000000000000034
 46
13.97
 79
     2
 49
0.4191
 49
-13.5509
 53
611.565051
 43
9.499599999999992
 44
-9.499600000000013
 45
0.000000001001409
 46
-13.97000004343317
 79
     2
 49
0.4417702366
 49
-43.7352486725
 53
270.0
 43
9.499600000000001
 44
-9.3599
 45
13.97
 46
-0.0000000000000026
 79
     2
 49
0.1397
 49
-13.8303
 53
360.0
 43
7.683500000000003
 44
-7.823200000000002
 45
0.0000000000000034
 46
13.97
 79
     2
 49
0.1397
 49
-13.8303
 53
450.0
 43
7.683499999999998
 44
-7.96290000000001
 45
-13.97
 46
0.0000000000000043
 79
     2
 49
0.1397
 49
-13.8303
 53
494.9999999999998
 43
7.823200000000002
 44
-8.102600000000002
 45
-13.96999997500227
 46
0.0000000000000156
 79
     2
 49
0.1975656958
 49
-19.558997876
 53
540.0
 43
7.962899999999997
 44
-8.102600000000004
 45
-0.0000000000000051
 46
-13.97
 79
     2
 49
0.1397
 49
-13.8303
 53
404.9999999999999
 43
7.823200000000002
 44
-8.24230000000001
 45
0.0000000000000078
 46
13.96999997500227
 79
     2
 49
0.1975656958
 49
-19.558997876
 53
344.4758889999999
 43
5.308599999999997
 44
-7.543800000000004
 45
153.6700000026287
 46
-41.91000005007172
 79
     2
 49
2.6098114174
 49
-258.3713261250001
 53
360.0
 43
5.029199999999999
 44
-7.543799999999999
 45
0.0000000000000034
 46
13.97
 79
     2
 49
0.2794
 49
-13.6906
 53
315.0
 43
4.889500000000003
 44
-7.4041
 45
13.96999997500227
 46
-0.0000000000000049
 79
     2
 49
0.1975656958
 49
-19.558997876
 53
360.0
 43
4.4704
 44
-7.404100000000001
 45
0.0000000000000034
 46
13.97
 79
     2
 49
0.4191
 49
-13.5509
 53
333.434949
 43
2.793999999999997
 44
-6.565900000000004
 45
13.97000001758799
 46
0.000000104667457
 79
     2
 49
1.874272197600001
 49
-29.36359748300001
 53
360.0
 43
2.6543
 44
-6.565900000000002
 45
0.0000000000000034
 46
13.97
 79
     2
 49
0.1397
 49
-13.8303
 53
326.309932
 43
2.235200000000003
 44
-6.2865
 45
27.93999984116661
 46
-13.97000017062695
 79
     2
 49
0.5036954747
 49
-49.86585576500001
 53
327.994617
 43
1.117600000000003
 44
-5.588000000000003
 45
69.85000014980506
 46
-41.90999971188432
 79
     2
 49
1.3179271457
 49
-130.474789225
 53
315.0
 43
0.9778999999999988
 44
-5.448300000000001
 45
13.96999997500227
 46
-0.0000000000000049
 79
     2
 49
0.1975656958
 49
-19.558997876
 53
450.0
 43
0.9778999999999944
 44
-5.588000000000004
 45
-13.97
 46
0.0000000000000043
 79
     2
 49
0.1397
 49
-13.8303
 53
494.9999999999998
 43
1.1176
 44
-5.727700000000002
 45
-13.96999997500227
 46
0.0000000000000156
 79
     2
 49
0.1975656958
 49
-19.558997876
 53
506.3099320000001
 43
2.374899999999998
 44
-6.565900000000002
 45
-27.93999984116664
 46
13.97000017062693
 79
     2
 49
1.5110865638
 49
-48.85846482
 53
476.5650509999999
 43
2.514600000000001
 44
-6.845300000000003
 45
-13.97000003590427
 46
13.97000006076359
 79
     2
 49
0.3123786996
 49
-30.925490981
 53
514.983107
 43
4.610099999999997
 44
-7.823200000000001
 45
-181.6100006819882
 46
83.81999846614843
 79
     2
 49
2.3124464165
 49
-228.932200145
 53
530.537678
 43
5.448299999999998
 44
-7.9629
 45
-13.96999995446705
 46
-0.0000000964735594
 79
     2
 49
0.8497619911000001
 49
-84.126430575
 53
525.963757
 43
6.007100000000004
 44
-8.10260000000001
 45
-13.97000001484834
 46
-0.0000001818554326
 79
     2
 49
0.5759979082
 49
-57.023787755
 53
525.963757
 43
7.124699999999998
 44
-8.382000000000009
 45
-13.97000001484834
 46
-0.0000001818554326
 79
     2
 49
1.1519956767
 49
-56.44778986000001
 53
521.565051
 43
7.9629
 44
-8.661399999999999
 45
-13.97000004343317
 46
-0.0000000010014094
 79
     2
 49
0.8835403335000005
 49
-43.29347857450001
 53
353.659808
 43
6.705600000000003
 44
-8.521700000000003
 45
13.96999994007105
 46
-0.0000000001222735
 79
     2
 49
1.2650372845
 49
-125.23869314
 53
404.9999999999999
 43
6.565900000000004
 44
-8.66140000000001
 45
0.0000000000000078
 46
13.96999997500227
 79
     2
 49
0.1975656958
 49
-19.558997876
 53
315.0
 43
6.426199999999997
 44
-8.521700000000001
 45
13.96999997500227
 46
-0.0000000000000049
 79
     2
 49
0.1975656958
 49
-19.558997876
 53
336.801409
 43
5.448299999999998
 44
-8.102600000000004
 45
69.84999980770122
 46
-27.94000065561146
 79
     2
 49
1.0639234881
 49
-105.32842672
 53
360.0
 43
5.0292
 44
-8.1026
 45
0.0000000000000034
 46
13.97
 79
     2
 49
0.4191
 49
-13.5509
 53
315.0
 43
4.610099999999998
 44
-7.683500000000002
 45
13.96999997500227
 46
-0.0000000000000049
 79
     2
 49
0.5926969477
 49
-19.163866623
 53
483.6900680000001
 43
4.889500000000001
 44
-8.102600000000004
 45
-13.97000013437228
 46
13.96999986508304
 79
     2
 49
0.5036954747
 49
-49.86585576500001
 53
513.4349490000001
 43
5.168900000000002
 44
-8.242300000000006
 45
-13.97000001758799
 46
-0.0000001046674805
 79
     2
 49
0.3123786996
 49
-30.925490981
 53
513.4349490000001
 43
6.007100000000001
 44
-8.661400000000002
 45
-13.97000001758799
 46
-0.0000001046674805
 79
     2
 49
0.9371360988000005
 49
-30.300733584
 53
513.4349490000001
 43
6.286499999999999
 44
-8.801100000000003
 45
-13.97000001758799
 46
-0.0000001046674805
 79
     2
 49
0.3123786996
 49
-30.925490981
 53
513.4349490000001
 43
6.5659
 44
-8.9408
 45
-13.97000001758799
 46
-0.0000001046674805
 79
     2
 49
0.3123786996
 49
-30.925490981
 53
540.0
 43
8.102600000000006
 44
-8.940800000000007
 45
-0.0000000000000051
 46
-13.97
 79
     2
 49
1.5367
 49
-12.4333
 53
494.9999999999998
 43
8.242300000000004
 44
-9.0805
 45
-13.96999997500227
 46
0.0000000000000156
 79
     2
 49
0.1975656958
 49
-19.558997876
 53
398.659808
 43
7.543799999999997
 44
-9.639300000000002
 45
13.9700001094708
 46
13.96999994227366
 79
     2
 49
0.8945164228
 49
-88.55712921000003
 53
423.434949
 43
7.404100000000001
 44
-9.918700000000007
 45
-0.000000104667457
 46
13.97000001758799
 79
     2
 49
0.3123786996
 49
-30.925490981
 53
434.0546039999999
 43
7.124700000000002
 44
-10.8966
 45
13.97000016041249
 46
55.87999999828813
 79
     2
 49
1.017031367
 49
-100.686103815
 53
465.945396
 43
7.404099999999996
 44
-11.8745
 45
-13.9700000165867
 46
41.90999998104235
 79
     2
 49
1.017031367
 49
-100.686103815
 53
585.0000000000001
 43
7.543799999999998
 44
-11.7348
 45
0.0000000000000078
 46
-13.96999997500227
 79
     2
 49
0.1975656958
 49
-19.558997876
 53
270.0
 43
7.543800000000003
 44
-11.3157
 45
13.97
 46
-0.0000000000000026
 79
     2
 49
0.4191
 49
-13.5509
 53
288.434949
 43
7.404100000000006
 44
-10.8966
 45
13.97000012908867
 46
-27.93999990907258
 79
     2
 49
0.4417702366
 49
-43.7352486725
 53
614.0546040000002
 43
7.683500000000003
 44
-9.9187
 45
-13.9700001604125
 46
-55.87999999828813
 79
     2
 49
1.017031367
 49
-100.686103815
 53
585.0000000000001
 43
8.242299999999998
 44
-9.359900000000005
 45
0.0000000000000078
 46
-13.96999997500227
 79
     2
 49
0.7902625038000002
 49
-18.9663009305
 53
540.0
 43
8.382000000000001
 44
-9.359900000000005
 45
-0.0000000000000051
 46
-13.97
 79
     2
 49
0.1397
 49
-13.8303
 53
450.0
 43
8.381999999999998
 44
-9.499600000000006
 45
-13.97
 46
0.0000000000000043
 79
     2
 49
0.1397
 49
-13.8303
 53
450.0
 43
8.382000000000003
 44
-9.779000000000005
 45
-13.97
 46
0.0000000000000043
 79
     2
 49
0.2794
 49
-13.6906
 53
423.434949
 43
8.242300000000004
 44
-10.0584
 45
-0.000000104667457
 46
13.97000001758799
 79
     2
 49
0.3123786996
 49
-30.925490981
 53
441.8698979999999
 43
8.102600000000004
 44
-11.0363
 45
-0.0000001453097539
 46
13.96999995897922
 79
     2
 49
0.9878281996
 49
-97.79498910500001
 53
468.434949
 43
8.242300000000002
 44
-11.4554
 45
-13.97000012908867
 46
27.93999990907258
 79
     2
 49
0.4417702366
 49
-43.7352486725
 53
494.9999999999998
 43
8.382000000000003
 44
-11.59510000000001
 45
-13.96999997500227
 46
0.0000000000000156
 79
     2
 49
0.1975656958
 49
-19.558997876
 53
494.9999999999998
 43
8.521700000000006
 44
-11.7348
 45
-13.96999997500227
 46
0.0000000000000156
 79
     2
 49
0.1975656958
 49
-19.558997876
 53
476.5650509999999
 43
8.661400000000002
 44
-12.0142
 45
-13.97000003590427
 46
13.97000006076359
 79
     2
 49
0.3123786996
 49
-30.925490981
 53
476.5650509999999
 43
8.940799999999998
 44
-12.573
 45
-13.97000003590427
 46
13.97000006076359
 79
     2
 49
0.6247573992000001
 49
-30.6131122825
 53
476.5650509999999
 43
9.2202
 44
-13.1318
 45
-13.97000003590427
 46
13.97000006076359
 79
     2
 49
0.6247573992000001
 49
-30.6131122825
 53
494.9999999999998
 43
9.359900000000003
 44
-13.2715
 45
-13.96999997500227
 46
0.0000000000000156
 79
     2
 49
0.1975656958
 49
-19.558997876
 53
551.309932
 43
11.4554
 44
-12.8524
 45
-55.88000011158293
 46
-13.96999960615867
 79
     2
 49
2.1369991423
 49
-69.09630354000001
 53
364.398705
 43
9.639299999999993
 44
-12.9921
 45
167.6400000017032
 46
13.96999897042839
 79
     2
 49
1.8214651785
 49
-180.325050015
 53
303.690068
 43
9.359900000000001
 44
-12.573
 45
13.97000013437227
 46
-13.96999986508305
 79
     2
 49
0.5036954747
 49
-49.86585576500001
 53
303.690068
 43
9.080499999999995
 44
-12.1539
 45
13.97000013437227
 46
-13.96999986508305
 79
     2
 49
0.5036954747
 49
-49.86585576500001
 53
296.565051
 43
8.940800000000003
 44
-11.8745
 45
13.97000003590427
 46
-13.97000006076358
 79
     2
 49
0.3123786996
 49
-30.925490981
 53
303.690068
 43
8.661399999999997
 44
-11.4554
 45
13.97000013437227
 46
-13.96999986508305
 79
     2
 49
0.5036954747
 49
-49.86585576500001
 53
288.434949
 43
8.521700000000008
 44
-11.0363
 45
13.97000012908867
 46
-27.93999990907258
 79
     2
 49
0.4417702366
 49
-43.7352486725
 53
270.0
 43
8.521699999999992
 44
-10.8966
 45
13.97
 46
-0.0000000000000026
 79
     2
 49
0.1397
 49
-13.8303
 53
270.0
 43
8.5217
 44
-10.6172
 45
13.97
 46
-0.0000000000000026
 79
     2
 49
0.2794
 49
-13.6906
 53
270.0
 43
8.521699999999997
 44
-10.19810000000001
 45
13.97
 46
-0.0000000000000026
 79
     2
 49
0.4191
 49
-13.5509
 53
494.9999999999998
 43
8.661400000000004
 44
-10.3378
 45
-13.96999997500227
 46
0.0000000000000156
 79
     2
 49
0.1975656958
 49
-19.558997876
 53
476.5650509999999
 43
8.801099999999995
 44
-10.61720000000001
 45
-13.97000003590427
 46
13.97000006076359
 79
     2
 49
0.3123786996
 49
-30.925490981
 53
494.9999999999998
 43
8.9408
 44
-10.75690000000001
 45
-13.96999997500227
 46
0.0000000000000156
 79
     2
 49
0.1975656958
 49
-19.558997876
 53
513.4349490000001
 43
9.220199999999997
 44
-10.8966
 45
-13.97000001758799
 46
-0.0000001046674805
 79
     2
 49
0.3123786996
 49
-30.925490981
 53
513.4349490000001
 43
9.499600000000008
 44
-11.03630000000001
 45
-13.97000001758799
 46
-0.0000001046674805
 79
     2
 49
0.3123786996
 49
-30.925490981
 53
540.0
 43
9.779000000000002
 44
-11.0363
 45
-0.0000000000000051
 46
-13.97
 79
     2
 49
0.2794
 49
-13.6906
 53
540.0
 43
10.0584
 44
-11.0363
 45
-0.0000000000000051
 46
-13.97
 79
     2
 49
0.2794
 49
-13.6906
 53
540.0
 43
10.4775
 44
-11.0363
 45
-0.0000000000000051
 46
-13.97
 79
     2
 49
0.4191
 49
-13.5509
 53
566.5650509999999
 43
10.75689999999999
 44
-10.89660000000001
 45
-13.97000006076361
 46
-13.97000003590424
 79
     2
 49
0.3123786996
 49
-30.925490981
 53
585.0000000000001
 43
10.8966
 44
-10.75690000000001
 45
0.0000000000000078
 46
-13.96999997500227
 79
     2
 49
0.1975656958
 49
-19.558997876
 98
        0
1001
ACAD
1010
0.0
1020
0.0
1030
0.0
  0
HATCH
  5
540
330
587
100
AcDbEntity
  8
hatch
440
 33554687
100
AcDbHatch
 10
0.0
 20
0.0
 30
0.0
210
0.0
220
0.0
230
1.0
  2
LEAF-01
 70
     0
 71
     0
 91
        1
 92
        0
 93
        3
 72
     1
 10
39.0
 20
-4.301347072283392
 11
18.59275516645256
 21
-46.59999999999998
 72
     1
 10
18.59275516645256
 20
-46.59999999999998
 11
59.40724483354752
 21
-46.59999999999994
 72
     1
 10
59.40724483354752
 20
-46.59999999999994
 11
39.0
 21
-4.301347072283392
 97
        0
 75
     0
 76
     0
 52
45.0
 41
1.0
 77
     0
 78
   209
 53
128.659808
 43
12.57235856949681
 44
19.75656346635214
 45
-17.96051216618292
 46
17.96051216680967
 79
     2
 49
2.30006779
 49
-227.706714766
 53
71.565051
 43
12.39275344707543
 44
19.217748099088
 45
0.0000000306954515
 46
35.92102460476276
 79
     2
 49
0.567961272
 49
-56.22816542
 53
59.036243
 43
11.85393807981129
 44
18.31972248698106
 45
35.92102502205866
 46
71.8420488386716
 79
     2
 49
1.047268924
 49
-103.679614078
 53
360.0
 43
11.85393807981129
 44
18.31972248698106
 45
17.960512212
 46
17.960512212
 79
     2
 49
1.436840916
 49
-34.484183508
 53
128.659808
 43
11.85393807981129
 44
18.31972248698106
 45
-17.96051216618292
 46
17.96051216680967
 79
     2
 49
2.30006779
 49
-227.706714766
 53
45.0
 43
10.95591246770437
 44
17.42169687487416
 45
-17.9605122421383
 46
17.96051224213831
 79
     2
 49
1.27
 49
-24.13
 53
390.963757
 43
12.57235856949682
 44
16.88288150760999
 45
17.96051202742584
 46
17.96051249503027
 79
     2
 49
1.047268924
 49
-103.679614078
 53
371.3099319999998
 43
11.6743329573899
 44
16.70327638518862
 45
53.88153674353845
 46
17.96051181896029
 79
     2
 49
0.915809954
 49
-90.665192304
 53
348.690068
 43
10.77630734528299
 44
16.88288150761
 45
35.92102447965404
 46
0.0000003469957965
 79
     2
 49
0.915809954
 49
-90.665192304
 53
63.434949
 43
10.41709710044021
 44
16.16446101792448
 45
17.96051196106378
 46
53.88153677905458
 79
     2
 49
0.803218612
 49
-79.518633952
 53
333.434949
 43
9.698676610754694
 44
16.52367126276724
 45
53.88153677905458
 46
-17.96051196106376
 79
     2
 49
0.803218612
 49
-79.518633952
 53
225.0
 43
10.41709710044023
 44
17.24209175245277
 45
17.9605122421383
 46
-17.96051224213831
 79
     2
 49
1.016
 49
-24.384
 53
303.690068
 43
9.698676610754685
 44
18.31972248698107
 45
17.96051255419174
 46
-17.96051211611558
 79
     2
 49
1.29515108
 49
-128.219944728
 53
288.434949
 43
9.519071488333303
 44
18.85853785424522
 45
17.96051239805097
 46
-17.96051212638995
 79
     2
 49
0.567961272
 49
-56.22816542
 53
270.0
 43
9.51907148833331
 44
19.93616858877352
 45
17.960512212
 46
-17.960512212
 79
     2
 49
1.077630814
 49
-34.843393864
 53
258.690068
 43
9.698676610754685
 44
20.83419420088045
 45
0.0000003469957983
 46
-35.92102447965404
 79
     2
 49
0.915809954
 49
-90.665192304
 53
236.309932
 43
10.41709710044022
 44
21.91182493540873
 45
-53.88153739618213
 46
-89.80256087776023
 79
     2
 49
1.29515108
 49
-128.219944728
 53
173.659808
 43
-2.155261469056597
 44
12.93156881433958
 45
-35.92102455477735
 46
0.0000002153985044
 79
     2
 49
1.626393496
 49
-161.0129622
 53
188.130102
 43
-0.8980256121069186
 44
13.11117393676096
 45
-89.80256132170886
 46
-17.96051168705179
 79
     2
 49
1.27
 49
-125.73
 53
198.434949
 43
0.1796051224213837
 44
13.47038418160373
 45
-17.96051212638996
 46
-17.96051239805094
 79
     2
 49
1.135922544
 49
-55.660204148
 53
237.528808
 43
0.1796051224213837
 44
13.47038418160373
 45
-53.88153626689363
 46
-89.80256153005783
 79
     2
 49
2.341764176
 49
-231.834664854
 53
150.945396
 43
0.1796051224213837
 44
13.47038418160373
 45
-71.84204896375675
 46
35.92102443760776
 79
     2
 49
1.84914794
 49
-183.065643266
 53
198.434949
 43
1.257235856949678
 44
13.8295944264465
 45
-17.96051212638996
 46
-17.96051239805094
 79
     2
 49
1.135922544
 49
-55.660204148
 53
194.036243
 43
2.694076836320747
 44
14.18880467128927
 45
-53.88153692072843
 46
-17.96051194118107
 79
     2
 49
1.481061808
 49
-146.625116452
 53
140.710593
 43
2.694076836320747
 44
14.18880467128927
 45
-179.6051220744064
 46
143.6840983342298
 79
     2
 49
2.552668504
 49
-252.714172244
 53
239.931417
 43
2.694076836320747
 44
14.18880467128927
 45
-143.6840988113398
 46
-251.4471709690787
 79
     2
 49
3.94314045
 49
-390.37089693
 53
180.0
 43
4.13091781569181
 44
14.18880467128927
 45
-17.960512212
 46
-17.960512212
 79
     2
 49
1.436840916
 49
-34.484183508
 53
168.690068
 43
5.02894342779873
 44
14.00919954886788
 45
-35.92102447965402
 46
-0.0000003469958001
 79
     2
 49
0.915809954
 49
-90.665192304
 53
244.653824
 43
5.02894342779873
 44
14.00919954886788
 45
-125.7235860026972
 46
-269.4076836136913
 79
     2
 49
3.775981526
 49
-373.822164724
 53
116.565051
 43
5.02894342779873
 44
14.00919954886788
 45
-17.96051229926558
 46
17.96051229669063
 79
     2
 49
2.409655582
 49
-77.912196982
 53
164.054604
 43
7.543415141698087
 44
13.29077905918235
 45
-197.5656346560772
 46
53.88153699310526
 79
     2
 49
2.61509002
 49
-258.893915536
 53
333.434949
 43
7.902625386540857
 44
12.93156881433958
 45
53.88153677905458
 46
-17.96051196106376
 79
     2
 49
1.60643697
 49
-78.715415594
 53
66.801409
 43
7.363810019276718
 44
11.67433295738989
 45
17.96051267571364
 46
53.88153663598088
 79
     2
 49
1.36783191
 49
-135.415354264
 53
56.309932
 43
6.645389529591174
 44
10.5967022228616
 45
53.88153739618214
 46
89.80256087776024
 79
     2
 49
1.29515108
 49
-128.219944728
 53
45.0
 43
6.106574162327025
 44
10.05788685559745
 45
-17.9605122421383
 46
17.96051224213831
 79
     2
 49
0.762
 49
-24.638
 53
386.565051
 43
4.66973318295596
 44
9.339466365911921
 45
17.96051229669064
 46
17.96051229926557
 79
     2
 49
1.60643697
 49
-78.715415594
 53
371.3099319999998
 43
2.873681958742126
 44
8.980256121069154
 45
53.88153674353845
 46
17.96051181896029
 79
     2
 49
1.831620162
 49
-89.74938235
 53
353.659808
 43
1.257235856949681
 44
9.159861243490537
 45
35.92102455477735
 46
-0.0000002153985088
 79
     2
 49
1.626393496
 49
-161.0129622
 53
345.963757
 43
-0.1796051224213828
 44
9.519071488333307
 45
89.80256143676002
 46
-17.96051140140304
 79
     2
 49
1.481061808
 49
-146.625116452
 53
330.9453960000001
 43
-1.796051224213828
 44
10.41709710044022
 45
71.84204896375671
 46
-35.92102443760778
 79
     2
 49
1.84914794
 49
-183.065643266
 53
315.0
 43
-3.053287081163509
 44
11.6743329573899
 45
17.96051224213831
 46
17.9605122421383
 79
     2
 49
1.778
 49
-23.622
 53
324.462322
 43
-4.310522938113194
 44
12.57235856949682
 45
107.7630733048149
 46
-71.8420493562899
 79
     2
 49
1.545021802
 49
-152.95714646
 53
330.9453960000001
 43
-5.926969039905639
 44
13.47038418160373
 45
71.84204896375671
 46
-35.92102443760778
 79
     2
 49
1.84914794
 49
-183.065643266
 53
168.690068
 43
-5.028943427798723
 44
13.29077905918235
 45
-35.92102447965402
 46
-0.0000003469958001
 79
     2
 49
0.915809954
 49
-90.665192304
 53
206.565051
 43
-4.310522938113192
 44
13.64998930402511
 45
-17.96051229669062
 46
-17.96051229926558
 79
     2
 49
0.803218612
 49
-79.518633952
 53
216.869898
 43
-2.873681958742131
 44
14.72762003855341
 45
-17.9605119993827
 46
-17.9605123738173
 79
     2
 49
1.796051272
 49
-177.809071102
 53
216.869898
 43
-1.436840979371067
 44
15.80525077308171
 45
-17.9605119993827
 46
-17.9605123738173
 79
     2
 49
1.796051272
 49
-177.809071102
 53
206.565051
 43
0.0000000000000018
 44
16.52367126276724
 45
-17.96051229669062
 46
-17.96051229926558
 79
     2
 49
1.60643697
 49
-78.715415594
 53
206.565051
 43
1.436840979371074
 44
17.24209175245277
 45
-17.96051229669062
 46
-17.96051229926558
 79
     2
 49
1.60643697
 49
-78.715415594
 53
191.309932
 43
3.232892203584895
 44
17.60130199729554
 45
-53.88153674353845
 46
-17.9605118189603
 79
     2
 49
1.831620162
 49
-89.74938235
 53
164.744881
 43
5.208548550220113
 44
17.06248663003139
 45
-143.684097825819
 46
35.92102537018103
 79
     2
 49
2.047813532
 49
-202.733533318
 53
156.801409
 43
6.465784407169794
 44
16.52367126276724
 45
-53.88153663598089
 46
17.96051267571363
 79
     2
 49
1.36783191
 49
-135.415354264
 53
135.0
 43
7.18420489685532
 44
15.80525077308171
 45
-17.96051224213831
 46
-17.9605122421383
 79
     2
 49
1.016
 49
-24.384
 53
120.963757
 43
7.723020264119466
 44
14.90722516097479
 45
-17.96051249503029
 46
17.96051202742583
 79
     2
 49
1.047268924
 49
-103.679614078
 53
101.309932
 43
7.902625386540863
 44
14.00919954886787
 45
-17.9605118189603
 46
53.88153674353845
 79
     2
 49
0.915809954
 49
-90.665192304
 53
108.434949
 43
8.082230508962239
 44
13.47038418160373
 45
-17.96051239805096
 46
17.96051212638996
 79
     2
 49
0.567961272
 49
-56.22816542
 53
171.869898
 43
9.339466365911916
 44
13.29077905918235
 45
-35.92102448427661
 46
-0.0000002220345978
 79
     2
 49
1.27
 49
-125.73
 53
90.0
 43
9.339466365911932
 44
12.21314832465404
 45
-17.960512212
 46
17.960512212
 79
     2
 49
1.077630814
 49
-34.843393864
 53
278.130102
 43
15.26643540581756
 44
16.70327638518863
 45
17.96051168705178
 46
-89.80256132170884
 79
     2
 49
1.27
 49
-125.73
 53
303.690068
 43
0.3592102448427664
 44
2.155261469056597
 45
17.96051255419174
 46
-17.96051211611558
 79
     2
 49
1.29515108
 49
-128.219944728
 53
303.690068
 43
1.61644610179245
 44
3.412497326006275
 45
17.96051255419174
 46
-17.96051211611558
 79
     2
 49
1.29515108
 49
-128.219944728
 53
243.434949
 43
4.31052293811319
 44
5.028943427798731
 45
-17.9605119610638
 46
-53.88153677905457
 79
     2
 49
1.60643697
 49
-78.715415594
 53
270.0
 43
5.208548550220113
 44
5.92696903990564
 45
17.960512212
 46
-17.960512212
 79
     2
 49
0.718420458
 49
-35.202603966
 53
243.434949
 43
5.56775879506287
 44
6.645389529591177
 45
-17.9605119610638
 46
-53.88153677905457
 79
     2
 49
0.803218612
 49
-79.518633952
 53
393.6900680000001
 43
4.490128060534579
 44
5.926969039905638
 45
17.96051211611559
 46
17.96051255419173
 79
     2
 49
1.29515108
 49
-128.219944728
 53
390.963757
 43
3.59210244842766
 44
5.388153672641493
 45
17.96051202742584
 46
17.96051249503027
 79
     2
 49
1.047268924
 49
-103.679614078
 53
378.434949
 43
2.514471713899362
 44
5.028943427798727
 45
17.96051212638995
 46
17.96051239805097
 79
     2
 49
1.135922544
 49
-55.660204148
 53
378.434949
 43
0.8980256121069161
 44
4.490128060534577
 45
17.96051212638995
 46
17.96051239805097
 79
     2
 49
1.703883816
 49
-55.092242876
 53
393.6900680000001
 43
-0.1796051224213828
 44
3.771707570849046
 45
17.96051211611559
 46
17.96051255419173
 79
     2
 49
1.29515108
 49
-128.219944728
 53
45.0
 43
-0.7184204896855317
 44
3.232892203584895
 45
-17.9605122421383
 46
17.96051224213831
 79
     2
 49
0.762
 49
-24.638
 53
53.130102
 43
-1.796051224213831
 44
1.796051224213831
 45
89.80256193872111
 46
125.7235852337135
 79
     2
 49
1.796051272
 49
-177.809071102
 53
281.309932
 43
-3.771707570849044
 44
4.490128060534576
 45
17.96051181896028
 46
-53.88153674353843
 79
     2
 49
0.915809954
 49
-90.665192304
 53
281.309932
 43
-3.951312693270426
 44
5.38815367264149
 45
17.96051181896028
 46
-53.88153674353843
 79
     2
 49
0.915809954
 49
-90.665192304
 53
258.690068
 43
-3.771707570849043
 44
6.286179284748409
 45
0.0000003469957983
 46
-35.92102447965404
 79
     2
 49
0.915809954
 49
-90.665192304
 53
45.0
 43
-4.490128060534574
 44
5.567758795062877
 45
-17.9605122421383
 46
17.96051224213831
 79
     2
 49
1.016
 49
-24.384
 53
371.3099319999998
 43
-5.388153672641492
 44
5.388153672641493
 45
53.88153674353845
 46
17.96051181896029
 79
     2
 49
0.915809954
 49
-90.665192304
 53
63.434949
 43
-4.669733182955961
 44
4.669733182955962
 45
17.96051196106378
 46
53.88153677905458
 79
     2
 49
0.803218612
 49
-79.518633952
 53
45.0
 43
-9.878281733176069
 44
9.87828173317607
 45
-17.9605122421383
 46
17.96051224213831
 79
     2
 49
1.778
 49
-23.622
 53
59.036243
 43
-9.159861243490537
 44
12.7519636919182
 45
35.92102502205866
 46
71.8420488386716
 79
     2
 49
1.047268924
 49
-103.679614078
 53
66.801409
 43
-9.698676610754687
 44
11.49472783496852
 45
17.96051267571364
 46
53.88153663598088
 79
     2
 49
1.36783191
 49
-135.415354264
 53
75.963757
 43
-10.05788685559745
 44
10.05788685559745
 45
17.96051140140299
 46
89.80256143676006
 79
     2
 49
1.481061808
 49
-146.625116452
 53
299.0546039999999
 43
-11.49472783496851
 44
12.21314832465405
 45
53.88153650243937
 46
-89.8025613867517
 79
     2
 49
1.84914794
 49
-183.065643266
 53
203.198591
 43
-11.49472783496852
 44
13.29077905918235
 45
-71.84204866851576
 46
-35.92102514656928
 79
     2
 49
1.36783191
 49
-135.415354264
 53
198.434949
 43
-9.87828173317607
 44
13.8295944264465
 45
-17.96051212638996
 46
-17.96051239805094
 79
     2
 49
1.703883816
 49
-55.092242876
 53
203.198591
 43
-8.621045876226383
 44
14.36840979371065
 45
-71.84204866851576
 46
-35.92102514656928
 79
     2
 49
1.36783191
 49
-135.415354264
 53
225.0
 43
-7.72302026411947
 44
15.26643540581756
 45
17.9605122421383
 46
-17.96051224213831
 79
     2
 49
1.27
 49
-24.13
 53
78.69006800000001
 43
-7.902625386540847
 44
14.36840979371065
 45
-0.0000003469958028
 46
35.92102447965402
 79
     2
 49
0.915809954
 49
-90.665192304
 53
90.0
 43
-7.902625386540853
 44
13.64998930402511
 45
-17.960512212
 46
17.960512212
 79
     2
 49
0.718420458
 49
-35.202603966
 53
98.130102
 43
-7.723020264119475
 44
12.39275344707543
 45
-17.9605116870518
 46
89.80256132170886
 79
     2
 49
1.27
 49
-125.73
 53
101.309932
 43
-7.363810019276698
 44
10.5967022228616
 45
-17.9605118189603
 46
53.88153674353845
 79
     2
 49
1.831620162
 49
-89.74938235
 53
96.340192
 43
-7.184204896855321
 44
8.980256121069157
 45
-17.96051275078734
 46
125.7235856096246
 79
     2
 49
1.626393496
 49
-161.0129622
 53
83.659808
 43
-7.363810019276704
 44
7.363810019276707
 45
0.000000215398503
 46
35.92102455477735
 79
     2
 49
1.626393496
 49
-161.0129622
 53
225.0
 43
6.106574162327025
 44
23.3486659147798
 45
17.9605122421383
 46
-17.96051224213831
 79
     2
 49
2.54
 49
-22.86
 53
355.6012950000001
 43
6.106574162327025
 44
23.3486659147798
 45
35.92102459222857
 46
0.0000002420418372
 79
     2
 49
2.341764176
 49
-231.834664854
 53
127.405357
 43
6.106574162327025
 44
23.3486659147798
 45
-125.7235868025592
 46
161.6446094608942
 79
     2
 49
3.843717484
 49
-380.528029646
 53
225.0
 43
6.465784407169792
 44
23.70787615962256
 45
17.9605122421383
 46
-17.96051224213831
 79
     2
 49
0.508
 49
-24.892
 53
239.036243
 43
7.004599774433943
 44
24.60590177172949
 45
-35.92102502205861
 46
-71.84204883867163
 79
     2
 49
1.047268924
 49
-103.679614078
 53
243.434949
 43
7.363810019276714
 44
25.32432226141501
 45
-17.9605119610638
 46
-53.88153677905457
 79
     2
 49
0.803218612
 49
-79.518633952
 53
45.0
 43
8.261835631383624
 44
21.55261469056597
 45
-17.9605122421383
 46
17.96051224213831
 79
     2
 49
2.032
 49
-23.368
 53
393.6900680000001
 43
7.184204896855333
 44
20.83419420088043
 45
17.96051211611559
 46
17.96051255419173
 79
     2
 49
1.29515108
 49
-128.219944728
 53
366.340192
 43
5.567758795062888
 44
20.65458907845905
 45
125.7235856096246
 46
17.96051275078731
 79
     2
 49
1.626393496
 49
-161.0129622
 53
345.963757
 43
4.130917815691811
 44
21.01379932330182
 45
89.80256143676002
 46
-17.96051140140304
 79
     2
 49
1.481061808
 49
-146.625116452
 53
66.801409
 43
3.592102448427665
 44
19.75656346635214
 45
17.96051267571364
 46
53.88153663598088
 79
     2
 49
1.36783191
 49
-135.415354264
 53
329.036243
 43
2.69407683632074
 44
20.29537883361629
 45
71.84204883867163
 46
-35.92102502205861
 79
     2
 49
1.047268924
 49
-103.679614078
 53
225.0
 43
3.771707570849049
 44
21.37300956814459
 45
17.9605122421383
 46
-17.96051224213831
 79
     2
 49
1.524
 49
-23.876
 53
306.8698979999999
 43
2.694076836320752
 44
22.80985054751565
 45
17.96051237381728
 46
-17.96051199938272
 79
     2
 49
1.796051272
 49
-177.809071102
 53
293.198591
 43
2.155261469056606
 44
24.06708640446533
 45
35.92102514656926
 46
-71.84204866851576
 79
     2
 49
1.36783191
 49
-135.415354264
 53
270.0
 43
2.155261469056597
 44
25.5039273838364
 45
17.960512212
 46
-17.960512212
 79
     2
 49
1.436840916
 49
-34.484183508
 53
261.869898
 43
2.334866591477983
 44
26.76116324078606
 45
0.0000002220345934
 46
-35.92102448427661
 79
     2
 49
1.27
 49
-125.73
 53
243.434949
 43
3.41249732600628
 44
28.91642470984267
 45
-17.9605119610638
 46
-53.88153677905457
 79
     2
 49
2.409655582
 49
-77.912196982
 53
198.434949
 43
-5.208548550220112
 44
18.14011736455968
 45
-17.96051212638996
 46
-17.96051239805094
 79
     2
 49
1.703883816
 49
-55.092242876
 53
215.537678
 43
-3.951312693270425
 44
19.03814297666661
 45
-17.96051205794035
 46
-17.96051230646756
 79
     2
 49
1.545021802
 49
-152.95714646
 53
233.130102
 43
-2.873681958742131
 44
20.47498395603767
 45
-89.80256193872111
 46
-125.7235852337135
 79
     2
 49
1.796051272
 49
-177.809071102
 53
246.801409
 43
-2.334866591477981
 44
21.73221981298735
 45
-17.96051267571364
 46
-53.88153663598089
 79
     2
 49
1.36783191
 49
-135.415354264
 53
264.805571
 43
-2.15526146905659
 44
23.70787615962256
 45
-0.0000000578447681
 46
-35.92102450310279
 79
     2
 49
1.9838035
 49
-196.396538372
 53
63.434949
 43
12.9315688143396
 44
21.91182493540875
 45
17.96051196106378
 46
53.88153677905458
 79
     2
 49
0.803218612
 49
-79.518633952
 53
78.69006800000001
 43
12.7519636919182
 44
21.01379932330182
 45
-0.0000003469958028
 46
35.92102447965402
 79
     2
 49
0.915809954
 49
-90.665192304
 53
45.0
 43
12.7519636919182
 44
21.01379932330182
 45
-17.9605122421383
 46
17.96051224213831
 79
     2
 49
1.016
 49
-24.384
 53
125.537678
 43
12.7519636919182
 44
21.01379932330182
 45
-17.96051230646756
 46
17.96051205794035
 79
     2
 49
1.545021802
 49
-152.95714646
 53
81.869898
 43
12.57235856949681
 44
19.75656346635214
 45
-0.0000002220345996
 46
35.92102448427661
 79
     2
 49
1.27
 49
-125.73
 53
386.565051
 43
12.57235856949681
 44
19.75656346635214
 45
17.96051229669064
 46
17.96051229926557
 79
     2
 49
1.60643697
 49
-78.715415594
 53
98.130102
 43
14.54801491613204
 44
20.29537883361628
 45
-17.9605116870518
 46
89.80256132170886
 79
     2
 49
1.27
 49
-125.73
 53
83.659808
 43
14.36840979371065
 44
18.67893273182383
 45
0.000000215398503
 46
35.92102455477735
 79
     2
 49
1.626393496
 49
-161.0129622
 53
54.462322
 43
13.47038418160373
 44
17.42169687487415
 45
71.84204935628989
 46
107.7630733048149
 79
     2
 49
1.545021802
 49
-152.95714646
 53
225.0
 43
11.31512271254715
 44
22.80985054751563
 45
17.9605122421383
 46
-17.96051224213831
 79
     2
 49
1.27
 49
-24.13
 53
203.198591
 43
12.57235856949682
 44
23.34866591477979
 45
-71.84204866851576
 46
-35.92102514656928
 79
     2
 49
1.36783191
 49
-135.415354264
 53
261.869898
 43
15.44604052823894
 44
17.96051224213831
 45
0.0000002220345934
 46
-35.92102448427661
 79
     2
 49
1.27
 49
-125.73
 53
251.565051
 43
15.80525077308173
 44
19.0381429766666
 45
-0.0000000306954728
 46
-35.92102460476278
 79
     2
 49
1.135922544
 49
-55.660204148
 53
243.434949
 43
16.16446101792446
 44
19.75656346635215
 45
-17.9605119610638
 46
-53.88153677905457
 79
     2
 49
0.803218612
 49
-79.518633952
 53
135.0
 43
17.42169687487416
 44
17.42169687487416
 45
-17.96051224213831
 46
-17.9605122421383
 79
     2
 49
0.508
 49
-24.892
 53
71.565051
 43
7.723020264119468
 44
26.76116324078608
 45
0.0000000306954515
 46
35.92102460476276
 79
     2
 49
1.135922544
 49
-55.660204148
 53
101.309932
 43
7.723020264119468
 44
26.76116324078608
 45
-17.9605118189603
 46
53.88153674353845
 79
     2
 49
1.831620162
 49
-89.74938235
 53
81.869898
 43
7.723020264119468
 44
26.76116324078608
 45
-0.0000002220345996
 46
35.92102448427661
 79
     2
 49
1.27
 49
-125.73
 53
75.963757
 43
7.363810019276714
 44
25.32432226141501
 45
17.96051140140299
 46
89.80256143676006
 79
     2
 49
1.481061808
 49
-146.625116452
 53
123.690068
 43
7.363810019276714
 44
25.32432226141501
 45
-17.96051255419174
 46
17.96051211611558
 79
     2
 49
3.885452986
 49
-125.629642822
 53
201.037511
 43
9.698676610754688
 44
26.22234787352193
 45
-179.6051224569773
 46
-71.84204898517861
 79
     2
 49
2.501609932
 49
-247.659378188
 53
75.963757
 43
10.23749197801884
 44
23.88748128204395
 45
17.96051140140299
 46
89.80256143676006
 79
     2
 49
1.481061808
 49
-146.625116452
 53
59.036243
 43
9.69867661075469
 44
22.98945566993703
 45
35.92102502205866
 46
71.8420488386716
 79
     2
 49
1.047268924
 49
-103.679614078
 53
225.0
 43
5.20854855022011
 44
30.71247593405651
 45
17.9605122421383
 46
-17.96051224213831
 79
     2
 49
2.54
 49
-22.86
 53
45.0
 43
-0.1796051224213837
 44
31.07168617889927
 45
-17.9605122421383
 46
17.96051224213831
 79
     2
 49
2.286
 49
-23.114
 53
56.309932
 43
1.436840979371055
 44
32.68813228069174
 45
53.88153739618214
 46
89.80256087776024
 79
     2
 49
1.29515108
 49
-128.219944728
 53
180.0
 43
3.232892203584873
 44
32.68813228069172
 45
-17.960512212
 46
-17.960512212
 79
     2
 49
1.796051272
 49
-34.124973152
 53
45.0
 43
3.592102448427671
 44
30.89208105647788
 45
-17.9605122421383
 46
17.96051224213831
 79
     2
 49
1.016
 49
-24.384
 53
390.963757
 43
2.694076836320743
 44
30.35326568921374
 45
17.96051202742584
 46
17.96051249503027
 79
     2
 49
1.047268924
 49
-103.679614078
 53
378.434949
 43
1.616446101792455
 44
29.99405544437097
 45
17.96051212638995
 46
17.96051239805097
 79
     2
 49
1.135922544
 49
-55.660204148
 53
360.0
 43
0.8980256121069221
 44
29.99405544437099
 45
17.960512212
 46
17.960512212
 79
     2
 49
0.718420458
 49
-35.202603966
 53
351.8698979999999
 43
-0.3592102448427745
 44
30.17366056679236
 45
35.92102448427664
 46
0.0000002220345605
 79
     2
 49
1.27
 49
-125.73
 53
56.309932
 43
-1.077630734528297
 44
29.09602983226405
 45
53.88153739618214
 46
89.80256087776024
 79
     2
 49
1.29515108
 49
-128.219944728
 53
329.036243
 43
-1.975656346635212
 44
29.63484519952821
 45
71.84204883867163
 46
-35.92102502205861
 79
     2
 49
1.047268924
 49
-103.679614078
 53
225.0
 43
-0.898025612106915
 44
30.71247593405651
 45
17.9605122421383
 46
-17.96051224213831
 79
     2
 49
1.524
 49
-23.876
 53
59.036243
 43
-4.31052293811319
 44
27.659188852893
 45
35.92102502205866
 46
71.8420488386716
 79
     2
 49
1.047268924
 49
-103.679614078
 53
63.434949
 43
-4.669733182955962
 44
26.94076836320746
 45
17.96051196106378
 46
53.88153677905458
 79
     2
 49
0.803218612
 49
-79.518633952
 53
78.69006800000001
 43
-4.849338305377337
 44
26.04274275110055
 45
-0.0000003469958028
 46
35.92102447965402
 79
     2
 49
0.915809954
 49
-90.665192304
 53
275.194429
 43
-2.334866591477972
 44
25.68353250625778
 45
17.96051251185281
 46
-161.6446102350402
 79
     2
 49
1.9838035
 49
-196.396538372
 53
284.036243
 43
-2.694076836320741
 44
27.12037348562884
 45
17.96051194118109
 46
-53.88153692072842
 79
     2
 49
1.481061808
 49
-146.625116452
 53
281.309932
 43
-3.053287081163511
 44
28.91642470984267
 45
17.96051181896028
 46
-53.88153674353843
 79
     2
 49
1.831620162
 49
-89.74938235
 53
258.690068
 43
-2.873681958742136
 44
29.81445032194959
 45
0.0000003469957983
 46
-35.92102447965404
 79
     2
 49
0.915809954
 49
-90.665192304
 53
243.434949
 43
-2.514471713899351
 44
30.53287081163511
 45
-17.9605119610638
 46
-53.88153677905457
 79
     2
 49
0.803218612
 49
-79.518633952
 53
45.0
 43
-3.232892203584896
 44
29.81445032194959
 45
-17.9605122421383
 46
17.96051224213831
 79
     2
 49
1.016
 49
-24.384
 53
390.963757
 43
-4.130917815691806
 44
29.27563495468544
 45
17.96051202742584
 46
17.96051249503027
 79
     2
 49
1.047268924
 49
-103.679614078
 53
306.8698979999999
 43
-1.975656346635208
 44
32.14931691342754
 45
17.96051237381728
 46
-17.96051199938272
 79
     2
 49
1.796051272
 49
-177.809071102
 53
293.198591
 43
-2.514471713899363
 44
33.40655277037725
 45
35.92102514656926
 46
-71.84204866851576
 79
     2
 49
1.36783191
 49
-135.415354264
 53
81.869898
 43
-5.028943427798723
 44
24.78550689415087
 45
-0.0000002220345996
 46
35.92102448427661
 79
     2
 49
1.27
 49
-125.73
 53
45.0
 43
-5.028943427798723
 44
24.78550689415087
 45
-17.9605122421383
 46
17.96051224213831
 79
     2
 49
2.032
 49
-23.368
 53
123.690068
 43
-5.028943427798723
 44
24.78550689415087
 45
-17.96051255419174
 46
17.96051211611558
 79
     2
 49
2.590301906
 49
-126.924793648
 53
78.69006800000001
 43
-5.208548550220112
 44
23.88748128204395
 45
-0.0000003469958028
 46
35.92102447965402
 79
     2
 49
0.915809954
 49
-90.665192304
 53
75.963757
 43
-5.567758795062874
 44
22.45064030267289
 45
17.96051140140299
 46
89.80256143676006
 79
     2
 49
1.481061808
 49
-146.625116452
 53
381.037511
 43
-5.567758795062874
 44
22.45064030267289
 45
179.6051224569773
 46
71.84204898517869
 79
     2
 49
2.501609932
 49
-247.659378188
 53
124.380345
 43
-5.567758795062874
 44
22.45064030267289
 45
-161.6446113212705
 46
233.4866584687746
 79
     2
 49
4.134820534
 49
-409.347222706
 53
71.565051
 43
-5.926969039905641
 44
21.37300956814459
 45
0.0000000306954515
 46
35.92102460476276
 79
     2
 49
1.135922544
 49
-55.660204148
 53
54.462322
 43
-6.824994652012557
 44
20.1157737111949
 45
71.84204935628989
 46
107.7630733048149
 79
     2
 49
1.545021802
 49
-152.95714646
 53
363.814075
 43
-6.824994652012557
 44
20.1157737111949
 45
233.486659086475
 46
17.96051299728227
 79
     2
 49
2.700057084
 49
-267.30564649
 53
127.405357
 43
-6.824994652012557
 44
20.1157737111949
 45
-125.7235868025592
 46
161.6446094608942
 79
     2
 49
3.843717484
 49
-380.528029646
 53
45.0
 43
-7.543415141698095
 44
19.39735322150938
 45
-17.9605122421383
 46
17.96051224213831
 79
     2
 49
1.016
 49
-24.384
 53
45.0
 43
-8.261835631383626
 44
18.67893273182384
 45
-17.9605122421383
 46
17.96051224213831
 79
     2
 49
1.016
 49
-24.384
 53
45.0
 43
-10.05788685559744
 44
17.24209175245278
 45
-17.9605122421383
 46
17.96051224213831
 79
     2
 49
1.524
 49
-23.876
 53
149.036243
 43
-9.159861243490532
 44
16.70327638518863
 45
-71.84204883867163
 46
35.92102502205861
 79
     2
 49
1.047268924
 49
-103.679614078
 53
246.801409
 43
-8.621045876226386
 44
17.96051224213831
 45
-17.96051267571364
 46
-53.88153663598089
 79
     2
 49
1.36783191
 49
-135.415354264
 53
168.690068
 43
-6.824994652012561
 44
17.60130199729554
 45
-35.92102447965402
 46
-0.0000003469958001
 79
     2
 49
1.831620162
 49
-89.74938235
 53
383.198591
 43
-5.388153672641485
 44
28.73681958742129
 45
71.84204866851572
 46
35.92102514656933
 79
     2
 49
1.36783191
 49
-135.415354264
 53
378.434949
 43
-7.004599774433942
 44
28.19800422015716
 45
17.96051212638995
 46
17.96051239805097
 79
     2
 49
1.703883816
 49
-55.092242876
 53
393.6900680000001
 43
-8.082230508962235
 44
27.4795837304716
 45
17.96051211611559
 46
17.96051255419173
 79
     2
 49
1.29515108
 49
-128.219944728
 53
45.0
 43
-9.519071488333301
 44
26.04274275110054
 45
-17.9605122421383
 46
17.96051224213831
 79
     2
 49
2.032
 49
-23.368
 53
63.434949
 43
-10.23749197801883
 44
24.60590177172949
 45
17.96051196106378
 46
53.88153677905458
 79
     2
 49
1.60643697
 49
-78.715415594
 53
71.565051
 43
-10.77630734528299
 44
22.98945566993704
 45
0.0000000306954515
 46
35.92102460476276
 79
     2
 49
1.703883816
 49
-55.092242876
 53
90.0
 43
-10.77630734528298
 44
21.1934044457232
 45
-17.960512212
 46
17.960512212
 79
     2
 49
1.796051272
 49
-34.124973152
 53
116.565051
 43
-10.05788685559745
 44
19.75656346635214
 45
-17.96051229926558
 46
17.96051229669063
 79
     2
 49
1.60643697
 49
-78.715415594
 53
126.869898
 43
-8.980256121069157
 44
18.31972248698107
 45
-17.96051237381729
 46
17.9605119993827
 79
     2
 49
1.796051272
 49
-177.809071102
 53
360.0
 43
-14.72762003855341
 44
14.72762003855341
 45
17.960512212
 46
17.960512212
 79
     2
 49
0.718420458
 49
-35.202603966
 53
243.434949
 43
-15.44604052823894
 44
16.52367126276724
 45
-17.9605119610638
 46
-53.88153677905457
 79
     2
 49
0.803218612
 49
-79.518633952
 53
388.300756
 43
-15.44604052823894
 44
16.52367126276724
 45
161.6446098465655
 46
89.80256193182159
 79
     2
 49
2.651837978
 49
-262.531947376
 53
119.744881
 43
-15.44604052823894
 44
16.52367126276724
 45
-53.88153620906022
 46
89.8025614978831
 79
     2
 49
2.896045516
 49
-286.708512434
 53
251.565051
 43
-15.26643540581756
 44
17.06248663003139
 45
-0.0000000306954728
 46
-35.92102460476278
 79
     2
 49
0.567961272
 49
-56.22816542
 53
258.690068
 43
-15.08683028339618
 44
17.96051224213829
 45
0.0000003469957983
 46
-35.92102447965404
 79
     2
 49
0.915809954
 49
-90.665192304
 53
261.869898
 43
-14.90722516097479
 44
19.21774809908799
 45
0.0000002220345934
 46
-35.92102448427661
 79
     2
 49
1.27
 49
-125.73
 53
397.874984
 43
-14.90722516097479
 44
19.21774809908799
 45
17.96051227022205
 46
17.96051231074439
 79
     2
 49
2.047813532
 49
-202.733533318
 53
123.690068
 43
-14.90722516097479
 44
19.21774809908799
 45
-17.96051255419174
 46
17.96051211611558
 79
     2
 49
1.29515108
 49
-128.219944728
 53
258.690068
 43
-14.72762003855341
 44
20.11577371119491
 45
0.0000003469957983
 46
-35.92102447965404
 79
     2
 49
0.915809954
 49
-90.665192304
 53
258.690068
 43
-14.54801491613203
 44
21.01379932330182
 45
0.0000003469957983
 46
-35.92102447965404
 79
     2
 49
0.915809954
 49
-90.665192304
 53
251.565051
 43
-14.36840979371065
 44
21.55261469056597
 45
-0.0000000306954728
 46
-35.92102460476278
 79
     2
 49
0.567961272
 49
-56.22816542
 53
90.0
 43
-12.7519636919182
 44
22.80985054751565
 45
-17.960512212
 46
17.960512212
 79
     2
 49
0.359210356
 49
-35.561814322
 53
101.309932
 43
-12.57235856949681
 44
21.91182493540873
 45
-17.9605118189603
 46
53.88153674353845
 79
     2
 49
0.915809954
 49
-90.665192304
 53
101.309932
 43
-12.21314832465405
 44
20.11577371119491
 45
-17.9605118189603
 46
53.88153674353845
 79
     2
 49
1.831620162
 49
-89.74938235
 53
98.130102
 43
-12.03354320223266
 44
18.85853785424522
 45
-17.9605116870518
 46
89.80256132170886
 79
     2
 49
1.27
 49
-125.73
 53
90.0
 43
-12.03354320223267
 44
17.06248663003139
 45
-17.960512212
 46
17.960512212
 79
     2
 49
1.796051272
 49
-34.124973152
 53
81.869898
 43
-12.21314832465404
 44
15.80525077308171
 45
-0.0000002220345996
 46
35.92102448427661
 79
     2
 49
1.27
 49
-125.73
 53
63.434949
 43
-12.93156881433958
 44
14.36840979371064
 45
17.96051196106378
 46
53.88153677905458
 79
     2
 49
1.60643697
 49
-78.715415594
 53
45.0
 43
-13.64998930402511
 44
13.64998930402511
 45
-17.9605122421383
 46
17.96051224213831
 79
     2
 49
1.016
 49
-24.384
 53
126.253838
 43
1.436840979371055
 44
32.68813228069174
 45
-107.7630741006107
 46
143.6840975201284
 79
     2
 49
3.340848284
 49
-330.743991038
 98
        0
1001
ACAD
1010
0.0
1020
0.0
1030
0.0
  0
HATCH
  5
541
330
587
100
AcDbEntity
  8
hatch
440
 33554687
100
AcDbHatch
 10
0.0
 20
0.0
 30
0.0
210
0.0
220
0.0
230
1.0
  2
LEAF-01
 70
     0
 71
     0
 91
        1
 92
        0
 93
        3
 72
     1
 10
39.00000000000001
 20
4.301347072283491
 11
18.59275516645253
 21
46.60000000000007
 72
     1
 10
18.59275516645253
 20
46.60000000000007
 11
59.40724483354752
 21
46.59999999999998
 72
     1
 10
59.40724483354752
 20
46.59999999999998
 11
39.00000000000001
 21
4.301347072283491
 97
        0
 75
     0
 76
     0
 52
45.0
 41
1.0
 77
     0
 78
   209
 53
128.659808
 43
12.57235856949681
 44
19.75656346635214
 45
-17.96051216618292
 46
17.96051216680967
 79
     2
 49
2.30006779
 49
-227.706714766
 53
71.565051
 43
12.39275344707543
 44
19.217748099088
 45
0.0000000306954515
 46
35.92102460476276
 79
     2
 49
0.567961272
 49
-56.22816542
 53
59.036243
 43
11.85393807981129
 44
18.31972248698106
 45
35.92102502205866
 46
71.8420488386716
 79
     2
 49
1.047268924
 49
-103.679614078
 53
360.0
 43
11.85393807981129
 44
18.31972248698106
 45
17.960512212
 46
17.960512212
 79
     2
 49
1.436840916
 49
-34.484183508
 53
128.659808
 43
11.85393807981129
 44
18.31972248698106
 45
-17.96051216618292
 46
17.96051216680967
 79
     2
 49
2.30006779
 49
-227.706714766
 53
45.0
 43
10.95591246770437
 44
17.42169687487416
 45
-17.9605122421383
 46
17.96051224213831
 79
     2
 49
1.27
 49
-24.13
 53
390.963757
 43
12.57235856949682
 44
16.88288150760999
 45
17.96051202742584
 46
17.96051249503027
 79
     2
 49
1.047268924
 49
-103.679614078
 53
371.3099319999998
 43
11.6743329573899
 44
16.70327638518862
 45
53.88153674353845
 46
17.96051181896029
 79
     2
 49
0.915809954
 49
-90.665192304
 53
348.690068
 43
10.77630734528299
 44
16.88288150761
 45
35.92102447965404
 46
0.0000003469957965
 79
     2
 49
0.915809954
 49
-90.665192304
 53
63.434949
 43
10.41709710044021
 44
16.16446101792448
 45
17.96051196106378
 46
53.88153677905458
 79
     2
 49
0.803218612
 49
-79.518633952
 53
333.434949
 43
9.698676610754694
 44
16.52367126276724
 45
53.88153677905458
 46
-17.96051196106376
 79
     2
 49
0.803218612
 49
-79.518633952
 53
225.0
 43
10.41709710044023
 44
17.24209175245277
 45
17.9605122421383
 46
-17.96051224213831
 79
     2
 49
1.016
 49
-24.384
 53
303.690068
 43
9.698676610754685
 44
18.31972248698107
 45
17.96051255419174
 46
-17.96051211611558
 79
     2
 49
1.29515108
 49
-128.219944728
 53
288.434949
 43
9.519071488333303
 44
18.85853785424522
 45
17.96051239805097
 46
-17.96051212638995
 79
     2
 49
0.567961272
 49
-56.22816542
 53
270.0
 43
9.51907148833331
 44
19.93616858877352
 45
17.960512212
 46
-17.960512212
 79
     2
 49
1.077630814
 49
-34.843393864
 53
258.690068
 43
9.698676610754685
 44
20.83419420088045
 45
0.0000003469957983
 46
-35.92102447965404
 79
     2
 49
0.915809954
 49
-90.665192304
 53
236.309932
 43
10.41709710044022
 44
21.91182493540873
 45
-53.88153739618213
 46
-89.80256087776023
 79
     2
 49
1.29515108
 49
-128.219944728
 53
173.659808
 43
-2.155261469056597
 44
12.93156881433958
 45
-35.92102455477735
 46
0.0000002153985044
 79
     2
 49
1.626393496
 49
-161.0129622
 53
188.130102
 43
-0.8980256121069186
 44
13.11117393676096
 45
-89.80256132170886
 46
-17.96051168705179
 79
     2
 49
1.27
 49
-125.73
 53
198.434949
 43
0.1796051224213837
 44
13.47038418160373
 45
-17.96051212638996
 46
-17.96051239805094
 79
     2
 49
1.135922544
 49
-55.660204148
 53
237.528808
 43
0.1796051224213837
 44
13.47038418160373
 45
-53.88153626689363
 46
-89.80256153005783
 79
     2
 49
2.341764176
 49
-231.834664854
 53
150.945396
 43
0.1796051224213837
 44
13.47038418160373
 45
-71.84204896375675
 46
35.92102443760776
 79
     2
 49
1.84914794
 49
-183.065643266
 53
198.434949
 43
1.257235856949678
 44
13.8295944264465
 45
-17.96051212638996
 46
-17.96051239805094
 79
     2
 49
1.135922544
 49
-55.660204148
 53
194.036243
 43
2.694076836320747
 44
14.18880467128927
 45
-53.88153692072843
 46
-17.96051194118107
 79
     2
 49
1.481061808
 49
-146.625116452
 53
140.710593
 43
2.694076836320747
 44
14.18880467128927
 45
-179.6051220744064
 46
143.6840983342298
 79
     2
 49
2.552668504
 49
-252.714172244
 53
239.931417
 43
2.694076836320747
 44
14.18880467128927
 45
-143.6840988113398
 46
-251.4471709690787
 79
     2
 49
3.94314045
 49
-390.37089693
 53
180.0
 43
4.13091781569181
 44
14.18880467128927
 45
-17.960512212
 46
-17.960512212
 79
     2
 49
1.436840916
 49
-34.484183508
 53
168.690068
 43
5.02894342779873
 44
14.00919954886788
 45
-35.92102447965402
 46
-0.0000003469958001
 79
     2
 49
0.915809954
 49
-90.665192304
 53
244.653824
 43
5.02894342779873
 44
14.00919954886788
 45
-125.7235860026972
 46
-269.4076836136913
 79
     2
 49
3.775981526
 49
-373.822164724
 53
116.565051
 43
5.02894342779873
 44
14.00919954886788
 45
-17.96051229926558
 46
17.96051229669063
 79
     2
 49
2.409655582
 49
-77.912196982
 53
164.054604
 43
7.543415141698087
 44
13.29077905918235
 45
-197.5656346560772
 46
53.88153699310526
 79
     2
 49
2.61509002
 49
-258.893915536
 53
333.434949
 43
7.902625386540857
 44
12.93156881433958
 45
53.88153677905458
 46
-17.96051196106376
 79
     2
 49
1.60643697
 49
-78.715415594
 53
66.801409
 43
7.363810019276718
 44
11.67433295738989
 45
17.96051267571364
 46
53.88153663598088
 79
     2
 49
1.36783191
 49
-135.415354264
 53
56.309932
 43
6.645389529591174
 44
10.5967022228616
 45
53.88153739618214
 46
89.80256087776024
 79
     2
 49
1.29515108
 49
-128.219944728
 53
45.0
 43
6.106574162327025
 44
10.05788685559745
 45
-17.9605122421383
 46
17.96051224213831
 79
     2
 49
0.762
 49
-24.638
 53
386.565051
 43
4.66973318295596
 44
9.339466365911921
 45
17.96051229669064
 46
17.96051229926557
 79
     2
 49
1.60643697
 49
-78.715415594
 53
371.3099319999998
 43
2.873681958742126
 44
8.980256121069154
 45
53.88153674353845
 46
17.96051181896029
 79
     2
 49
1.831620162
 49
-89.74938235
 53
353.659808
 43
1.257235856949681
 44
9.159861243490537
 45
35.92102455477735
 46
-0.0000002153985088
 79
     2
 49
1.626393496
 49
-161.0129622
 53
345.963757
 43
-0.1796051224213828
 44
9.519071488333307
 45
89.80256143676002
 46
-17.96051140140304
 79
     2
 49
1.481061808
 49
-146.625116452
 53
330.9453960000001
 43
-1.796051224213828
 44
10.41709710044022
 45
71.84204896375671
 46
-35.92102443760778
 79
     2
 49
1.84914794
 49
-183.065643266
 53
315.0
 43
-3.053287081163509
 44
11.6743329573899
 45
17.96051224213831
 46
17.9605122421383
 79
     2
 49
1.778
 49
-23.622
 53
324.462322
 43
-4.310522938113194
 44
12.57235856949682
 45
107.7630733048149
 46
-71.8420493562899
 79
     2
 49
1.545021802
 49
-152.95714646
 53
330.9453960000001
 43
-5.926969039905639
 44
13.47038418160373
 45
71.84204896375671
 46
-35.92102443760778
 79
     2
 49
1.84914794
 49
-183.065643266
 53
168.690068
 43
-5.028943427798723
 44
13.29077905918235
 45
-35.92102447965402
 46
-0.0000003469958001
 79
     2
 49
0.915809954
 49
-90.665192304
 53
206.565051
 43
-4.310522938113192
 44
13.64998930402511
 45
-17.96051229669062
 46
-17.96051229926558
 79
     2
 49
0.803218612
 49
-79.518633952
 53
216.869898
 43
-2.873681958742131
 44
14.72762003855341
 45
-17.9605119993827
 46
-17.9605123738173
 79
     2
 49
1.796051272
 49
-177.809071102
 53
216.869898
 43
-1.436840979371067
 44
15.80525077308171
 45
-17.9605119993827
 46
-17.9605123738173
 79
     2
 49
1.796051272
 49
-177.809071102
 53
206.565051
 43
0.0000000000000018
 44
16.52367126276724
 45
-17.96051229669062
 46
-17.96051229926558
 79
     2
 49
1.60643697
 49
-78.715415594
 53
206.565051
 43
1.436840979371074
 44
17.24209175245277
 45
-17.96051229669062
 46
-17.96051229926558
 79
     2
 49
1.60643697
 49
-78.715415594
 53
191.309932
 43
3.232892203584895
 44
17.60130199729554
 45
-53.88153674353845
 46
-17.9605118189603
 79
     2
 49
1.831620162
 49
-89.74938235
 53
164.744881
 43
5.208548550220113
 44
17.06248663003139
 45
-143.684097825819
 46
35.92102537018103
 79
     2
 49
2.047813532
 49
-202.733533318
 53
156.801409
 43
6.465784407169794
 44
16.52367126276724
 45
-53.88153663598089
 46
17.96051267571363
 79
     2
 49
1.36783191
 49
-135.415354264
 53
135.0
 43
7.18420489685532
 44
15.80525077308171
 45
-17.96051224213831
 46
-17.9605122421383
 79
     2
 49
1.016
 49
-24.384
 53
120.963757
 43
7.723020264119466
 44
14.90722516097479
 45
-17.96051249503029
 46
17.96051202742583
 79
     2
 49
1.047268924
 49
-103.679614078
 53
101.309932
 43
7.902625386540863
 44
14.00919954886787
 45
-17.9605118189603
 46
53.88153674353845
 79
     2
 49
0.915809954
 49
-90.665192304
 53
108.434949
 43
8.082230508962239
 44
13.47038418160373
 45
-17.96051239805096
 46
17.96051212638996
 79
     2
 49
0.567961272
 49
-56.22816542
 53
171.869898
 43
9.339466365911916
 44
13.29077905918235
 45
-35.92102448427661
 46
-0.0000002220345978
 79
     2
 49
1.27
 49
-125.73
 53
90.0
 43
9.339466365911932
 44
12.21314832465404
 45
-17.960512212
 46
17.960512212
 79
     2
 49
1.077630814
 49
-34.843393864
 53
278.130102
 43
15.26643540581756
 44
16.70327638518863
 45
17.96051168705178
 46
-89.80256132170884
 79
     2
 49
1.27
 49
-125.73
 53
303.690068
 43
0.3592102448427664
 44
2.155261469056597
 45
17.96051255419174
 46
-17.96051211611558
 79
     2
 49
1.29515108
 49
-128.219944728
 53
303.690068
 43
1.61644610179245
 44
3.412497326006275
 45
17.96051255419174
 46
-17.96051211611558
 79
     2
 49
1.29515108
 49
-128.219944728
 53
243.434949
 43
4.31052293811319
 44
5.028943427798731
 45
-17.9605119610638
 46
-53.88153677905457
 79
     2
 49
1.60643697
 49
-78.715415594
 53
270.0
 43
5.208548550220113
 44
5.92696903990564
 45
17.960512212
 46
-17.960512212
 79
     2
 49
0.718420458
 49
-35.202603966
 53
243.434949
 43
5.56775879506287
 44
6.645389529591177
 45
-17.9605119610638
 46
-53.88153677905457
 79
     2
 49
0.803218612
 49
-79.518633952
 53
393.6900680000001
 43
4.490128060534579
 44
5.926969039905638
 45
17.96051211611559
 46
17.96051255419173
 79
     2
 49
1.29515108
 49
-128.219944728
 53
390.963757
 43
3.59210244842766
 44
5.388153672641493
 45
17.96051202742584
 46
17.96051249503027
 79
     2
 49
1.047268924
 49
-103.679614078
 53
378.434949
 43
2.514471713899362
 44
5.028943427798727
 45
17.96051212638995
 46
17.96051239805097
 79
     2
 49
1.135922544
 49
-55.660204148
 53
378.434949
 43
0.8980256121069161
 44
4.490128060534577
 45
17.96051212638995
 46
17.96051239805097
 79
     2
 49
1.703883816
 49
-55.092242876
 53
393.6900680000001
 43
-0.1796051224213828
 44
3.771707570849046
 45
17.96051211611559
 46
17.96051255419173
 79
     2
 49
1.29515108
 49
-128.219944728
 53
45.0
 43
-0.7184204896855317
 44
3.232892203584895
 45
-17.9605122421383
 46
17.96051224213831
 79
     2
 49
0.762
 49
-24.638
 53
53.130102
 43
-1.796051224213831
 44
1.796051224213831
 45
89.80256193872111
 46
125.7235852337135
 79
     2
 49
1.796051272
 49
-177.809071102
 53
281.309932
 43
-3.771707570849044
 44
4.490128060534576
 45
17.96051181896028
 46
-53.88153674353843
 79
     2
 49
0.915809954
 49
-90.665192304
 53
281.309932
 43
-3.951312693270426
 44
5.38815367264149
 45
17.96051181896028
 46
-53.88153674353843
 79
     2
 49
0.915809954
 49
-90.665192304
 53
258.690068
 43
-3.771707570849043
 44
6.286179284748409
 45
0.0000003469957983
 46
-35.92102447965404
 79
     2
 49
0.915809954
 49
-90.665192304
 53
45.0
 43
-4.490128060534574
 44
5.567758795062877
 45
-17.9605122421383
 46
17.96051224213831
 79
     2
 49
1.016
 49
-24.384
 53
371.3099319999998
 43
-5.388153672641492
 44
5.388153672641493
 45
53.88153674353845
 46
17.96051181896029
 79
     2
 49
0.915809954
 49
-90.665192304
 53
63.434949
 43
-4.669733182955961
 44
4.669733182955962
 45
17.96051196106378
 46
53.88153677905458
 79
     2
 49
0.803218612
 49
-79.518633952
 53
45.0
 43
-9.878281733176069
 44
9.87828173317607
 45
-17.9605122421383
 46
17.96051224213831
 79
     2
 49
1.778
 49
-23.622
 53
59.036243
 43
-9.159861243490537
 44
12.7519636919182
 45
35.92102502205866
 46
71.8420488386716
 79
     2
 49
1.047268924
 49
-103.679614078
 53
66.801409
 43
-9.698676610754687
 44
11.49472783496852
 45
17.96051267571364
 46
53.88153663598088
 79
     2
 49
1.36783191
 49
-135.415354264
 53
75.963757
 43
-10.05788685559745
 44
10.05788685559745
 45
17.96051140140299
 46
89.80256143676006
 79
     2
 49
1.481061808
 49
-146.625116452
 53
299.0546039999999
 43
-11.49472783496851
 44
12.21314832465405
 45
53.88153650243937
 46
-89.8025613867517
 79
     2
 49
1.84914794
 49
-183.065643266
 53
203.198591
 43
-11.49472783496852
 44
13.29077905918235
 45
-71.84204866851576
 46
-35.92102514656928
 79
     2
 49
1.36783191
 49
-135.415354264
 53
198.434949
 43
-9.87828173317607
 44
13.8295944264465
 45
-17.96051212638996
 46
-17.96051239805094
 79
     2
 49
1.703883816
 49
-55.092242876
 53
203.198591
 43
-8.621045876226383
 44
14.36840979371065
 45
-71.84204866851576
 46
-35.92102514656928
 79
     2
 49
1.36783191
 49
-135.415354264
 53
225.0
 43
-7.72302026411947
 44
15.26643540581756
 45
17.9605122421383
 46
-17.96051224213831
 79
     2
 49
1.27
 49
-24.13
 53
78.69006800000001
 43
-7.902625386540847
 44
14.36840979371065
 45
-0.0000003469958028
 46
35.92102447965402
 79
     2
 49
0.915809954
 49
-90.665192304
 53
90.0
 43
-7.902625386540853
 44
13.64998930402511
 45
-17.960512212
 46
17.960512212
 79
     2
 49
0.718420458
 49
-35.202603966
 53
98.130102
 43
-7.723020264119475
 44
12.39275344707543
 45
-17.9605116870518
 46
89.80256132170886
 79
     2
 49
1.27
 49
-125.73
 53
101.309932
 43
-7.363810019276698
 44
10.5967022228616
 45
-17.9605118189603
 46
53.88153674353845
 79
     2
 49
1.831620162
 49
-89.74938235
 53
96.340192
 43
-7.184204896855321
 44
8.980256121069157
 45
-17.96051275078734
 46
125.7235856096246
 79
     2
 49
1.626393496
 49
-161.0129622
 53
83.659808
 43
-7.363810019276704
 44
7.363810019276707
 45
0.000000215398503
 46
35.92102455477735
 79
     2
 49
1.626393496
 49
-161.0129622
 53
225.0
 43
6.106574162327025
 44
23.3486659147798
 45
17.9605122421383
 46
-17.96051224213831
 79
     2
 49
2.54
 49
-22.86
 53
355.6012950000001
 43
6.106574162327025
 44
23.3486659147798
 45
35.92102459222857
 46
0.0000002420418372
 79
     2
 49
2.341764176
 49
-231.834664854
 53
127.405357
 43
6.106574162327025
 44
23.3486659147798
 45
-125.7235868025592
 46
161.6446094608942
 79
     2
 49
3.843717484
 49
-380.528029646
 53
225.0
 43
6.465784407169792
 44
23.70787615962256
 45
17.9605122421383
 46
-17.96051224213831
 79
     2
 49
0.508
 49
-24.892
 53
239.036243
 43
7.004599774433943
 44
24.60590177172949
 45
-35.92102502205861
 46
-71.84204883867163
 79
     2
 49
1.047268924
 49
-103.679614078
 53
243.434949
 43
7.363810019276714
 44
25.32432226141501
 45
-17.9605119610638
 46
-53.88153677905457
 79
     2
 49
0.803218612
 49
-79.518633952
 53
45.0
 43
8.261835631383624
 44
21.55261469056597
 45
-17.9605122421383
 46
17.96051224213831
 79
     2
 49
2.032
 49
-23.368
 53
393.6900680000001
 43
7.184204896855333
 44
20.83419420088043
 45
17.96051211611559
 46
17.96051255419173
 79
     2
 49
1.29515108
 49
-128.219944728
 53
366.340192
 43
5.567758795062888
 44
20.65458907845905
 45
125.7235856096246
 46
17.96051275078731
 79
     2
 49
1.626393496
 49
-161.0129622
 53
345.963757
 43
4.130917815691811
 44
21.01379932330182
 45
89.80256143676002
 46
-17.96051140140304
 79
     2
 49
1.481061808
 49
-146.625116452
 53
66.801409
 43
3.592102448427665
 44
19.75656346635214
 45
17.96051267571364
 46
53.88153663598088
 79
     2
 49
1.36783191
 49
-135.415354264
 53
329.036243
 43
2.69407683632074
 44
20.29537883361629
 45
71.84204883867163
 46
-35.92102502205861
 79
     2
 49
1.047268924
 49
-103.679614078
 53
225.0
 43
3.771707570849049
 44
21.37300956814459
 45
17.9605122421383
 46
-17.96051224213831
 79
     2
 49
1.524
 49
-23.876
 53
306.8698979999999
 43
2.694076836320752
 44
22.80985054751565
 45
17.96051237381728
 46
-17.96051199938272
 79
     2
 49
1.796051272
 49
-177.809071102
 53
293.198591
 43
2.155261469056606
 44
24.06708640446533
 45
35.92102514656926
 46
-71.84204866851576
 79
     2
 49
1.36783191
 49
-135.415354264
 53
270.0
 43
2.155261469056597
 44
25.5039273838364
 45
17.960512212
 46
-17.960512212
 79
     2
 49
1.436840916
 49
-34.484183508
 53
261.869898
 43
2.334866591477983
 44
26.76116324078606
 45
0.0000002220345934
 46
-35.92102448427661
 79
     2
 49
1.27
 49
-125.73
 53
243.434949
 43
3.41249732600628
 44
28.91642470984267
 45
-17.9605119610638
 46
-53.88153677905457
 79
     2
 49
2.409655582
 49
-77.912196982
 53
198.434949
 43
-5.208548550220112
 44
18.14011736455968
 45
-17.96051212638996
 46
-17.96051239805094
 79
     2
 49
1.703883816
 49
-55.092242876
 53
215.537678
 43
-3.951312693270425
 44
19.03814297666661
 45
-17.96051205794035
 46
-17.96051230646756
 79
     2
 49
1.545021802
 49
-152.95714646
 53
233.130102
 43
-2.873681958742131
 44
20.47498395603767
 45
-89.80256193872111
 46
-125.7235852337135
 79
     2
 49
1.796051272
 49
-177.809071102
 53
246.801409
 43
-2.334866591477981
 44
21.73221981298735
 45
-17.96051267571364
 46
-53.88153663598089
 79
     2
 49
1.36783191
 49
-135.415354264
 53
264.805571
 43
-2.15526146905659
 44
23.70787615962256
 45
-0.0000000578447681
 46
-35.92102450310279
 79
     2
 49
1.9838035
 49
-196.396538372
 53
63.434949
 43
12.9315688143396
 44
21.91182493540875
 45
17.96051196106378
 46
53.88153677905458
 79
     2
 49
0.803218612
 49
-79.518633952
 53
78.69006800000001
 43
12.7519636919182
 44
21.01379932330182
 45
-0.0000003469958028
 46
35.92102447965402
 79
     2
 49
0.915809954
 49
-90.665192304
 53
45.0
 43
12.7519636919182
 44
21.01379932330182
 45
-17.9605122421383
 46
17.96051224213831
 79
     2
 49
1.016
 49
-24.384
 53
125.537678
 43
12.7519636919182
 44
21.01379932330182
 45
-17.96051230646756
 46
17.96051205794035
 79
     2
 49
1.545021802
 49
-152.95714646
 53
81.869898
 43
12.57235856949681
 44
19.75656346635214
 45
-0.0000002220345996
 46
35.92102448427661
 79
     2
 49
1.27
 49
-125.73
 53
386.565051
 43
12.57235856949681
 44
19.75656346635214
 45
17.96051229669064
 46
17.96051229926557
 79
     2
 49
1.60643697
 49
-78.715415594
 53
98.130102
 43
14.54801491613204
 44
20.29537883361628
 45
-17.9605116870518
 46
89.80256132170886
 79
     2
 49
1.27
 49
-125.73
 53
83.659808
 43
14.36840979371065
 44
18.67893273182383
 45
0.000000215398503
 46
35.92102455477735
 79
     2
 49
1.626393496
 49
-161.0129622
 53
54.462322
 43
13.47038418160373
 44
17.42169687487415
 45
71.84204935628989
 46
107.7630733048149
 79
     2
 49
1.545021802
 49
-152.95714646
 53
225.0
 43
11.31512271254715
 44
22.80985054751563
 45
17.9605122421383
 46
-17.96051224213831
 79
     2
 49
1.27
 49
-24.13
 53
203.198591
 43
12.57235856949682
 44
23.34866591477979
 45
-71.84204866851576
 46
-35.92102514656928
 79
     2
 49
1.36783191
 49
-135.415354264
 53
261.869898
 43
15.44604052823894
 44
17.96051224213831
 45
0.0000002220345934
 46
-35.92102448427661
 79
     2
 49
1.27
 49
-125.73
 53
251.565051
 43
15.80525077308173
 44
19.0381429766666
 45
-0.0000000306954728
 46
-35.92102460476278
 79
     2
 49
1.135922544
 49
-55.660204148
 53
243.434949
 43
16.16446101792446
 44
19.75656346635215
 45
-17.9605119610638
 46
-53.88153677905457
 79
     2
 49
0.803218612
 49
-79.518633952
 53
135.0
 43
17.42169687487416
 44
17.42169687487416
 45
-17.96051224213831
 46
-17.9605122421383
 79
     2
 49
0.508
 49
-24.892
 53
71.565051
 43
7.723020264119468
 44
26.76116324078608
 45
0.0000000306954515
 46
35.92102460476276
 79
     2
 49
1.135922544
 49
-55.660204148
 53
101.309932
 43
7.723020264119468
 44
26.76116324078608
 45
-17.9605118189603
 46
53.88153674353845
 79
     2
 49
1.831620162
 49
-89.74938235
 53
81.869898
 43
7.723020264119468
 44
26.76116324078608
 45
-0.0000002220345996
 46
35.92102448427661
 79
     2
 49
1.27
 49
-125.73
 53
75.963757
 43
7.363810019276714
 44
25.32432226141501
 45
17.96051140140299
 46
89.80256143676006
 79
     2
 49
1.481061808
 49
-146.625116452
 53
123.690068
 43
7.363810019276714
 44
25.32432226141501
 45
-17.96051255419174
 46
17.96051211611558
 79
     2
 49
3.885452986
 49
-125.629642822
 53
201.037511
 43
9.698676610754688
 44
26.22234787352193
 45
-179.6051224569773
 46
-71.84204898517861
 79
     2
 49
2.501609932
 49
-247.659378188
 53
75.963757
 43
10.23749197801884
 44
23.88748128204395
 45
17.96051140140299
 46
89.80256143676006
 79
     2
 49
1.481061808
 49
-146.625116452
 53
59.036243
 43
9.69867661075469
 44
22.98945566993703
 45
35.92102502205866
 46
71.8420488386716
 79
     2
 49
1.047268924
 49
-103.679614078
 53
225.0
 43
5.20854855022011
 44
30.71247593405651
 45
17.9605122421383
 46
-17.96051224213831
 79
     2
 49
2.54
 49
-22.86
 53
45.0
 43
-0.1796051224213837
 44
31.07168617889927
 45
-17.9605122421383
 46
17.96051224213831
 79
     2
 49
2.286
 49
-23.114
 53
56.309932
 43
1.436840979371055
 44
32.68813228069174
 45
53.88153739618214
 46
89.80256087776024
 79
     2
 49
1.29515108
 49
-128.219944728
 53
180.0
 43
3.232892203584873
 44
32.68813228069172
 45
-17.960512212
 46
-17.960512212
 79
     2
 49
1.796051272
 49
-34.124973152
 53
45.0
 43
3.592102448427671
 44
30.89208105647788
 45
-17.9605122421383
 46
17.96051224213831
 79
     2
 49
1.016
 49
-24.384
 53
390.963757
 43
2.694076836320743
 44
30.35326568921374
 45
17.96051202742584
 46
17.96051249503027
 79
     2
 49
1.047268924
 49
-103.679614078
 53
378.434949
 43
1.616446101792455
 44
29.99405544437097
 45
17.96051212638995
 46
17.96051239805097
 79
     2
 49
1.135922544
 49
-55.660204148
 53
360.0
 43
0.8980256121069221
 44
29.99405544437099
 45
17.960512212
 46
17.960512212
 79
     2
 49
0.718420458
 49
-35.202603966
 53
351.8698979999999
 43
-0.3592102448427745
 44
30.17366056679236
 45
35.92102448427664
 46
0.0000002220345605
 79
     2
 49
1.27
 49
-125.73
 53
56.309932
 43
-1.077630734528297
 44
29.09602983226405
 45
53.88153739618214
 46
89.80256087776024
 79
     2
 49
1.29515108
 49
-128.219944728
 53
329.036243
 43
-1.975656346635212
 44
29.63484519952821
 45
71.84204883867163
 46
-35.92102502205861
 79
     2
 49
1.047268924
 49
-103.679614078
 53
225.0
 43
-0.898025612106915
 44
30.71247593405651
 45
17.9605122421383
 46
-17.96051224213831
 79
     2
 49
1.524
 49
-23.876
 53
59.036243
 43
-4.31052293811319
 44
27.659188852893
 45
35.92102502205866
 46
71.8420488386716
 79
     2
 49
1.047268924
 49
-103.679614078
 53
63.434949
 43
-4.669733182955962
 44
26.94076836320746
 45
17.96051196106378
 46
53.88153677905458
 79
     2
 49
0.803218612
 49
-79.518633952
 53
78.69006800000001
 43
-4.849338305377337
 44
26.04274275110055
 45
-0.0000003469958028
 46
35.92102447965402
 79
     2
 49
0.915809954
 49
-90.665192304
 53
275.194429
 43
-2.334866591477972
 44
25.68353250625778
 45
17.96051251185281
 46
-161.6446102350402
 79
     2
 49
1.9838035
 49
-196.396538372
 53
284.036243
 43
-2.694076836320741
 44
27.12037348562884
 45
17.96051194118109
 46
-53.88153692072842
 79
     2
 49
1.481061808
 49
-146.625116452
 53
281.309932
 43
-3.053287081163511
 44
28.91642470984267
 45
17.96051181896028
 46
-53.88153674353843
 79
     2
 49
1.831620162
 49
-89.74938235
 53
258.690068
 43
-2.873681958742136
 44
29.81445032194959
 45
0.0000003469957983
 46
-35.92102447965404
 79
     2
 49
0.915809954
 49
-90.665192304
 53
243.434949
 43
-2.514471713899351
 44
30.53287081163511
 45
-17.9605119610638
 46
-53.88153677905457
 79
     2
 49
0.803218612
 49
-79.518633952
 53
45.0
 43
-3.232892203584896
 44
29.81445032194959
 45
-17.9605122421383
 46
17.96051224213831
 79
     2
 49
1.016
 49
-24.384
 53
390.963757
 43
-4.130917815691806
 44
29.27563495468544
 45
17.96051202742584
 46
17.96051249503027
 79
     2
 49
1.047268924
 49
-103.679614078
 53
306.8698979999999
 43
-1.975656346635208
 44
32.14931691342754
 45
17.96051237381728
 46
-17.96051199938272
 79
     2
 49
1.796051272
 49
-177.809071102
 53
293.198591
 43
-2.514471713899363
 44
33.40655277037725
 45
35.92102514656926
 46
-71.84204866851576
 79
     2
 49
1.36783191
 49
-135.415354264
 53
81.869898
 43
-5.028943427798723
 44
24.78550689415087
 45
-0.0000002220345996
 46
35.92102448427661
 79
     2
 49
1.27
 49
-125.73
 53
45.0
 43
-5.028943427798723
 44
24.78550689415087
 45
-17.9605122421383
 46
17.96051224213831
 79
     2
 49
2.032
 49
-23.368
 53
123.690068
 43
-5.028943427798723
 44
24.78550689415087
 45
-17.96051255419174
 46
17.96051211611558
 79
     2
 49
2.590301906
 49
-126.924793648
 53
78.69006800000001
 43
-5.208548550220112
 44
23.88748128204395
 45
-0.0000003469958028
 46
35.92102447965402
 79
     2
 49
0.915809954
 49
-90.665192304
 53
75.963757
 43
-5.567758795062874
 44
22.45064030267289
 45
17.96051140140299
 46
89.80256143676006
 79
     2
 49
1.481061808
 49
-146.625116452
 53
381.037511
 43
-5.567758795062874
 44
22.45064030267289
 45
179.6051224569773
 46
71.84204898517869
 79
     2
 49
2.501609932
 49
-247.659378188
 53
124.380345
 43
-5.567758795062874
 44
22.45064030267289
 45
-161.6446113212705
 46
233.4866584687746
 79
     2
 49
4.134820534
 49
-409.347222706
 53
71.565051
 43
-5.926969039905641
 44
21.37300956814459
 45
0.0000000306954515
 46
35.92102460476276
 79
     2
 49
1.135922544
 49
-55.660204148
 53
54.462322
 43
-6.824994652012557
 44
20.1157737111949
 45
71.84204935628989
 46
107.7630733048149
 79
     2
 49
1.545021802
 49
-152.95714646
 53
363.814075
 43
-6.824994652012557
 44
20.1157737111949
 45
233.486659086475
 46
17.96051299728227
 79
     2
 49
2.700057084
 49
-267.30564649
 53
127.405357
 43
-6.824994652012557
 44
20.1157737111949
 45
-125.7235868025592
 46
161.6446094608942
 79
     2
 49
3.843717484
 49
-380.528029646
 53
45.0
 43
-7.543415141698095
 44
19.39735322150938
 45
-17.9605122421383
 46
17.96051224213831
 79
     2
 49
1.016
 49
-24.384
 53
45.0
 43
-8.261835631383626
 44
18.67893273182384
 45
-17.9605122421383
 46
17.96051224213831
 79
     2
 49
1.016
 49
-24.384
 53
45.0
 43
-10.05788685559744
 44
17.24209175245278
 45
-17.9605122421383
 46
17.96051224213831
 79
     2
 49
1.524
 49
-23.876
 53
149.036243
 43
-9.159861243490532
 44
16.70327638518863
 45
-71.84204883867163
 46
35.92102502205861
 79
     2
 49
1.047268924
 49
-103.679614078
 53
246.801409
 43
-8.621045876226386
 44
17.96051224213831
 45
-17.96051267571364
 46
-53.88153663598089
 79
     2
 49
1.36783191
 49
-135.415354264
 53
168.690068
 43
-6.824994652012561
 44
17.60130199729554
 45
-35.92102447965402
 46
-0.0000003469958001
 79
     2
 49
1.831620162
 49
-89.74938235
 53
383.198591
 43
-5.388153672641485
 44
28.73681958742129
 45
71.84204866851572
 46
35.92102514656933
 79
     2
 49
1.36783191
 49
-135.415354264
 53
378.434949
 43
-7.004599774433942
 44
28.19800422015716
 45
17.96051212638995
 46
17.96051239805097
 79
     2
 49
1.703883816
 49
-55.092242876
 53
393.6900680000001
 43
-8.082230508962235
 44
27.4795837304716
 45
17.96051211611559
 46
17.96051255419173
 79
     2
 49
1.29515108
 49
-128.219944728
 53
45.0
 43
-9.519071488333301
 44
26.04274275110054
 45
-17.9605122421383
 46
17.96051224213831
 79
     2
 49
2.032
 49
-23.368
 53
63.434949
 43
-10.23749197801883
 44
24.60590177172949
 45
17.96051196106378
 46
53.88153677905458
 79
     2
 49
1.60643697
 49
-78.715415594
 53
71.565051
 43
-10.77630734528299
 44
22.98945566993704
 45
0.0000000306954515
 46
35.92102460476276
 79
     2
 49
1.703883816
 49
-55.092242876
 53
90.0
 43
-10.77630734528298
 44
21.1934044457232
 45
-17.960512212
 46
17.960512212
 79
     2
 49
1.796051272
 49
-34.124973152
 53
116.565051
 43
-10.05788685559745
 44
19.75656346635214
 45
-17.96051229926558
 46
17.96051229669063
 79
     2
 49
1.60643697
 49
-78.715415594
 53
126.869898
 43
-8.980256121069157
 44
18.31972248698107
 45
-17.96051237381729
 46
17.9605119993827
 79
     2
 49
1.796051272
 49
-177.809071102
 53
360.0
 43
-14.72762003855341
 44
14.72762003855341
 45
17.960512212
 46
17.960512212
 79
     2
 49
0.718420458
 49
-35.202603966
 53
243.434949
 43
-15.44604052823894
 44
16.52367126276724
 45
-17.9605119610638
 46
-53.88153677905457
 79
     2
 49
0.803218612
 49
-79.518633952
 53
388.300756
 43
-15.44604052823894
 44
16.52367126276724
 45
161.6446098465655
 46
89.80256193182159
 79
     2
 49
2.651837978
 49
-262.531947376
 53
119.744881
 43
-15.44604052823894
 44
16.52367126276724
 45
-53.88153620906022
 46
89.8025614978831
 79
     2
 49
2.896045516
 49
-286.708512434
 53
251.565051
 43
-15.26643540581756
 44
17.06248663003139
 45
-0.0000000306954728
 46
-35.92102460476278
 79
     2
 49
0.567961272
 49
-56.22816542
 53
258.690068
 43
-15.08683028339618
 44
17.96051224213829
 45
0.0000003469957983
 46
-35.92102447965404
 79
     2
 49
0.915809954
 49
-90.665192304
 53
261.869898
 43
-14.90722516097479
 44
19.21774809908799
 45
0.0000002220345934
 46
-35.92102448427661
 79
     2
 49
1.27
 49
-125.73
 53
397.874984
 43
-14.90722516097479
 44
19.21774809908799
 45
17.96051227022205
 46
17.96051231074439
 79
     2
 49
2.047813532
 49
-202.733533318
 53
123.690068
 43
-14.90722516097479
 44
19.21774809908799
 45
-17.96051255419174
 46
17.96051211611558
 79
     2
 49
1.29515108
 49
-128.219944728
 53
258.690068
 43
-14.72762003855341
 44
20.11577371119491
 45
0.0000003469957983
 46
-35.92102447965404
 79
     2
 49
0.915809954
 49
-90.665192304
 53
258.690068
 43
-14.54801491613203
 44
21.01379932330182
 45
0.0000003469957983
 46
-35.92102447965404
 79
     2
 49
0.915809954
 49
-90.665192304
 53
251.565051
 43
-14.36840979371065
 44
21.55261469056597
 45
-0.0000000306954728
 46
-35.92102460476278
 79
     2
 49
0.567961272
 49
-56.22816542
 53
90.0
 43
-12.7519636919182
 44
22.80985054751565
 45
-17.960512212
 46
17.960512212
 79
     2
 49
0.359210356
 49
-35.561814322
 53
101.309932
 43
-12.57235856949681
 44
21.91182493540873
 45
-17.9605118189603
 46
53.88153674353845
 79
     2
 49
0.915809954
 49
-90.665192304
 53
101.309932
 43
-12.21314832465405
 44
20.11577371119491
 45
-17.9605118189603
 46
53.88153674353845
 79
     2
 49
1.831620162
 49
-89.74938235
 53
98.130102
 43
-12.03354320223266
 44
18.85853785424522
 45
-17.9605116870518
 46
89.80256132170886
 79
     2
 49
1.27
 49
-125.73
 53
90.0
 43
-12.03354320223267
 44
17.06248663003139
 45
-17.960512212
 46
17.960512212
 79
     2
 49
1.796051272
 49
-34.124973152
 53
81.869898
 43
-12.21314832465404
 44
15.80525077308171
 45
-0.0000002220345996
 46
35.92102448427661
 79
     2
 49
1.27
 49
-125.73
 53
63.434949
 43
-12.93156881433958
 44
14.36840979371064
 45
17.96051196106378
 46
53.88153677905458
 79
     2
 49
1.60643697
 49
-78.715415594
 53
45.0
 43
-13.64998930402511
 44
13.64998930402511
 45
-17.9605122421383
 46
17.96051224213831
 79
     2
 49
1.016
 49
-24.384
 53
126.253838
 43
1.436840979371055
 44
32.68813228069174
 45
-107.7630741006107
 46
143.6840975201284
 79
     2
 49
3.340848284
 49
-330.743991038
 98
        0
1001
ACAD
1010
0.0
1020
0.0
1030
0.0
  0
HATCH
  5
552
330
587
100
AcDbEntity
  8
hatch
440
 33554687
100
AcDbHatch
 10
0.0
 20
0.0
 30
0.0
210
0.0
220
0.0
230
1.0
  2
ESCHER
 70
     0
 71
     0
 91
        1
 92
        0
 93
        3
 72
     1
 10
-39.00000000000005
 20
-45.29865292771659
 11
-18.59275516645257
 21
-3.000000000000014
 72
     1
 10
-18.59275516645257
 20
-3.000000000000014
 11
-59.40724483354749
 21
-3.000000000000043
 72
     1
 10
-59.4072448335475
 20
-3.000000000000043
 11
-39.00000000000005
 21
-45.29865292771659
 97
        0
 75
     0
 76
     0
 52
225.0
 41
0.5
 77
     0
 78
    21
 53
285.0
 43
0.0
 44
0.0
 45
10.7763073386424
 46
10.77630734350364
 79
     2
 49
13.97
 49
-1.27
 53
404.9999999999999
 43
0.0
 44
0.0
 45
-14.72070958778415
 46
3.944402242501169
 79
     2
 49
13.97
 49
-1.27
 53
525.0
 43
0.0
 44
0.0
 45
-10.77630734350364
 46
-10.77630733864239
 79
     2
 49
13.97
 49
-1.27
 53
285.0
 43
-0.8980256121069158
 44
-0.8980256121069163
 45
10.7763073386424
 46
10.77630734350364
 79
     2
 49
2.54
 49
-12.7
 53
525.0
 43
-0.8980256121069158
 44
-0.8980256121069163
 45
-10.77630734350364
 46
-10.77630733864239
 79
     2
 49
2.54
 49
-12.7
 53
285.0
 43
1.226725795988594
 44
-0.3287001838816791
 45
10.7763073386424
 46
10.77630734350364
 79
     2
 49
2.54
 49
-12.7
 53
404.9999999999999
 43
1.226725795988594
 44
-0.3287001838816791
 45
-14.72070958778415
 46
3.944402242501169
 79
     2
 49
2.54
 49
-12.7
 53
525.0
 43
-0.3287001838816795
 44
1.226725795988593
 45
-10.77630734350364
 46
-10.77630733864239
 79
     2
 49
2.54
 49
-12.7
 53
404.9999999999999
 43
-0.3287001838816795
 44
1.226725795988593
 45
-14.72070958778415
 46
3.944402242501169
 79
     2
 49
2.54
 49
-12.7
 53
285.0
 43
3.592102448427663
 44
3.592102448427663
 45
10.7763073386424
 46
10.77630734350364
 79
     2
 49
2.54
 49
-12.7
 53
525.0
 43
3.592102448427663
 44
3.592102448427663
 45
-10.77630734350364
 46
-10.77630733864239
 79
     2
 49
2.54
 49
-12.7
 53
285.0
 43
-4.906903192934634
 44
1.314800744506973
 45
10.7763073386424
 46
10.77630734350364
 79
     2
 49
2.54
 49
-12.7
 53
404.9999999999999
 43
-4.906903192934634
 44
1.314800744506973
 45
-14.72070958778415
 46
3.944402242501169
 79
     2
 49
2.54
 49
-12.7
 53
525.0
 43
1.314800744506972
 44
-4.906903192934634
 45
-10.77630734350364
 46
-10.77630733864239
 79
     2
 49
2.54
 49
-12.7
 53
404.9999999999999
 43
1.314800744506972
 44
-4.906903192934634
 45
-14.72070958778415
 46
3.944402242501169
 79
     2
 49
2.54
 49
-12.7
 53
225.0
 43
-0.2406252353633052
 44
-3.351477213064361
 45
14.72070958778415
 46
-3.94440224250117
 79
     2
 49
8.89
 49
-6.35
 53
225.0
 43
-3.351477213064361
 44
-0.2406252353632978
 45
14.72070958778415
 46
-3.94440224250117
 79
     2
 49
8.89
 49
-6.35
 53
345.0
 43
1.884126172732207
 44
-2.782151784839123
 45
10.77630734350364
 46
10.7763073386424
 79
     2
 49
8.89
 49
-6.35
 53
345.0
 43
3.022777020202428
 44
1.467351040332151
 45
10.77630734350364
 46
10.7763073386424
 79
     2
 49
8.89
 49
-6.35
 53
464.9999999999999
 43
1.46735104033215
 44
3.022777020202425
 45
-14.72070958600481
 46
3.944402249141766
 79
     2
 49
8.89
 49
-6.35
 53
464.9999999999999
 43
-2.782151784839122
 44
1.884126172732212
 45
-14.72070958600481
 46
3.944402249141766
 79
     2
 49
8.89
 49
-6.35
 98
        0
1001
ACAD
1010
0.0
1020
0.0
1030
0.0
  0
HATCH
  5
553
330
587
100
AcDbEntity
  8
hatch
440
 33554687
100
AcDbHatch
 10
0.0
 20
0.0
 30
0.0
210
0.0
220
0.0
230
1.0
  2
ESCHER
 70
     0
 71
     0
 91
        1
 92
        0
 93
        3
 72
     1
 10
-39.00000000000006
 20
45.2986529277166
 11
-18.59275516645257
 21
2.999999999999844
 72
     1
 10
-18.59275516645257
 20
2.999999999999844
 11
-59.4072448335475
 21
3.000000000000007
 72
     1
 10
-59.4072448335475
 20
3.000000000000007
 11
-39.00000000000006
 21
45.2986529277166
 97
        0
 75
     0
 76
     0
 52
225.0
 41
0.5
 77
     0
 78
    21
 53
285.0
 43
0.0
 44
0.0
 45
10.7763073386424
 46
10.77630734350364
 79
     2
 49
13.97
 49
-1.27
 53
404.9999999999999
 43
0.0
 44
0.0
 45
-14.72070958778415
 46
3.944402242501169
 79
     2
 49
13.97
 49
-1.27
 53
525.0
 43
0.0
 44
0.0
 45
-10.77630734350364
 46
-10.77630733864239
 79
     2
 49
13.97
 49
-1.27
 53
285.0
 43
-0.8980256121069158
 44
-0.8980256121069163
 45
10.7763073386424
 46
10.77630734350364
 79
     2
 49
2.54
 49
-12.7
 53
525.0
 43
-0.8980256121069158
 44
-0.8980256121069163
 45
-10.77630734350364
 46
-10.77630733864239
 79
     2
 49
2.54
 49
-12.7
 53
285.0
 43
1.226725795988594
 44
-0.3287001838816791
 45
10.7763073386424
 46
10.77630734350364
 79
     2
 49
2.54
 49
-12.7
 53
404.9999999999999
 43
1.226725795988594
 44
-0.3287001838816791
 45
-14.72070958778415
 46
3.944402242501169
 79
     2
 49
2.54
 49
-12.7
 53
525.0
 43
-0.3287001838816795
 44
1.226725795988593
 45
-10.77630734350364
 46
-10.77630733864239
 79
     2
 49
2.54
 49
-12.7
 53
404.9999999999999
 43
-0.3287001838816795
 44
1.226725795988593
 45
-14.72070958778415
 46
3.944402242501169
 79
     2
 49
2.54
 49
-12.7
 53
285.0
 43
3.592102448427663
 44
3.592102448427663
 45
10.7763073386424
 46
10.77630734350364
 79
     2
 49
2.54
 49
-12.7
 53
525.0
 43
3.592102448427663
 44
3.592102448427663
 45
-10.77630734350364
 46
-10.77630733864239
 79
     2
 49
2.54
 49
-12.7
 53
285.0
 43
-4.906903192934634
 44
1.314800744506973
 45
10.7763073386424
 46
10.77630734350364
 79
     2
 49
2.54
 49
-12.7
 53
404.9999999999999
 43
-4.906903192934634
 44
1.314800744506973
 45
-14.72070958778415
 46
3.944402242501169
 79
     2
 49
2.54
 49
-12.7
 53
525.0
 43
1.314800744506972
 44
-4.906903192934634
 45
-10.77630734350364
 46
-10.77630733864239
 79
     2
 49
2.54
 49
-12.7
 53
404.9999999999999
 43
1.314800744506972
 44
-4.906903192934634
 45
-14.72070958778415
 46
3.944402242501169
 79
     2
 49
2.54
 49
-12.7
 53
225.0
 43
-0.2406252353633052
 44
-3.351477213064361
 45
14.72070958778415
 46
-3.94440224250117
 79
     2
 49
8.89
 49
-6.35
 53
225.0
 43
-3.351477213064361
 44
-0.2406252353632978
 45
14.72070958778415
 46
-3.94440224250117
 79
     2
 49
8.89
 49
-6.35
 53
345.0
 43
1.884126172732207
 44
-2.782151784839123
 45
10.77630734350364
 46
10.7763073386424
 79
     2
 49
8.89
 49
-6.35
 53
345.0
 43
3.022777020202428
 44
1.467351040332151
 45
10.77630734350364
 46
10.7763073386424
 79
     2
 49
8.89
 49
-6.35
 53
464.9999999999999
 43
1.46735104033215
 44
3.022777020202425
 45
-14.72070958600481
 46
3.944402249141766
 79
     2
 49
8.89
 49
-6.35
 53
464.9999999999999
 43
-2.782151784839122
 44
1.884126172732212
 45
-14.72070958600481
 46
3.944402249141766
 79
     2
 49
8.89
 49
-6.35
 98
        0
1001
ACAD
1010
0.0
1020
0.0
1030
0.0
  0
HATCH
  5
554
330
587
100
AcDbEntity
  8
hatch
440
 33554687
100
AcDbHatch
 10
0.0
 20
0.0
 30
0.0
210
0.0
220
0.0
230
1.0
  2
BARBWIRE
 70
     0
 71
     0
 91
        1
 92
        0
 93
        3
 72
     1
 10
-91.00000000000009
 20
-45.29865292771659
 11
-70.5927551664526
 21
-3.000000000000007
 72
     1
 10
-70.5927551664526
 20
-3.000000000000007
 11
-111.4072448335476
 21
-3.000000000000043
 72
     1
 10
-111.4072448335476
 20
-3.000000000000043
 11
-91.00000000000009
 21
-45.29865292771659
 97
        0
 75
     0
 76
     0
 52
225.0
 41
0.5
 77
     0
 78
    42
 53
540.0
 43
2.334866591477982
 44
-7.723020264119477
 45
-8.980256106000004
 46
-8.980256105999997
 79
     2
 49
0.179605178
 49
-17.780907161
 53
513.4349490000001
 43
3.771707570849046
 44
-8.441440753805008
 45
-26.9407683895273
 46
8.980255980531863
 79
     2
 49
1.606437097
 49
-38.554489185
 53
383.198591
 43
3.143089642374199
 44
-8.71084843743708
 45
35.92102433425787
 46
17.96051257328464
 79
     2
 49
0.683915955
 49
-67.707677132
 53
341.565051
 43
2.87368195874213
 44
-8.621045876226395
 45
17.96051230238139
 46
-0.0000000153477373
 79
     2
 49
0.283980636
 49
-28.11408271
 53
341.565051
 43
2.334866591477977
 44
-8.441440753805004
 45
17.96051230238139
 46
-0.0000000153477373
 79
     2
 49
0.567961272
 49
-27.830102074
 53
336.801409
 43
-0.4490128060534588
 44
-7.453612580487402
 45
26.94076831799044
 46
-8.980256337856822
 79
     2
 49
0.683915955
 49
-67.707677132
 53
381.801409
 43
-1.347038418160379
 44
-7.812822825330167
 45
62.8617931221008
 46
26.94076780886532
 79
     2
 49
0.967203171
 49
-95.753115199
 53
514.653824
 43
0.3592102448427621
 44
-8.621045876226393
 45
-134.7038418068456
 46
62.86179300134863
 79
     2
 49
1.887990763
 49
-186.911082362
 53
419.036243
 43
0.4490128060534557
 44
-6.016771601116333
 45
17.96051251102931
 46
35.92102441933581
 79
     2
 49
0.523634462
 49
-51.839807039
 53
476.5650509999999
 43
0.6286179284748394
 44
-6.3759818459591
 45
-8.98025614963279
 46
8.980256148345314
 79
     2
 49
0.401609306
 49
-39.759316976
 53
479.0546039999999
 43
1.077630734528296
 44
-7.184204896855323
 45
-26.94076825121964
 46
44.90128069337588
 79
     2
 49
0.92457397
 49
-91.532821633
 53
299.744881
 43
1.077630734528296
 44
-7.184204896855323
 45
26.9407681045301
 46
-44.90128074894156
 79
     2
 49
1.448022758
 49
-143.354256217
 53
360.0
 43
0.71842048968553
 44
-7.184204896855324
 45
8.980256106000002
 46
8.980256105999999
 79
     2
 49
0.359210229
 49
-17.601301983
 53
404.9999999999999
 43
0.4490128060534571
 44
-7.453612580487402
 45
-8.980256121069152
 46
8.980256121069154
 79
     2
 49
0.381
 49
-12.319
 53
494.9999999999998
 43
0.5388153672641471
 44
-7.543415141698091
 45
-8.980256121069162
 46
-8.980256121069143
 79
     2
 49
0.127
 49
-12.573
 53
299.0546039999999
 43
0.5388153672641471
 44
-7.543415141698091
 45
26.94076825121968
 46
-44.90128069337585
 79
     2
 49
1.84914794
 49
-90.608247663
 53
386.565051
 43
0.1796051224213815
 44
-7.723020264119476
 45
8.98025614834531
 46
8.98025614963279
 79
     2
 49
0.401609306
 49
-39.759316976
 53
423.434949
 43
-0.0000000000000018
 44
-8.08223050896224
 45
8.980255980531904
 46
26.94076838952728
 79
     2
 49
0.401609306
 49
-39.759316976
 53
483.2317110000001
 43
1.706248663003138
 44
-10.68650478407229
 45
-35.92102439212378
 46
53.88153674501287
 79
     2
 49
3.113443227
 49
-308.230883791
 53
246.801409
 43
1.97565634663521
 44
-10.05788685559746
 45
-8.980256337856819
 46
-26.94076831799044
 79
     2
 49
0.683915955
 49
-67.707677132
 53
300.963757
 43
1.436840979371064
 44
-9.159861243490536
 45
8.980256247515143
 46
-8.980256013712921
 79
     2
 49
1.047268797
 49
-51.316172577
 53
566.5650509999999
 43
1.796051224213826
 44
-8.980256121069154
 45
-8.98025614834533
 46
-8.980256149632774
 79
     2
 49
0.401609306
 49
-39.759316976
 53
270.0
 43
1.79605122421383
 44
-8.441440753805004
 45
8.980256105999999
 46
-8.980256106000002
 79
     2
 49
0.538815407
 49
-17.421696932
 53
513.4349490000001
 43
2.155261469056597
 44
-8.62104587622639
 45
-26.9407683895273
 46
8.980255980531863
 79
     2
 49
0.401609306
 49
-39.759316976
 53
225.0
 43
2.334866591477977
 44
-8.441440753805004
 45
8.980256121069152
 46
-8.980256121069155
 79
     2
 49
0.254
 49
-12.446
 53
251.565051
 43
2.424669152688671
 44
-8.172033070172933
 45
-0.0000000153477364
 46
-17.96051230238139
 79
     2
 49
0.283980636
 49
-28.11408271
 53
303.231711
 43
0.7184204896855304
 44
-5.567758795062878
 45
35.92102439212371
 46
-53.88153674501292
 79
     2
 49
3.113443227
 49
-308.230883791
 53
229.085617
 43
-2.69407683632075
 44
-11.31512271254713
 45
-107.7630729883178
 46
-125.7235861301307
 79
     2
 49
1.782529963
 49
-176.470464432
 53
225.0
 43
-1.885853785424524
 44
-10.50689966165091
 45
8.980256121069152
 46
-8.980256121069155
 79
     2
 49
1.143
 49
-11.557
 53
579.289407
 43
-0.8980256121069186
 44
-9.698676610754685
 45
-8.980256089580866
 46
-8.98025615055425
 79
     2
 49
1.276334252
 49
-126.357086122
 53
581.185925
 43
0.7184204896855331
 44
-9.159861243490536
 45
-8.980256171907936
 46
-8.98025610801575
 79
     2
 49
1.909228592
 49
-189.013635307
 53
576.4692339999999
 43
-2.245064030267296
 44
-12.12334576344336
 45
-71.84204928684865
 46
-53.88153623869513
 79
     2
 49
2.568415996
 49
-254.273188811
 53
225.0
 43
-0.9878281733176131
 44
-10.86610990649368
 45
8.980256121069152
 46
-8.980256121069155
 79
     2
 49
1.778
 49
-10.922
 53
239.036243
 43
0.3592102448427621
 44
-8.621045876226393
 45
-17.96051251102931
 46
-35.92102441933582
 79
     2
 49
2.618172056
 49
-49.745269318
 53
414.8658070000001
 43
-1.706248663003143
 44
-10.86610990649368
 45
125.7235855827164
 46
179.6051225589089
 79
     2
 49
2.964844845
 49
-293.519640417
 53
404.9999999999999
 43
-2.604274275110055
 44
-11.76413551860059
 45
-8.980256121069152
 46
8.980256121069154
 79
     2
 49
1.27
 49
-11.43
 53
396.469234
 43
-4.669733182955959
 44
-13.29077905918234
 45
71.8420492868485
 46
53.88153623869528
 79
     2
 49
2.568415996
 49
-254.273188811
 53
411.115504
 43
-3.951312693270434
 44
-14.00919954886788
 45
71.8420483094161
 46
89.8025617556101
 79
     2
 49
1.986862422
 49
-355.648384714
 53
230.52754
 43
3.552190149110375
 44
-6.026749653495015
 45
-80.82230539631539
 46
-98.78281707379028
 79
     2
 49
2.197440233
 49
-393.341811867
 53
228.691386
 43
4.310522938113193
 44
-4.310522938113195
 45
-125.7235856302748
 46
-143.6840979511419
 79
     2
 49
1.92448053
 49
-392.594023548
 53
573.3106310000001
 43
4.669733182955958
 44
-4.669733182955969
 45
-53.88153660443786
 46
-35.92102463116188
 79
     2
 49
3.761001622
 49
-372.339157911
 53
573.690068
 43
5.028943427798721
 44
-5.028943427798731
 45
-8.980256058057803
 46
-8.980256277095858
 79
     2
 49
3.885452859
 49
-60.872094918
 98
        0
1001
ACAD
1010
0.0
1020
0.0
1030
0.0
  0
HATCH
  5
555
330
587
100
AcDbEntity
  8
hatch
440
 33554687
100
AcDbHatch
 10
0.0
 20
0.0
 30
0.0
210
0.0
220
0.0
230
1.0
  2
BARBWIRE
 70
     0
 71
     0
 91
        1
 92
        0
 93
        3
 72
     1
 10
-91.00000000000011
 20
45.29865292771659
 11
-70.5927551664526
 21
2.999999999999929
 72
     1
 10
-70.5927551664526
 20
2.999999999999929
 11
-111.4072448335476
 21
3.000000000000043
 72
     1
 10
-111.4072448335476
 20
3.000000000000043
 11
-91.00000000000011
 21
45.29865292771659
 97
        0
 75
     0
 76
     0
 52
225.0
 41
0.5
 77
     0
 78
    42
 53
540.0
 43
2.334866591477982
 44
-7.723020264119477
 45
-8.980256106000004
 46
-8.980256105999997
 79
     2
 49
0.179605178
 49
-17.780907161
 53
513.4349490000001
 43
3.771707570849046
 44
-8.441440753805008
 45
-26.9407683895273
 46
8.980255980531863
 79
     2
 49
1.606437097
 49
-38.554489185
 53
383.198591
 43
3.143089642374199
 44
-8.71084843743708
 45
35.92102433425787
 46
17.96051257328464
 79
     2
 49
0.683915955
 49
-67.707677132
 53
341.565051
 43
2.87368195874213
 44
-8.621045876226395
 45
17.96051230238139
 46
-0.0000000153477373
 79
     2
 49
0.283980636
 49
-28.11408271
 53
341.565051
 43
2.334866591477977
 44
-8.441440753805004
 45
17.96051230238139
 46
-0.0000000153477373
 79
     2
 49
0.567961272
 49
-27.830102074
 53
336.801409
 43
-0.4490128060534588
 44
-7.453612580487402
 45
26.94076831799044
 46
-8.980256337856822
 79
     2
 49
0.683915955
 49
-67.707677132
 53
381.801409
 43
-1.347038418160379
 44
-7.812822825330167
 45
62.8617931221008
 46
26.94076780886532
 79
     2
 49
0.967203171
 49
-95.753115199
 53
514.653824
 43
0.3592102448427621
 44
-8.621045876226393
 45
-134.7038418068456
 46
62.86179300134863
 79
     2
 49
1.887990763
 49
-186.911082362
 53
419.036243
 43
0.4490128060534557
 44
-6.016771601116333
 45
17.96051251102931
 46
35.92102441933581
 79
     2
 49
0.523634462
 49
-51.839807039
 53
476.5650509999999
 43
0.6286179284748394
 44
-6.3759818459591
 45
-8.98025614963279
 46
8.980256148345314
 79
     2
 49
0.401609306
 49
-39.759316976
 53
479.0546039999999
 43
1.077630734528296
 44
-7.184204896855323
 45
-26.94076825121964
 46
44.90128069337588
 79
     2
 49
0.92457397
 49
-91.532821633
 53
299.744881
 43
1.077630734528296
 44
-7.184204896855323
 45
26.9407681045301
 46
-44.90128074894156
 79
     2
 49
1.448022758
 49
-143.354256217
 53
360.0
 43
0.71842048968553
 44
-7.184204896855324
 45
8.980256106000002
 46
8.980256105999999
 79
     2
 49
0.359210229
 49
-17.601301983
 53
404.9999999999999
 43
0.4490128060534571
 44
-7.453612580487402
 45
-8.980256121069152
 46
8.980256121069154
 79
     2
 49
0.381
 49
-12.319
 53
494.9999999999998
 43
0.5388153672641471
 44
-7.543415141698091
 45
-8.980256121069162
 46
-8.980256121069143
 79
     2
 49
0.127
 49
-12.573
 53
299.0546039999999
 43
0.5388153672641471
 44
-7.543415141698091
 45
26.94076825121968
 46
-44.90128069337585
 79
     2
 49
1.84914794
 49
-90.608247663
 53
386.565051
 43
0.1796051224213815
 44
-7.723020264119476
 45
8.98025614834531
 46
8.98025614963279
 79
     2
 49
0.401609306
 49
-39.759316976
 53
423.434949
 43
-0.0000000000000018
 44
-8.08223050896224
 45
8.980255980531904
 46
26.94076838952728
 79
     2
 49
0.401609306
 49
-39.759316976
 53
483.2317110000001
 43
1.706248663003138
 44
-10.68650478407229
 45
-35.92102439212378
 46
53.88153674501287
 79
     2
 49
3.113443227
 49
-308.230883791
 53
246.801409
 43
1.97565634663521
 44
-10.05788685559746
 45
-8.980256337856819
 46
-26.94076831799044
 79
     2
 49
0.683915955
 49
-67.707677132
 53
300.963757
 43
1.436840979371064
 44
-9.159861243490536
 45
8.980256247515143
 46
-8.980256013712921
 79
     2
 49
1.047268797
 49
-51.316172577
 53
566.5650509999999
 43
1.796051224213826
 44
-8.980256121069154
 45
-8.98025614834533
 46
-8.980256149632774
 79
     2
 49
0.401609306
 49
-39.759316976
 53
270.0
 43
1.79605122421383
 44
-8.441440753805004
 45
8.980256105999999
 46
-8.980256106000002
 79
     2
 49
0.538815407
 49
-17.421696932
 53
513.4349490000001
 43
2.155261469056597
 44
-8.62104587622639
 45
-26.9407683895273
 46
8.980255980531863
 79
     2
 49
0.401609306
 49
-39.759316976
 53
225.0
 43
2.334866591477977
 44
-8.441440753805004
 45
8.980256121069152
 46
-8.980256121069155
 79
     2
 49
0.254
 49
-12.446
 53
251.565051
 43
2.424669152688671
 44
-8.172033070172933
 45
-0.0000000153477364
 46
-17.96051230238139
 79
     2
 49
0.283980636
 49
-28.11408271
 53
303.231711
 43
0.7184204896855304
 44
-5.567758795062878
 45
35.92102439212371
 46
-53.88153674501292
 79
     2
 49
3.113443227
 49
-308.230883791
 53
229.085617
 43
-2.69407683632075
 44
-11.31512271254713
 45
-107.7630729883178
 46
-125.7235861301307
 79
     2
 49
1.782529963
 49
-176.470464432
 53
225.0
 43
-1.885853785424524
 44
-10.50689966165091
 45
8.980256121069152
 46
-8.980256121069155
 79
     2
 49
1.143
 49
-11.557
 53
579.289407
 43
-0.8980256121069186
 44
-9.698676610754685
 45
-8.980256089580866
 46
-8.98025615055425
 79
     2
 49
1.276334252
 49
-126.357086122
 53
581.185925
 43
0.7184204896855331
 44
-9.159861243490536
 45
-8.980256171907936
 46
-8.98025610801575
 79
     2
 49
1.909228592
 49
-189.013635307
 53
576.4692339999999
 43
-2.245064030267296
 44
-12.12334576344336
 45
-71.84204928684865
 46
-53.88153623869513
 79
     2
 49
2.568415996
 49
-254.273188811
 53
225.0
 43
-0.9878281733176131
 44
-10.86610990649368
 45
8.980256121069152
 46
-8.980256121069155
 79
     2
 49
1.778
 49
-10.922
 53
239.036243
 43
0.3592102448427621
 44
-8.621045876226393
 45
-17.96051251102931
 46
-35.92102441933582
 79
     2
 49
2.618172056
 49
-49.745269318
 53
414.8658070000001
 43
-1.706248663003143
 44
-10.86610990649368
 45
125.7235855827164
 46
179.6051225589089
 79
     2
 49
2.964844845
 49
-293.519640417
 53
404.9999999999999
 43
-2.604274275110055
 44
-11.76413551860059
 45
-8.980256121069152
 46
8.980256121069154
 79
     2
 49
1.27
 49
-11.43
 53
396.469234
 43
-4.669733182955959
 44
-13.29077905918234
 45
71.8420492868485
 46
53.88153623869528
 79
     2
 49
2.568415996
 49
-254.273188811
 53
411.115504
 43
-3.951312693270434
 44
-14.00919954886788
 45
71.8420483094161
 46
89.8025617556101
 79
     2
 49
1.986862422
 49
-355.648384714
 53
230.52754
 43
3.552190149110375
 44
-6.026749653495015
 45
-80.82230539631539
 46
-98.78281707379028
 79
     2
 49
2.197440233
 49
-393.341811867
 53
228.691386
 43
4.310522938113193
 44
-4.310522938113195
 45
-125.7235856302748
 46
-143.6840979511419
 79
     2
 49
1.92448053
 49
-392.594023548
 53
573.3106310000001
 43
4.669733182955958
 44
-4.669733182955969
 45
-53.88153660443786
 46
-35.92102463116188
 79
     2
 49
3.761001622
 49
-372.339157911
 53
573.690068
 43
5.028943427798721
 44
-5.028943427798731
 45
-8.980256058057803
 46
-8.980256277095858
 79
     2
 49
3.885452859
 49
-60.872094918
 98
        0
1001
ACAD
1010
0.0
1020
0.0
1030
0.0
  0
HATCH
  5
556
330
587
100
AcDbEntity
  8
hatch
440
 33554687
100
AcDbHatch
 10
0.0
 20
0.0
 30
0.0
210
0.0
220
0.0
230
1.0
  2
REDBACK
 70
     0
 71
     0
 91
        1
 92
        0
 93
        3
 72
     1
 10
65.00000000000003
 20
-45.29865292771659
 11
85.40724483354751
 21
-3.000000000000014
 72
     1
 10
85.40724483354751
 20
-3.000000000000014
 11
44.59275516645258
 21
-3.000000000000043
 72
     1
 10
44.59275516645258
 20
-3.000000000000043
 11
65.00000000000003
 21
-45.29865292771659
 97
        0
 75
     0
 76
     0
 52
90.0
 41
0.55
 77
     0
 78
   167
 53
153.434949
 43
-10.8966
 44
10.1981
 45
-13.97000001758799
 46
-0.0000001046674648
 79
     2
 49
0.3123786996
 49
-30.925490981
 53
123.690068
 43
-10.6172
 44
9.779000000000002
 45
-13.97000013437227
 46
13.96999986508305
 79
     2
 49
0.5036954747
 49
-49.86585576500001
 53
165.963757
 43
-10.0584
 44
9.639300000000002
 45
-13.97000001484834
 46
-0.0000001818554551
 79
     2
 49
0.5759979082
 49
-57.023787755
 53
90.0
 43
-10.0584
 44
9.220200000000004
 45
-13.97
 46
0.0000000000000009
 79
     2
 49
0.4191
 49
-13.5509
 53
198.434949
 43
-9.639299999999999
 44
9.359900000000005
 45
-27.93999990907259
 46
-13.97000012908866
 79
     2
 49
0.4417702366
 49
-43.7352486725
 53
180.0
 43
-9.499599999999997
 44
9.359900000000001
 45
-0.0000000000000017
 46
-13.97
 79
     2
 49
0.1397
 49
-13.8303
 53
90.0
 43
-7.962899999999998
 44
7.543800000000003
 45
-13.97
 46
0.0000000000000009
 79
     2
 49
0.1397
 49
-13.8303
 53
360.0
 43
-8.1026
 44
7.543800000000003
 45
0.0000000000000034
 46
13.97
 79
     2
 49
0.1397
 49
-13.8303
 53
315.0
 43
-8.242300000000004
 44
7.683500000000003
 45
13.96999997500227
 46
-0.0000000000000049
 79
     2
 49
0.1975656958
 49
-19.558997876
 53
270.0
 43
-8.2423
 44
7.823200000000003
 45
13.97
 46
-0.0000000000000026
 79
     2
 49
0.1397
 49
-13.8303
 53
404.9999999999999
 43
-8.382000000000001
 44
7.683500000000006
 45
0.0000000000000078
 46
13.96999997500227
 79
     2
 49
0.1975656958
 49
-19.558997876
 53
105.524111
 43
-7.683500000000004
 44
5.168900000000003
 45
-27.93999995186065
 46
97.78999994908918
 79
     2
 49
2.6098114174
 49
-258.3713261250001
 53
90.0
 43
-7.683500000000003
 44
4.889500000000009
 45
-13.97
 46
0.0000000000000009
 79
     2
 49
0.2794
 49
-13.6906
 53
135.0
 43
-7.543799999999998
 44
4.7498
 45
-13.96999997500227
 46
0.000000000000002
 79
     2
 49
0.1975656958
 49
-19.558997876
 53
90.0
 43
-7.543800000000002
 44
4.330700000000001
 45
-13.97
 46
0.0000000000000009
 79
     2
 49
0.4191
 49
-13.5509
 53
116.565051
 43
-6.705599999999998
 44
2.654299999999998
 45
-13.97000003590426
 46
13.97000006076359
 79
     2
 49
1.874272197600001
 49
-29.36359748300001
 53
90.0
 43
-6.7056
 44
2.514600000000001
 45
-13.97
 46
0.0000000000000009
 79
     2
 49
0.1397
 49
-13.8303
 53
123.690068
 43
-6.4262
 44
2.095499999999999
 45
-13.97000013437227
 46
13.96999986508305
 79
     2
 49
0.5036954747
 49
-49.86585576500001
 53
122.005383
 43
-5.727700000000001
 44
0.977900000000004
 45
-27.93999985767695
 46
41.91000006458377
 79
     2
 49
1.3179271457
 49
-130.474789225
 53
135.0
 43
-5.588000000000004
 44
0.8382000000000006
 45
-13.96999997500227
 46
0.000000000000002
 79
     2
 49
0.1975656958
 49
-19.558997876
 53
360.0
 43
-5.7277
 44
0.8382000000000047
 45
0.0000000000000034
 46
13.97
 79
     2
 49
0.1397
 49
-13.8303
 53
315.0
 43
-5.8674
 44
0.9778999999999985
 45
13.96999997500227
 46
-0.0000000000000049
 79
     2
 49
0.1975656958
 49
-19.558997876
 53
303.690068
 43
-6.7056
 44
2.235200000000001
 45
13.97000013437227
 46
-13.96999986508305
 79
     2
 49
1.5110865638
 49
-48.85846482
 53
333.434949
 43
-6.985000000000002
 44
2.374900000000002
 45
13.97000001758799
 46
0.0000001046674697
 79
     2
 49
0.3123786996
 49
-30.925490981
 53
295.016893
 43
-7.962900000000007
 44
4.470400000000005
 45
13.96999980293879
 46
-27.94000017185616
 79
     2
 49
2.3124464165
 49
-228.932200145
 53
279.462322
 43
-8.102600000000002
 44
5.308599999999999
 45
13.96999979218404
 46
-69.85000009648498
 79
     2
 49
0.8497619911000001
 49
-84.126430575
 53
284.036243
 43
-8.242300000000002
 44
5.867399999999999
 45
13.96999974007301
 46
-41.91000015756887
 79
     2
 49
0.5759979082
 49
-57.023787755
 53
284.036243
 43
-8.521700000000003
 44
6.985000000000001
 45
13.96999974007301
 46
-41.91000015756887
 79
     2
 49
1.1519956767
 49
-56.44778986000001
 53
288.434949
 43
-8.8011
 44
7.8232
 45
13.97000012908867
 46
-27.93999990907258
 79
     2
 49
0.8835403335000005
 49
-43.29347857450001
 53
96.34019199999999
 43
-8.661399999999999
 44
6.565900000000002
 45
-13.97000054720783
 46
111.7599999057638
 79
     2
 49
1.2650372845
 49
-125.23869314
 53
404.9999999999999
 43
-8.801100000000002
 44
6.426200000000001
 45
0.0000000000000078
 46
13.96999997500227
 79
     2
 49
0.1975656958
 49
-19.558997876
 53
135.0
 43
-8.6614
 44
6.286500000000002
 45
-13.96999997500227
 46
0.000000000000002
 79
     2
 49
0.1975656958
 49
-19.558997876
 53
113.198591
 43
-8.242299999999998
 44
5.3086
 45
-13.97000020720043
 46
27.93999991291197
 79
     2
 49
1.0639234881
 49
-105.32842672
 53
90.0
 43
-8.2423
 44
4.889500000000007
 45
-13.97
 46
0.0000000000000009
 79
     2
 49
0.4191
 49
-13.5509
 53
135.0
 43
-7.823200000000002
 44
4.470399999999999
 45
-13.96999997500227
 46
0.000000000000002
 79
     2
 49
0.5926969477
 49
-19.163866623
 53
326.309932
 43
-8.242300000000006
 44
4.7498
 45
27.93999984116661
 46
-13.97000017062695
 79
     2
 49
0.5036954747
 49
-49.86585576500001
 53
296.565051
 43
-8.382000000000003
 44
5.029200000000002
 45
13.97000003590427
 46
-13.97000006076358
 79
     2
 49
0.3123786996
 49
-30.925490981
 53
296.565051
 43
-8.8011
 44
5.8674
 45
13.97000003590427
 46
-13.97000006076358
 79
     2
 49
0.9371360988000005
 49
-30.300733584
 53
296.565051
 43
-8.940800000000003
 44
6.1468
 45
13.97000003590427
 46
-13.97000006076358
 79
     2
 49
0.3123786996
 49
-30.925490981
 53
296.565051
 43
-9.080500000000006
 44
6.426200000000004
 45
13.97000003590427
 46
-13.97000006076358
 79
     2
 49
0.3123786996
 49
-30.925490981
 53
270.0
 43
-9.080500000000006
 44
7.962900000000002
 45
13.97
 46
-0.0000000000000026
 79
     2
 49
1.5367
 49
-12.4333
 53
315.0
 43
-9.220200000000002
 44
8.1026
 45
13.96999997500227
 46
-0.0000000000000049
 79
     2
 49
0.1975656958
 49
-19.558997876
 53
411.340192
 43
-9.779
 44
7.404100000000006
 45
41.90999978548306
 46
55.88000018524216
 79
     2
 49
0.8945164228
 49
-88.55712921000003
 53
386.565051
 43
-10.0584
 44
7.264400000000004
 45
13.9700000607636
 46
13.97000003590425
 79
     2
 49
0.3123786996
 49
-30.925490981
 53
375.9453960000001
 43
-11.0363
 44
6.985000000000001
 45
41.90999998104235
 46
13.97000001658671
 79
     2
 49
1.017031367
 49
-100.686103815
 53
344.0546039999999
 43
-12.0142
 44
7.264400000000005
 45
55.87999999828813
 46
-13.97000016041249
 79
     2
 49
1.017031367
 49
-100.686103815
 53
225.0
 43
-11.8745
 44
7.4041
 45
-0.0000000000000029
 46
-13.96999997500227
 79
     2
 49
0.1975656958
 49
-19.558997876
 53
180.0
 43
-11.4554
 44
7.404099999999993
 45
-0.0000000000000017
 46
-13.97
 79
     2
 49
0.4191
 49
-13.5509
 53
161.565051
 43
-11.0363
 44
7.2644
 45
-13.97000004343317
 46
-0.0000000010014173
 79
     2
 49
0.4417702366
 49
-43.7352486725
 53
195.945396
 43
-10.0584
 44
7.543800000000001
 45
-41.90999998104235
 46
-13.97000001658671
 79
     2
 49
1.017031367
 49
-100.686103815
 53
225.0
 43
-9.499599999999997
 44
8.102600000000002
 45
-0.0000000000000029
 46
-13.96999997500227
 79
     2
 49
0.7902625038000002
 49
-18.9663009305
 53
270.0
 43
-9.499599999999997
 44
8.2423
 45
13.97
 46
-0.0000000000000026
 79
     2
 49
0.1397
 49
-13.8303
 53
360.0
 43
-9.6393
 44
8.2423
 45
0.0000000000000034
 46
13.97
 79
     2
 49
0.1397
 49
-13.8303
 53
360.0
 43
-9.918700000000007
 44
8.242299999999995
 45
0.0000000000000034
 46
13.97
 79
     2
 49
0.2794
 49
-13.6906
 53
386.565051
 43
-10.1981
 44
8.102599999999999
 45
13.9700000607636
 46
13.97000003590425
 79
     2
 49
0.3123786996
 49
-30.925490981
 53
368.1301020000001
 43
-11.176
 44
7.962900000000007
 45
83.82000008850586
 46
13.96999953529915
 79
     2
 49
0.9878281996
 49
-97.79498910500001
 53
341.565051
 43
-11.5951
 44
8.102600000000002
 45
13.97000004343317
 46
0.0000000010014124
 79
     2
 49
0.4417702366
 49
-43.7352486725
 53
315.0
 43
-11.73480000000001
 44
8.242299999999997
 45
13.96999997500227
 46
-0.0000000000000049
 79
     2
 49
0.1975656958
 49
-19.558997876
 53
315.0
 43
-11.8745
 44
8.382000000000003
 45
13.96999997500227
 46
-0.0000000000000049
 79
     2
 49
0.1975656958
 49
-19.558997876
 53
333.434949
 43
-12.1539
 44
8.521700000000003
 45
13.97000001758799
 46
0.0000001046674697
 79
     2
 49
0.3123786996
 49
-30.925490981
 53
333.434949
 43
-12.7127
 44
8.801100000000003
 45
13.97000001758799
 46
0.0000001046674697
 79
     2
 49
0.6247573992000001
 49
-30.6131122825
 53
333.434949
 43
-13.2715
 44
9.080500000000006
 45
13.97000001758799
 46
0.0000001046674697
 79
     2
 49
0.6247573992000001
 49
-30.6131122825
 53
315.0
 43
-13.4112
 44
9.220199999999995
 45
13.96999997500227
 46
-0.0000000000000049
 79
     2
 49
0.1975656958
 49
-19.558997876
 53
258.690068
 43
-12.9921
 44
11.3157
 45
0.0000001705873659
 46
-13.97000007127033
 79
     2
 49
2.1369991423
 49
-69.09630354000001
 53
445.601295
 43
-13.1318
 44
9.4996
 45
-0.000000097101656
 46
13.97000006604627
 79
     2
 49
1.8214651785
 49
-180.325050015
 53
146.309932
 43
-12.71270000000001
 44
9.220200000000002
 45
-27.93999984116661
 46
13.97000017062694
 79
     2
 49
0.5036954747
 49
-49.86585576500001
 53
146.309932
 43
-12.2936
 44
8.940800000000005
 45
-27.93999984116661
 46
13.97000017062694
 79
     2
 49
0.5036954747
 49
-49.86585576500001
 53
153.434949
 43
-12.01420000000001
 44
8.801100000000002
 45
-13.97000001758799
 46
-0.0000001046674648
 79
     2
 49
0.3123786996
 49
-30.925490981
 53
146.309932
 43
-11.59510000000001
 44
8.521700000000006
 45
-27.93999984116661
 46
13.97000017062694
 79
     2
 49
0.5036954747
 49
-49.86585576500001
 53
161.565051
 43
-11.176
 44
8.382000000000001
 45
-13.97000004343317
 46
-0.0000000010014173
 79
     2
 49
0.4417702366
 49
-43.7352486725
 53
180.0
 43
-11.0363
 44
8.382000000000005
 45
-0.0000000000000017
 46
-13.97
 79
     2
 49
0.1397
 49
-13.8303
 53
180.0
 43
-10.75690000000001
 44
8.382000000000009
 45
-0.0000000000000017
 46
-13.97
 79
     2
 49
0.2794
 49
-13.6906
 53
180.0
 43
-10.3378
 44
8.381999999999998
 45
-0.0000000000000017
 46
-13.97
 79
     2
 49
0.4191
 49
-13.5509
 53
315.0
 43
-10.4775
 44
8.52170000000001
 45
13.96999997500227
 46
-0.0000000000000049
 79
     2
 49
0.1975656958
 49
-19.558997876
 53
333.434949
 43
-10.7569
 44
8.6614
 45
13.97000001758799
 46
0.0000001046674697
 79
     2
 49
0.3123786996
 49
-30.925490981
 53
315.0
 43
-10.8966
 44
8.801099999999998
 45
13.96999997500227
 46
-0.0000000000000049
 79
     2
 49
0.1975656958
 49
-19.558997876
 53
296.565051
 43
-11.0363
 44
9.080499999999999
 45
13.97000003590427
 46
-13.97000006076358
 79
     2
 49
0.3123786996
 49
-30.925490981
 53
296.565051
 43
-11.17600000000001
 44
9.3599
 45
13.97000003590427
 46
-13.97000006076358
 79
     2
 49
0.3123786996
 49
-30.925490981
 53
270.0
 43
-11.176
 44
9.6393
 45
13.97
 46
-0.0000000000000026
 79
     2
 49
0.2794
 49
-13.6906
 53
270.0
 43
-11.176
 44
9.918699999999996
 45
13.97
 46
-0.0000000000000026
 79
     2
 49
0.2794
 49
-13.6906
 53
270.0
 43
-11.176
 44
10.3378
 45
13.97
 46
-0.0000000000000026
 79
     2
 49
0.4191
 49
-13.5509
 53
243.434949
 43
-11.0363
 44
10.6172
 45
0.0000001046674619
 46
-13.97000001758799
 79
     2
 49
0.3123786996
 49
-30.925490981
 53
225.0
 43
-10.8966
 44
10.75690000000001
 45
-0.0000000000000029
 46
-13.96999997500227
 79
     2
 49
0.1975656958
 49
-19.558997876
 53
225.0
 43
-7.823199999999999
 44
7.823200000000003
 45
-0.0000000000000029
 46
-13.96999997500227
 79
     2
 49
0.1975656958
 49
-19.558997876
 53
116.565051
 43
-10.3378
 44
10.7569
 45
-13.97000003590426
 46
13.97000006076359
 79
     2
 49
0.3123786996
 49
-30.925490981
 53
146.309932
 43
-9.91870000000001
 44
10.4775
 45
-27.93999984116661
 46
13.97000017062694
 79
     2
 49
0.5036954747
 49
-49.86585576500001
 53
104.036243
 43
-9.779000000000005
 44
9.918700000000007
 45
-13.969999740073
 46
41.91000015756888
 79
     2
 49
0.5759979082
 49
-57.023787755
 53
180.0
 43
-9.359900000000005
 44
9.918700000000007
 45
-0.0000000000000017
 46
-13.97
 79
     2
 49
0.4191
 49
-13.5509
 53
431.565051
 43
-9.4996
 44
9.4996
 45
-0.0000000010014085
 46
13.97000004343317
 79
     2
 49
0.4417702366
 49
-43.7352486725
 53
90.0
 43
-9.499599999999997
 44
9.359900000000001
 45
-13.97
 46
0.0000000000000009
 79
     2
 49
0.1397
 49
-13.8303
 53
180.0
 43
-7.683499999999999
 44
7.823200000000002
 45
-0.0000000000000017
 46
-13.97
 79
     2
 49
0.1397
 49
-13.8303
 53
270.0
 43
-7.683500000000004
 44
7.962900000000001
 45
13.97
 46
-0.0000000000000026
 79
     2
 49
0.1397
 49
-13.8303
 53
315.0
 43
-7.8232
 44
8.102599999999999
 45
13.96999997500227
 46
-0.0000000000000049
 79
     2
 49
0.1975656958
 49
-19.558997876
 53
360.0
 43
-7.962899999999998
 44
8.102600000000002
 45
0.0000000000000034
 46
13.97
 79
     2
 49
0.1397
 49
-13.8303
 53
225.0
 43
-7.823200000000003
 44
8.242300000000004
 45
-0.0000000000000029
 46
-13.96999997500227
 79
     2
 49
0.1975656958
 49
-19.558997876
 53
164.475889
 43
-5.308599999999999
 44
7.543800000000006
 45
-153.6700000026287
 46
41.91000005007169
 79
     2
 49
2.6098114174
 49
-258.3713261250001
 53
180.0
 43
-5.029199999999999
 44
7.543800000000001
 45
-0.0000000000000017
 46
-13.97
 79
     2
 49
0.2794
 49
-13.6906
 53
135.0
 43
-4.889500000000001
 44
7.404100000000001
 45
-13.96999997500227
 46
0.000000000000002
 79
     2
 49
0.1975656958
 49
-19.558997876
 53
180.0
 43
-4.470400000000001
 44
7.404100000000001
 45
-0.0000000000000017
 46
-13.97
 79
     2
 49
0.4191
 49
-13.5509
 53
153.434949
 43
-2.793999999999999
 44
6.565900000000001
 45
-13.97000001758799
 46
-0.0000001046674648
 79
     2
 49
1.874272197600001
 49
-29.36359748300001
 53
180.0
 43
-2.654300000000004
 44
6.565900000000001
 45
-0.0000000000000017
 46
-13.97
 79
     2
 49
0.1397
 49
-13.8303
 53
146.309932
 43
-2.2352
 44
6.2865
 45
-27.93999984116661
 46
13.97000017062694
 79
     2
 49
0.5036954747
 49
-49.86585576500001
 53
147.994617
 43
-1.117599999999998
 44
5.588000000000004
 45
-69.85000014980501
 46
41.90999971188432
 79
     2
 49
1.3179271457
 49
-130.474789225
 53
135.0
 43
-0.9779000000000019
 44
5.448300000000001
 45
-13.96999997500227
 46
0.000000000000002
 79
     2
 49
0.1975656958
 49
-19.558997876
 53
270.0
 43
-0.9778999999999964
 44
5.588000000000004
 45
13.97
 46
-0.0000000000000026
 79
     2
 49
0.1397
 49
-13.8303
 53
315.0
 43
-1.117600000000002
 44
5.7277
 45
13.96999997500227
 46
-0.0000000000000049
 79
     2
 49
0.1975656958
 49
-19.558997876
 53
326.309932
 43
-2.374900000000004
 44
6.565900000000001
 45
27.93999984116661
 46
-13.97000017062695
 79
     2
 49
1.5110865638
 49
-48.85846482
 53
296.565051
 43
-2.514600000000002
 44
6.845300000000003
 45
13.97000003590427
 46
-13.97000006076358
 79
     2
 49
0.3123786996
 49
-30.925490981
 53
334.983107
 43
-4.610099999999998
 44
7.823200000000002
 45
181.6100006819882
 46
-83.81999846614856
 79
     2
 49
2.3124464165
 49
-228.932200145
 53
350.537678
 43
-5.448299999999999
 44
7.962899999999999
 45
13.96999995446705
 46
0.0000000964735603
 79
     2
 49
0.8497619911000001
 49
-84.126430575
 53
345.963757
 43
-6.0071
 44
8.1026
 45
13.97000001484834
 46
0.0000001818554477
 79
     2
 49
0.5759979082
 49
-57.023787755
 53
345.963757
 43
-7.1247
 44
8.382000000000001
 45
13.97000001484834
 46
0.0000001818554477
 79
     2
 49
1.1519956767
 49
-56.44778986000001
 53
341.565051
 43
-7.962899999999998
 44
8.6614
 45
13.97000004343317
 46
0.0000000010014124
 79
     2
 49
0.8835403335000005
 49
-43.29347857450001
 53
173.659808
 43
-6.705599999999998
 44
8.521700000000001
 45
-13.96999994007105
 46
0.0000000001222716
 79
     2
 49
1.2650372845
 49
-125.23869314
 53
225.0
 43
-6.5659
 44
8.6614
 45
-0.0000000000000029
 46
-13.96999997500227
 79
     2
 49
0.1975656958
 49
-19.558997876
 53
135.0
 43
-6.426199999999997
 44
8.521699999999997
 45
-13.96999997500227
 46
0.000000000000002
 79
     2
 49
0.1975656958
 49
-19.558997876
 53
156.801409
 43
-5.448299999999998
 44
8.1026
 45
-69.84999980770121
 46
27.94000065561145
 79
     2
 49
1.0639234881
 49
-105.32842672
 53
180.0
 43
-5.0292
 44
8.102599999999999
 45
-0.0000000000000017
 46
-13.97
 79
     2
 49
0.4191
 49
-13.5509
 53
135.0
 43
-4.610100000000001
 44
7.683500000000005
 45
-13.96999997500227
 46
0.000000000000002
 79
     2
 49
0.5926969477
 49
-19.163866623
 53
303.690068
 43
-4.889500000000003
 44
8.102600000000006
 45
13.97000013437227
 46
-13.96999986508305
 79
     2
 49
0.5036954747
 49
-49.86585576500001
 53
333.434949
 43
-5.168900000000002
 44
8.242300000000004
 45
13.97000001758799
 46
0.0000001046674697
 79
     2
 49
0.3123786996
 49
-30.925490981
 53
333.434949
 43
-6.007100000000002
 44
8.6614
 45
13.97000001758799
 46
0.0000001046674697
 79
     2
 49
0.9371360988000005
 49
-30.300733584
 53
333.434949
 43
-6.2865
 44
8.801100000000002
 45
13.97000001758799
 46
0.0000001046674697
 79
     2
 49
0.3123786996
 49
-30.925490981
 53
333.434949
 43
-6.565900000000002
 44
8.9408
 45
13.97000001758799
 46
0.0000001046674697
 79
     2
 49
0.3123786996
 49
-30.925490981
 53
360.0
 43
-8.102600000000002
 44
8.9408
 45
0.0000000000000034
 46
13.97
 79
     2
 49
1.5367
 49
-12.4333
 53
315.0
 43
-8.242300000000006
 44
9.080500000000008
 45
13.96999997500227
 46
-0.0000000000000049
 79
     2
 49
0.1975656958
 49
-19.558997876
 53
218.659808
 43
-7.543799999999997
 44
9.6393
 45
-13.9700001094708
 46
-13.96999994227366
 79
     2
 49
0.8945164228
 49
-88.55712921000003
 53
243.434949
 43
-7.404100000000003
 44
9.918700000000008
 45
0.0000001046674619
 46
-13.97000001758799
 79
     2
 49
0.3123786996
 49
-30.925490981
 53
254.054604
 43
-7.124700000000004
 44
10.8966
 45
-13.97000016041249
 46
-55.87999999828815
 79
     2
 49
1.017031367
 49
-100.686103815
 53
285.9453960000001
 43
-7.404100000000004
 44
11.8745
 45
13.97000001658671
 46
-41.90999998104235
 79
     2
 49
1.017031367
 49
-100.686103815
 53
404.9999999999999
 43
-7.543799999999999
 44
11.7348
 45
0.0000000000000078
 46
13.96999997500227
 79
     2
 49
0.1975656958
 49
-19.558997876
 53
90.0
 43
-7.543799999999997
 44
11.3157
 45
-13.97
 46
0.0000000000000009
 79
     2
 49
0.4191
 49
-13.5509
 53
108.434949
 43
-7.404100000000001
 44
10.8966
 45
-13.97000012908866
 46
27.93999990907259
 79
     2
 49
0.4417702366
 49
-43.7352486725
 53
434.0546039999999
 43
-7.683500000000004
 44
9.918699999999998
 45
13.97000016041249
 46
55.87999999828813
 79
     2
 49
1.017031367
 49
-100.686103815
 53
404.9999999999999
 43
-8.2423
 44
9.359900000000001
 45
0.0000000000000078
 46
13.96999997500227
 79
     2
 49
0.7902625038000002
 49
-18.9663009305
 53
360.0
 43
-8.382000000000001
 44
9.359900000000001
 45
0.0000000000000034
 46
13.97
 79
     2
 49
0.1397
 49
-13.8303
 53
270.0
 43
-8.382000000000005
 44
9.49960000000001
 45
13.97
 46
-0.0000000000000026
 79
     2
 49
0.1397
 49
-13.8303
 53
270.0
 43
-8.38200000000001
 44
9.779000000000002
 45
13.97
 46
-0.0000000000000026
 79
     2
 49
0.2794
 49
-13.6906
 53
243.434949
 43
-8.242300000000009
 44
10.0584
 45
0.0000001046674619
 46
-13.97000001758799
 79
     2
 49
0.3123786996
 49
-30.925490981
 53
261.869898
 43
-8.102600000000008
 44
11.0363
 45
0.0000001453097556
 46
-13.96999995897922
 79
     2
 49
0.9878281996
 49
-97.79498910500001
 53
288.434949
 43
-8.242300000000004
 44
11.4554
 45
13.97000012908867
 46
-27.93999990907258
 79
     2
 49
0.4417702366
 49
-43.7352486725
 53
315.0
 43
-8.382000000000005
 44
11.59510000000001
 45
13.96999997500227
 46
-0.0000000000000049
 79
     2
 49
0.1975656958
 49
-19.558997876
 53
315.0
 43
-8.521700000000008
 44
11.7348
 45
13.96999997500227
 46
-0.0000000000000049
 79
     2
 49
0.1975656958
 49
-19.558997876
 53
296.565051
 43
-8.661400000000008
 44
12.01420000000001
 45
13.97000003590427
 46
-13.97000006076358
 79
     2
 49
0.3123786996
 49
-30.925490981
 53
296.565051
 43
-8.9408
 44
12.573
 45
13.97000003590427
 46
-13.97000006076358
 79
     2
 49
0.6247573992000001
 49
-30.6131122825
 53
296.565051
 43
-9.220200000000002
 44
13.1318
 45
13.97000003590427
 46
-13.97000006076358
 79
     2
 49
0.6247573992000001
 49
-30.6131122825
 53
315.0
 43
-9.359900000000005
 44
13.2715
 45
13.96999997500227
 46
-0.0000000000000049
 79
     2
 49
0.1975656958
 49
-19.558997876
 53
371.3099319999998
 43
-11.4554
 44
12.8524
 45
55.88000011158293
 46
13.96999960615868
 79
     2
 49
2.1369991423
 49
-69.09630354000001
 53
184.398705
 43
-9.639299999999995
 44
12.9921
 45
-167.6400000017032
 46
-13.96999897042841
 79
     2
 49
1.8214651785
 49
-180.325050015
 53
123.690068
 43
-9.359900000000005
 44
12.573
 45
-13.97000013437227
 46
13.96999986508305
 79
     2
 49
0.5036954747
 49
-49.86585576500001
 53
123.690068
 43
-9.080500000000008
 44
12.1539
 45
-13.97000013437227
 46
13.96999986508305
 79
     2
 49
0.5036954747
 49
-49.86585576500001
 53
116.565051
 43
-8.940800000000007
 44
11.8745
 45
-13.97000003590426
 46
13.97000006076359
 79
     2
 49
0.3123786996
 49
-30.925490981
 53
123.690068
 43
-8.6614
 44
11.4554
 45
-13.97000013437227
 46
13.96999986508305
 79
     2
 49
0.5036954747
 49
-49.86585576500001
 53
108.434949
 43
-8.521700000000004
 44
11.0363
 45
-13.97000012908866
 46
27.93999990907259
 79
     2
 49
0.4417702366
 49
-43.7352486725
 53
90.0
 43
-8.521699999999996
 44
10.8966
 45
-13.97
 46
0.0000000000000009
 79
     2
 49
0.1397
 49
-13.8303
 53
90.0
 43
-8.521700000000003
 44
10.6172
 45
-13.97
 46
0.0000000000000009
 79
     2
 49
0.2794
 49
-13.6906
 53
90.0
 43
-8.521700000000003
 44
10.1981
 45
-13.97
 46
0.0000000000000009
 79
     2
 49
0.4191
 49
-13.5509
 53
315.0
 43
-8.661400000000006
 44
10.3378
 45
13.96999997500227
 46
-0.0000000000000049
 79
     2
 49
0.1975656958
 49
-19.558997876
 53
296.565051
 43
-8.8011
 44
10.6172
 45
13.97000003590427
 46
-13.97000006076358
 79
     2
 49
0.3123786996
 49
-30.925490981
 53
315.0
 43
-8.940800000000001
 44
10.7569
 45
13.96999997500227
 46
-0.0000000000000049
 79
     2
 49
0.1975656958
 49
-19.558997876
 53
333.434949
 43
-9.2202
 44
10.8966
 45
13.97000001758799
 46
0.0000001046674697
 79
     2
 49
0.3123786996
 49
-30.925490981
 53
333.434949
 43
-9.499600000000006
 44
11.0363
 45
13.97000001758799
 46
0.0000001046674697
 79
     2
 49
0.3123786996
 49
-30.925490981
 53
360.0
 43
-9.779000000000003
 44
11.0363
 45
0.0000000000000034
 46
13.97
 79
     2
 49
0.2794
 49
-13.6906
 53
360.0
 43
-10.0584
 44
11.0363
 45
0.0000000000000034
 46
13.97
 79
     2
 49
0.2794
 49
-13.6906
 53
360.0
 43
-10.4775
 44
11.0363
 45
0.0000000000000034
 46
13.97
 79
     2
 49
0.4191
 49
-13.5509
 53
386.565051
 43
-10.7569
 44
10.8966
 45
13.9700000607636
 46
13.97000003590425
 79
     2
 49
0.3123786996
 49
-30.925490981
 53
404.9999999999999
 43
-10.8966
 44
10.75690000000001
 45
0.0000000000000078
 46
13.96999997500227
 79
     2
 49
0.1975656958
 49
-19.558997876
 98
        0
1001
ACAD
1010
0.0
1020
0.0
1030
0.0
  0
HATCH
  5
557
330
587
100
AcDbEntity
  8
hatch
440
 33554687
100
AcDbHatch
 10
0.0
 20
0.0
 30
0.0
210
0.0
220
0.0
230
1.0
  2
REDBACK
 70
     0
 71
     0
 91
        1
 92
        0
 93
        3
 72
     1
 10
65.00000000000003
 20
45.29865292771659
 11
85.40724483354751
 21
3.00000000000022
 72
     1
 10
85.40724483354751
 20
3.00000000000022
 11
44.59275516645258
 21
2.999999999999837
 72
     1
 10
44.59275516645258
 20
2.999999999999837
 11
65.00000000000003
 21
45.29865292771659
 97
        0
 75
     0
 76
     0
 52
90.0
 41
0.55
 77
     0
 78
   167
 53
153.434949
 43
-10.8966
 44
10.1981
 45
-13.97000001758799
 46
-0.0000001046674648
 79
     2
 49
0.3123786996
 49
-30.925490981
 53
123.690068
 43
-10.6172
 44
9.779000000000002
 45
-13.97000013437227
 46
13.96999986508305
 79
     2
 49
0.5036954747
 49
-49.86585576500001
 53
165.963757
 43
-10.0584
 44
9.639300000000002
 45
-13.97000001484834
 46
-0.0000001818554551
 79
     2
 49
0.5759979082
 49
-57.023787755
 53
90.0
 43
-10.0584
 44
9.220200000000004
 45
-13.97
 46
0.0000000000000009
 79
     2
 49
0.4191
 49
-13.5509
 53
198.434949
 43
-9.639299999999999
 44
9.359900000000005
 45
-27.93999990907259
 46
-13.97000012908866
 79
     2
 49
0.4417702366
 49
-43.7352486725
 53
180.0
 43
-9.499599999999997
 44
9.359900000000001
 45
-0.0000000000000017
 46
-13.97
 79
     2
 49
0.1397
 49
-13.8303
 53
90.0
 43
-7.962899999999998
 44
7.543800000000003
 45
-13.97
 46
0.0000000000000009
 79
     2
 49
0.1397
 49
-13.8303
 53
360.0
 43
-8.1026
 44
7.543800000000003
 45
0.0000000000000034
 46
13.97
 79
     2
 49
0.1397
 49
-13.8303
 53
315.0
 43
-8.242300000000004
 44
7.683500000000003
 45
13.96999997500227
 46
-0.0000000000000049
 79
     2
 49
0.1975656958
 49
-19.558997876
 53
270.0
 43
-8.2423
 44
7.823200000000003
 45
13.97
 46
-0.0000000000000026
 79
     2
 49
0.1397
 49
-13.8303
 53
404.9999999999999
 43
-8.382000000000001
 44
7.683500000000006
 45
0.0000000000000078
 46
13.96999997500227
 79
     2
 49
0.1975656958
 49
-19.558997876
 53
105.524111
 43
-7.683500000000004
 44
5.168900000000003
 45
-27.93999995186065
 46
97.78999994908918
 79
     2
 49
2.6098114174
 49
-258.3713261250001
 53
90.0
 43
-7.683500000000003
 44
4.889500000000009
 45
-13.97
 46
0.0000000000000009
 79
     2
 49
0.2794
 49
-13.6906
 53
135.0
 43
-7.543799999999998
 44
4.7498
 45
-13.96999997500227
 46
0.000000000000002
 79
     2
 49
0.1975656958
 49
-19.558997876
 53
90.0
 43
-7.543800000000002
 44
4.330700000000001
 45
-13.97
 46
0.0000000000000009
 79
     2
 49
0.4191
 49
-13.5509
 53
116.565051
 43
-6.705599999999998
 44
2.654299999999998
 45
-13.97000003590426
 46
13.97000006076359
 79
     2
 49
1.874272197600001
 49
-29.36359748300001
 53
90.0
 43
-6.7056
 44
2.514600000000001
 45
-13.97
 46
0.0000000000000009
 79
     2
 49
0.1397
 49
-13.8303
 53
123.690068
 43
-6.4262
 44
2.095499999999999
 45
-13.97000013437227
 46
13.96999986508305
 79
     2
 49
0.5036954747
 49
-49.86585576500001
 53
122.005383
 43
-5.727700000000001
 44
0.977900000000004
 45
-27.93999985767695
 46
41.91000006458377
 79
     2
 49
1.3179271457
 49
-130.474789225
 53
135.0
 43
-5.588000000000004
 44
0.8382000000000006
 45
-13.96999997500227
 46
0.000000000000002
 79
     2
 49
0.1975656958
 49
-19.558997876
 53
360.0
 43
-5.7277
 44
0.8382000000000047
 45
0.0000000000000034
 46
13.97
 79
     2
 49
0.1397
 49
-13.8303
 53
315.0
 43
-5.8674
 44
0.9778999999999985
 45
13.96999997500227
 46
-0.0000000000000049
 79
     2
 49
0.1975656958
 49
-19.558997876
 53
303.690068
 43
-6.7056
 44
2.235200000000001
 45
13.97000013437227
 46
-13.96999986508305
 79
     2
 49
1.5110865638
 49
-48.85846482
 53
333.434949
 43
-6.985000000000002
 44
2.374900000000002
 45
13.97000001758799
 46
0.0000001046674697
 79
     2
 49
0.3123786996
 49
-30.925490981
 53
295.016893
 43
-7.962900000000007
 44
4.470400000000005
 45
13.96999980293879
 46
-27.94000017185616
 79
     2
 49
2.3124464165
 49
-228.932200145
 53
279.462322
 43
-8.102600000000002
 44
5.308599999999999
 45
13.96999979218404
 46
-69.85000009648498
 79
     2
 49
0.8497619911000001
 49
-84.126430575
 53
284.036243
 43
-8.242300000000002
 44
5.867399999999999
 45
13.96999974007301
 46
-41.91000015756887
 79
     2
 49
0.5759979082
 49
-57.023787755
 53
284.036243
 43
-8.521700000000003
 44
6.985000000000001
 45
13.96999974007301
 46
-41.91000015756887
 79
     2
 49
1.1519956767
 49
-56.44778986000001
 53
288.434949
 43
-8.8011
 44
7.8232
 45
13.97000012908867
 46
-27.93999990907258
 79
     2
 49
0.8835403335000005
 49
-43.29347857450001
 53
96.34019199999999
 43
-8.661399999999999
 44
6.565900000000002
 45
-13.97000054720783
 46
111.7599999057638
 79
     2
 49
1.2650372845
 49
-125.23869314
 53
404.9999999999999
 43
-8.801100000000002
 44
6.426200000000001
 45
0.0000000000000078
 46
13.96999997500227
 79
     2
 49
0.1975656958
 49
-19.558997876
 53
135.0
 43
-8.6614
 44
6.286500000000002
 45
-13.96999997500227
 46
0.000000000000002
 79
     2
 49
0.1975656958
 49
-19.558997876
 53
113.198591
 43
-8.242299999999998
 44
5.3086
 45
-13.97000020720043
 46
27.93999991291197
 79
     2
 49
1.0639234881
 49
-105.32842672
 53
90.0
 43
-8.2423
 44
4.889500000000007
 45
-13.97
 46
0.0000000000000009
 79
     2
 49
0.4191
 49
-13.5509
 53
135.0
 43
-7.823200000000002
 44
4.470399999999999
 45
-13.96999997500227
 46
0.000000000000002
 79
     2
 49
0.5926969477
 49
-19.163866623
 53
326.309932
 43
-8.242300000000006
 44
4.7498
 45
27.93999984116661
 46
-13.97000017062695
 79
     2
 49
0.5036954747
 49
-49.86585576500001
 53
296.565051
 43
-8.382000000000003
 44
5.029200000000002
 45
13.97000003590427
 46
-13.97000006076358
 79
     2
 49
0.3123786996
 49
-30.925490981
 53
296.565051
 43
-8.8011
 44
5.8674
 45
13.97000003590427
 46
-13.97000006076358
 79
     2
 49
0.9371360988000005
 49
-30.300733584
 53
296.565051
 43
-8.940800000000003
 44
6.1468
 45
13.97000003590427
 46
-13.97000006076358
 79
     2
 49
0.3123786996
 49
-30.925490981
 53
296.565051
 43
-9.080500000000006
 44
6.426200000000004
 45
13.97000003590427
 46
-13.97000006076358
 79
     2
 49
0.3123786996
 49
-30.925490981
 53
270.0
 43
-9.080500000000006
 44
7.962900000000002
 45
13.97
 46
-0.0000000000000026
 79
     2
 49
1.5367
 49
-12.4333
 53
315.0
 43
-9.220200000000002
 44
8.1026
 45
13.96999997500227
 46
-0.0000000000000049
 79
     2
 49
0.1975656958
 49
-19.558997876
 53
411.340192
 43
-9.779
 44
7.404100000000006
 45
41.90999978548306
 46
55.88000018524216
 79
     2
 49
0.8945164228
 49
-88.55712921000003
 53
386.565051
 43
-10.0584
 44
7.264400000000004
 45
13.9700000607636
 46
13.97000003590425
 79
     2
 49
0.3123786996
 49
-30.925490981
 53
375.9453960000001
 43
-11.0363
 44
6.985000000000001
 45
41.90999998104235
 46
13.97000001658671
 79
     2
 49
1.017031367
 49
-100.686103815
 53
344.0546039999999
 43
-12.0142
 44
7.264400000000005
 45
55.87999999828813
 46
-13.97000016041249
 79
     2
 49
1.017031367
 49
-100.686103815
 53
225.0
 43
-11.8745
 44
7.4041
 45
-0.0000000000000029
 46
-13.96999997500227
 79
     2
 49
0.1975656958
 49
-19.558997876
 53
180.0
 43
-11.4554
 44
7.404099999999993
 45
-0.0000000000000017
 46
-13.97
 79
     2
 49
0.4191
 49
-13.5509
 53
161.565051
 43
-11.0363
 44
7.2644
 45
-13.97000004343317
 46
-0.0000000010014173
 79
     2
 49
0.4417702366
 49
-43.7352486725
 53
195.945396
 43
-10.0584
 44
7.543800000000001
 45
-41.90999998104235
 46
-13.97000001658671
 79
     2
 49
1.017031367
 49
-100.686103815
 53
225.0
 43
-9.499599999999997
 44
8.102600000000002
 45
-0.0000000000000029
 46
-13.96999997500227
 79
     2
 49
0.7902625038000002
 49
-18.9663009305
 53
270.0
 43
-9.499599999999997
 44
8.2423
 45
13.97
 46
-0.0000000000000026
 79
     2
 49
0.1397
 49
-13.8303
 53
360.0
 43
-9.6393
 44
8.2423
 45
0.0000000000000034
 46
13.97
 79
     2
 49
0.1397
 49
-13.8303
 53
360.0
 43
-9.918700000000007
 44
8.242299999999995
 45
0.0000000000000034
 46
13.97
 79
     2
 49
0.2794
 49
-13.6906
 53
386.565051
 43
-10.1981
 44
8.102599999999999
 45
13.9700000607636
 46
13.97000003590425
 79
     2
 49
0.3123786996
 49
-30.925490981
 53
368.1301020000001
 43
-11.176
 44
7.962900000000007
 45
83.82000008850586
 46
13.96999953529915
 79
     2
 49
0.9878281996
 49
-97.79498910500001
 53
341.565051
 43
-11.5951
 44
8.102600000000002
 45
13.97000004343317
 46
0.0000000010014124
 79
     2
 49
0.4417702366
 49
-43.7352486725
 53
315.0
 43
-11.73480000000001
 44
8.242299999999997
 45
13.96999997500227
 46
-0.0000000000000049
 79
     2
 49
0.1975656958
 49
-19.558997876
 53
315.0
 43
-11.8745
 44
8.382000000000003
 45
13.96999997500227
 46
-0.0000000000000049
 79
     2
 49
0.1975656958
 49
-19.558997876
 53
333.434949
 43
-12.1539
 44
8.521700000000003
 45
13.97000001758799
 46
0.0000001046674697
 79
     2
 49
0.3123786996
 49
-30.925490981
 53
333.434949
 43
-12.7127
 44
8.801100000000003
 45
13.97000001758799
 46
0.0000001046674697
 79
     2
 49
0.6247573992000001
 49
-30.6131122825
 53
333.434949
 43
-13.2715
 44
9.080500000000006
 45
13.97000001758799
 46
0.0000001046674697
 79
     2
 49
0.6247573992000001
 49
-30.6131122825
 53
315.0
 43
-13.4112
 44
9.220199999999995
 45
13.96999997500227
 46
-0.0000000000000049
 79
     2
 49
0.1975656958
 49
-19.558997876
 53
258.690068
 43
-12.9921
 44
11.3157
 45
0.0000001705873659
 46
-13.97000007127033
 79
     2
 49
2.1369991423
 49
-69.09630354000001
 53
445.601295
 43
-13.1318
 44
9.4996
 45
-0.000000097101656
 46
13.97000006604627
 79
     2
 49
1.8214651785
 49
-180.325050015
 53
146.309932
 43
-12.71270000000001
 44
9.220200000000002
 45
-27.93999984116661
 46
13.97000017062694
 79
     2
 49
0.5036954747
 49
-49.86585576500001
 53
146.309932
 43
-12.2936
 44
8.940800000000005
 45
-27.93999984116661
 46
13.97000017062694
 79
     2
 49
0.5036954747
 49
-49.86585576500001
 53
153.434949
 43
-12.01420000000001
 44
8.801100000000002
 45
-13.97000001758799
 46
-0.0000001046674648
 79
     2
 49
0.3123786996
 49
-30.925490981
 53
146.309932
 43
-11.59510000000001
 44
8.521700000000006
 45
-27.93999984116661
 46
13.97000017062694
 79
     2
 49
0.5036954747
 49
-49.86585576500001
 53
161.565051
 43
-11.176
 44
8.382000000000001
 45
-13.97000004343317
 46
-0.0000000010014173
 79
     2
 49
0.4417702366
 49
-43.7352486725
 53
180.0
 43
-11.0363
 44
8.382000000000005
 45
-0.0000000000000017
 46
-13.97
 79
     2
 49
0.1397
 49
-13.8303
 53
180.0
 43
-10.75690000000001
 44
8.382000000000009
 45
-0.0000000000000017
 46
-13.97
 79
     2
 49
0.2794
 49
-13.6906
 53
180.0
 43
-10.3378
 44
8.381999999999998
 45
-0.0000000000000017
 46
-13.97
 79
     2
 49
0.4191
 49
-13.5509
 53
315.0
 43
-10.4775
 44
8.52170000000001
 45
13.96999997500227
 46
-0.0000000000000049
 79
     2
 49
0.1975656958
 49
-19.558997876
 53
333.434949
 43
-10.7569
 44
8.6614
 45
13.97000001758799
 46
0.0000001046674697
 79
     2
 49
0.3123786996
 49
-30.925490981
 53
315.0
 43
-10.8966
 44
8.801099999999998
 45
13.96999997500227
 46
-0.0000000000000049
 79
     2
 49
0.1975656958
 49
-19.558997876
 53
296.565051
 43
-11.0363
 44
9.080499999999999
 45
13.97000003590427
 46
-13.97000006076358
 79
     2
 49
0.3123786996
 49
-30.925490981
 53
296.565051
 43
-11.17600000000001
 44
9.3599
 45
13.97000003590427
 46
-13.97000006076358
 79
     2
 49
0.3123786996
 49
-30.925490981
 53
270.0
 43
-11.176
 44
9.6393
 45
13.97
 46
-0.0000000000000026
 79
     2
 49
0.2794
 49
-13.6906
 53
270.0
 43
-11.176
 44
9.918699999999996
 45
13.97
 46
-0.0000000000000026
 79
     2
 49
0.2794
 49
-13.6906
 53
270.0
 43
-11.176
 44
10.3378
 45
13.97
 46
-0.0000000000000026
 79
     2
 49
0.4191
 49
-13.5509
 53
243.434949
 43
-11.0363
 44
10.6172
 45
0.0000001046674619
 46
-13.97000001758799
 79
     2
 49
0.3123786996
 49
-30.925490981
 53
225.0
 43
-10.8966
 44
10.75690000000001
 45
-0.0000000000000029
 46
-13.96999997500227
 79
     2
 49
0.1975656958
 49
-19.558997876
 53
225.0
 43
-7.823199999999999
 44
7.823200000000003
 45
-0.0000000000000029
 46
-13.96999997500227
 79
     2
 49
0.1975656958
 49
-19.558997876
 53
116.565051
 43
-10.3378
 44
10.7569
 45
-13.97000003590426
 46
13.97000006076359
 79
     2
 49
0.3123786996
 49
-30.925490981
 53
146.309932
 43
-9.91870000000001
 44
10.4775
 45
-27.93999984116661
 46
13.97000017062694
 79
     2
 49
0.5036954747
 49
-49.86585576500001
 53
104.036243
 43
-9.779000000000005
 44
9.918700000000007
 45
-13.969999740073
 46
41.91000015756888
 79
     2
 49
0.5759979082
 49
-57.023787755
 53
180.0
 43
-9.359900000000005
 44
9.918700000000007
 45
-0.0000000000000017
 46
-13.97
 79
     2
 49
0.4191
 49
-13.5509
 53
431.565051
 43
-9.4996
 44
9.4996
 45
-0.0000000010014085
 46
13.97000004343317
 79
     2
 49
0.4417702366
 49
-43.7352486725
 53
90.0
 43
-9.499599999999997
 44
9.359900000000001
 45
-13.97
 46
0.0000000000000009
 79
     2
 49
0.1397
 49
-13.8303
 53
180.0
 43
-7.683499999999999
 44
7.823200000000002
 45
-0.0000000000000017
 46
-13.97
 79
     2
 49
0.1397
 49
-13.8303
 53
270.0
 43
-7.683500000000004
 44
7.962900000000001
 45
13.97
 46
-0.0000000000000026
 79
     2
 49
0.1397
 49
-13.8303
 53
315.0
 43
-7.8232
 44
8.102599999999999
 45
13.96999997500227
 46
-0.0000000000000049
 79
     2
 49
0.1975656958
 49
-19.558997876
 53
360.0
 43
-7.962899999999998
 44
8.102600000000002
 45
0.0000000000000034
 46
13.97
 79
     2
 49
0.1397
 49
-13.8303
 53
225.0
 43
-7.823200000000003
 44
8.242300000000004
 45
-0.0000000000000029
 46
-13.96999997500227
 79
     2
 49
0.1975656958
 49
-19.558997876
 53
164.475889
 43
-5.308599999999999
 44
7.543800000000006
 45
-153.6700000026287
 46
41.91000005007169
 79
     2
 49
2.6098114174
 49
-258.3713261250001
 53
180.0
 43
-5.029199999999999
 44
7.543800000000001
 45
-0.0000000000000017
 46
-13.97
 79
     2
 49
0.2794
 49
-13.6906
 53
135.0
 43
-4.889500000000001
 44
7.404100000000001
 45
-13.96999997500227
 46
0.000000000000002
 79
     2
 49
0.1975656958
 49
-19.558997876
 53
180.0
 43
-4.470400000000001
 44
7.404100000000001
 45
-0.0000000000000017
 46
-13.97
 79
     2
 49
0.4191
 49
-13.5509
 53
153.434949
 43
-2.793999999999999
 44
6.565900000000001
 45
-13.97000001758799
 46
-0.0000001046674648
 79
     2
 49
1.874272197600001
 49
-29.36359748300001
 53
180.0
 43
-2.654300000000004
 44
6.565900000000001
 45
-0.0000000000000017
 46
-13.97
 79
     2
 49
0.1397
 49
-13.8303
 53
146.309932
 43
-2.2352
 44
6.2865
 45
-27.93999984116661
 46
13.97000017062694
 79
     2
 49
0.5036954747
 49
-49.86585576500001
 53
147.994617
 43
-1.117599999999998
 44
5.588000000000004
 45
-69.85000014980501
 46
41.90999971188432
 79
     2
 49
1.3179271457
 49
-130.474789225
 53
135.0
 43
-0.9779000000000019
 44
5.448300000000001
 45
-13.96999997500227
 46
0.000000000000002
 79
     2
 49
0.1975656958
 49
-19.558997876
 53
270.0
 43
-0.9778999999999964
 44
5.588000000000004
 45
13.97
 46
-0.0000000000000026
 79
     2
 49
0.1397
 49
-13.8303
 53
315.0
 43
-1.117600000000002
 44
5.7277
 45
13.96999997500227
 46
-0.0000000000000049
 79
     2
 49
0.1975656958
 49
-19.558997876
 53
326.309932
 43
-2.374900000000004
 44
6.565900000000001
 45
27.93999984116661
 46
-13.97000017062695
 79
     2
 49
1.5110865638
 49
-48.85846482
 53
296.565051
 43
-2.514600000000002
 44
6.845300000000003
 45
13.97000003590427
 46
-13.97000006076358
 79
     2
 49
0.3123786996
 49
-30.925490981
 53
334.983107
 43
-4.610099999999998
 44
7.823200000000002
 45
181.6100006819882
 46
-83.81999846614856
 79
     2
 49
2.3124464165
 49
-228.932200145
 53
350.537678
 43
-5.448299999999999
 44
7.962899999999999
 45
13.96999995446705
 46
0.0000000964735603
 79
     2
 49
0.8497619911000001
 49
-84.126430575
 53
345.963757
 43
-6.0071
 44
8.1026
 45
13.97000001484834
 46
0.0000001818554477
 79
     2
 49
0.5759979082
 49
-57.023787755
 53
345.963757
 43
-7.1247
 44
8.382000000000001
 45
13.97000001484834
 46
0.0000001818554477
 79
     2
 49
1.1519956767
 49
-56.44778986000001
 53
341.565051
 43
-7.962899999999998
 44
8.6614
 45
13.97000004343317
 46
0.0000000010014124
 79
     2
 49
0.8835403335000005
 49
-43.29347857450001
 53
173.659808
 43
-6.705599999999998
 44
8.521700000000001
 45
-13.96999994007105
 46
0.0000000001222716
 79
     2
 49
1.2650372845
 49
-125.23869314
 53
225.0
 43
-6.5659
 44
8.6614
 45
-0.0000000000000029
 46
-13.96999997500227
 79
     2
 49
0.1975656958
 49
-19.558997876
 53
135.0
 43
-6.426199999999997
 44
8.521699999999997
 45
-13.96999997500227
 46
0.000000000000002
 79
     2
 49
0.1975656958
 49
-19.558997876
 53
156.801409
 43
-5.448299999999998
 44
8.1026
 45
-69.84999980770121
 46
27.94000065561145
 79
     2
 49
1.0639234881
 49
-105.32842672
 53
180.0
 43
-5.0292
 44
8.102599999999999
 45
-0.0000000000000017
 46
-13.97
 79
     2
 49
0.4191
 49
-13.5509
 53
135.0
 43
-4.610100000000001
 44
7.683500000000005
 45
-13.96999997500227
 46
0.000000000000002
 79
     2
 49
0.5926969477
 49
-19.163866623
 53
303.690068
 43
-4.889500000000003
 44
8.102600000000006
 45
13.97000013437227
 46
-13.96999986508305
 79
     2
 49
0.5036954747
 49
-49.86585576500001
 53
333.434949
 43
-5.168900000000002
 44
8.242300000000004
 45
13.97000001758799
 46
0.0000001046674697
 79
     2
 49
0.3123786996
 49
-30.925490981
 53
333.434949
 43
-6.007100000000002
 44
8.6614
 45
13.97000001758799
 46
0.0000001046674697
 79
     2
 49
0.9371360988000005
 49
-30.300733584
 53
333.434949
 43
-6.2865
 44
8.801100000000002
 45
13.97000001758799
 46
0.0000001046674697
 79
     2
 49
0.3123786996
 49
-30.925490981
 53
333.434949
 43
-6.565900000000002
 44
8.9408
 45
13.97000001758799
 46
0.0000001046674697
 79
     2
 49
0.3123786996
 49
-30.925490981
 53
360.0
 43
-8.102600000000002
 44
8.9408
 45
0.0000000000000034
 46
13.97
 79
     2
 49
1.5367
 49
-12.4333
 53
315.0
 43
-8.242300000000006
 44
9.080500000000008
 45
13.96999997500227
 46
-0.0000000000000049
 79
     2
 49
0.1975656958
 49
-19.558997876
 53
218.659808
 43
-7.543799999999997
 44
9.6393
 45
-13.9700001094708
 46
-13.96999994227366
 79
     2
 49
0.8945164228
 49
-88.55712921000003
 53
243.434949
 43
-7.404100000000003
 44
9.918700000000008
 45
0.0000001046674619
 46
-13.97000001758799
 79
     2
 49
0.3123786996
 49
-30.925490981
 53
254.054604
 43
-7.124700000000004
 44
10.8966
 45
-13.97000016041249
 46
-55.87999999828815
 79
     2
 49
1.017031367
 49
-100.686103815
 53
285.9453960000001
 43
-7.404100000000004
 44
11.8745
 45
13.97000001658671
 46
-41.90999998104235
 79
     2
 49
1.017031367
 49
-100.686103815
 53
404.9999999999999
 43
-7.543799999999999
 44
11.7348
 45
0.0000000000000078
 46
13.96999997500227
 79
     2
 49
0.1975656958
 49
-19.558997876
 53
90.0
 43
-7.543799999999997
 44
11.3157
 45
-13.97
 46
0.0000000000000009
 79
     2
 49
0.4191
 49
-13.5509
 53
108.434949
 43
-7.404100000000001
 44
10.8966
 45
-13.97000012908866
 46
27.93999990907259
 79
     2
 49
0.4417702366
 49
-43.7352486725
 53
434.0546039999999
 43
-7.683500000000004
 44
9.918699999999998
 45
13.97000016041249
 46
55.87999999828813
 79
     2
 49
1.017031367
 49
-100.686103815
 53
404.9999999999999
 43
-8.2423
 44
9.359900000000001
 45
0.0000000000000078
 46
13.96999997500227
 79
     2
 49
0.7902625038000002
 49
-18.9663009305
 53
360.0
 43
-8.382000000000001
 44
9.359900000000001
 45
0.0000000000000034
 46
13.97
 79
     2
 49
0.1397
 49
-13.8303
 53
270.0
 43
-8.382000000000005
 44
9.49960000000001
 45
13.97
 46
-0.0000000000000026
 79
     2
 49
0.1397
 49
-13.8303
 53
270.0
 43
-8.38200000000001
 44
9.779000000000002
 45
13.97
 46
-0.0000000000000026
 79
     2
 49
0.2794
 49
-13.6906
 53
243.434949
 43
-8.242300000000009
 44
10.0584
 45
0.0000001046674619
 46
-13.97000001758799
 79
     2
 49
0.3123786996
 49
-30.925490981
 53
261.869898
 43
-8.102600000000008
 44
11.0363
 45
0.0000001453097556
 46
-13.96999995897922
 79
     2
 49
0.9878281996
 49
-97.79498910500001
 53
288.434949
 43
-8.242300000000004
 44
11.4554
 45
13.97000012908867
 46
-27.93999990907258
 79
     2
 49
0.4417702366
 49
-43.7352486725
 53
315.0
 43
-8.382000000000005
 44
11.59510000000001
 45
13.96999997500227
 46
-0.0000000000000049
 79
     2
 49
0.1975656958
 49
-19.558997876
 53
315.0
 43
-8.521700000000008
 44
11.7348
 45
13.96999997500227
 46
-0.0000000000000049
 79
     2
 49
0.1975656958
 49
-19.558997876
 53
296.565051
 43
-8.661400000000008
 44
12.01420000000001
 45
13.97000003590427
 46
-13.97000006076358
 79
     2
 49
0.3123786996
 49
-30.925490981
 53
296.565051
 43
-8.9408
 44
12.573
 45
13.97000003590427
 46
-13.97000006076358
 79
     2
 49
0.6247573992000001
 49
-30.6131122825
 53
296.565051
 43
-9.220200000000002
 44
13.1318
 45
13.97000003590427
 46
-13.97000006076358
 79
     2
 49
0.6247573992000001
 49
-30.6131122825
 53
315.0
 43
-9.359900000000005
 44
13.2715
 45
13.96999997500227
 46
-0.0000000000000049
 79
     2
 49
0.1975656958
 49
-19.558997876
 53
371.3099319999998
 43
-11.4554
 44
12.8524
 45
55.88000011158293
 46
13.96999960615868
 79
     2
 49
2.1369991423
 49
-69.09630354000001
 53
184.398705
 43
-9.639299999999995
 44
12.9921
 45
-167.6400000017032
 46
-13.96999897042841
 79
     2
 49
1.8214651785
 49
-180.325050015
 53
123.690068
 43
-9.359900000000005
 44
12.573
 45
-13.97000013437227
 46
13.96999986508305
 79
     2
 49
0.5036954747
 49
-49.86585576500001
 53
123.690068
 43
-9.080500000000008
 44
12.1539
 45
-13.97000013437227
 46
13.96999986508305
 79
     2
 49
0.5036954747
 49
-49.86585576500001
 53
116.565051
 43
-8.940800000000007
 44
11.8745
 45
-13.97000003590426
 46
13.97000006076359
 79
     2
 49
0.3123786996
 49
-30.925490981
 53
123.690068
 43
-8.6614
 44
11.4554
 45
-13.97000013437227
 46
13.96999986508305
 79
     2
 49
0.5036954747
 49
-49.86585576500001
 53
108.434949
 43
-8.521700000000004
 44
11.0363
 45
-13.97000012908866
 46
27.93999990907259
 79
     2
 49
0.4417702366
 49
-43.7352486725
 53
90.0
 43
-8.521699999999996
 44
10.8966
 45
-13.97
 46
0.0000000000000009
 79
     2
 49
0.1397
 49
-13.8303
 53
90.0
 43
-8.521700000000003
 44
10.6172
 45
-13.97
 46
0.0000000000000009
 79
     2
 49
0.2794
 49
-13.6906
 53
90.0
 43
-8.521700000000003
 44
10.1981
 45
-13.97
 46
0.0000000000000009
 79
     2
 49
0.4191
 49
-13.5509
 53
315.0
 43
-8.661400000000006
 44
10.3378
 45
13.96999997500227
 46
-0.0000000000000049
 79
     2
 49
0.1975656958
 49
-19.558997876
 53
296.565051
 43
-8.8011
 44
10.6172
 45
13.97000003590427
 46
-13.97000006076358
 79
     2
 49
0.3123786996
 49
-30.925490981
 53
315.0
 43
-8.940800000000001
 44
10.7569
 45
13.96999997500227
 46
-0.0000000000000049
 79
     2
 49
0.1975656958
 49
-19.558997876
 53
333.434949
 43
-9.2202
 44
10.8966
 45
13.97000001758799
 46
0.0000001046674697
 79
     2
 49
0.3123786996
 49
-30.925490981
 53
333.434949
 43
-9.499600000000006
 44
11.0363
 45
13.97000001758799
 46
0.0000001046674697
 79
     2
 49
0.3123786996
 49
-30.925490981
 53
360.0
 43
-9.779000000000003
 44
11.0363
 45
0.0000000000000034
 46
13.97
 79
     2
 49
0.2794
 49
-13.6906
 53
360.0
 43
-10.0584
 44
11.0363
 45
0.0000000000000034
 46
13.97
 79
     2
 49
0.2794
 49
-13.6906
 53
360.0
 43
-10.4775
 44
11.0363
 45
0.0000000000000034
 46
13.97
 79
     2
 49
0.4191
 49
-13.5509
 53
386.565051
 43
-10.7569
 44
10.8966
 45
13.9700000607636
 46
13.97000003590425
 79
     2
 49
0.3123786996
 49
-30.925490981
 53
404.9999999999999
 43
-10.8966
 44
10.75690000000001
 45
0.0000000000000078
 46
13.96999997500227
 79
     2
 49
0.1975656958
 49
-19.558997876
 98
        0
1001
ACAD
1010
0.0
1020
0.0
1030
0.0
  0
HATCH
  5
558
330
587
100
AcDbEntity
  8
hatch
440
 33554687
100
AcDbHatch
 10
0.0
 20
0.0
 30
0.0
210
0.0
220
0.0
230
1.0
  2
LEAF-01
 70
     0
 71
     0
 91
        1
 92
        0
 93
        3
 72
     1
 10
12.99999999999998
 20
-45.29865292771659
 11
33.40724483354747
 21
-3.000000000000014
 72
     1
 10
33.40724483354747
 20
-3.000000000000014
 11
-7.40724483354748
 21
-3.000000000000043
 72
     1
 10
-7.407244833547477
 20
-3.000000000000043
 11
12.99999999999998
 21
-45.29865292771659
 97
        0
 75
     0
 76
     0
 52
225.0
 41
1.0
 77
     0
 78
   209
 53
308.659808
 43
-12.57235856949682
 44
-19.75656346635213
 45
17.96051216618292
 46
-17.96051216680967
 79
     2
 49
2.30006779
 49
-227.706714766
 53
251.565051
 43
-12.39275344707544
 44
-19.217748099088
 45
-0.0000000306954728
 46
-35.92102460476278
 79
     2
 49
0.567961272
 49
-56.22816542
 53
239.036243
 43
-11.85393807981132
 44
-18.31972248698105
 45
-35.92102502205861
 46
-71.84204883867163
 79
     2
 49
1.047268924
 49
-103.679614078
 53
540.0
 43
-11.85393807981132
 44
-18.31972248698105
 45
-17.96051221200001
 46
-17.96051221199999
 79
     2
 49
1.436840916
 49
-34.484183508
 53
308.659808
 43
-11.85393807981132
 44
-18.31972248698105
 45
17.96051216618292
 46
-17.96051216680967
 79
     2
 49
2.30006779
 49
-227.706714766
 53
225.0
 43
-10.95591246770437
 44
-17.42169687487416
 45
17.9605122421383
 46
-17.96051224213831
 79
     2
 49
1.27
 49
-24.13
 53
570.963757
 43
-12.57235856949685
 44
-16.88288150760997
 45
-17.96051202742584
 46
-17.96051249503027
 79
     2
 49
1.047268924
 49
-103.679614078
 53
551.309932
 43
-11.6743329573899
 44
-16.70327638518862
 45
-53.88153674353845
 46
-17.96051181896028
 79
     2
 49
0.915809954
 49
-90.665192304
 53
528.690068
 43
-10.776307345283
 44
-16.88288150761
 45
-35.92102447965403
 46
-0.000000346995793
 79
     2
 49
0.915809954
 49
-90.665192304
 53
243.434949
 43
-10.41709710044023
 44
-16.16446101792447
 45
-17.9605119610638
 46
-53.88153677905457
 79
     2
 49
0.803218612
 49
-79.518633952
 53
513.4349490000001
 43
-9.6986766107547
 44
-16.52367126276724
 45
-53.8815367790546
 46
17.96051196106372
 79
     2
 49
0.803218612
 49
-79.518633952
 53
404.9999999999999
 43
-10.41709710044024
 44
-17.24209175245277
 45
-17.9605122421383
 46
17.96051224213831
 79
     2
 49
1.016
 49
-24.384
 53
483.6900680000001
 43
-9.698676610754706
 44
-18.31972248698106
 45
-17.96051255419175
 46
17.96051211611557
 79
     2
 49
1.29515108
 49
-128.219944728
 53
468.434949
 43
-9.519071488333303
 44
-18.85853785424523
 45
-17.96051239805096
 46
17.96051212638994
 79
     2
 49
0.567961272
 49
-56.22816542
 53
450.0
 43
-9.519071488333335
 44
-19.93616858877351
 45
-17.96051221199999
 46
17.96051221200001
 79
     2
 49
1.077630814
 49
-34.843393864
 53
438.6900680000002
 43
-9.698676610754713
 44
-20.83419420088043
 45
-0.000000346995793
 46
35.92102447965402
 79
     2
 49
0.915809954
 49
-90.665192304
 53
416.3099319999999
 43
-10.41709710044023
 44
-21.91182493540873
 45
53.88153739618215
 46
89.80256087776023
 79
     2
 49
1.29515108
 49
-128.219944728
 53
353.659808
 43
2.155261469056596
 44
-12.93156881433958
 45
35.92102455477735
 46
-0.0000002153985088
 79
     2
 49
1.626393496
 49
-161.0129622
 53
368.1301020000001
 43
0.8980256121069194
 44
-13.11117393676096
 45
89.80256132170886
 46
17.96051168705178
 79
     2
 49
1.27
 49
-125.73
 53
378.434949
 43
-0.1796051224213864
 44
-13.47038418160373
 45
17.96051212638997
 46
17.96051239805095
 79
     2
 49
1.135922544
 49
-55.660204148
 53
417.528808
 43
-0.1796051224213864
 44
-13.47038418160373
 45
53.88153626689365
 46
89.80256153005784
 79
     2
 49
2.341764176
 49
-231.834664854
 53
330.9453960000001
 43
-0.1796051224213864
 44
-13.47038418160373
 45
71.84204896375671
 46
-35.92102443760778
 79
     2
 49
1.84914794
 49
-183.065643266
 53
378.434949
 43
-1.25723585694969
 44
-13.8295944264465
 45
17.96051212638997
 46
17.96051239805095
 79
     2
 49
1.135922544
 49
-55.660204148
 53
374.036243
 43
-2.694076836320747
 44
-14.18880467128927
 45
53.88153692072844
 46
17.96051194118104
 79
     2
 49
1.481061808
 49
-146.625116452
 53
320.710593
 43
-2.694076836320747
 44
-14.18880467128927
 45
179.6051220744065
 46
-143.6840983342298
 79
     2
 49
2.552668504
 49
-252.714172244
 53
419.931417
 43
-2.694076836320747
 44
-14.18880467128927
 45
143.6840988113399
 46
251.4471709690787
 79
     2
 49
3.94314045
 49
-390.37089693
 53
360.0
 43
-4.13091781569181
 44
-14.18880467128927
 45
17.960512212
 46
17.960512212
 79
     2
 49
1.436840916
 49
-34.484183508
 53
348.690068
 43
-5.028943427798727
 44
-14.00919954886788
 45
35.92102447965404
 46
0.0000003469957965
 79
     2
 49
0.915809954
 49
-90.665192304
 53
424.653824
 43
-5.028943427798727
 44
-14.00919954886788
 45
125.7235860026972
 46
269.4076836136911
 79
     2
 49
3.775981526
 49
-373.822164724
 53
296.565051
 43
-5.028943427798727
 44
-14.00919954886788
 45
17.96051229926558
 46
-17.96051229669062
 79
     2
 49
2.409655582
 49
-77.912196982
 53
344.0546039999999
 43
-7.543415141698092
 44
-13.29077905918235
 45
197.5656346560772
 46
-53.88153699310528
 79
     2
 49
2.61509002
 49
-258.893915536
 53
513.4349490000001
 43
-7.902625386540866
 44
-12.93156881433958
 45
-53.8815367790546
 46
17.96051196106372
 79
     2
 49
1.60643697
 49
-78.715415594
 53
246.801409
 43
-7.363810019276713
 44
-11.6743329573899
 45
-17.96051267571364
 46
-53.88153663598089
 79
     2
 49
1.36783191
 49
-135.415354264
 53
236.309932
 43
-6.645389529591179
 44
-10.5967022228616
 45
-53.88153739618213
 46
-89.80256087776023
 79
     2
 49
1.29515108
 49
-128.219944728
 53
225.0
 43
-6.106574162327036
 44
-10.05788685559744
 45
17.9605122421383
 46
-17.96051224213831
 79
     2
 49
0.762
 49
-24.638
 53
566.5650509999999
 43
-4.669733182955971
 44
-9.339466365911917
 45
-17.96051229669066
 46
-17.96051229926555
 79
     2
 49
1.60643697
 49
-78.715415594
 53
551.309932
 43
-2.873681958742131
 44
-8.980256121069152
 45
-53.88153674353845
 46
-17.96051181896028
 79
     2
 49
1.831620162
 49
-89.74938235
 53
533.659808
 43
-1.257235856949684
 44
-9.159861243490539
 45
-35.92102455477735
 46
0.0000002153985461
 79
     2
 49
1.626393496
 49
-161.0129622
 53
525.963757
 43
0.1796051224213793
 44
-9.519071488333314
 45
-89.80256143676006
 46
17.96051140140313
 79
     2
 49
1.481061808
 49
-146.625116452
 53
510.9453960000001
 43
1.796051224213824
 44
-10.41709710044022
 45
-71.8420489637567
 46
35.92102443760785
 79
     2
 49
1.84914794
 49
-183.065643266
 53
494.9999999999998
 43
3.053287081163504
 44
-11.6743329573899
 45
-17.96051224213833
 46
-17.96051224213829
 79
     2
 49
1.778
 49
-23.622
 53
504.4623220000001
 43
4.310522938113195
 44
-12.57235856949682
 45
-107.763073304815
 46
71.8420493562898
 79
     2
 49
1.545021802
 49
-152.95714646
 53
510.9453960000001
 43
5.926969039905643
 44
-13.47038418160373
 45
-71.8420489637567
 46
35.92102443760785
 79
     2
 49
1.84914794
 49
-183.065643266
 53
348.690068
 43
5.02894342779873
 44
-13.29077905918235
 45
35.92102447965404
 46
0.0000003469957965
 79
     2
 49
0.915809954
 49
-90.665192304
 53
386.565051
 43
4.310522938113192
 44
-13.64998930402512
 45
17.96051229669063
 46
17.96051229926558
 79
     2
 49
0.803218612
 49
-79.518633952
 53
396.869898
 43
2.873681958742129
 44
-14.72762003855341
 45
17.9605119993827
 46
17.96051237381729
 79
     2
 49
1.796051272
 49
-177.809071102
 53
396.869898
 43
1.436840979371064
 44
-15.80525077308171
 45
17.9605119993827
 46
17.96051237381729
 79
     2
 49
1.796051272
 49
-177.809071102
 53
386.565051
 43
-0.0000000000000036
 44
-16.52367126276724
 45
17.96051229669063
 46
17.96051229926558
 79
     2
 49
1.60643697
 49
-78.715415594
 53
386.565051
 43
-1.436840979371068
 44
-17.24209175245278
 45
17.96051229669063
 46
17.96051229926558
 79
     2
 49
1.60643697
 49
-78.715415594
 53
371.3099319999998
 43
-3.232892203584897
 44
-17.60130199729554
 45
53.88153674353845
 46
17.96051181896029
 79
     2
 49
1.831620162
 49
-89.74938235
 53
344.7448810000001
 43
-5.208548550220105
 44
-17.06248663003139
 45
143.6840978258189
 46
-35.92102537018112
 79
     2
 49
2.047813532
 49
-202.733533318
 53
336.801409
 43
-6.465784407169791
 44
-16.52367126276724
 45
53.88153663598089
 46
-17.96051267571364
 79
     2
 49
1.36783191
 49
-135.415354264
 53
315.0
 43
-7.184204896855325
 44
-15.80525077308171
 45
17.96051224213831
 46
17.9605122421383
 79
     2
 49
1.016
 49
-24.384
 53
300.963757
 43
-7.723020264119474
 44
-14.9072251609748
 45
17.96051249503028
 46
-17.96051202742584
 79
     2
 49
1.047268924
 49
-103.679614078
 53
281.309932
 43
-7.902625386540869
 44
-14.00919954886787
 45
17.96051181896028
 46
-53.88153674353843
 79
     2
 49
0.915809954
 49
-90.665192304
 53
288.434949
 43
-8.082230508962239
 44
-13.47038418160373
 45
17.96051239805097
 46
-17.96051212638995
 79
     2
 49
0.567961272
 49
-56.22816542
 53
351.8698979999999
 43
-9.339466365911939
 44
-13.29077905918234
 45
35.92102448427661
 46
0.0000002220345916
 79
     2
 49
1.27
 49
-125.73
 53
270.0
 43
-9.339466365911962
 44
-12.21314832465402
 45
17.960512212
 46
-17.960512212
 79
     2
 49
1.077630814
 49
-34.843393864
 53
458.1301020000001
 43
-15.26643540581757
 44
-16.70327638518862
 45
-17.96051168705177
 46
89.80256132170884
 79
     2
 49
1.27
 49
-125.73
 53
483.6900680000001
 43
-0.3592102448427666
 44
-2.155261469056597
 45
-17.96051255419175
 46
17.96051211611557
 79
     2
 49
1.29515108
 49
-128.219944728
 53
483.6900680000001
 43
-1.616446101792451
 44
-3.412497326006279
 45
-17.96051255419175
 46
17.96051211611557
 79
     2
 49
1.29515108
 49
-128.219944728
 53
423.434949
 43
-4.310522938113198
 44
-5.028943427798728
 45
17.96051196106381
 46
53.88153677905456
 79
     2
 49
1.60643697
 49
-78.715415594
 53
450.0
 43
-5.208548550220117
 44
-5.926969039905638
 45
-17.96051221199999
 46
17.96051221200001
 79
     2
 49
0.718420458
 49
-35.202603966
 53
423.434949
 43
-5.567758795062872
 44
-6.645389529591176
 45
17.96051196106381
 46
53.88153677905456
 79
     2
 49
0.803218612
 49
-79.518633952
 53
573.690068
 43
-4.490128060534579
 44
-5.926969039905642
 45
-17.96051211611561
 46
-17.96051255419172
 79
     2
 49
1.29515108
 49
-128.219944728
 53
570.963757
 43
-3.592102448427659
 44
-5.388153672641494
 45
-17.96051202742584
 46
-17.96051249503027
 79
     2
 49
1.047268924
 49
-103.679614078
 53
558.434949
 43
-2.51447171389936
 44
-5.028943427798729
 45
-17.96051212638995
 46
-17.96051239805096
 79
     2
 49
1.135922544
 49
-55.660204148
 53
558.434949
 43
-0.8980256121069148
 44
-4.490128060534577
 45
-17.96051212638995
 46
-17.96051239805096
 79
     2
 49
1.703883816
 49
-55.092242876
 53
573.690068
 43
0.1796051224213806
 44
-3.771707570849046
 45
-17.96051211611561
 46
-17.96051255419172
 79
     2
 49
1.29515108
 49
-128.219944728
 53
225.0
 43
0.7184204896855315
 44
-3.232892203584895
 45
17.9605122421383
 46
-17.96051224213831
 79
     2
 49
0.762
 49
-24.638
 53
233.130102
 43
1.796051224213831
 44
-1.796051224213832
 45
-89.80256193872111
 46
-125.7235852337135
 79
     2
 49
1.796051272
 49
-177.809071102
 53
461.3099319999999
 43
3.771707570849046
 44
-4.490128060534576
 45
-17.96051181896029
 46
53.88153674353845
 79
     2
 49
0.915809954
 49
-90.665192304
 53
461.3099319999999
 43
3.951312693270428
 44
-5.388153672641494
 45
-17.96051181896029
 46
53.88153674353845
 79
     2
 49
0.915809954
 49
-90.665192304
 53
438.6900680000002
 43
3.771707570849043
 44
-6.286179284748409
 45
-0.000000346995793
 46
35.92102447965402
 79
     2
 49
0.915809954
 49
-90.665192304
 53
225.0
 43
4.490128060534575
 44
-5.567758795062879
 45
17.9605122421383
 46
-17.96051224213831
 79
     2
 49
1.016
 49
-24.384
 53
551.309932
 43
5.388153672641493
 44
-5.388153672641494
 45
-53.88153674353845
 46
-17.96051181896028
 79
     2
 49
0.915809954
 49
-90.665192304
 53
243.434949
 43
4.669733182955958
 44
-4.669733182955969
 45
-17.9605119610638
 46
-53.88153677905457
 79
     2
 49
0.803218612
 49
-79.518633952
 53
225.0
 43
9.87828173317607
 44
-9.878281733176072
 45
17.9605122421383
 46
-17.96051224213831
 79
     2
 49
1.778
 49
-23.622
 53
239.036243
 43
9.159861243490539
 44
-12.7519636919182
 45
-35.92102502205861
 46
-71.84204883867163
 79
     2
 49
1.047268924
 49
-103.679614078
 53
246.801409
 43
9.698676610754687
 44
-11.49472783496852
 45
-17.96051267571364
 46
-53.88153663598089
 79
     2
 49
1.36783191
 49
-135.415354264
 53
255.963757
 43
10.05788685559744
 44
-10.05788685559746
 45
-17.96051140140295
 46
-89.80256143676007
 79
     2
 49
1.481061808
 49
-146.625116452
 53
479.0546039999999
 43
11.49472783496851
 44
-12.21314832465405
 45
-53.88153650243927
 46
89.80256138675176
 79
     2
 49
1.84914794
 49
-183.065643266
 53
383.198591
 43
11.4947278349685
 44
-13.29077905918235
 45
71.84204866851574
 46
35.92102514656925
 79
     2
 49
1.36783191
 49
-135.415354264
 53
378.434949
 43
9.878281733176072
 44
-13.82959442644651
 45
17.96051212638997
 46
17.96051239805095
 79
     2
 49
1.703883816
 49
-55.092242876
 53
383.198591
 43
8.621045876226383
 44
-14.36840979371065
 45
71.84204866851574
 46
35.92102514656925
 79
     2
 49
1.36783191
 49
-135.415354264
 53
404.9999999999999
 43
7.723020264119464
 44
-15.26643540581756
 45
-17.9605122421383
 46
17.96051224213831
 79
     2
 49
1.27
 49
-24.13
 53
258.690068
 43
7.902625386540846
 44
-14.36840979371065
 45
0.0000003469957983
 46
-35.92102447965404
 79
     2
 49
0.915809954
 49
-90.665192304
 53
270.0
 43
7.902625386540844
 44
-13.64998930402512
 45
17.960512212
 46
-17.960512212
 79
     2
 49
0.718420458
 49
-35.202603966
 53
278.130102
 43
7.723020264119485
 44
-12.39275344707545
 45
17.96051168705178
 46
-89.80256132170884
 79
     2
 49
1.27
 49
-125.73
 53
281.309932
 43
7.363810019276704
 44
-10.59670222286161
 45
17.96051181896028
 46
-53.88153674353843
 79
     2
 49
1.831620162
 49
-89.74938235
 53
276.340192
 43
7.184204896855325
 44
-8.980256121069164
 45
17.96051275078732
 46
-125.7235856096246
 79
     2
 49
1.626393496
 49
-161.0129622
 53
263.659808
 43
7.363810019276706
 44
-7.363810019276711
 45
-0.0000002153985066
 46
-35.92102455477735
 79
     2
 49
1.626393496
 49
-161.0129622
 53
404.9999999999999
 43
-6.106574162327014
 44
-23.3486659147798
 45
-17.9605122421383
 46
17.96051224213831
 79
     2
 49
2.54
 49
-22.86
 53
535.6012949999999
 43
-6.106574162327014
 44
-23.3486659147798
 45
-35.92102459222856
 46
-0.0000002420418013
 79
     2
 49
2.341764176
 49
-231.834664854
 53
307.405357
 43
-6.106574162327014
 44
-23.3486659147798
 45
125.7235868025592
 46
-161.6446094608942
 79
     2
 49
3.843717484
 49
-380.528029646
 53
404.9999999999999
 43
-6.465784407169783
 44
-23.70787615962257
 45
-17.9605122421383
 46
17.96051224213831
 79
     2
 49
0.508
 49
-24.892
 53
419.036243
 43
-7.004599774433947
 44
-24.60590177172949
 45
35.92102502205864
 46
71.8420488386716
 79
     2
 49
1.047268924
 49
-103.679614078
 53
423.434949
 43
-7.363810019276702
 44
-25.32432226141502
 45
17.96051196106381
 46
53.88153677905456
 79
     2
 49
0.803218612
 49
-79.518633952
 53
225.0
 43
-8.261835631383637
 44
-21.55261469056599
 45
17.9605122421383
 46
-17.96051224213831
 79
     2
 49
2.032
 49
-23.368
 53
573.690068
 43
-7.184204896855325
 44
-20.83419420088044
 45
-17.96051211611561
 46
-17.96051255419172
 79
     2
 49
1.29515108
 49
-128.219944728
 53
546.340192
 43
-5.567758795062881
 44
-20.65458907845905
 45
-125.7235856096246
 46
-17.96051275078741
 79
     2
 49
1.626393496
 49
-161.0129622
 53
525.963757
 43
-4.130917815691813
 44
-21.01379932330182
 45
-89.80256143676006
 46
17.96051140140313
 79
     2
 49
1.481061808
 49
-146.625116452
 53
246.801409
 43
-3.592102448427664
 44
-19.75656346635214
 45
-17.96051267571364
 46
-53.88153663598089
 79
     2
 49
1.36783191
 49
-135.415354264
 53
509.036243
 43
-2.694076836320743
 44
-20.2953788336163
 45
-71.8420488386716
 46
35.92102502205864
 79
     2
 49
1.047268924
 49
-103.679614078
 53
404.9999999999999
 43
-3.771707570849046
 44
-21.3730095681446
 45
-17.9605122421383
 46
17.96051224213831
 79
     2
 49
1.524
 49
-23.876
 53
486.8698979999999
 43
-2.694076836320745
 44
-22.80985054751565
 45
-17.96051237381728
 46
17.96051199938272
 79
     2
 49
1.796051272
 49
-177.809071102
 53
473.198591
 43
-2.155261469056608
 44
-24.06708640446533
 45
-35.92102514656932
 46
71.84204866851569
 79
     2
 49
1.36783191
 49
-135.415354264
 53
450.0
 43
-2.155261469056599
 44
-25.50392738383641
 45
-17.96051221199999
 46
17.96051221200001
 79
     2
 49
1.436840916
 49
-34.484183508
 53
441.8698979999999
 43
-2.334866591477976
 44
-26.76116324078608
 45
-0.0000002220345898
 46
35.92102448427661
 79
     2
 49
1.27
 49
-125.73
 53
423.434949
 43
-3.412497326006285
 44
-28.91642470984268
 45
17.96051196106381
 46
53.88153677905456
 79
     2
 49
2.409655582
 49
-77.912196982
 53
378.434949
 43
5.208548550220108
 44
-18.14011736455969
 45
17.96051212638997
 46
17.96051239805095
 79
     2
 49
1.703883816
 49
-55.092242876
 53
395.537678
 43
3.951312693270429
 44
-19.03814297666662
 45
17.96051205794035
 46
17.96051230646756
 79
     2
 49
1.545021802
 49
-152.95714646
 53
413.130102
 43
2.87368195874212
 44
-20.47498395603767
 45
89.80256193872113
 46
125.7235852337135
 79
     2
 49
1.796051272
 49
-177.809071102
 53
426.801409
 43
2.334866591477979
 44
-21.73221981298735
 45
17.96051267571364
 46
53.88153663598088
 79
     2
 49
1.36783191
 49
-135.415354264
 53
444.805571
 43
2.155261469056597
 44
-23.70787615962257
 45
0.0000000578447739
 46
35.92102450310279
 79
     2
 49
1.9838035
 49
-196.396538372
 53
243.434949
 43
-12.93156881433959
 44
-21.91182493540875
 45
-17.9605119610638
 46
-53.88153677905457
 79
     2
 49
0.803218612
 49
-79.518633952
 53
258.690068
 43
-12.7519636919182
 44
-21.01379932330182
 45
0.0000003469957983
 46
-35.92102447965404
 79
     2
 49
0.915809954
 49
-90.665192304
 53
225.0
 43
-12.7519636919182
 44
-21.01379932330182
 45
17.9605122421383
 46
-17.96051224213831
 79
     2
 49
1.016
 49
-24.384
 53
305.537678
 43
-12.7519636919182
 44
-21.01379932330182
 45
17.96051230646756
 46
-17.96051205794035
 79
     2
 49
1.545021802
 49
-152.95714646
 53
261.869898
 43
-12.57235856949682
 44
-19.75656346635213
 45
0.0000002220345934
 46
-35.92102448427661
 79
     2
 49
1.27
 49
-125.73
 53
566.5650509999999
 43
-12.57235856949682
 44
-19.75656346635213
 45
-17.96051229669066
 46
-17.96051229926555
 79
     2
 49
1.60643697
 49
-78.715415594
 53
278.130102
 43
-14.54801491613208
 44
-20.29537883361626
 45
17.96051168705178
 46
-89.80256132170884
 79
     2
 49
1.27
 49
-125.73
 53
263.659808
 43
-14.36840979371065
 44
-18.67893273182383
 45
-0.0000002153985066
 46
-35.92102455477735
 79
     2
 49
1.626393496
 49
-161.0129622
 53
234.462322
 43
-13.47038418160375
 44
-17.42169687487414
 45
-71.84204935628989
 46
-107.7630733048149
 79
     2
 49
1.545021802
 49
-152.95714646
 53
404.9999999999999
 43
-11.31512271254714
 44
-22.80985054751564
 45
-17.9605122421383
 46
17.96051224213831
 79
     2
 49
1.27
 49
-24.13
 53
383.198591
 43
-12.57235856949685
 44
-23.34866591477978
 45
71.84204866851574
 46
35.92102514656925
 79
     2
 49
1.36783191
 49
-135.415354264
 53
441.8698979999999
 43
-15.44604052823894
 44
-17.96051224213831
 45
-0.0000002220345898
 46
35.92102448427661
 79
     2
 49
1.27
 49
-125.73
 53
431.565051
 43
-15.80525077308178
 44
-19.03814297666656
 45
0.0000000306954746
 46
35.92102460476276
 79
     2
 49
1.135922544
 49
-55.660204148
 53
423.434949
 43
-16.16446101792453
 44
-19.75656346635211
 45
17.96051196106381
 46
53.88153677905456
 79
     2
 49
0.803218612
 49
-79.518633952
 53
315.0
 43
-17.42169687487416
 44
-17.42169687487417
 45
17.96051224213831
 46
17.9605122421383
 79
     2
 49
0.508
 49
-24.892
 53
251.565051
 43
-7.723020264119482
 44
-26.76116324078608
 45
-0.0000000306954728
 46
-35.92102460476278
 79
     2
 49
1.135922544
 49
-55.660204148
 53
281.309932
 43
-7.723020264119482
 44
-26.76116324078608
 45
17.96051181896028
 46
-53.88153674353843
 79
     2
 49
1.831620162
 49
-89.74938235
 53
261.869898
 43
-7.723020264119482
 44
-26.76116324078608
 45
0.0000002220345934
 46
-35.92102448427661
 79
     2
 49
1.27
 49
-125.73
 53
255.963757
 43
-7.363810019276702
 44
-25.32432226141502
 45
-17.96051140140295
 46
-89.80256143676007
 79
     2
 49
1.481061808
 49
-146.625116452
 53
303.690068
 43
-7.363810019276702
 44
-25.32432226141502
 45
17.96051255419174
 46
-17.96051211611558
 79
     2
 49
3.885452986
 49
-125.629642822
 53
381.037511
 43
-9.698676610754696
 44
-26.22234787352194
 45
179.6051224569773
 46
71.84204898517851
 79
     2
 49
2.501609932
 49
-247.659378188
 53
255.963757
 43
-10.23749197801884
 44
-23.88748128204395
 45
-17.96051140140295
 46
-89.80256143676007
 79
     2
 49
1.481061808
 49
-146.625116452
 53
239.036243
 43
-9.698676610754701
 44
-22.98945566993703
 45
-35.92102502205861
 46
-71.84204883867163
 79
     2
 49
1.047268924
 49
-103.679614078
 53
404.9999999999999
 43
-5.208548550220113
 44
-30.71247593405651
 45
-17.9605122421383
 46
17.96051224213831
 79
     2
 49
2.54
 49
-22.86
 53
225.0
 43
0.1796051224213819
 44
-31.07168617889927
 45
17.9605122421383
 46
-17.96051224213831
 79
     2
 49
2.286
 49
-23.114
 53
236.309932
 43
-1.436840979371048
 44
-32.68813228069174
 45
-53.88153739618213
 46
-89.80256087776023
 79
     2
 49
1.29515108
 49
-128.219944728
 53
360.0
 43
-3.232892203584889
 44
-32.68813228069172
 45
17.960512212
 46
17.960512212
 79
     2
 49
1.796051272
 49
-34.124973152
 53
225.0
 43
-3.592102448427676
 44
-30.8920810564779
 45
17.9605122421383
 46
-17.96051224213831
 79
     2
 49
1.016
 49
-24.384
 53
570.963757
 43
-2.694076836320761
 44
-30.35326568921374
 45
-17.96051202742584
 46
-17.96051249503027
 79
     2
 49
1.047268924
 49
-103.679614078
 53
558.434949
 43
-1.616446101792459
 44
-29.994055444371
 45
-17.96051212638995
 46
-17.96051239805096
 79
     2
 49
1.135922544
 49
-55.660204148
 53
540.0
 43
-0.8980256121069239
 44
-29.994055444371
 45
-17.96051221200001
 46
-17.96051221199999
 79
     2
 49
0.718420458
 49
-35.202603966
 53
531.869898
 43
0.3592102448427603
 44
-30.17366056679236
 45
-35.92102448427661
 46
-0.0000002220345889
 79
     2
 49
1.27
 49
-125.73
 53
236.309932
 43
1.077630734528293
 44
-29.09602983226406
 45
-53.88153739618213
 46
-89.80256087776023
 79
     2
 49
1.29515108
 49
-128.219944728
 53
509.036243
 43
1.975656346635219
 44
-29.63484519952821
 45
-71.8420488386716
 46
35.92102502205864
 79
     2
 49
1.047268924
 49
-103.679614078
 53
404.9999999999999
 43
0.898025612106915
 44
-30.71247593405652
 45
-17.9605122421383
 46
17.96051224213831
 79
     2
 49
1.524
 49
-23.876
 53
239.036243
 43
4.310522938113193
 44
-27.659188852893
 45
-35.92102502205861
 46
-71.84204883867163
 79
     2
 49
1.047268924
 49
-103.679614078
 53
243.434949
 43
4.669733182955953
 44
-26.94076836320748
 45
-17.9605119610638
 46
-53.88153677905457
 79
     2
 49
0.803218612
 49
-79.518633952
 53
258.690068
 43
4.849338305377351
 44
-26.04274275110056
 45
0.0000003469957983
 46
-35.92102447965404
 79
     2
 49
0.915809954
 49
-90.665192304
 53
455.194429
 43
2.334866591477981
 44
-25.68353250625778
 45
-17.96051251185278
 46
161.6446102350402
 79
     2
 49
1.9838035
 49
-196.396538372
 53
464.0362430000001
 43
2.69407683632074
 44
-27.12037348562884
 45
-17.96051194118103
 46
53.88153692072844
 79
     2
 49
1.481061808
 49
-146.625116452
 53
461.3099319999999
 43
3.053287081163498
 44
-28.91642470984268
 45
-17.96051181896029
 46
53.88153674353845
 79
     2
 49
1.831620162
 49
-89.74938235
 53
438.6900680000002
 43
2.873681958742131
 44
-29.81445032194959
 45
-0.000000346995793
 46
35.92102447965402
 79
     2
 49
0.915809954
 49
-90.665192304
 53
423.434949
 43
2.514471713899351
 44
-30.53287081163512
 45
17.96051196106381
 46
53.88153677905456
 79
     2
 49
0.803218612
 49
-79.518633952
 53
225.0
 43
3.232892203584885
 44
-29.81445032194961
 45
17.9605122421383
 46
-17.96051224213831
 79
     2
 49
1.016
 49
-24.384
 53
570.963757
 43
4.130917815691804
 44
-29.27563495468544
 45
-17.96051202742584
 46
-17.96051249503027
 79
     2
 49
1.047268924
 49
-103.679614078
 53
486.8698979999999
 43
1.975656346635221
 44
-32.14931691342757
 45
-17.96051237381728
 46
17.96051199938272
 79
     2
 49
1.796051272
 49
-177.809071102
 53
473.198591
 43
2.514471713899347
 44
-33.40655277037725
 45
-35.92102514656932
 46
71.84204866851569
 79
     2
 49
1.36783191
 49
-135.415354264
 53
261.869898
 43
5.028943427798721
 44
-24.78550689415087
 45
0.0000002220345934
 46
-35.92102448427661
 79
     2
 49
1.27
 49
-125.73
 53
225.0
 43
5.028943427798721
 44
-24.78550689415087
 45
17.9605122421383
 46
-17.96051224213831
 79
     2
 49
2.032
 49
-23.368
 53
303.690068
 43
5.028943427798721
 44
-24.78550689415087
 45
17.96051255419174
 46
-17.96051211611558
 79
     2
 49
2.590301906
 49
-126.924793648
 53
258.690068
 43
5.208548550220106
 44
-23.88748128204398
 45
0.0000003469957983
 46
-35.92102447965404
 79
     2
 49
0.915809954
 49
-90.665192304
 53
255.963757
 43
5.567758795062874
 44
-22.45064030267288
 45
-17.96051140140295
 46
-89.80256143676007
 79
     2
 49
1.481061808
 49
-146.625116452
 53
561.0375110000001
 43
5.567758795062874
 44
-22.45064030267288
 45
-179.6051224569772
 46
-71.84204898517882
 79
     2
 49
2.501609932
 49
-247.659378188
 53
304.380345
 43
5.567758795062874
 44
-22.45064030267288
 45
161.6446113212704
 46
-233.4866584687747
 79
     2
 49
4.134820534
 49
-409.347222706
 53
251.565051
 43
5.92696903990564
 44
-21.37300956814459
 45
-0.0000000306954728
 46
-35.92102460476278
 79
     2
 49
1.135922544
 49
-55.660204148
 53
234.462322
 43
6.824994652012558
 44
-20.1157737111949
 45
-71.84204935628989
 46
-107.7630733048149
 79
     2
 49
1.545021802
 49
-152.95714646
 53
543.8140749999999
 43
6.824994652012558
 44
-20.1157737111949
 45
-233.4866590864751
 46
-17.96051299728203
 79
     2
 49
2.700057084
 49
-267.30564649
 53
307.405357
 43
6.824994652012558
 44
-20.1157737111949
 45
125.7235868025592
 46
-161.6446094608942
 79
     2
 49
3.843717484
 49
-380.528029646
 53
225.0
 43
7.543415141698097
 44
-19.39735322150937
 45
17.9605122421383
 46
-17.96051224213831
 79
     2
 49
1.016
 49
-24.384
 53
225.0
 43
8.261835631383608
 44
-18.67893273182384
 45
17.9605122421383
 46
-17.96051224213831
 79
     2
 49
1.016
 49
-24.384
 53
225.0
 43
10.05788685559744
 44
-17.24209175245278
 45
17.9605122421383
 46
-17.96051224213831
 79
     2
 49
1.524
 49
-23.876
 53
329.036243
 43
9.15986124349053
 44
-16.70327638518863
 45
71.84204883867163
 46
-35.92102502205861
 79
     2
 49
1.047268924
 49
-103.679614078
 53
426.801409
 43
8.621045876226386
 44
-17.96051224213831
 45
17.96051267571364
 46
53.88153663598088
 79
     2
 49
1.36783191
 49
-135.415354264
 53
348.690068
 43
6.82499465201256
 44
-17.60130199729554
 45
35.92102447965404
 46
0.0000003469957965
 79
     2
 49
1.831620162
 49
-89.74938235
 53
563.198591
 43
5.38815367264149
 44
-28.73681958742132
 45
-71.84204866851573
 46
-35.92102514656933
 79
     2
 49
1.36783191
 49
-135.415354264
 53
558.434949
 43
7.004599774433929
 44
-28.19800422015715
 45
-17.96051212638995
 46
-17.96051239805096
 79
     2
 49
1.703883816
 49
-55.092242876
 53
573.690068
 43
8.082230508962235
 44
-27.47958373047161
 45
-17.96051211611561
 46
-17.96051255419172
 79
     2
 49
1.29515108
 49
-128.219944728
 53
225.0
 43
9.51907148833329
 44
-26.04274275110056
 45
17.9605122421383
 46
-17.96051224213831
 79
     2
 49
2.032
 49
-23.368
 53
243.434949
 43
10.23749197801884
 44
-24.60590177172948
 45
-17.9605119610638
 46
-53.88153677905457
 79
     2
 49
1.60643697
 49
-78.715415594
 53
251.565051
 43
10.77630734528299
 44
-22.98945566993704
 45
-0.0000000306954728
 46
-35.92102460476278
 79
     2
 49
1.703883816
 49
-55.092242876
 53
270.0
 43
10.77630734528299
 44
-21.1934044457232
 45
17.960512212
 46
-17.960512212
 79
     2
 49
1.796051272
 49
-34.124973152
 53
296.565051
 43
10.05788685559747
 44
-19.75656346635215
 45
17.96051229926558
 46
-17.96051229669062
 79
     2
 49
1.60643697
 49
-78.715415594
 53
306.869898
 43
8.980256121069157
 44
-18.31972248698107
 45
17.96051237381729
 46
-17.9605119993827
 79
     2
 49
1.796051272
 49
-177.809071102
 53
540.0
 43
14.72762003855341
 44
-14.72762003855342
 45
-17.96051221200001
 46
-17.96051221199999
 79
     2
 49
0.718420458
 49
-35.202603966
 53
423.434949
 43
15.44604052823895
 44
-16.52367126276726
 45
17.96051196106381
 46
53.88153677905456
 79
     2
 49
0.803218612
 49
-79.518633952
 53
568.300756
 43
15.44604052823895
 44
-16.52367126276726
 45
-161.6446098465655
 46
-89.80256193182163
 79
     2
 49
2.651837978
 49
-262.531947376
 53
299.744881
 43
15.44604052823895
 44
-16.52367126276726
 45
53.88153620906021
 46
-89.80256149788312
 79
     2
 49
2.896045516
 49
-286.708512434
 53
431.565051
 43
15.26643540581756
 44
-17.06248663003139
 45
0.0000000306954746
 46
35.92102460476276
 79
     2
 49
0.567961272
 49
-56.22816542
 53
438.6900680000002
 43
15.08683028339618
 44
-17.9605122421383
 45
-0.000000346995793
 46
35.92102447965402
 79
     2
 49
0.915809954
 49
-90.665192304
 53
441.8698979999999
 43
14.90722516097479
 44
-19.217748099088
 45
-0.0000002220345898
 46
35.92102448427661
 79
     2
 49
1.27
 49
-125.73
 53
577.8749839999999
 43
14.90722516097479
 44
-19.217748099088
 45
-17.96051227022205
 46
-17.96051231074439
 79
     2
 49
2.047813532
 49
-202.733533318
 53
303.690068
 43
14.90722516097479
 44
-19.217748099088
 45
17.96051255419174
 46
-17.96051211611558
 79
     2
 49
1.29515108
 49
-128.219944728
 53
438.6900680000002
 43
14.72762003855341
 44
-20.11577371119491
 45
-0.000000346995793
 46
35.92102447965402
 79
     2
 49
0.915809954
 49
-90.665192304
 53
438.6900680000002
 43
14.54801491613203
 44
-21.01379932330182
 45
-0.000000346995793
 46
35.92102447965402
 79
     2
 49
0.915809954
 49
-90.665192304
 53
431.565051
 43
14.36840979371065
 44
-21.55261469056597
 45
0.0000000306954746
 46
35.92102460476276
 79
     2
 49
0.567961272
 49
-56.22816542
 53
270.0
 43
12.75196369191819
 44
-22.80985054751565
 45
17.960512212
 46
-17.960512212
 79
     2
 49
0.359210356
 49
-35.561814322
 53
281.309932
 43
12.57235856949682
 44
-21.91182493540875
 45
17.96051181896028
 46
-53.88153674353843
 79
     2
 49
0.915809954
 49
-90.665192304
 53
281.309932
 43
12.21314832465405
 44
-20.11577371119491
 45
17.96051181896028
 46
-53.88153674353843
 79
     2
 49
1.831620162
 49
-89.74938235
 53
278.130102
 43
12.03354320223266
 44
-18.85853785424522
 45
17.96051168705178
 46
-89.80256132170884
 79
     2
 49
1.27
 49
-125.73
 53
270.0
 43
12.03354320223267
 44
-17.06248663003139
 45
17.960512212
 46
-17.960512212
 79
     2
 49
1.796051272
 49
-34.124973152
 53
261.869898
 43
12.21314832465405
 44
-15.80525077308172
 45
0.0000002220345934
 46
-35.92102448427661
 79
     2
 49
1.27
 49
-125.73
 53
243.434949
 43
12.93156881433958
 44
-14.36840979371065
 45
-17.9605119610638
 46
-53.88153677905457
 79
     2
 49
1.60643697
 49
-78.715415594
 53
225.0
 43
13.64998930402511
 44
-13.64998930402512
 45
17.9605122421383
 46
-17.96051224213831
 79
     2
 49
1.016
 49
-24.384
 53
306.253838
 43
-1.436840979371048
 44
-32.68813228069174
 45
107.7630741006107
 46
-143.6840975201284
 79
     2
 49
3.340848284
 49
-330.743991038
 98
        0
1001
ACAD
1010
0.0
1020
0.0
1030
0.0
  0
HATCH
  5
559
330
587
100
AcDbEntity
  8
hatch
440
 33554687
100
AcDbHatch
 10
0.0
 20
0.0
 30
0.0
210
0.0
220
0.0
230
1.0
  2
LEAF-01
 70
     0
 71
     0
 91
        1
 92
        0
 93
        3
 72
     1
 10
12.99999999999996
 20
45.29865292771662
 11
33.40724483354746
 21
3.000000000000625
 72
     1
 10
33.40724483354746
 20
3.000000000000625
 11
-7.407244833547473
 21
2.999999999999908
 72
     1
 10
-7.407244833547473
 20
2.999999999999908
 11
12.99999999999996
 21
45.29865292771662
 97
        0
 75
     0
 76
     0
 52
225.0
 41
1.0
 77
     0
 78
   209
 53
308.659808
 43
-12.57235856949682
 44
-19.75656346635213
 45
17.96051216618292
 46
-17.96051216680967
 79
     2
 49
2.30006779
 49
-227.706714766
 53
251.565051
 43
-12.39275344707544
 44
-19.217748099088
 45
-0.0000000306954728
 46
-35.92102460476278
 79
     2
 49
0.567961272
 49
-56.22816542
 53
239.036243
 43
-11.85393807981132
 44
-18.31972248698105
 45
-35.92102502205861
 46
-71.84204883867163
 79
     2
 49
1.047268924
 49
-103.679614078
 53
540.0
 43
-11.85393807981132
 44
-18.31972248698105
 45
-17.96051221200001
 46
-17.96051221199999
 79
     2
 49
1.436840916
 49
-34.484183508
 53
308.659808
 43
-11.85393807981132
 44
-18.31972248698105
 45
17.96051216618292
 46
-17.96051216680967
 79
     2
 49
2.30006779
 49
-227.706714766
 53
225.0
 43
-10.95591246770437
 44
-17.42169687487416
 45
17.9605122421383
 46
-17.96051224213831
 79
     2
 49
1.27
 49
-24.13
 53
570.963757
 43
-12.57235856949685
 44
-16.88288150760997
 45
-17.96051202742584
 46
-17.96051249503027
 79
     2
 49
1.047268924
 49
-103.679614078
 53
551.309932
 43
-11.6743329573899
 44
-16.70327638518862
 45
-53.88153674353845
 46
-17.96051181896028
 79
     2
 49
0.915809954
 49
-90.665192304
 53
528.690068
 43
-10.776307345283
 44
-16.88288150761
 45
-35.92102447965403
 46
-0.000000346995793
 79
     2
 49
0.915809954
 49
-90.665192304
 53
243.434949
 43
-10.41709710044023
 44
-16.16446101792447
 45
-17.9605119610638
 46
-53.88153677905457
 79
     2
 49
0.803218612
 49
-79.518633952
 53
513.4349490000001
 43
-9.6986766107547
 44
-16.52367126276724
 45
-53.8815367790546
 46
17.96051196106372
 79
     2
 49
0.803218612
 49
-79.518633952
 53
404.9999999999999
 43
-10.41709710044024
 44
-17.24209175245277
 45
-17.9605122421383
 46
17.96051224213831
 79
     2
 49
1.016
 49
-24.384
 53
483.6900680000001
 43
-9.698676610754706
 44
-18.31972248698106
 45
-17.96051255419175
 46
17.96051211611557
 79
     2
 49
1.29515108
 49
-128.219944728
 53
468.434949
 43
-9.519071488333303
 44
-18.85853785424523
 45
-17.96051239805096
 46
17.96051212638994
 79
     2
 49
0.567961272
 49
-56.22816542
 53
450.0
 43
-9.519071488333335
 44
-19.93616858877351
 45
-17.96051221199999
 46
17.96051221200001
 79
     2
 49
1.077630814
 49
-34.843393864
 53
438.6900680000002
 43
-9.698676610754713
 44
-20.83419420088043
 45
-0.000000346995793
 46
35.92102447965402
 79
     2
 49
0.915809954
 49
-90.665192304
 53
416.3099319999999
 43
-10.41709710044023
 44
-21.91182493540873
 45
53.88153739618215
 46
89.80256087776023
 79
     2
 49
1.29515108
 49
-128.219944728
 53
353.659808
 43
2.155261469056596
 44
-12.93156881433958
 45
35.92102455477735
 46
-0.0000002153985088
 79
     2
 49
1.626393496
 49
-161.0129622
 53
368.1301020000001
 43
0.8980256121069194
 44
-13.11117393676096
 45
89.80256132170886
 46
17.96051168705178
 79
     2
 49
1.27
 49
-125.73
 53
378.434949
 43
-0.1796051224213864
 44
-13.47038418160373
 45
17.96051212638997
 46
17.96051239805095
 79
     2
 49
1.135922544
 49
-55.660204148
 53
417.528808
 43
-0.1796051224213864
 44
-13.47038418160373
 45
53.88153626689365
 46
89.80256153005784
 79
     2
 49
2.341764176
 49
-231.834664854
 53
330.9453960000001
 43
-0.1796051224213864
 44
-13.47038418160373
 45
71.84204896375671
 46
-35.92102443760778
 79
     2
 49
1.84914794
 49
-183.065643266
 53
378.434949
 43
-1.25723585694969
 44
-13.8295944264465
 45
17.96051212638997
 46
17.96051239805095
 79
     2
 49
1.135922544
 49
-55.660204148
 53
374.036243
 43
-2.694076836320747
 44
-14.18880467128927
 45
53.88153692072844
 46
17.96051194118104
 79
     2
 49
1.481061808
 49
-146.625116452
 53
320.710593
 43
-2.694076836320747
 44
-14.18880467128927
 45
179.6051220744065
 46
-143.6840983342298
 79
     2
 49
2.552668504
 49
-252.714172244
 53
419.931417
 43
-2.694076836320747
 44
-14.18880467128927
 45
143.6840988113399
 46
251.4471709690787
 79
     2
 49
3.94314045
 49
-390.37089693
 53
360.0
 43
-4.13091781569181
 44
-14.18880467128927
 45
17.960512212
 46
17.960512212
 79
     2
 49
1.436840916
 49
-34.484183508
 53
348.690068
 43
-5.028943427798727
 44
-14.00919954886788
 45
35.92102447965404
 46
0.0000003469957965
 79
     2
 49
0.915809954
 49
-90.665192304
 53
424.653824
 43
-5.028943427798727
 44
-14.00919954886788
 45
125.7235860026972
 46
269.4076836136911
 79
     2
 49
3.775981526
 49
-373.822164724
 53
296.565051
 43
-5.028943427798727
 44
-14.00919954886788
 45
17.96051229926558
 46
-17.96051229669062
 79
     2
 49
2.409655582
 49
-77.912196982
 53
344.0546039999999
 43
-7.543415141698092
 44
-13.29077905918235
 45
197.5656346560772
 46
-53.88153699310528
 79
     2
 49
2.61509002
 49
-258.893915536
 53
513.4349490000001
 43
-7.902625386540866
 44
-12.93156881433958
 45
-53.8815367790546
 46
17.96051196106372
 79
     2
 49
1.60643697
 49
-78.715415594
 53
246.801409
 43
-7.363810019276713
 44
-11.6743329573899
 45
-17.96051267571364
 46
-53.88153663598089
 79
     2
 49
1.36783191
 49
-135.415354264
 53
236.309932
 43
-6.645389529591179
 44
-10.5967022228616
 45
-53.88153739618213
 46
-89.80256087776023
 79
     2
 49
1.29515108
 49
-128.219944728
 53
225.0
 43
-6.106574162327036
 44
-10.05788685559744
 45
17.9605122421383
 46
-17.96051224213831
 79
     2
 49
0.762
 49
-24.638
 53
566.5650509999999
 43
-4.669733182955971
 44
-9.339466365911917
 45
-17.96051229669066
 46
-17.96051229926555
 79
     2
 49
1.60643697
 49
-78.715415594
 53
551.309932
 43
-2.873681958742131
 44
-8.980256121069152
 45
-53.88153674353845
 46
-17.96051181896028
 79
     2
 49
1.831620162
 49
-89.74938235
 53
533.659808
 43
-1.257235856949684
 44
-9.159861243490539
 45
-35.92102455477735
 46
0.0000002153985461
 79
     2
 49
1.626393496
 49
-161.0129622
 53
525.963757
 43
0.1796051224213793
 44
-9.519071488333314
 45
-89.80256143676006
 46
17.96051140140313
 79
     2
 49
1.481061808
 49
-146.625116452
 53
510.9453960000001
 43
1.796051224213824
 44
-10.41709710044022
 45
-71.8420489637567
 46
35.92102443760785
 79
     2
 49
1.84914794
 49
-183.065643266
 53
494.9999999999998
 43
3.053287081163504
 44
-11.6743329573899
 45
-17.96051224213833
 46
-17.96051224213829
 79
     2
 49
1.778
 49
-23.622
 53
504.4623220000001
 43
4.310522938113195
 44
-12.57235856949682
 45
-107.763073304815
 46
71.8420493562898
 79
     2
 49
1.545021802
 49
-152.95714646
 53
510.9453960000001
 43
5.926969039905643
 44
-13.47038418160373
 45
-71.8420489637567
 46
35.92102443760785
 79
     2
 49
1.84914794
 49
-183.065643266
 53
348.690068
 43
5.02894342779873
 44
-13.29077905918235
 45
35.92102447965404
 46
0.0000003469957965
 79
     2
 49
0.915809954
 49
-90.665192304
 53
386.565051
 43
4.310522938113192
 44
-13.64998930402512
 45
17.96051229669063
 46
17.96051229926558
 79
     2
 49
0.803218612
 49
-79.518633952
 53
396.869898
 43
2.873681958742129
 44
-14.72762003855341
 45
17.9605119993827
 46
17.96051237381729
 79
     2
 49
1.796051272
 49
-177.809071102
 53
396.869898
 43
1.436840979371064
 44
-15.80525077308171
 45
17.9605119993827
 46
17.96051237381729
 79
     2
 49
1.796051272
 49
-177.809071102
 53
386.565051
 43
-0.0000000000000036
 44
-16.52367126276724
 45
17.96051229669063
 46
17.96051229926558
 79
     2
 49
1.60643697
 49
-78.715415594
 53
386.565051
 43
-1.436840979371068
 44
-17.24209175245278
 45
17.96051229669063
 46
17.96051229926558
 79
     2
 49
1.60643697
 49
-78.715415594
 53
371.3099319999998
 43
-3.232892203584897
 44
-17.60130199729554
 45
53.88153674353845
 46
17.96051181896029
 79
     2
 49
1.831620162
 49
-89.74938235
 53
344.7448810000001
 43
-5.208548550220105
 44
-17.06248663003139
 45
143.6840978258189
 46
-35.92102537018112
 79
     2
 49
2.047813532
 49
-202.733533318
 53
336.801409
 43
-6.465784407169791
 44
-16.52367126276724
 45
53.88153663598089
 46
-17.96051267571364
 79
     2
 49
1.36783191
 49
-135.415354264
 53
315.0
 43
-7.184204896855325
 44
-15.80525077308171
 45
17.96051224213831
 46
17.9605122421383
 79
     2
 49
1.016
 49
-24.384
 53
300.963757
 43
-7.723020264119474
 44
-14.9072251609748
 45
17.96051249503028
 46
-17.96051202742584
 79
     2
 49
1.047268924
 49
-103.679614078
 53
281.309932
 43
-7.902625386540869
 44
-14.00919954886787
 45
17.96051181896028
 46
-53.88153674353843
 79
     2
 49
0.915809954
 49
-90.665192304
 53
288.434949
 43
-8.082230508962239
 44
-13.47038418160373
 45
17.96051239805097
 46
-17.96051212638995
 79
     2
 49
0.567961272
 49
-56.22816542
 53
351.8698979999999
 43
-9.339466365911939
 44
-13.29077905918234
 45
35.92102448427661
 46
0.0000002220345916
 79
     2
 49
1.27
 49
-125.73
 53
270.0
 43
-9.339466365911962
 44
-12.21314832465402
 45
17.960512212
 46
-17.960512212
 79
     2
 49
1.077630814
 49
-34.843393864
 53
458.1301020000001
 43
-15.26643540581757
 44
-16.70327638518862
 45
-17.96051168705177
 46
89.80256132170884
 79
     2
 49
1.27
 49
-125.73
 53
483.6900680000001
 43
-0.3592102448427666
 44
-2.155261469056597
 45
-17.96051255419175
 46
17.96051211611557
 79
     2
 49
1.29515108
 49
-128.219944728
 53
483.6900680000001
 43
-1.616446101792451
 44
-3.412497326006279
 45
-17.96051255419175
 46
17.96051211611557
 79
     2
 49
1.29515108
 49
-128.219944728
 53
423.434949
 43
-4.310522938113198
 44
-5.028943427798728
 45
17.96051196106381
 46
53.88153677905456
 79
     2
 49
1.60643697
 49
-78.715415594
 53
450.0
 43
-5.208548550220117
 44
-5.926969039905638
 45
-17.96051221199999
 46
17.96051221200001
 79
     2
 49
0.718420458
 49
-35.202603966
 53
423.434949
 43
-5.567758795062872
 44
-6.645389529591176
 45
17.96051196106381
 46
53.88153677905456
 79
     2
 49
0.803218612
 49
-79.518633952
 53
573.690068
 43
-4.490128060534579
 44
-5.926969039905642
 45
-17.96051211611561
 46
-17.96051255419172
 79
     2
 49
1.29515108
 49
-128.219944728
 53
570.963757
 43
-3.592102448427659
 44
-5.388153672641494
 45
-17.96051202742584
 46
-17.96051249503027
 79
     2
 49
1.047268924
 49
-103.679614078
 53
558.434949
 43
-2.51447171389936
 44
-5.028943427798729
 45
-17.96051212638995
 46
-17.96051239805096
 79
     2
 49
1.135922544
 49
-55.660204148
 53
558.434949
 43
-0.8980256121069148
 44
-4.490128060534577
 45
-17.96051212638995
 46
-17.96051239805096
 79
     2
 49
1.703883816
 49
-55.092242876
 53
573.690068
 43
0.1796051224213806
 44
-3.771707570849046
 45
-17.96051211611561
 46
-17.96051255419172
 79
     2
 49
1.29515108
 49
-128.219944728
 53
225.0
 43
0.7184204896855315
 44
-3.232892203584895
 45
17.9605122421383
 46
-17.96051224213831
 79
     2
 49
0.762
 49
-24.638
 53
233.130102
 43
1.796051224213831
 44
-1.796051224213832
 45
-89.80256193872111
 46
-125.7235852337135
 79
     2
 49
1.796051272
 49
-177.809071102
 53
461.3099319999999
 43
3.771707570849046
 44
-4.490128060534576
 45
-17.96051181896029
 46
53.88153674353845
 79
     2
 49
0.915809954
 49
-90.665192304
 53
461.3099319999999
 43
3.951312693270428
 44
-5.388153672641494
 45
-17.96051181896029
 46
53.88153674353845
 79
     2
 49
0.915809954
 49
-90.665192304
 53
438.6900680000002
 43
3.771707570849043
 44
-6.286179284748409
 45
-0.000000346995793
 46
35.92102447965402
 79
     2
 49
0.915809954
 49
-90.665192304
 53
225.0
 43
4.490128060534575
 44
-5.567758795062879
 45
17.9605122421383
 46
-17.96051224213831
 79
     2
 49
1.016
 49
-24.384
 53
551.309932
 43
5.388153672641493
 44
-5.388153672641494
 45
-53.88153674353845
 46
-17.96051181896028
 79
     2
 49
0.915809954
 49
-90.665192304
 53
243.434949
 43
4.669733182955958
 44
-4.669733182955969
 45
-17.9605119610638
 46
-53.88153677905457
 79
     2
 49
0.803218612
 49
-79.518633952
 53
225.0
 43
9.87828173317607
 44
-9.878281733176072
 45
17.9605122421383
 46
-17.96051224213831
 79
     2
 49
1.778
 49
-23.622
 53
239.036243
 43
9.159861243490539
 44
-12.7519636919182
 45
-35.92102502205861
 46
-71.84204883867163
 79
     2
 49
1.047268924
 49
-103.679614078
 53
246.801409
 43
9.698676610754687
 44
-11.49472783496852
 45
-17.96051267571364
 46
-53.88153663598089
 79
     2
 49
1.36783191
 49
-135.415354264
 53
255.963757
 43
10.05788685559744
 44
-10.05788685559746
 45
-17.96051140140295
 46
-89.80256143676007
 79
     2
 49
1.481061808
 49
-146.625116452
 53
479.0546039999999
 43
11.49472783496851
 44
-12.21314832465405
 45
-53.88153650243927
 46
89.80256138675176
 79
     2
 49
1.84914794
 49
-183.065643266
 53
383.198591
 43
11.4947278349685
 44
-13.29077905918235
 45
71.84204866851574
 46
35.92102514656925
 79
     2
 49
1.36783191
 49
-135.415354264
 53
378.434949
 43
9.878281733176072
 44
-13.82959442644651
 45
17.96051212638997
 46
17.96051239805095
 79
     2
 49
1.703883816
 49
-55.092242876
 53
383.198591
 43
8.621045876226383
 44
-14.36840979371065
 45
71.84204866851574
 46
35.92102514656925
 79
     2
 49
1.36783191
 49
-135.415354264
 53
404.9999999999999
 43
7.723020264119464
 44
-15.26643540581756
 45
-17.9605122421383
 46
17.96051224213831
 79
     2
 49
1.27
 49
-24.13
 53
258.690068
 43
7.902625386540846
 44
-14.36840979371065
 45
0.0000003469957983
 46
-35.92102447965404
 79
     2
 49
0.915809954
 49
-90.665192304
 53
270.0
 43
7.902625386540844
 44
-13.64998930402512
 45
17.960512212
 46
-17.960512212
 79
     2
 49
0.718420458
 49
-35.202603966
 53
278.130102
 43
7.723020264119485
 44
-12.39275344707545
 45
17.96051168705178
 46
-89.80256132170884
 79
     2
 49
1.27
 49
-125.73
 53
281.309932
 43
7.363810019276704
 44
-10.59670222286161
 45
17.96051181896028
 46
-53.88153674353843
 79
     2
 49
1.831620162
 49
-89.74938235
 53
276.340192
 43
7.184204896855325
 44
-8.980256121069164
 45
17.96051275078732
 46
-125.7235856096246
 79
     2
 49
1.626393496
 49
-161.0129622
 53
263.659808
 43
7.363810019276706
 44
-7.363810019276711
 45
-0.0000002153985066
 46
-35.92102455477735
 79
     2
 49
1.626393496
 49
-161.0129622
 53
404.9999999999999
 43
-6.106574162327014
 44
-23.3486659147798
 45
-17.9605122421383
 46
17.96051224213831
 79
     2
 49
2.54
 49
-22.86
 53
535.6012949999999
 43
-6.106574162327014
 44
-23.3486659147798
 45
-35.92102459222856
 46
-0.0000002420418013
 79
     2
 49
2.341764176
 49
-231.834664854
 53
307.405357
 43
-6.106574162327014
 44
-23.3486659147798
 45
125.7235868025592
 46
-161.6446094608942
 79
     2
 49
3.843717484
 49
-380.528029646
 53
404.9999999999999
 43
-6.465784407169783
 44
-23.70787615962257
 45
-17.9605122421383
 46
17.96051224213831
 79
     2
 49
0.508
 49
-24.892
 53
419.036243
 43
-7.004599774433947
 44
-24.60590177172949
 45
35.92102502205864
 46
71.8420488386716
 79
     2
 49
1.047268924
 49
-103.679614078
 53
423.434949
 43
-7.363810019276702
 44
-25.32432226141502
 45
17.96051196106381
 46
53.88153677905456
 79
     2
 49
0.803218612
 49
-79.518633952
 53
225.0
 43
-8.261835631383637
 44
-21.55261469056599
 45
17.9605122421383
 46
-17.96051224213831
 79
     2
 49
2.032
 49
-23.368
 53
573.690068
 43
-7.184204896855325
 44
-20.83419420088044
 45
-17.96051211611561
 46
-17.96051255419172
 79
     2
 49
1.29515108
 49
-128.219944728
 53
546.340192
 43
-5.567758795062881
 44
-20.65458907845905
 45
-125.7235856096246
 46
-17.96051275078741
 79
     2
 49
1.626393496
 49
-161.0129622
 53
525.963757
 43
-4.130917815691813
 44
-21.01379932330182
 45
-89.80256143676006
 46
17.96051140140313
 79
     2
 49
1.481061808
 49
-146.625116452
 53
246.801409
 43
-3.592102448427664
 44
-19.75656346635214
 45
-17.96051267571364
 46
-53.88153663598089
 79
     2
 49
1.36783191
 49
-135.415354264
 53
509.036243
 43
-2.694076836320743
 44
-20.2953788336163
 45
-71.8420488386716
 46
35.92102502205864
 79
     2
 49
1.047268924
 49
-103.679614078
 53
404.9999999999999
 43
-3.771707570849046
 44
-21.3730095681446
 45
-17.9605122421383
 46
17.96051224213831
 79
     2
 49
1.524
 49
-23.876
 53
486.8698979999999
 43
-2.694076836320745
 44
-22.80985054751565
 45
-17.96051237381728
 46
17.96051199938272
 79
     2
 49
1.796051272
 49
-177.809071102
 53
473.198591
 43
-2.155261469056608
 44
-24.06708640446533
 45
-35.92102514656932
 46
71.84204866851569
 79
     2
 49
1.36783191
 49
-135.415354264
 53
450.0
 43
-2.155261469056599
 44
-25.50392738383641
 45
-17.96051221199999
 46
17.96051221200001
 79
     2
 49
1.436840916
 49
-34.484183508
 53
441.8698979999999
 43
-2.334866591477976
 44
-26.76116324078608
 45
-0.0000002220345898
 46
35.92102448427661
 79
     2
 49
1.27
 49
-125.73
 53
423.434949
 43
-3.412497326006285
 44
-28.91642470984268
 45
17.96051196106381
 46
53.88153677905456
 79
     2
 49
2.409655582
 49
-77.912196982
 53
378.434949
 43
5.208548550220108
 44
-18.14011736455969
 45
17.96051212638997
 46
17.96051239805095
 79
     2
 49
1.703883816
 49
-55.092242876
 53
395.537678
 43
3.951312693270429
 44
-19.03814297666662
 45
17.96051205794035
 46
17.96051230646756
 79
     2
 49
1.545021802
 49
-152.95714646
 53
413.130102
 43
2.87368195874212
 44
-20.47498395603767
 45
89.80256193872113
 46
125.7235852337135
 79
     2
 49
1.796051272
 49
-177.809071102
 53
426.801409
 43
2.334866591477979
 44
-21.73221981298735
 45
17.96051267571364
 46
53.88153663598088
 79
     2
 49
1.36783191
 49
-135.415354264
 53
444.805571
 43
2.155261469056597
 44
-23.70787615962257
 45
0.0000000578447739
 46
35.92102450310279
 79
     2
 49
1.9838035
 49
-196.396538372
 53
243.434949
 43
-12.93156881433959
 44
-21.91182493540875
 45
-17.9605119610638
 46
-53.88153677905457
 79
     2
 49
0.803218612
 49
-79.518633952
 53
258.690068
 43
-12.7519636919182
 44
-21.01379932330182
 45
0.0000003469957983
 46
-35.92102447965404
 79
     2
 49
0.915809954
 49
-90.665192304
 53
225.0
 43
-12.7519636919182
 44
-21.01379932330182
 45
17.9605122421383
 46
-17.96051224213831
 79
     2
 49
1.016
 49
-24.384
 53
305.537678
 43
-12.7519636919182
 44
-21.01379932330182
 45
17.96051230646756
 46
-17.96051205794035
 79
     2
 49
1.545021802
 49
-152.95714646
 53
261.869898
 43
-12.57235856949682
 44
-19.75656346635213
 45
0.0000002220345934
 46
-35.92102448427661
 79
     2
 49
1.27
 49
-125.73
 53
566.5650509999999
 43
-12.57235856949682
 44
-19.75656346635213
 45
-17.96051229669066
 46
-17.96051229926555
 79
     2
 49
1.60643697
 49
-78.715415594
 53
278.130102
 43
-14.54801491613208
 44
-20.29537883361626
 45
17.96051168705178
 46
-89.80256132170884
 79
     2
 49
1.27
 49
-125.73
 53
263.659808
 43
-14.36840979371065
 44
-18.67893273182383
 45
-0.0000002153985066
 46
-35.92102455477735
 79
     2
 49
1.626393496
 49
-161.0129622
 53
234.462322
 43
-13.47038418160375
 44
-17.42169687487414
 45
-71.84204935628989
 46
-107.7630733048149
 79
     2
 49
1.545021802
 49
-152.95714646
 53
404.9999999999999
 43
-11.31512271254714
 44
-22.80985054751564
 45
-17.9605122421383
 46
17.96051224213831
 79
     2
 49
1.27
 49
-24.13
 53
383.198591
 43
-12.57235856949685
 44
-23.34866591477978
 45
71.84204866851574
 46
35.92102514656925
 79
     2
 49
1.36783191
 49
-135.415354264
 53
441.8698979999999
 43
-15.44604052823894
 44
-17.96051224213831
 45
-0.0000002220345898
 46
35.92102448427661
 79
     2
 49
1.27
 49
-125.73
 53
431.565051
 43
-15.80525077308178
 44
-19.03814297666656
 45
0.0000000306954746
 46
35.92102460476276
 79
     2
 49
1.135922544
 49
-55.660204148
 53
423.434949
 43
-16.16446101792453
 44
-19.75656346635211
 45
17.96051196106381
 46
53.88153677905456
 79
     2
 49
0.803218612
 49
-79.518633952
 53
315.0
 43
-17.42169687487416
 44
-17.42169687487417
 45
17.96051224213831
 46
17.9605122421383
 79
     2
 49
0.508
 49
-24.892
 53
251.565051
 43
-7.723020264119482
 44
-26.76116324078608
 45
-0.0000000306954728
 46
-35.92102460476278
 79
     2
 49
1.135922544
 49
-55.660204148
 53
281.309932
 43
-7.723020264119482
 44
-26.76116324078608
 45
17.96051181896028
 46
-53.88153674353843
 79
     2
 49
1.831620162
 49
-89.74938235
 53
261.869898
 43
-7.723020264119482
 44
-26.76116324078608
 45
0.0000002220345934
 46
-35.92102448427661
 79
     2
 49
1.27
 49
-125.73
 53
255.963757
 43
-7.363810019276702
 44
-25.32432226141502
 45
-17.96051140140295
 46
-89.80256143676007
 79
     2
 49
1.481061808
 49
-146.625116452
 53
303.690068
 43
-7.363810019276702
 44
-25.32432226141502
 45
17.96051255419174
 46
-17.96051211611558
 79
     2
 49
3.885452986
 49
-125.629642822
 53
381.037511
 43
-9.698676610754696
 44
-26.22234787352194
 45
179.6051224569773
 46
71.84204898517851
 79
     2
 49
2.501609932
 49
-247.659378188
 53
255.963757
 43
-10.23749197801884
 44
-23.88748128204395
 45
-17.96051140140295
 46
-89.80256143676007
 79
     2
 49
1.481061808
 49
-146.625116452
 53
239.036243
 43
-9.698676610754701
 44
-22.98945566993703
 45
-35.92102502205861
 46
-71.84204883867163
 79
     2
 49
1.047268924
 49
-103.679614078
 53
404.9999999999999
 43
-5.208548550220113
 44
-30.71247593405651
 45
-17.9605122421383
 46
17.96051224213831
 79
     2
 49
2.54
 49
-22.86
 53
225.0
 43
0.1796051224213819
 44
-31.07168617889927
 45
17.9605122421383
 46
-17.96051224213831
 79
     2
 49
2.286
 49
-23.114
 53
236.309932
 43
-1.436840979371048
 44
-32.68813228069174
 45
-53.88153739618213
 46
-89.80256087776023
 79
     2
 49
1.29515108
 49
-128.219944728
 53
360.0
 43
-3.232892203584889
 44
-32.68813228069172
 45
17.960512212
 46
17.960512212
 79
     2
 49
1.796051272
 49
-34.124973152
 53
225.0
 43
-3.592102448427676
 44
-30.8920810564779
 45
17.9605122421383
 46
-17.96051224213831
 79
     2
 49
1.016
 49
-24.384
 53
570.963757
 43
-2.694076836320761
 44
-30.35326568921374
 45
-17.96051202742584
 46
-17.96051249503027
 79
     2
 49
1.047268924
 49
-103.679614078
 53
558.434949
 43
-1.616446101792459
 44
-29.994055444371
 45
-17.96051212638995
 46
-17.96051239805096
 79
     2
 49
1.135922544
 49
-55.660204148
 53
540.0
 43
-0.8980256121069239
 44
-29.994055444371
 45
-17.96051221200001
 46
-17.96051221199999
 79
     2
 49
0.718420458
 49
-35.202603966
 53
531.869898
 43
0.3592102448427603
 44
-30.17366056679236
 45
-35.92102448427661
 46
-0.0000002220345889
 79
     2
 49
1.27
 49
-125.73
 53
236.309932
 43
1.077630734528293
 44
-29.09602983226406
 45
-53.88153739618213
 46
-89.80256087776023
 79
     2
 49
1.29515108
 49
-128.219944728
 53
509.036243
 43
1.975656346635219
 44
-29.63484519952821
 45
-71.8420488386716
 46
35.92102502205864
 79
     2
 49
1.047268924
 49
-103.679614078
 53
404.9999999999999
 43
0.898025612106915
 44
-30.71247593405652
 45
-17.9605122421383
 46
17.96051224213831
 79
     2
 49
1.524
 49
-23.876
 53
239.036243
 43
4.310522938113193
 44
-27.659188852893
 45
-35.92102502205861
 46
-71.84204883867163
 79
     2
 49
1.047268924
 49
-103.679614078
 53
243.434949
 43
4.669733182955953
 44
-26.94076836320748
 45
-17.9605119610638
 46
-53.88153677905457
 79
     2
 49
0.803218612
 49
-79.518633952
 53
258.690068
 43
4.849338305377351
 44
-26.04274275110056
 45
0.0000003469957983
 46
-35.92102447965404
 79
     2
 49
0.915809954
 49
-90.665192304
 53
455.194429
 43
2.334866591477981
 44
-25.68353250625778
 45
-17.96051251185278
 46
161.6446102350402
 79
     2
 49
1.9838035
 49
-196.396538372
 53
464.0362430000001
 43
2.69407683632074
 44
-27.12037348562884
 45
-17.96051194118103
 46
53.88153692072844
 79
     2
 49
1.481061808
 49
-146.625116452
 53
461.3099319999999
 43
3.053287081163498
 44
-28.91642470984268
 45
-17.96051181896029
 46
53.88153674353845
 79
     2
 49
1.831620162
 49
-89.74938235
 53
438.6900680000002
 43
2.873681958742131
 44
-29.81445032194959
 45
-0.000000346995793
 46
35.92102447965402
 79
     2
 49
0.915809954
 49
-90.665192304
 53
423.434949
 43
2.514471713899351
 44
-30.53287081163512
 45
17.96051196106381
 46
53.88153677905456
 79
     2
 49
0.803218612
 49
-79.518633952
 53
225.0
 43
3.232892203584885
 44
-29.81445032194961
 45
17.9605122421383
 46
-17.96051224213831
 79
     2
 49
1.016
 49
-24.384
 53
570.963757
 43
4.130917815691804
 44
-29.27563495468544
 45
-17.96051202742584
 46
-17.96051249503027
 79
     2
 49
1.047268924
 49
-103.679614078
 53
486.8698979999999
 43
1.975656346635221
 44
-32.14931691342757
 45
-17.96051237381728
 46
17.96051199938272
 79
     2
 49
1.796051272
 49
-177.809071102
 53
473.198591
 43
2.514471713899347
 44
-33.40655277037725
 45
-35.92102514656932
 46
71.84204866851569
 79
     2
 49
1.36783191
 49
-135.415354264
 53
261.869898
 43
5.028943427798721
 44
-24.78550689415087
 45
0.0000002220345934
 46
-35.92102448427661
 79
     2
 49
1.27
 49
-125.73
 53
225.0
 43
5.028943427798721
 44
-24.78550689415087
 45
17.9605122421383
 46
-17.96051224213831
 79
     2
 49
2.032
 49
-23.368
 53
303.690068
 43
5.028943427798721
 44
-24.78550689415087
 45
17.96051255419174
 46
-17.96051211611558
 79
     2
 49
2.590301906
 49
-126.924793648
 53
258.690068
 43
5.208548550220106
 44
-23.88748128204398
 45
0.0000003469957983
 46
-35.92102447965404
 79
     2
 49
0.915809954
 49
-90.665192304
 53
255.963757
 43
5.567758795062874
 44
-22.45064030267288
 45
-17.96051140140295
 46
-89.80256143676007
 79
     2
 49
1.481061808
 49
-146.625116452
 53
561.0375110000001
 43
5.567758795062874
 44
-22.45064030267288
 45
-179.6051224569772
 46
-71.84204898517882
 79
     2
 49
2.501609932
 49
-247.659378188
 53
304.380345
 43
5.567758795062874
 44
-22.45064030267288
 45
161.6446113212704
 46
-233.4866584687747
 79
     2
 49
4.134820534
 49
-409.347222706
 53
251.565051
 43
5.92696903990564
 44
-21.37300956814459
 45
-0.0000000306954728
 46
-35.92102460476278
 79
     2
 49
1.135922544
 49
-55.660204148
 53
234.462322
 43
6.824994652012558
 44
-20.1157737111949
 45
-71.84204935628989
 46
-107.7630733048149
 79
     2
 49
1.545021802
 49
-152.95714646
 53
543.8140749999999
 43
6.824994652012558
 44
-20.1157737111949
 45
-233.4866590864751
 46
-17.96051299728203
 79
     2
 49
2.700057084
 49
-267.30564649
 53
307.405357
 43
6.824994652012558
 44
-20.1157737111949
 45
125.7235868025592
 46
-161.6446094608942
 79
     2
 49
3.843717484
 49
-380.528029646
 53
225.0
 43
7.543415141698097
 44
-19.39735322150937
 45
17.9605122421383
 46
-17.96051224213831
 79
     2
 49
1.016
 49
-24.384
 53
225.0
 43
8.261835631383608
 44
-18.67893273182384
 45
17.9605122421383
 46
-17.96051224213831
 79
     2
 49
1.016
 49
-24.384
 53
225.0
 43
10.05788685559744
 44
-17.24209175245278
 45
17.9605122421383
 46
-17.96051224213831
 79
     2
 49
1.524
 49
-23.876
 53
329.036243
 43
9.15986124349053
 44
-16.70327638518863
 45
71.84204883867163
 46
-35.92102502205861
 79
     2
 49
1.047268924
 49
-103.679614078
 53
426.801409
 43
8.621045876226386
 44
-17.96051224213831
 45
17.96051267571364
 46
53.88153663598088
 79
     2
 49
1.36783191
 49
-135.415354264
 53
348.690068
 43
6.82499465201256
 44
-17.60130199729554
 45
35.92102447965404
 46
0.0000003469957965
 79
     2
 49
1.831620162
 49
-89.74938235
 53
563.198591
 43
5.38815367264149
 44
-28.73681958742132
 45
-71.84204866851573
 46
-35.92102514656933
 79
     2
 49
1.36783191
 49
-135.415354264
 53
558.434949
 43
7.004599774433929
 44
-28.19800422015715
 45
-17.96051212638995
 46
-17.96051239805096
 79
     2
 49
1.703883816
 49
-55.092242876
 53
573.690068
 43
8.082230508962235
 44
-27.47958373047161
 45
-17.96051211611561
 46
-17.96051255419172
 79
     2
 49
1.29515108
 49
-128.219944728
 53
225.0
 43
9.51907148833329
 44
-26.04274275110056
 45
17.9605122421383
 46
-17.96051224213831
 79
     2
 49
2.032
 49
-23.368
 53
243.434949
 43
10.23749197801884
 44
-24.60590177172948
 45
-17.9605119610638
 46
-53.88153677905457
 79
     2
 49
1.60643697
 49
-78.715415594
 53
251.565051
 43
10.77630734528299
 44
-22.98945566993704
 45
-0.0000000306954728
 46
-35.92102460476278
 79
     2
 49
1.703883816
 49
-55.092242876
 53
270.0
 43
10.77630734528299
 44
-21.1934044457232
 45
17.960512212
 46
-17.960512212
 79
     2
 49
1.796051272
 49
-34.124973152
 53
296.565051
 43
10.05788685559747
 44
-19.75656346635215
 45
17.96051229926558
 46
-17.96051229669062
 79
     2
 49
1.60643697
 49
-78.715415594
 53
306.869898
 43
8.980256121069157
 44
-18.31972248698107
 45
17.96051237381729
 46
-17.9605119993827
 79
     2
 49
1.796051272
 49
-177.809071102
 53
540.0
 43
14.72762003855341
 44
-14.72762003855342
 45
-17.96051221200001
 46
-17.96051221199999
 79
     2
 49
0.718420458
 49
-35.202603966
 53
423.434949
 43
15.44604052823895
 44
-16.52367126276726
 45
17.96051196106381
 46
53.88153677905456
 79
     2
 49
0.803218612
 49
-79.518633952
 53
568.300756
 43
15.44604052823895
 44
-16.52367126276726
 45
-161.6446098465655
 46
-89.80256193182163
 79
     2
 49
2.651837978
 49
-262.531947376
 53
299.744881
 43
15.44604052823895
 44
-16.52367126276726
 45
53.88153620906021
 46
-89.80256149788312
 79
     2
 49
2.896045516
 49
-286.708512434
 53
431.565051
 43
15.26643540581756
 44
-17.06248663003139
 45
0.0000000306954746
 46
35.92102460476276
 79
     2
 49
0.567961272
 49
-56.22816542
 53
438.6900680000002
 43
15.08683028339618
 44
-17.9605122421383
 45
-0.000000346995793
 46
35.92102447965402
 79
     2
 49
0.915809954
 49
-90.665192304
 53
441.8698979999999
 43
14.90722516097479
 44
-19.217748099088
 45
-0.0000002220345898
 46
35.92102448427661
 79
     2
 49
1.27
 49
-125.73
 53
577.8749839999999
 43
14.90722516097479
 44
-19.217748099088
 45
-17.96051227022205
 46
-17.96051231074439
 79
     2
 49
2.047813532
 49
-202.733533318
 53
303.690068
 43
14.90722516097479
 44
-19.217748099088
 45
17.96051255419174
 46
-17.96051211611558
 79
     2
 49
1.29515108
 49
-128.219944728
 53
438.6900680000002
 43
14.72762003855341
 44
-20.11577371119491
 45
-0.000000346995793
 46
35.92102447965402
 79
     2
 49
0.915809954
 49
-90.665192304
 53
438.6900680000002
 43
14.54801491613203
 44
-21.01379932330182
 45
-0.000000346995793
 46
35.92102447965402
 79
     2
 49
0.915809954
 49
-90.665192304
 53
431.565051
 43
14.36840979371065
 44
-21.55261469056597
 45
0.0000000306954746
 46
35.92102460476276
 79
     2
 49
0.567961272
 49
-56.22816542
 53
270.0
 43
12.75196369191819
 44
-22.80985054751565
 45
17.960512212
 46
-17.960512212
 79
     2
 49
0.359210356
 49
-35.561814322
 53
281.309932
 43
12.57235856949682
 44
-21.91182493540875
 45
17.96051181896028
 46
-53.88153674353843
 79
     2
 49
0.915809954
 49
-90.665192304
 53
281.309932
 43
12.21314832465405
 44
-20.11577371119491
 45
17.96051181896028
 46
-53.88153674353843
 79
     2
 49
1.831620162
 49
-89.74938235
 53
278.130102
 43
12.03354320223266
 44
-18.85853785424522
 45
17.96051168705178
 46
-89.80256132170884
 79
     2
 49
1.27
 49
-125.73
 53
270.0
 43
12.03354320223267
 44
-17.06248663003139
 45
17.960512212
 46
-17.960512212
 79
     2
 49
1.796051272
 49
-34.124973152
 53
261.869898
 43
12.21314832465405
 44
-15.80525077308172
 45
0.0000002220345934
 46
-35.92102448427661
 79
     2
 49
1.27
 49
-125.73
 53
243.434949
 43
12.93156881433958
 44
-14.36840979371065
 45
-17.9605119610638
 46
-53.88153677905457
 79
     2
 49
1.60643697
 49
-78.715415594
 53
225.0
 43
13.64998930402511
 44
-13.64998930402512
 45
17.9605122421383
 46
-17.96051224213831
 79
     2
 49
1.016
 49
-24.384
 53
306.253838
 43
-1.436840979371048
 44
-32.68813228069174
 45
107.7630741006107
 46
-143.6840975201284
 79
     2
 49
3.340848284
 49
-330.743991038
 98
        0
1001
ACAD
1010
0.0
1020
0.0
1030
0.0
  0
LWPOLYLINE
  5
32B
330
587
100
AcDbEntity
  8
hidden
100
AcDbPolyline
 90
        3
 70
   129
 43
0.0
 10
91.00000000000006
 20
-3.15067353614166
 10
69.79637758322633
 20
-47.09999999999999
 10
112.2036224167738
 20
-47.09999999999999
  0
LWPOLYLINE
  5
532
330
587
100
AcDbEntity
  8
hidden
100
AcDbPolyline
 90
        3
 70
   129
 43
0.0
 10
91.00000000000006
 20
3.150673536144268
 10
69.79637758322633
 20
47.09999999999992
 10
112.2036224167738
 20
47.09999999999995
  0
LWPOLYLINE
  5
32C
330
587
100
AcDbEntity
  8
hidden
100
AcDbPolyline
 90
        3
 70
   129
 43
0.0
 10
43.7963775832263
 20
-2.5
 10
65.00000000000006
 20
-46.44932646385828
 10
86.20362241677378
 20
-2.500000000000007
  0
LWPOLYLINE
  5
533
330
587
100
AcDbEntity
  8
hidden
100
AcDbPolyline
 90
        3
 70
   129
 43
0.0
 10
43.79637758322631
 20
2.499999999999176
 10
65.00000000000003
 20
46.44932646385848
 10
86.20362241677378
 20
2.499999999999986
  0
LWPOLYLINE
  5
55C
330
587
100
AcDbEntity
  8
hidden
100
AcDbPolyline
 90
        3
 70
   129
 43
0.0
 10
138.2036224167738
 20
2.499999999999156
 10
117.0000000000001
 20
46.44932646385848
 10
95.79637758322633
 20
2.499999999999987
  0
LWPOLYLINE
  5
55E
330
587
100
AcDbEntity
  8
hidden
100
AcDbPolyline
 90
        3
 70
   129
 43
0.0
 10
138.2036224167738
 20
-2.499999999999928
 10
117.0000000000001
 20
-46.44932646385826
 10
95.79637758322633
 20
-2.500000000000002
  0
LWPOLYLINE
  5
32D
330
587
100
AcDbEntity
  8
hidden
100
AcDbPolyline
 90
        3
 70
   129
 43
0.0
 10
39.00000000000003
 20
-3.150673536141682
 10
17.7963775832263
 20
-47.09999999999999
 10
60.20362241677376
 20
-47.09999999999999
  0
LWPOLYLINE
  5
534
330
587
100
AcDbEntity
  8
hidden
100
AcDbPolyline
 90
        3
 70
   129
 43
0.0
 10
39.00000000000004
 20
3.150673536141106
 10
17.79637758322628
 20
47.10000000000009
 10
60.2036224167737
 20
47.10000000000016
  0
LWPOLYLINE
  5
32E
330
587
100
AcDbEntity
  8
hidden
100
AcDbPolyline
 90
        3
 70
   129
 43
0.0
 10
-8.203622416773747
 20
-2.5
 10
13.00000000000001
 20
-46.44932646385829
 10
34.20362241677374
 20
-2.500000000000021
  0
LWPOLYLINE
  5
535
330
587
100
AcDbEntity
  8
hidden
100
AcDbPolyline
 90
        3
 70
   129
 43
0.0
 10
-8.203622416773747
 20
2.500000000000227
 10
13.00000000000001
 20
46.4493264638583
 10
34.20362241677373
 20
2.499999999999559
  0
LWPOLYLINE
  5
32F
330
587
100
AcDbEntity
  8
hidden
100
AcDbPolyline
 90
        3
 70
   129
 43
0.0
 10
-13.00000000000001
 20
-3.150673536141667
 10
-34.20362241677375
 20
-47.09999999999999
 10
8.203622416773744
 20
-47.09999999999999
  0
LWPOLYLINE
  5
536
330
587
100
AcDbEntity
  8
hidden
100
AcDbPolyline
 90
        3
 70
   129
 43
0.0
 10
-13.00000000000001
 20
3.150673536141525
 10
-34.20362241677376
 20
47.10000000000004
 10
8.203622416773719
 20
47.10000000000012
  0
LWPOLYLINE
  5
330
330
587
100
AcDbEntity
  8
hidden
100
AcDbPolyline
 90
        3
 70
   129
 43
0.0
 10
-60.20362241677378
 20
-2.5
 10
-39.00000000000003
 20
-46.44932646385829
 10
-17.79637758322632
 20
-2.500000000000021
  0
LWPOLYLINE
  5
537
330
587
100
AcDbEntity
  8
hidden
100
AcDbPolyline
 90
        3
 70
   129
 43
0.0
 10
-60.20362241677378
 20
2.500000000000085
 10
-39.00000000000002
 20
46.4493264638583
 10
-17.79637758322632
 20
2.500000000000163
  0
LWPOLYLINE
  5
331
330
587
100
AcDbEntity
  8
hidden
100
AcDbPolyline
 90
        3
 70
   129
 43
0.0
 10
-65.00000000000006
 20
-3.150673536141667
 10
-86.20362241677378
 20
-47.1
 10
-43.79637758322632
 20
-47.09999999999999
  0
LWPOLYLINE
  5
538
330
587
100
AcDbEntity
  8
hidden
100
AcDbPolyline
 90
        3
 70
   129
 43
0.0
 10
-65.00000000000006
 20
3.15067353614161
 10
-86.20362241677381
 20
47.10000000000001
 10
-43.79637758322635
 20
47.10000000000004
  0
LWPOLYLINE
  5
332
330
587
100
AcDbEntity
  8
hidden
100
AcDbPolyline
 90
        3
 70
   129
 43
0.0
 10
-112.2036224167738
 20
-2.5
 10
-91.00000000000009
 20
-46.44932646385827
 10
-69.79637758322636
 20
-2.500000000000007
  0
LWPOLYLINE
  5
527
330
587
100
AcDbEntity
  8
hidden
100
AcDbPolyline
 90
        3
 70
   129
 43
0.0
 10
-112.2036224167738
 20
2.5
 10
-91.00000000000011
 20
46.44932646385827
 10
-69.79637758322636
 20
2.500000000000028
  0
LWPOLYLINE
  5
333
330
587
100
AcDbEntity
  8
hidden
100
AcDbPolyline
 90
        3
 70
   129
 43
0.0
 10
-88.2737978553703
 20
-52.09999999999998
 10
-67.07017543859658
 20
-96.04932646385825
 10
-45.86655302182282
 20
-52.09999999999999
  0
LWPOLYLINE
  5
528
330
587
100
AcDbEntity
  8
hidden
100
AcDbPolyline
 90
        3
 70
   129
 43
0.0
 10
-88.27379785537033
 20
52.10000000000001
 10
-67.0701754385966
 20
96.04932646385826
 10
-45.86655302182285
 20
52.10000000000001
  0
LWPOLYLINE
  5
334
330
587
100
AcDbEntity
  8
hidden
100
AcDbPolyline
 90
        3
 70
   129
 43
0.0
 10
-41.07017543859659
 20
-52.75067353614168
 10
-19.86655302182286
 20
-96.69999999999993
 10
-62.2737978553703
 20
-96.69999999999993
  0
LWPOLYLINE
  5
529
330
587
100
AcDbEntity
  8
hidden
100
AcDbPolyline
 90
        3
 70
   129
 43
0.0
 10
-41.07017543859661
 20
52.75067353614172
 10
-19.86655302182292
 20
96.69999999999997
 10
-62.2737978553703
 20
96.69999999999995
  0
LWPOLYLINE
  5
566
330
587
100
AcDbEntity
  8
hidden
100
AcDbPolyline
 90
        3
 70
   129
 43
0.0
 10
-93.0701754385966
 20
52.75067353614173
 10
-114.2737978553703
 20
96.69999999999997
 10
-71.86655302182291
 20
96.69999999999996
  0
LWPOLYLINE
  5
569
330
587
100
AcDbEntity
  8
hidden
100
AcDbPolyline
 90
        3
 70
   129
 43
0.0
 10
-93.07017543859664
 20
-52.75067353614175
 10
-114.2737978553704
 20
-96.69999999999993
 10
-71.8665530218229
 20
-96.69999999999993
  0
LWPOLYLINE
  5
335
330
587
100
AcDbEntity
  8
hidden
100
AcDbPolyline
 90
        3
 70
   129
 43
0.0
 10
-36.27379785537027
 20
-52.09999999999997
 10
-15.07017543859653
 20
-96.04932646385828
 10
6.133446978177223
 20
-52.09999999999998
  0
LWPOLYLINE
  5
52A
330
587
100
AcDbEntity
  8
hidden
100
AcDbPolyline
 90
        3
 70
   129
 43
0.0
 10
-36.2737978553703
 20
52.10000000000004
 10
-15.07017543859651
 20
96.04932646385826
 10
6.133446978177211
 20
52.10000000000008
  0
LWPOLYLINE
  5
336
330
587
100
AcDbEntity
  8
hidden
100
AcDbPolyline
 90
        3
 70
   129
 43
0.0
 10
10.92982456140346
 20
-52.75067353614167
 10
32.1334469781772
 20
-96.69999999999993
 10
-10.27379785537025
 20
-96.69999999999996
  0
LWPOLYLINE
  5
52C
330
587
100
AcDbEntity
  8
hidden
100
AcDbPolyline
 90
        3
 70
   129
 43
0.0
 10
10.92982456140346
 20
52.75067353614166
 10
32.13344697817718
 20
96.69999999999997
 10
-10.27379785537025
 20
96.69999999999997
  0
LWPOLYLINE
  5
337
330
587
100
AcDbEntity
  8
hidden
100
AcDbPolyline
 90
        3
 70
   129
 43
0.0
 10
15.72620214462978
 20
-52.09999999999997
 10
36.92982456140351
 20
-96.04932646385825
 10
58.13344697817725
 20
-52.09999999999998
  0
LWPOLYLINE
  5
52E
330
587
100
AcDbEntity
  8
hidden
100
AcDbPolyline
 90
        3
 70
   129
 43
0.0
 10
15.72620214462976
 20
52.10000000000001
 10
36.92982456140349
 20
96.04932646385832
 10
58.13344697817721
 20
52.10000000000015
  0
LWPOLYLINE
  5
338
330
587
100
AcDbEntity
  8
hidden
100
AcDbPolyline
 90
        3
 70
   129
 43
0.0
 10
62.92982456140352
 20
-52.75067353614167
 10
84.13344697817723
 20
-96.69999999999993
 10
41.72620214462977
 20
-96.69999999999996
  0
LWPOLYLINE
  5
52F
330
587
100
AcDbEntity
  8
hidden
100
AcDbPolyline
 90
        3
 70
   129
 43
0.0
 10
62.92982456140349
 20
52.75067353614176
 10
84.13344697817723
 20
96.69999999999989
 10
41.72620214462976
 20
96.69999999999997
  0
LWPOLYLINE
  5
339
330
587
100
AcDbEntity
  8
hidden
100
AcDbPolyline
 90
        3
 70
   129
 43
0.0
 10
67.72620214462984
 20
-52.09999999999997
 10
88.92982456140356
 20
-96.04932646385828
 10
110.1334469781773
 20
-52.09999999999998
  0
LWPOLYLINE
  5
530
330
587
100
AcDbEntity
  8
hidden
100
AcDbPolyline
 90
        3
 70
   129
 43
0.0
 10
67.72620214462984
 20
52.09999999999998
 10
88.92982456140356
 20
96.04932646385826
 10
110.1334469781773
 20
52.09999999999998
  0
LWPOLYLINE
  5
33A
330
587
100
AcDbEntity
  8
hidden
100
AcDbPolyline
 90
        3
 70
   129
 43
0.0
 10
114.9298245614035
 20
-52.75067353614165
 10
136.1334469781773
 20
-96.69999999999993
 10
93.72620214462984
 20
-96.69999999999996
  0
LWPOLYLINE
  5
522
330
587
100
AcDbEntity
  8
hidden
100
AcDbPolyline
 90
        3
 70
   129
 43
0.0
 10
114.9298245614035
 20
52.75067353614172
 10
136.1334469781772
 20
96.69999999999997
 10
93.72620214462987
 20
96.69999999999992
  0
VIEWPORT
  5
639
330
583
100
AcDbEntity
 67
     1
  8
0
100
AcDbViewport
 10
128.5
 20
97.5
 30
0.0
 40
314.226
 41
222.18
 68
     1
 69
     1
 12
128.5
 22
97.5
 13
0.0
 23
0.0
 14
10.0
 24
10.0
 15
10.0
 25
10.0
 16
0.0
 26
0.0
 36
1.0
 17
0.0
 27
0.0
 37
0.0
 42
50.0
 43
0.0
 44
0.0
 45
222.18
 50
0.0
 51
0.0
 72
   100
 90
   557152
  1

281
     0
 71
     1
 74
     0
110
0.0
120
0.0
130
0.0
111
1.0
121
0.0
131
0.0
112
0.0
122
1.0
132
0.0
 79
     0
146
0.0
170
     0
 61
     5
348
597
292
     1
282
     1
141
0.0
142
0.0
 63
   256
361
63A
  0
ENDSEC
  0
SECTION
  2
OBJECTS
  0
DICTIONARY
  5
575
330
0
100
AcDbDictionary
281
     1
  3
ACAD_DETAILVIEWSTYLE
350
642
  3
ACAD_GROUP
350
576
  3
ACAD_LAYOUT
350
582
  3
ACAD_MATERIAL
350
5AB
  3
ACAD_MLEADERSTYLE
350
5C3
  3
ACAD_MLINESTYLE
350
57F
  3
ACAD_PLOTSETTINGS
350
581
  3
ACAD_PLOTSTYLENAME
350
577
  3
ACAD_SCALELIST
350
5AF
  3
ACAD_SECTIONVIEWSTYLE
350
643
  3
ACAD_TABLESTYLE
350
5C1
  3
ACAD_VISUALSTYLE
350
592
  3
ACDB_RECOMPOSE_DATA
350
63F
  3
AcDbVariableDictionary
350
63B
  3
QCAD_OBJECTS
350
5C7
  0
SUN
  5
5C5
330
591
100
AcDbSun
 90
        1
290
     0
 63
     7
421
 16777215
 40
1.0
291
     1
 91
  2455826
 92
 54000000
292
     0
 70
     2
 71
   256
280
     1
  0
SUN
  5
63A
330
639
100
AcDbSun
 90
        1
290
     0
 63
     7
421
 16777215
 40
1.0
291
     1
 91
  2455826
 92
 54000000
292
     0
 70
     2
 71
   256
280
     1
  0
DICTIONARY
  5
642
102
{ACAD_REACTORS
330
575
102
}
330
575
100
AcDbDictionary
281
     1
  0
DICTIONARY
  5
576
102
{ACAD_REACTORS
330
575
102
}
330
575
100
AcDbDictionary
281
     1
  0
DICTIONARY
  5
582
102
{ACAD_REACTORS
330
575
102
}
330
575
100
AcDbDictionary
281
     1
  3
Layout1
350
586
  3
Model
350
58A
  0
DICTIONARY
  5
5AB
102
{ACAD_REACTORS
330
575
102
}
330
575
100
AcDbDictionary
281
     1
  3
ByBlock
350
5AD
  3
ByLayer
350
5AC
  3
Global
350
5AE
  0
DICTIONARY
  5
5C3
102
{ACAD_REACTORS
330
575
102
}
330
575
100
AcDbDictionary
281
     1
  3
Standard
350
5C4
  0
DICTIONARY
  5
57F
102
{ACAD_REACTORS
330
575
102
}
330
575
100
AcDbDictionary
281
     1
  3
Standard
350
580
  0
DICTIONARY
  5
581
102
{ACAD_REACTORS
330
575
102
}
330
575
100
AcDbDictionary
281
     1
  0
ACDBDICTIONARYWDFLT
  5
577
102
{ACAD_REACTORS
330
575
102
}
330
575
100
AcDbDictionary
281
     1
  3
Normal
350
578
100
AcDbDictionaryWithDefault
340
578
  0
DICTIONARY
  5
5AF
102
{ACAD_REACTORS
330
575
102
}
330
575
100
AcDbDictionary
281
     1
  3
A0
350
5B0
  3
A1
350
5B1
  3
A2
350
5B2
  3
A3
350
5B3
  3
A4
350
5B4
  3
A5
350
5B5
  3
A6
350
5B6
  3
A7
350
5B7
  3
A8
350
5B8
  3
A9
350
5B9
  3
B1
350
5BA
  3
B2
350
5BB
  3
B3
350
5BC
  3
B4
350
5BD
  3
B5
350
5BE
  3
B6
350
5BF
  3
B7
350
5C0
  0
DICTIONARY
  5
643
102
{ACAD_REACTORS
330
575
102
}
330
575
100
AcDbDictionary
281
     1
  0
DICTIONARY
  5
5C1
102
{ACAD_REACTORS
330
575
102
}
330
575
100
AcDbDictionary
281
     1
  3
Standard
350
5C2
  0
DICTIONARY
  5
592
102
{ACAD_REACTORS
330
575
102
}
330
575
100
AcDbDictionary
281
     1
  3
2dWireframe
350
597
  3
Basic
350
59A
  3
Brighten
350
59E
  3
ColorChange
350
5A2
  3
Conceptual
350
59C
  3
Dim
350
59D
  3
EdgeColorOff
350
5A5
  3
Facepattern
350
5A1
  3
Flat
350
593
  3
FlatWithEdges
350
594
  3
Gouraud
350
595
  3
GouraudWithEdges
350
596
  3
Hidden
350
599
  3
JitterOff
350
5A3
  3
Linepattern
350
5A0
  3
OverhangOff
350
5A4
  3
Realistic
350
59B
  3
Shaded
350
5AA
  3
Shaded with edges
350
5A9
  3
Shades of Gray
350
5A6
  3
Sketchy
350
5A7
  3
Thicken
350
59F
  3
Wireframe
350
598
  3
X-Ray
350
5A8
  0
XRECORD
  5
63F
102
{ACAD_REACTORS
330
575
102
}
330
575
100
AcDbXrecord
280
     1
 90
        1
330
5C2
  0
DICTIONARY
  5
63B
102
{ACAD_REACTORS
330
575
102
}
330
575
100
AcDbDictionary
281
     1
  3
CANNOSCALE
350
63C
  3
CMLEADERSTYLE
350
641
  3
CTABLESTYLE
350
640
  0
DICTIONARY
  5
5C7
102
{ACAD_REACTORS
330
575
102
}
330
575
100
AcDbDictionary
281
     1
  3
ColorSettings/BackgroundColor
350
5C9
  3
ColorSettings/ColorMode
350
5CA
  3
Grid/DisplayGrid00
350
5CB
  3
Grid/DisplayGrid01
350
5CC
  3
Grid/DisplayGrid02
350
5CD
  3
Grid/DisplayGrid03
350
5CE
  3
Grid/GridSpacingX00
350
5CF
  3
Grid/GridSpacingX01
350
5D0
  3
Grid/GridSpacingX02
350
5D1
  3
Grid/GridSpacingX03
350
5D2
  3
Grid/GridSpacingY00
350
5D3
  3
Grid/GridSpacingY01
350
5D4
  3
Grid/GridSpacingY02
350
5D5
  3
Grid/GridSpacingY03
350
5D6
  3
Grid/IsometricGrid00
350
5D7
  3
Grid/IsometricGrid01
350
5D8
  3
Grid/IsometricGrid02
350
5D9
  3
Grid/IsometricGrid03
350
5DA
  3
Grid/IsometricProjection00
350
5DB
  3
Grid/IsometricProjection01
350
5DC
  3
Grid/IsometricProjection02
350
5DD
  3
Grid/IsometricProjection03
350
5DE
  3
Grid/MetaGridSpacingX00
350
5DF
  3
Grid/MetaGridSpacingX01
350
5E0
  3
Grid/MetaGridSpacingX02
350
5E1
  3
Grid/MetaGridSpacingX03
350
5E2
  3
Grid/MetaGridSpacingY00
350
5E3
  3
Grid/MetaGridSpacingY01
350
5E4
  3
Grid/MetaGridSpacingY02
350
5E5
  3
Grid/MetaGridSpacingY03
350
5E6
  3
MultiPageSettings/Columns
350
5E7
  3
MultiPageSettings/GlueMarginsBottom
350
5E8
  3
MultiPageSettings/GlueMarginsLeft
350
5E9
  3
MultiPageSettings/GlueMarginsRight
350
5EA
  3
MultiPageSettings/GlueMarginsTop
350
5EB
  3
MultiPageSettings/PrintCropMarks
350
5EC
  3
MultiPageSettings/Rows
350
5ED
  3
PageSettings/OffsetX
350
5EE
  3
PageSettings/OffsetY
350
5EF
  3
PageSettings/PageOrientation
350
5F0
  3
PageSettings/PaperHeight
350
5F1
  3
PageSettings/PaperSizeName
350
5F2
  3
PageSettings/PaperWidth
350
5F3
  3
PageSettings/PointSize
350
5F4
  3
PageSettings/PositionAccepted
350
5F5
  3
PageSettings/Scale
350
5F6
  3
PageSettings/ShowPaperBorders
350
5F7
  3
PageTagSettings/EnablePageTags
350
5F8
  3
PageTagSettings/TagAlignment
350
5F9
  3
PageTagSettings/TagFont
350
5FA
  3
PageTagSettings/TagPosition
350
5FB
  3
QCADVersion
350
5FC
  3
UnitSettings/Measurement
350
5FD
  3
UnitSettings/PaperUnit
350
5FE
  3
ViewportCenter
350
5FF
  3
ViewportHeight
350
600
  3
ViewportWidth
350
601
  0
LAYOUT
  5
586
102
{ACAD_REACTORS
330
582
102
}
330
582
100
AcDbPlotSettings
  1

  2
none_device
  4
ISO_A4_(210.00_x_297.00_MM)
  6

 40
7.5
 41
20.0
 42
7.5
 43
20.0
 44
210.0
 45
297.0
 46
0.0
 47
0.0
 48
0.0
 49
0.0
140
0.0
141
0.0
142
100.0
143
1.0
 70
   688
 72
     1
 73
     1
 74
     5
  7

 75
    32
 76
     0
 77
     2
 78
   300
147
100.0
148
0.0
149
0.0
100
AcDbLayout
  1
Layout1
 70
     1
 71
     0
 10
-20.0
 20
-7.5
 11
277.0
 21
202.5
 12
0.0
 22
0.0
 32
0.0
 14
0.0
 24
0.0
 34
0.0
 15
0.0
 25
0.0
 35
0.0
146
0.0
 13
0.0
 23
0.0
 33
0.0
 16
1.0
 26
0.0
 36
0.0
 17
0.0
 27
1.0
 37
0.0
 76
     0
330
583
331
639
  0
LAYOUT
  5
58A
102
{ACAD_REACTORS
330
582
102
}
330
582
100
AcDbPlotSettings
  1

  2
none_device
  4
Letter_(8.50_x_11.00_Inches)
  6

 40
6.35
 41
6.35
 42
6.35000508
 43
6.35000508
 44
215.9
 45
279.4
 46
0.0
 47
0.0
 48
0.0
 49
0.0
140
0.0
141
0.0
142
1.0
143
1.0
 70
  1712
 72
     0
 73
     0
 74
     0
  7

 75
     0
 76
     0
 77
     2
 78
   300
147
1.0
148
0.0
149
0.0
100
AcDbLayout
  1
Model
 70
     1
 71
     0
 10
0.0
 20
0.0
 11
12.0
 21
9.0
 12
0.0
 22
0.0
 32
0.0
 14
-115.0701754385966
 24
-97.19999999999996
 34
0.0
 15
139.0000000000001
 25
97.20000000000009
 35
0.0
146
0.0
 13
0.0
 23
0.0
 33
0.0
 16
1.0
 26
0.0
 36
0.0
 17
0.0
 27
1.0
 37
0.0
 76
     0
330
587
331
591
  0
MATERIAL
  5
5AD
102
{ACAD_REACTORS
330
5AB
102
}
330
5AB
100
AcDbMaterial
  1
ByBlock
 72
     1
 94
      127
  0
MATERIAL
  5
5AC
102
{ACAD_REACTORS
330
5AB
102
}
330
5AB
100
AcDbMaterial
  1
ByLayer
 72
     1
 94
      127
  0
MATERIAL
  5
5AE
102
{ACAD_REACTORS
330
5AB
102
}
330
5AB
100
AcDbMaterial
  1
Global
 72
     1
 94
      127
  0
MLEADERSTYLE
  5
5C4
102
{ACAD_REACTORS
330
5C3
102
}
330
5C3
100
AcDbMLeaderStyle
179
     2
170
     2
171
     1
172
     0
 90
        2
 40
0.0
 41
0.0
173
     1
 91
-1056964608
340
57C
 92
       -2
290
     1
 42
0.09
291
     1
 43
0.36
  3
Standard
341
0
 44
0.18
300

342
57A
174
     1
178
     6
175
     1
176
     0
 93
-1056964608
 45
0.18
292
     0
297
     0
 46
0.18
343
0
 94
-1056964608
 47
1.0
 49
1.0
140
1.0
293
     1
141
0.0
294
     1
177
     0
142
1.0
295
     0
296
     0
143
0.125
271
     0
272
     9
273
     9
298
     0
  0
MLINESTYLE
  5
580
102
{ACAD_REACTORS
330
57F
102
}
330
57F
100
AcDbMlineStyle
  2
Standard
 70
     0
  3

 62
   256
 51
90.0
 52
90.0
 71
     2
 49
0.5
 62
   256
  6
BYLAYER
 49
-0.5
 62
   256
  6
BYLAYER
  0
ACDBPLACEHOLDER
  5
578
102
{ACAD_REACTORS
330
577
102
}
330
577
  0
SCALE
  5
5B0
102
{ACAD_REACTORS
330
5AF
102
}
330
5AF
100
AcDbScale
 70
     0
300
1:1
140
1.0
141
1.0
290
     1
  0
SCALE
  5
5B1
102
{ACAD_REACTORS
330
5AF
102
}
330
5AF
100
AcDbScale
 70
     0
300
1/128" = 1'-0"
140
0.0078125
141
12.0
290
     0
  0
SCALE
  5
5B2
102
{ACAD_REACTORS
330
5AF
102
}
330
5AF
100
AcDbScale
 70
     0
300
1/64" = 1'-0"
140
0.015625
141
12.0
290
     0
  0
SCALE
  5
5B3
102
{ACAD_REACTORS
330
5AF
102
}
330
5AF
100
AcDbScale
 70
     0
300
1/32" = 1'-0"
140
0.03125
141
12.0
290
     0
  0
SCALE
  5
5B4
102
{ACAD_REACTORS
330
5AF
102
}
330
5AF
100
AcDbScale
 70
     0
300
1/16" = 1'-0"
140
0.0625
141
12.0
290
     0
  0
SCALE
  5
5B5
102
{ACAD_REACTORS
330
5AF
102
}
330
5AF
100
AcDbScale
 70
     0
300
3/32" = 1'-0"
140
0.09375
141
12.0
290
     0
  0
SCALE
  5
5B6
102
{ACAD_REACTORS
330
5AF
102
}
330
5AF
100
AcDbScale
 70
     0
300
1/8" = 1'-0"
140
0.125
141
12.0
290
     0
  0
SCALE
  5
5B7
102
{ACAD_REACTORS
330
5AF
102
}
330
5AF
100
AcDbScale
 70
     0
300
3/16" = 1'-0"
140
0.1875
141
12.0
290
     0
  0
SCALE
  5
5B8
102
{ACAD_REACTORS
330
5AF
102
}
330
5AF
100
AcDbScale
 70
     0
300
1/4" = 1'-0"
140
0.25
141
12.0
290
     0
  0
SCALE
  5
5B9
102
{ACAD_REACTORS
330
5AF
102
}
330
5AF
100
AcDbScale
 70
     0
300
3/8" = 1'-0"
140
0.375
141
12.0
290
     0
  0
SCALE
  5
5BA
102
{ACAD_REACTORS
330
5AF
102
}
330
5AF
100
AcDbScale
 70
     0
300
1/2" = 1'-0"
140
0.5
141
12.0
290
     0
  0
SCALE
  5
5BB
102
{ACAD_REACTORS
330
5AF
102
}
330
5AF
100
AcDbScale
 70
     0
300
3/4" = 1'-0"
140
0.75
141
12.0
290
     0
  0
SCALE
  5
5BC
102
{ACAD_REACTORS
330
5AF
102
}
330
5AF
100
AcDbScale
 70
     0
300
1" = 1'-0"
140
1.0
141
12.0
290
     0
  0
SCALE
  5
5BD
102
{ACAD_REACTORS
330
5AF
102
}
330
5AF
100
AcDbScale
 70
     0
300
1-1/2" = 1'-0"
140
1.5
141
12.0
290
     0
  0
SCALE
  5
5BE
102
{ACAD_REACTORS
330
5AF
102
}
330
5AF
100
AcDbScale
 70
     0
300
3" = 1'-0"
140
3.0
141
12.0
290
     0
  0
SCALE
  5
5BF
102
{ACAD_REACTORS
330
5AF
102
}
330
5AF
100
AcDbScale
 70
     0
300
6" = 1'-0"
140
6.0
141
12.0
290
     0
  0
SCALE
  5
5C0
102
{ACAD_REACTORS
330
5AF
102
}
330
5AF
100
AcDbScale
 70
     0
300
1'-0" = 1'-0"
140
12.0
141
12.0
290
     0
  0
TABLESTYLE
  5
5C2
102
{ACAD_REACTORS
330
5C1
102
}
102
{ACAD_XDICTIONARY
360
63D
102
}
330
5C1
100
AcDbTableStyle
  3
Standard
 70
     0
 71
     0
 40
0.06
 41
0.06
280
     0
281
     0
  7
Standard
140
0.18
170
     2
 62
     0
 63
   257
283
     0
 90
        4
 91
        0
  1

274
    -2
284
     1
 64
     0
275
    -2
285
     1
 65
     0
276
    -2
286
     1
 66
     0
277
    -2
287
     1
 67
     0
278
    -2
288
     1
 68
     0
279
    -2
289
     1
 69
     0
  7
Standard
140
0.25
170
     5
 62
     0
 63
   257
283
     0
 90
        4
 91
        0
  1

274
    -2
284
     1
 64
     0
275
    -2
285
     1
 65
     0
276
    -2
286
     1
 66
     0
277
    -2
287
     1
 67
     0
278
    -2
288
     1
 68
     0
279
    -2
289
     1
 69
     0
  7
Standard
140
0.18
170
     5
 62
     0
 63
   257
283
     0
 90
        4
 91
        0
  1

274
    -2
284
     1
 64
     0
275
    -2
285
     1
 65
     0
276
    -2
286
     1
 66
     0
277
    -2
287
     1
 67
     0
278
    -2
288
     1
 68
     0
279
    -2
289
     1
 69
     0
  0
VISUALSTYLE
  5
597
102
{ACAD_REACTORS
330
592
102
}
330
592
100
AcDbVisualStyle
  2
2dWireframe
 70
     4
177
     3
291
     0
 70
    58
 90
        0
176
     1
 90
        2
176
     1
 90
        0
176
     1
 90
        0
176
     1
 40
0.6
176
     1
 40
30.0
176
     1
 62
     7
420
 16777215
176
     1
 90
        1
176
     1
 90
        4
176
     1
 62
     7
176
     1
 62
   257
176
     1
 90
        1
176
     1
 90
        1
176
     1
 40
1.0
176
     1
 90
        0
176
     1
 62
   257
176
     1
 40
1.0
176
     1
 90
        1
176
     1
 90
        6
176
     1
 90
        2
176
     1
 62
     7
176
     1
 90
        5
176
     1
 90
        0
176
     1
 90
        0
176
     1
290
     0
176
     1
 90
        1
176
     1
 40
0.0
176
     1
 90
        0
176
     1
290
     1
176
     1
290
     1
176
     1
290
     0
176
     1
290
     0
176
     1
290
     0
176
     1
290
     0
176
     1
290
     0
176
     1
290
     0
176
     1
290
     0
176
     1
 90
       50
176
     1
 40
0.0
176
     1
 40
1.0
176
     1
 90
        0
176
     1
 62
    18
420
        0
176
     1
 90
       50
176
     1
 90
        3
176
     1
 62
     5
420
      255
176
     1
290
     0
176
     1
 90
       50
176
     1
 90
       50
176
     1
 90
       50
176
     1
290
     0
176
     1
 90
       50
176
     1
 62
   256
176
     0
 40
1.0
176
     0
 90
        2
176
     1
  1
strokes_ogs.tif
176
     1
290
     0
176
     1
 40
1.0
176
     1
 40
1.0
176
     1
  0
VISUALSTYLE
  5
59A
102
{ACAD_REACTORS
330
592
102
}
330
592
100
AcDbVisualStyle
  2
Basic
 70
     7
177
     3
291
     1
 70
    58
 90
        1
176
     1
 90
        0
176
     1
 90
        1
176
     1
 90
        0
176
     1
 40
0.6
176
     1
 40
30.0
176
     1
 62
     7
420
 16777215
176
     1
 90
        0
176
     1
 90
        4
176
     1
 62
     7
176
     1
 62
   257
176
     1
 90
        1
176
     1
 90
        1
176
     1
 40
1.0
176
     1
 90
        8
176
     1
 62
     7
176
     1
 40
1.0
176
     1
 90
        1
176
     1
 90
        6
176
     1
 90
        2
176
     1
 62
     7
176
     1
 90
        5
176
     1
 90
        0
176
     1
 90
        0
176
     1
290
     0
176
     1
 90
        1
176
     1
 40
0.0
176
     1
 90
        0
176
     1
290
     0
176
     1
290
     1
176
     1
290
     1
176
     1
290
     0
176
     1
290
     0
176
     1
290
     0
176
     1
290
     0
176
     1
290
     0
176
     1
290
     0
176
     1
 90
       50
176
     1
 40
0.0
176
     1
 40
1.0
176
     1
 90
        0
176
     1
 62
    18
420
        0
176
     1
 90
       50
176
     1
 90
        3
176
     1
 62
     5
420
      255
176
     1
290
     0
176
     1
 90
       50
176
     1
 90
       50
176
     1
 90
       50
176
     1
290
     0
176
     1
 90
       50
176
     1
 62
   256
176
     0
 40
1.0
176
     0
 90
        2
176
     1
  1
strokes_ogs.tif
176
     1
290
     0
176
     1
 40
1.0
176
     1
 40
1.0
176
     1
  0
VISUALSTYLE
  5
59E
102
{ACAD_REACTORS
330
592
102
}
330
592
100
AcDbVisualStyle
  2
Brighten
 70
    12
177
     3
291
     1
 70
    58
 90
        2
176
     1
 90
        2
176
     1
 90
        0
176
     1
 90
        0
176
     1
 40
0.6
176
     1
 40
30.0
176
     1
 62
     7
420
 16777215
176
     1
 90
        1
176
     1
 90
        4
176
     1
 62
     7
176
     1
 62
   257
176
     1
 90
        1
176
     1
 90
        1
176
     1
 40
1.0
176
     1
 90
        8
176
     1
 62
     7
176
     1
 40
1.0
176
     1
 90
        1
176
     1
 90
        6
176
     1
 90
        2
176
     1
 62
     7
176
     1
 90
        5
176
     1
 90
        0
176
     1
 90
        0
176
     1
290
     0
176
     1
 90
        1
176
     1
 40
50.0
176
     1
 90
        0
176
     1
290
     0
176
     1
290
     1
176
     1
290
     1
176
     1
290
     0
176
     1
290
     0
176
     1
290
     0
176
     1
290
     0
176
     1
290
     0
176
     1
290
     0
176
     1
 90
       50
176
     1
 40
0.0
176
     1
 40
1.0
176
     1
 90
        0
176
     1
 62
    18
420
        0
176
     1
 90
       50
176
     1
 90
        3
176
     1
 62
     5
420
      255
176
     1
290
     0
176
     1
 90
       50
176
     1
 90
       50
176
     1
 90
       50
176
     1
290
     0
176
     1
 90
       50
176
     1
 62
   256
176
     0
 40
1.0
176
     0
 90
        2
176
     1
  1
strokes_ogs.tif
176
     1
290
     0
176
     1
 40
1.0
176
     1
 40
1.0
176
     1
  0
VISUALSTYLE
  5
5A2
102
{ACAD_REACTORS
330
592
102
}
330
592
100
AcDbVisualStyle
  2
ColorChange
 70
    16
177
     3
291
     1
 70
    58
 90
        2
176
     1
 90
        2
176
     1
 90
        3
176
     1
 90
        0
176
     1
 40
0.6
176
     1
 40
30.0
176
     1
 62
     8
420
  8421504
176
     1
 90
        1
176
     1
 90
        4
176
     1
 62
     7
176
     1
 62
   257
176
     1
 90
        1
176
     1
 90
        1
176
     1
 40
1.0
176
     1
 90
        8
176
     1
 62
     8
420
  8421504
176
     1
 40
1.0
176
     1
 90
        1
176
     1
 90
        6
176
     1
 90
        2
176
     1
 62
     7
176
     1
 90
        5
176
     1
 90
        0
176
     1
 90
        0
176
     1
290
     0
176
     1
 90
        1
176
     1
 40
0.0
176
     1
 90
        0
176
     1
290
     0
176
     1
290
     1
176
     1
290
     1
176
     1
290
     0
176
     1
290
     0
176
     1
290
     0
176
     1
290
     0
176
     1
290
     0
176
     1
290
     0
176
     1
 90
       50
176
     1
 40
0.0
176
     1
 40
1.0
176
     1
 90
        0
176
     1
 62
    18
420
        0
176
     1
 90
       50
176
     1
 90
        3
176
     1
 62
     5
420
      255
176
     1
290
     0
176
     1
 90
       50
176
     1
 90
       50
176
     1
 90
       50
176
     1
290
     0
176
     1
 90
       50
176
     1
 62
   256
176
     0
 40
1.0
176
     0
 90
        2
176
     1
  1
strokes_ogs.tif
176
     1
290
     0
176
     1
 40
1.0
176
     1
 40
1.0
176
     1
  0
VISUALSTYLE
  5
59C
102
{ACAD_REACTORS
330
592
102
}
330
592
100
AcDbVisualStyle
  2
Conceptual
 70
     9
177
     3
291
     0
 70
    58
 90
        3
176
     1
 90
        2
176
     1
 90
        0
176
     1
 90
        0
176
     1
 40
0.6
176
     1
 40
30.0
176
     1
 62
     7
420
 16777215
176
     1
 90
        2
176
     1
 90
        2
176
     1
 62
     7
176
     1
 62
   257
176
     1
 90
        1
176
     1
 90
        1
176
     1
 40
179.0
176
     1
 90
        8
176
     1
 62
     7
176
     1
 40
1.0
176
     1
 90
        1
176
     1
 90
        6
176
     1
 90
        2
176
     1
 62
     7
176
     1
 90
        3
176
     1
 90
        0
176
     1
 90
        0
176
     1
290
     0
176
     1
 90
        1
176
     1
 40
0.0
176
     1
 90
        0
176
     1
290
     0
176
     1
290
     1
176
     1
290
     1
176
     1
290
     0
176
     1
290
     0
176
     1
290
     0
176
     1
290
     0
176
     1
290
     0
176
     1
290
     0
176
     1
 90
       50
176
     1
 40
0.0
176
     1
 40
1.0
176
     1
 90
        0
176
     1
 62
    18
420
        0
176
     1
 90
       50
176
     1
 90
        3
176
     1
 62
     5
420
      255
176
     1
290
     0
176
     1
 90
       50
176
     1
 90
       50
176
     1
 90
       50
176
     1
290
     0
176
     1
 90
       50
176
     1
 62
   256
176
     0
 40
1.0
176
     0
 90
        2
176
     1
  1
strokes_ogs.tif
176
     1
290
     0
176
     1
 40
1.0
176
     1
 40
1.0
176
     1
  0
VISUALSTYLE
  5
59D
102
{ACAD_REACTORS
330
592
102
}
330
592
100
AcDbVisualStyle
  2
Dim
 70
    11
177
     3
291
     1
 70
    58
 90
        2
176
     1
 90
        2
176
     1
 90
        0
176
     1
 90
        0
176
     1
 40
0.6
176
     1
 40
30.0
176
     1
 62
     7
420
 16777215
176
     1
 90
        1
176
     1
 90
        4
176
     1
 62
     7
176
     1
 62
   257
176
     1
 90
        1
176
     1
 90
        1
176
     1
 40
1.0
176
     1
 90
        8
176
     1
 62
     7
176
     1
 40
1.0
176
     1
 90
        1
176
     1
 90
        6
176
     1
 90
        2
176
     1
 62
     7
176
     1
 90
        5
176
     1
 90
        0
176
     1
 90
        0
176
     1
290
     0
176
     1
 90
        1
176
     1
 40
-50.0
176
     1
 90
        0
176
     1
290
     0
176
     1
290
     1
176
     1
290
     1
176
     1
290
     0
176
     1
290
     0
176
     1
290
     0
176
     1
290
     0
176
     1
290
     0
176
     1
290
     0
176
     1
 90
       50
176
     1
 40
0.0
176
     1
 40
1.0
176
     1
 90
        0
176
     1
 62
    18
420
        0
176
     1
 90
       50
176
     1
 90
        3
176
     1
 62
     5
420
      255
176
     1
290
     0
176
     1
 90
       50
176
     1
 90
       50
176
     1
 90
       50
176
     1
290
     0
176
     1
 90
       50
176
     1
 62
   256
176
     0
 40
1.0
176
     0
 90
        2
176
     1
  1
strokes_ogs.tif
176
     1
290
     0
176
     1
 40
1.0
176
     1
 40
1.0
176
     1
  0
VISUALSTYLE
  5
5A5
102
{ACAD_REACTORS
330
592
102
}
330
592
100
AcDbVisualStyle
  2
EdgeColorOff
 70
    22
177
     3
291
     1
 70
    58
 90
        2
176
     0
 90
        2
176
     0
 90
        0
176
     0
 90
        0
176
     0
 40
0.6
176
     0
 40
30.0
176
     0
 62
     7
420
 16777215
176
     0
 90
        1
176
     0
 90
        4
176
     0
 62
     7
176
     0
 62
   257
176
     0
 90
        1
176
     0
 90
        1
176
     0
 40
1.0
176
     0
 90
        8
176
     2
 62
     7
176
     0
 40
1.0
176
     0
 90
        1
176
     0
 90
        6
176
     0
 90
        2
176
     0
 62
     7
176
     0
 90
        5
176
     0
 90
        0
176
     0
 90
        0
176
     0
290
     0
176
     0
 90
        1
176
     0
 40
0.0
176
     0
 90
        0
176
     0
290
     0
176
     0
290
     1
176
     0
290
     1
176
     0
290
     0
176
     0
290
     0
176
     0
290
     0
176
     0
290
     0
176
     0
290
     0
176
     0
290
     0
176
     0
 90
       50
176
     0
 40
0.0
176
     0
 40
1.0
176
     0
 90
        0
176
     0
 62
    18
420
        0
176
     0
 90
       50
176
     0
 90
        3
176
     0
 62
     5
420
      255
176
     0
290
     0
176
     0
 90
       50
176
     0
 90
       50
176
     0
 90
       50
176
     0
290
     0
176
     0
 90
       50
176
     0
 62
   256
176
     0
 40
1.0
176
     0
 90
        2
176
     0
  1
strokes_ogs.tif
176
     0
290
     0
176
     0
 40
1.0
176
     0
 40
1.0
176
     0
  0
VISUALSTYLE
  5
5A1
102
{ACAD_REACTORS
330
592
102
}
330
592
100
AcDbVisualStyle
  2
Facepattern
 70
    15
177
     3
291
     1
 70
    58
 90
        2
176
     1
 90
        2
176
     1
 90
        0
176
     1
 90
        0
176
     1
 40
0.6
176
     1
 40
30.0
176
     1
 62
     7
420
 16777215
176
     1
 90
        1
176
     1
 90
        4
176
     1
 62
     7
176
     1
 62
   257
176
     1
 90
        1
176
     1
 90
        1
176
     1
 40
1.0
176
     1
 90
        8
176
     1
 62
     7
176
     1
 40
1.0
176
     1
 90
        1
176
     1
 90
        6
176
     1
 90
        2
176
     1
 62
     7
176
     1
 90
        5
176
     1
 90
        0
176
     1
 90
        0
176
     1
290
     0
176
     1
 90
        1
176
     1
 40
0.0
176
     1
 90
        0
176
     1
290
     0
176
     1
290
     1
176
     1
290
     1
176
     1
290
     0
176
     1
290
     0
176
     1
290
     0
176
     1
290
     0
176
     1
290
     0
176
     1
290
     0
176
     1
 90
       50
176
     1
 40
0.0
176
     1
 40
1.0
176
     1
 90
        0
176
     1
 62
    18
420
        0
176
     1
 90
       50
176
     1
 90
        3
176
     1
 62
     5
420
      255
176
     1
290
     0
176
     1
 90
       50
176
     1
 90
       50
176
     1
 90
       50
176
     1
290
     0
176
     1
 90
       50
176
     1
 62
   256
176
     0
 40
1.0
176
     0
 90
        2
176
     1
  1
strokes_ogs.tif
176
     1
290
     0
176
     1
 40
1.0
176
     1
 40
1.0
176
     1
  0
VISUALSTYLE
  5
593
102
{ACAD_REACTORS
330
592
102
}
330
592
100
AcDbVisualStyle
  2
Flat
 70
     0
177
     3
291
     1
 70
    58
 90
        2
176
     1
 90
        1
176
     1
 90
        1
176
     1
 90
        2
176
     1
 40
0.6
176
     1
 40
30.0
176
     1
 62
     7
420
 16777215
176
     1
 90
        0
176
     1
 90
        0
176
     1
 62
     7
176
     1
 62
   257
176
     1
 90
        1
176
     1
 90
        1
176
     1
 40
1.0
176
     1
 90
        8
176
     1
 62
     7
176
     1
 40
1.0
176
     1
 90
        1
176
     1
 90
        6
176
     1
 90
        2
176
     1
 62
     7
176
     1
 90
        5
176
     1
 90
        0
176
     1
 90
        0
176
     1
290
     0
176
     1
 90
       13
176
     1
 40
0.0
176
     1
 90
        0
176
     1
290
     0
176
     1
290
     1
176
     1
290
     1
176
     1
290
     0
176
     1
290
     0
176
     1
290
     0
176
     1
290
     0
176
     1
290
     0
176
     1
290
     0
176
     1
 90
       50
176
     1
 40
0.0
176
     1
 40
1.0
176
     1
 90
        0
176
     1
 62
    18
420
        0
176
     1
 90
       50
176
     1
 90
        3
176
     1
 62
     5
420
      255
176
     1
290
     0
176
     1
 90
       50
176
     1
 90
       50
176
     1
 90
       50
176
     1
290
     0
176
     1
 90
       50
176
     1
 62
   256
176
     0
 40
1.0
176
     0
 90
        2
176
     1
  1
strokes_ogs.tif
176
     1
290
     0
176
     1
 40
1.0
176
     1
 40
1.0
176
     1
  0
VISUALSTYLE
  5
594
102
{ACAD_REACTORS
330
592
102
}
330
592
100
AcDbVisualStyle
  2
FlatWithEdges
 70
     1
177
     3
291
     1
 70
    58
 90
        2
176
     1
 90
        1
176
     1
 90
        1
176
     1
 90
        2
176
     1
 40
0.6
176
     1
 40
30.0
176
     1
 62
     7
420
 16777215
176
     1
 90
        1
176
     1
 90
        0
176
     1
 62
     7
176
     1
 62
   257
176
     1
 90
        1
176
     1
 90
        1
176
     1
 40
1.0
176
     1
 90
        0
176
     1
 62
   257
176
     1
 40
1.0
176
     1
 90
        1
176
     1
 90
        6
176
     1
 90
        2
176
     1
 62
     7
176
     1
 90
        5
176
     1
 90
        0
176
     1
 90
        0
176
     1
290
     0
176
     1
 90
       13
176
     1
 40
0.0
176
     1
 90
        0
176
     1
290
     0
176
     1
290
     1
176
     1
290
     1
176
     1
290
     0
176
     1
290
     0
176
     1
290
     0
176
     1
290
     0
176
     1
290
     0
176
     1
290
     0
176
     1
 90
       50
176
     1
 40
0.0
176
     1
 40
1.0
176
     1
 90
        0
176
     1
 62
    18
420
        0
176
     1
 90
       50
176
     1
 90
        3
176
     1
 62
     5
420
      255
176
     1
290
     0
176
     1
 90
       50
176
     1
 90
       50
176
     1
 90
       50
176
     1
290
     0
176
     1
 90
       50
176
     1
 62
   256
176
     0
 40
1.0
176
     0
 90
        2
176
     1
  1
strokes_ogs.tif
176
     1
290
     0
176
     1
 40
1.0
176
     1
 40
1.0
176
     1
  0
VISUALSTYLE
  5
595
102
{ACAD_REACTORS
330
592
102
}
330
592
100
AcDbVisualStyle
  2
Gouraud
 70
     2
177
     3
291
     1
 70
    58
 90
        2
176
     1
 90
        2
176
     1
 90
        1
176
     1
 90
        2
176
     1
 40
0.6
176
     1
 40
30.0
176
     1
 62
     7
420
 16777215
176
     1
 90
        0
176
     1
 90
        0
176
     1
 62
     7
176
     1
 62
   257
176
     1
 90
        1
176
     1
 90
        1
176
     1
 40
1.0
176
     1
 90
        0
176
     1
 62
     7
176
     1
 40
1.0
176
     1
 90
        1
176
     1
 90
        6
176
     1
 90
        2
176
     1
 62
     7
176
     1
 90
        5
176
     1
 90
        0
176
     1
 90
        0
176
     1
290
     0
176
     1
 90
       13
176
     1
 40
0.0
176
     1
 90
        0
176
     1
290
     0
176
     1
290
     1
176
     1
290
     1
176
     1
290
     0
176
     1
290
     0
176
     1
290
     0
176
     1
290
     0
176
     1
290
     0
176
     1
290
     0
176
     1
 90
       50
176
     1
 40
0.0
176
     1
 40
1.0
176
     1
 90
        0
176
     1
 62
    18
420
        0
176
     1
 90
       50
176
     1
 90
        3
176
     1
 62
     5
420
      255
176
     1
290
     0
176
     1
 90
       50
176
     1
 90
       50
176
     1
 90
       50
176
     1
290
     0
176
     1
 90
       50
176
     1
 62
   256
176
     0
 40
1.0
176
     0
 90
        2
176
     1
  1
strokes_ogs.tif
176
     1
290
     0
176
     1
 40
1.0
176
     1
 40
1.0
176
     1
  0
VISUALSTYLE
  5
596
102
{ACAD_REACTORS
330
592
102
}
330
592
100
AcDbVisualStyle
  2
GouraudWithEdges
 70
     3
177
     3
291
     1
 70
    58
 90
        2
176
     1
 90
        2
176
     1
 90
        1
176
     1
 90
        2
176
     1
 40
0.6
176
     1
 40
30.0
176
     1
 62
     7
420
 16777215
176
     1
 90
        1
176
     1
 90
        0
176
     1
 62
     7
176
     1
 62
   257
176
     1
 90
        1
176
     1
 90
        1
176
     1
 40
1.0
176
     1
 90
        0
176
     1
 62
   257
176
     1
 40
1.0
176
     1
 90
        1
176
     1
 90
        6
176
     1
 90
        2
176
     1
 62
     7
176
     1
 90
        5
176
     1
 90
        0
176
     1
 90
        0
176
     1
290
     0
176
     1
 90
       13
176
     1
 40
0.0
176
     1
 90
        0
176
     1
290
     0
176
     1
290
     1
176
     1
290
     1
176
     1
290
     0
176
     1
290
     0
176
     1
290
     0
176
     1
290
     0
176
     1
290
     0
176
     1
290
     0
176
     1
 90
       50
176
     1
 40
0.0
176
     1
 40
1.0
176
     1
 90
        0
176
     1
 62
    18
420
        0
176
     1
 90
       50
176
     1
 90
        3
176
     1
 62
     5
420
      255
176
     1
290
     0
176
     1
 90
       50
176
     1
 90
       50
176
     1
 90
       50
176
     1
290
     0
176
     1
 90
       50
176
     1
 62
   256
176
     0
 40
1.0
176
     0
 90
        2
176
     1
  1
strokes_ogs.tif
176
     1
290
     0
176
     1
 40
1.0
176
     1
 40
1.0
176
     1
  0
VISUALSTYLE
  5
599
102
{ACAD_REACTORS
330
592
102
}
330
592
100
AcDbVisualStyle
  2
Hidden
 70
     6
177
     3
291
     0
 70
    58
 90
        1
176
     1
 90
        2
176
     1
 90
        2
176
     1
 90
        0
176
     1
 40
0.6
176
     1
 40
30.0
176
     1
 62
     7
420
 16777215
176
     1
 90
        2
176
     1
 90
        2
176
     1
 62
     7
176
     1
 62
   257
176
     1
 90
        2
176
     1
 90
        1
176
     1
 40
40.0
176
     1
 90
        0
176
     1
 62
   257
176
     1
 40
1.0
176
     1
 90
        1
176
     1
 90
        6
176
     1
 90
        2
176
     1
 62
     7
176
     1
 90
        3
176
     1
 90
        0
176
     1
 90
        0
176
     1
290
     0
176
     1
 90
        1
176
     1
 40
0.0
176
     1
 90
        0
176
     1
290
     0
176
     1
290
     1
176
     1
290
     1
176
     1
290
     0
176
     1
290
     0
176
     1
290
     0
176
     1
290
     0
176
     1
290
     0
176
     1
290
     0
176
     1
 90
       50
176
     1
 40
0.0
176
     1
 40
1.0
176
     1
 90
        0
176
     1
 62
    18
420
        0
176
     1
 90
       50
176
     1
 90
        3
176
     1
 62
     5
420
      255
176
     1
290
     0
176
     1
 90
       50
176
     1
 90
       50
176
     1
 90
       50
176
     1
290
     0
176
     1
 90
       50
176
     1
 62
   256
176
     0
 40
1.0
176
     0
 90
        2
176
     1
  1
strokes_ogs.tif
176
     1
290
     0
176
     1
 40
1.0
176
     1
 40
1.0
176
     1
  0
VISUALSTYLE
  5
5A3
102
{ACAD_REACTORS
330
592
102
}
330
592
100
AcDbVisualStyle
  2
JitterOff
 70
    20
177
     3
291
     1
 70
    58
 90
        2
176
     0
 90
        2
176
     0
 90
        0
176
     0
 90
        0
176
     0
 40
0.6
176
     0
 40
30.0
176
     0
 62
     7
420
 16777215
176
     0
 90
        1
176
     0
 90
        4
176
     0
 62
     7
176
     0
 62
   257
176
     0
 90
        1
176
     0
 90
        1
176
     0
 40
1.0
176
     0
 90
       10
176
     2
 62
     7
176
     0
 40
1.0
176
     0
 90
        1
176
     0
 90
        6
176
     0
 90
        2
176
     0
 62
     7
176
     0
 90
        5
176
     0
 90
        0
176
     0
 90
        0
176
     0
290
     0
176
     0
 90
        1
176
     0
 40
0.0
176
     0
 90
        0
176
     0
290
     0
176
     0
290
     1
176
     0
290
     1
176
     0
290
     0
176
     0
290
     0
176
     0
290
     0
176
     0
290
     0
176
     0
290
     0
176
     0
290
     0
176
     0
 90
       50
176
     0
 40
0.0
176
     0
 40
1.0
176
     0
 90
        0
176
     0
 62
    18
420
        0
176
     0
 90
       50
176
     0
 90
        3
176
     0
 62
     5
420
      255
176
     0
290
     0
176
     0
 90
       50
176
     0
 90
       50
176
     0
 90
       50
176
     0
290
     0
176
     0
 90
       50
176
     0
 62
   256
176
     0
 40
1.0
176
     0
 90
        2
176
     0
  1
strokes_ogs.tif
176
     0
290
     0
176
     0
 40
1.0
176
     0
 40
1.0
176
     0
  0
VISUALSTYLE
  5
5A0
102
{ACAD_REACTORS
330
592
102
}
330
592
100
AcDbVisualStyle
  2
Linepattern
 70
    14
177
     3
291
     1
 70
    58
 90
        2
176
     1
 90
        2
176
     1
 90
        0
176
     1
 90
        0
176
     1
 40
0.6
176
     1
 40
30.0
176
     1
 62
     7
420
 16777215
176
     1
 90
        1
176
     1
 90
        4
176
     1
 62
     7
176
     1
 62
   257
176
     1
 90
        7
176
     1
 90
        7
176
     1
 40
1.0
176
     1
 90
        8
176
     1
 62
     7
176
     1
 40
1.0
176
     1
 90
        1
176
     1
 90
        6
176
     1
 90
        2
176
     1
 62
     7
176
     1
 90
        5
176
     1
 90
        0
176
     1
 90
        0
176
     1
290
     0
176
     1
 90
        1
176
     1
 40
0.0
176
     1
 90
        0
176
     1
290
     0
176
     1
290
     1
176
     1
290
     1
176
     1
290
     0
176
     1
290
     0
176
     1
290
     0
176
     1
290
     0
176
     1
290
     0
176
     1
290
     0
176
     1
 90
       50
176
     1
 40
0.0
176
     1
 40
1.0
176
     1
 90
        0
176
     1
 62
    18
420
        0
176
     1
 90
       50
176
     1
 90
        3
176
     1
 62
     5
420
      255
176
     1
290
     0
176
     1
 90
       50
176
     1
 90
       50
176
     1
 90
       50
176
     1
290
     0
176
     1
 90
       50
176
     1
 62
   256
176
     0
 40
1.0
176
     0
 90
        2
176
     1
  1
strokes_ogs.tif
176
     1
290
     0
176
     1
 40
1.0
176
     1
 40
1.0
176
     1
  0
VISUALSTYLE
  5
5A4
102
{ACAD_REACTORS
330
592
102
}
330
592
100
AcDbVisualStyle
  2
OverhangOff
 70
    21
177
     3
291
     1
 70
    58
 90
        2
176
     0
 90
        2
176
     0
 90
        0
176
     0
 90
        0
176
     0
 40
0.6
176
     0
 40
30.0
176
     0
 62
     7
420
 16777215
176
     0
 90
        1
176
     0
 90
        4
176
     0
 62
     7
176
     0
 62
   257
176
     0
 90
        1
176
     0
 90
        1
176
     0
 40
1.0
176
     0
 90
        9
176
     2
 62
     7
176
     0
 40
1.0
176
     0
 90
        1
176
     0
 90
        6
176
     0
 90
        2
176
     0
 62
     7
176
     0
 90
        5
176
     0
 90
        0
176
     0
 90
        0
176
     0
290
     0
176
     0
 90
        1
176
     0
 40
0.0
176
     0
 90
        0
176
     0
290
     0
176
     0
290
     1
176
     0
290
     1
176
     0
290
     0
176
     0
290
     0
176
     0
290
     0
176
     0
290
     0
176
     0
290
     0
176
     0
290
     0
176
     0
 90
       50
176
     0
 40
0.0
176
     0
 40
1.0
176
     0
 90
        0
176
     0
 62
    18
420
        0
176
     0
 90
       50
176
     0
 90
        3
176
     0
 62
     5
420
      255
176
     0
290
     0
176
     0
 90
       50
176
     0
 90
       50
176
     0
 90
       50
176
     0
290
     0
176
     0
 90
       50
176
     0
 62
   256
176
     0
 40
1.0
176
     0
 90
        2
176
     0
  1
strokes_ogs.tif
176
     0
290
     0
176
     0
 40
1.0
176
     0
 40
1.0
176
     0
  0
VISUALSTYLE
  5
59B
102
{ACAD_REACTORS
330
592
102
}
330
592
100
AcDbVisualStyle
  2
Realistic
 70
     8
177
     3
291
     0
 70
    58
 90
        2
176
     1
 90
        3
176
     1
 90
        0
176
     1
 90
        2
176
     1
 40
0.6
176
     1
 40
30.0
176
     1
 62
     7
420
 16777215
176
     1
 90
        0
176
     1
 90
        0
176
     1
 62
     7
176
     1
 62
   257
176
     1
 90
        1
176
     1
 90
        1
176
     1
 40
1.0
176
     1
 90
        8
176
     1
 62
   257
176
     1
 40
1.0
176
     1
 90
        1
176
     1
 90
        6
176
     1
 90
        2
176
     1
 62
     7
176
     1
 90
        3
176
     1
 90
        0
176
     1
 90
        0
176
     1
290
     0
176
     1
 90
       13
176
     1
 40
0.0
176
     1
 90
        0
176
     1
290
     0
176
     1
290
     1
176
     1
290
     1
176
     1
290
     0
176
     1
290
     0
176
     1
290
     0
176
     1
290
     0
176
     1
290
     0
176
     1
290
     0
176
     1
 90
       50
176
     1
 40
0.0
176
     1
 40
1.0
176
     1
 90
        0
176
     1
 62
    18
420
        0
176
     1
 90
       50
176
     1
 90
        3
176
     1
 62
     5
420
      255
176
     1
290
     0
176
     1
 90
       50
176
     1
 90
       50
176
     1
 90
       50
176
     1
290
     0
176
     1
 90
       50
176
     1
 62
   256
176
     0
 40
1.0
176
     0
 90
        2
176
     1
  1
strokes_ogs.tif
176
     1
290
     0
176
     1
 40
1.0
176
     1
 40
1.0
176
     1
  0
VISUALSTYLE
  5
5AA
102
{ACAD_REACTORS
330
592
102
}
330
592
100
AcDbVisualStyle
  2
Shaded
 70
    27
177
     3
291
     0
 70
    58
 90
        2
176
     1
 90
        2
176
     1
 90
        1
176
     1
 90
        2
176
     1
 40
0.6
176
     1
 40
30.0
176
     1
 62
     7
420
 16777215
176
     1
 90
        0
176
     1
 90
        4
176
     1
 62
     7
176
     1
 62
   257
176
     1
 90
        1
176
     1
 90
        1
176
     1
 40
1.0
176
     1
 90
        8
176
     1
 62
   257
176
     1
 40
1.0
176
     1
 90
        1
176
     1
 90
        6
176
     1
 90
        2
176
     1
 62
     8
420
  7895160
176
     1
 90
        3
176
     1
 90
        0
176
     1
 90
        0
176
     1
290
     0
176
     1
 90
        5
176
     1
 40
0.0
176
     1
 90
        0
176
     1
290
     0
176
     1
290
     1
176
     1
290
     1
176
     1
290
     0
176
     1
290
     0
176
     1
290
     0
176
     1
290
     0
176
     1
290
     0
176
     1
290
     0
176
     1
 90
       50
176
     1
 40
0.0
176
     1
 40
1.0
176
     1
 90
        0
176
     1
 62
    18
420
        0
176
     1
 90
       50
176
     1
 90
        3
176
     1
 62
     5
420
      255
176
     1
290
     0
176
     1
 90
       50
176
     1
 90
       50
176
     1
 90
       50
176
     1
290
     0
176
     1
 90
       50
176
     1
 62
   256
176
     0
 40
1.0
176
     0
 90
        2
176
     1
  1
strokes_ogs.tif
176
     1
290
     0
176
     1
 40
1.0
176
     1
 40
1.0
176
     1
  0
VISUALSTYLE
  5
5A9
102
{ACAD_REACTORS
330
592
102
}
330
592
100
AcDbVisualStyle
  2
Shaded with edges
 70
    26
177
     3
291
     0
 70
    58
 90
        2
176
     1
 90
        2
176
     1
 90
        1
176
     1
 90
        2
176
     1
 40
0.6
176
     1
 40
30.0
176
     1
 62
     7
420
 16777215
176
     1
 90
        1
176
     1
 90
       10
176
     1
 62
     7
176
     1
 62
   257
176
     1
 90
        2
176
     1
 90
        1
176
     1
 40
1.0
176
     1
 90
        8
176
     1
 62
   257
176
     1
 40
1.0
176
     1
 90
        1
176
     1
 90
        6
176
     1
 90
        2
176
     1
 62
     7
176
     1
 90
        3
176
     1
 90
        0
176
     1
 90
        0
176
     1
290
     0
176
     1
 90
        5
176
     1
 40
0.0
176
     1
 90
        0
176
     1
290
     0
176
     1
290
     1
176
     1
290
     1
176
     1
290
     0
176
     1
290
     0
176
     1
290
     0
176
     1
290
     0
176
     1
290
     0
176
     1
290
     0
176
     1
 90
       50
176
     1
 40
0.0
176
     1
 40
1.0
176
     1
 90
        0
176
     1
 62
    18
420
        0
176
     1
 90
       50
176
     1
 90
        3
176
     1
 62
     5
420
      255
176
     1
290
     0
176
     1
 90
       50
176
     1
 90
       50
176
     1
 90
       50
176
     1
290
     0
176
     1
 90
       50
176
     1
 62
   256
176
     0
 40
1.0
176
     0
 90
        2
176
     1
  1
strokes_ogs.tif
176
     1
290
     0
176
     1
 40
1.0
176
     1
 40
1.0
176
     1
  0
VISUALSTYLE
  5
5A6
102
{ACAD_REACTORS
330
592
102
}
330
592
100
AcDbVisualStyle
  2
Shades of Gray
 70
    23
177
     3
291
     0
 70
    58
 90
        2
176
     1
 90
        2
176
     1
 90
        3
176
     1
 90
        0
176
     1
 40
0.6
176
     1
 40
30.0
176
     1
 62
     7
420
 16777215
176
     1
 90
        2
176
     1
 90
        2
176
     1
 62
     7
176
     1
 62
     7
176
     1
 90
        1
176
     1
 90
        1
176
     1
 40
40.0
176
     1
 90
        8
176
     1
 62
     7
176
     1
 40
1.0
176
     1
 90
        1
176
     1
 90
        6
176
     1
 90
        2
176
     1
 62
     7
176
     1
 90
        3
176
     1
 90
        0
176
     1
 90
        0
176
     1
290
     0
176
     1
 90
        1
176
     1
 40
0.0
176
     1
 90
        0
176
     1
290
     0
176
     1
290
     1
176
     1
290
     1
176
     1
290
     0
176
     1
290
     0
176
     1
290
     0
176
     1
290
     0
176
     1
290
     0
176
     1
290
     0
176
     1
 90
       50
176
     1
 40
0.0
176
     1
 40
1.0
176
     1
 90
        0
176
     1
 62
    18
420
        0
176
     1
 90
       50
176
     1
 90
        3
176
     1
 62
     5
420
      255
176
     1
290
     0
176
     1
 90
       50
176
     1
 90
       50
176
     1
 90
       50
176
     1
290
     0
176
     1
 90
       50
176
     1
 62
   256
176
     0
 40
1.0
176
     0
 90
        2
176
     1
  1
strokes_ogs.tif
176
     1
290
     0
176
     1
 40
1.0
176
     1
 40
1.0
176
     1
  0
VISUALSTYLE
  5
5A7
102
{ACAD_REACTORS
330
592
102
}
330
592
100
AcDbVisualStyle
  2
Sketchy
 70
    24
177
     3
291
     0
 70
    58
 90
        1
176
     1
 90
        2
176
     1
 90
        2
176
     1
 90
        0
176
     1
 40
0.6
176
     1
 40
30.0
176
     1
 62
     7
420
 16777215
176
     1
 90
        2
176
     1
 90
        2
176
     1
 62
     7
176
     1
 62
     7
176
     1
 90
        1
176
     1
 90
        1
176
     1
 40
40.0
176
     1
 90
       11
176
     1
 62
     7
176
     1
 40
1.0
176
     1
 90
        1
176
     1
 90
        6
176
     1
 90
        2
176
     1
 62
     7
176
     1
 90
        6
176
     1
 90
        0
176
     1
 90
        0
176
     1
290
     0
176
     1
 90
        1
176
     1
 40
0.0
176
     1
 90
        0
176
     1
290
     0
176
     1
290
     1
176
     1
290
     1
176
     1
290
     0
176
     1
290
     0
176
     1
290
     0
176
     1
290
     0
176
     1
290
     0
176
     1
290
     0
176
     1
 90
       50
176
     1
 40
0.0
176
     1
 40
1.0
176
     1
 90
        0
176
     1
 62
    18
420
        0
176
     1
 90
       50
176
     1
 90
        3
176
     1
 62
     5
420
      255
176
     1
290
     0
176
     1
 90
       50
176
     1
 90
       50
176
     1
 90
       50
176
     1
290
     0
176
     1
 90
       50
176
     1
 62
   256
176
     0
 40
1.0
176
     0
 90
        2
176
     1
  1
strokes_ogs.tif
176
     1
290
     0
176
     1
 40
1.0
176
     1
 40
1.0
176
     1
  0
VISUALSTYLE
  5
59F
102
{ACAD_REACTORS
330
592
102
}
330
592
100
AcDbVisualStyle
  2
Thicken
 70
    13
177
     3
291
     1
 70
    58
 90
        2
176
     1
 90
        2
176
     1
 90
        0
176
     1
 90
        0
176
     1
 40
0.6
176
     1
 40
30.0
176
     1
 62
     7
420
 16777215
176
     1
 90
        1
176
     1
 90
        4
176
     1
 62
     7
176
     1
 62
   257
176
     1
 90
        1
176
     1
 90
        1
176
     1
 40
1.0
176
     1
 90
       12
176
     1
 62
     7
176
     1
 40
1.0
176
     1
 90
        1
176
     1
 90
        6
176
     1
 90
        2
176
     1
 62
     7
176
     1
 90
        5
176
     1
 90
        0
176
     1
 90
        0
176
     1
290
     0
176
     1
 90
        1
176
     1
 40
0.0
176
     1
 90
        0
176
     1
290
     0
176
     1
290
     1
176
     1
290
     1
176
     1
290
     0
176
     1
290
     0
176
     1
290
     0
176
     1
290
     0
176
     1
290
     0
176
     1
290
     0
176
     1
 90
       50
176
     1
 40
0.0
176
     1
 40
1.0
176
     1
 90
        0
176
     1
 62
    18
420
        0
176
     1
 90
       50
176
     1
 90
        3
176
     1
 62
     5
420
      255
176
     1
290
     0
176
     1
 90
       50
176
     1
 90
       50
176
     1
 90
       50
176
     1
290
     0
176
     1
 90
       50
176
     1
 62
   256
176
     0
 40
1.0
176
     0
 90
        2
176
     1
  1
strokes_ogs.tif
176
     1
290
     0
176
     1
 40
1.0
176
     1
 40
1.0
176
     1
  0
VISUALSTYLE
  5
598
102
{ACAD_REACTORS
330
592
102
}
330
592
100
AcDbVisualStyle
  2
Wireframe
 70
     5
177
     3
291
     0
 70
    58
 90
        0
176
     1
 90
        2
176
     1
 90
        0
176
     1
 90
        0
176
     1
 40
0.6
176
     1
 40
30.0
176
     1
 62
     7
420
 16777215
176
     1
 90
        1
176
     1
 90
        4
176
     1
 62
     7
176
     1
 62
   257
176
     1
 90
        1
176
     1
 90
        1
176
     1
 40
1.0
176
     1
 90
        0
176
     1
 62
   257
176
     1
 40
1.0
176
     1
 90
        1
176
     1
 90
        6
176
     1
 90
        2
176
     1
 62
     7
176
     1
 90
        3
176
     1
 90
        0
176
     1
 90
        0
176
     1
290
     0
176
     1
 90
        1
176
     1
 40
0.0
176
     1
 90
        0
176
     1
290
     0
176
     1
290
     1
176
     1
290
     1
176
     1
290
     0
176
     1
290
     0
176
     1
290
     0
176
     1
290
     0
176
     1
290
     0
176
     1
290
     0
176
     1
 90
       50
176
     1
 40
0.0
176
     1
 40
1.0
176
     1
 90
        0
176
     1
 62
    18
420
        0
176
     1
 90
       50
176
     1
 90
        3
176
     1
 62
     5
420
      255
176
     1
290
     0
176
     1
 90
       50
176
     1
 90
       50
176
     1
 90
       50
176
     1
290
     0
176
     1
 90
       50
176
     1
 62
   256
176
     0
 40
1.0
176
     0
 90
        2
176
     1
  1
strokes_ogs.tif
176
     1
290
     0
176
     1
 40
1.0
176
     1
 40
1.0
176
     1
  0
VISUALSTYLE
  5
5A8
102
{ACAD_REACTORS
330
592
102
}
330
592
100
AcDbVisualStyle
  2
X-Ray
 70
    25
177
     3
291
     0
 70
    58
 90
        2
176
     1
 90
        2
176
     1
 90
        1
176
     1
 90
        1
176
     1
 40
0.5
176
     1
 40
30.0
176
     1
 62
     7
420
 16777215
176
     1
 90
        1
176
     1
 90
        0
176
     1
 62
     7
176
     1
 62
   257
176
     1
 90
        1
176
     1
 90
        1
176
     1
 40
1.0
176
     1
 90
        8
176
     1
 62
     7
176
     1
 40
1.0
176
     1
 90
        1
176
     1
 90
        6
176
     1
 90
        2
176
     1
 62
     7
176
     1
 90
        3
176
     1
 90
        0
176
     1
 90
        0
176
     1
290
     0
176
     1
 90
       13
176
     1
 40
0.0
176
     1
 90
        0
176
     1
290
     0
176
     1
290
     1
176
     1
290
     1
176
     1
290
     0
176
     1
290
     0
176
     1
290
     0
176
     1
290
     0
176
     1
290
     0
176
     1
290
     0
176
     1
 90
       50
176
     1
 40
0.0
176
     1
 40
1.0
176
     1
 90
        0
176
     1
 62
    18
420
        0
176
     1
 90
       50
176
     1
 90
        3
176
     1
 62
     5
420
      255
176
     1
290
     0
176
     1
 90
       50
176
     1
 90
       50
176
     1
 90
       50
176
     1
290
     0
176
     1
 90
       50
176
     1
 62
   256
176
     0
 40
1.0
176
     0
 90
        2
176
     1
  1
strokes_ogs.tif
176
     1
290
     0
176
     1
 40
1.0
176
     1
 40
1.0
176
     1
  0
DICTIONARYVAR
  5
63C
102
{ACAD_REACTORS
330
63B
102
}
330
63B
100
DictionaryVariables
280
     0
  1
1:1
  0
DICTIONARYVAR
  5
641
102
{ACAD_REACTORS
330
63B
102
}
330
63B
100
DictionaryVariables
280
     0
  1
Standard
  0
DICTIONARYVAR
  5
640
102
{ACAD_REACTORS
330
63B
102
}
330
63B
100
DictionaryVariables
280
     0
  1
Standard
  0
XRECORD
  5
5C9
102
{ACAD_REACTORS
330
5C7
102
}
330
5C7
100
AcDbXrecord
280
     1
1000
#ffffff
  0
XRECORD
  5
5CA
102
{ACAD_REACTORS
330
5C7
102
}
330
5C7
100
AcDbXrecord
280
     1
1000
Grayscale
  0
XRECORD
  5
5CB
102
{ACAD_REACTORS
330
5C7
102
}
330
5C7
100
AcDbXrecord
280
     1
290
     0
  0
XRECORD
  5
5CC
102
{ACAD_REACTORS
330
5C7
102
}
330
5C7
100
AcDbXrecord
280
     1
290
     1
  0
XRECORD
  5
5CD
102
{ACAD_REACTORS
330
5C7
102
}
330
5C7
100
AcDbXrecord
280
     1
290
     1
  0
XRECORD
  5
5CE
102
{ACAD_REACTORS
330
5C7
102
}
330
5C7
100
AcDbXrecord
280
     1
290
     1
  0
XRECORD
  5
5CF
102
{ACAD_REACTORS
330
5C7
102
}
330
5C7
100
AcDbXrecord
280
     1
1000
auto
  0
XRECORD
  5
5D0
102
{ACAD_REACTORS
330
5C7
102
}
330
5C7
100
AcDbXrecord
280
     1
1000
auto
  0
XRECORD
  5
5D1
102
{ACAD_REACTORS
330
5C7
102
}
330
5C7
100
AcDbXrecord
280
     1
1000
auto
  0
XRECORD
  5
5D2
102
{ACAD_REACTORS
330
5C7
102
}
330
5C7
100
AcDbXrecord
280
     1
1000
auto
  0
XRECORD
  5
5D3
102
{ACAD_REACTORS
330
5C7
102
}
330
5C7
100
AcDbXrecord
280
     1
1000
auto
  0
XRECORD
  5
5D4
102
{ACAD_REACTORS
330
5C7
102
}
330
5C7
100
AcDbXrecord
280
     1
1000
auto
  0
XRECORD
  5
5D5
102
{ACAD_REACTORS
330
5C7
102
}
330
5C7
100
AcDbXrecord
280
     1
1000
auto
  0
XRECORD
  5
5D6
102
{ACAD_REACTORS
330
5C7
102
}
330
5C7
100
AcDbXrecord
280
     1
1000
auto
  0
XRECORD
  5
5D7
102
{ACAD_REACTORS
330
5C7
102
}
330
5C7
100
AcDbXrecord
280
     1
290
     0
  0
XRECORD
  5
5D8
102
{ACAD_REACTORS
330
5C7
102
}
330
5C7
100
AcDbXrecord
280
     1
290
     0
  0
XRECORD
  5
5D9
102
{ACAD_REACTORS
330
5C7
102
}
330
5C7
100
AcDbXrecord
280
     1
290
     0
  0
XRECORD
  5
5DA
102
{ACAD_REACTORS
330
5C7
102
}
330
5C7
100
AcDbXrecord
280
     1
290
     0
  0
XRECORD
  5
5DB
102
{ACAD_REACTORS
330
5C7
102
}
330
5C7
100
AcDbXrecord
280
     1
 90
    65537
  0
XRECORD
  5
5DC
102
{ACAD_REACTORS
330
5C7
102
}
330
5C7
100
AcDbXrecord
280
     1
 90
    65537
  0
XRECORD
  5
5DD
102
{ACAD_REACTORS
330
5C7
102
}
330
5C7
100
AcDbXrecord
280
     1
 90
    65537
  0
XRECORD
  5
5DE
102
{ACAD_REACTORS
330
5C7
102
}
330
5C7
100
AcDbXrecord
280
     1
 90
    65537
  0
XRECORD
  5
5DF
102
{ACAD_REACTORS
330
5C7
102
}
330
5C7
100
AcDbXrecord
280
     1
1000
auto
  0
XRECORD
  5
5E0
102
{ACAD_REACTORS
330
5C7
102
}
330
5C7
100
AcDbXrecord
280
     1
1000
auto
  0
XRECORD
  5
5E1
102
{ACAD_REACTORS
330
5C7
102
}
330
5C7
100
AcDbXrecord
280
     1
1000
auto
  0
XRECORD
  5
5E2
102
{ACAD_REACTORS
330
5C7
102
}
330
5C7
100
AcDbXrecord
280
     1
1000
auto
  0
XRECORD
  5
5E3
102
{ACAD_REACTORS
330
5C7
102
}
330
5C7
100
AcDbXrecord
280
     1
1000
auto
  0
XRECORD
  5
5E4
102
{ACAD_REACTORS
330
5C7
102
}
330
5C7
100
AcDbXrecord
280
     1
1000
auto
  0
XRECORD
  5
5E5
102
{ACAD_REACTORS
330
5C7
102
}
330
5C7
100
AcDbXrecord
280
     1
1000
auto
  0
XRECORD
  5
5E6
102
{ACAD_REACTORS
330
5C7
102
}
330
5C7
100
AcDbXrecord
280
     1
1000
auto
  0
XRECORD
  5
5E7
102
{ACAD_REACTORS
330
5C7
102
}
330
5C7
100
AcDbXrecord
280
     1
 90
        1
  0
XRECORD
  5
5E8
102
{ACAD_REACTORS
330
5C7
102
}
330
5C7
100
AcDbXrecord
280
     1
 40
10.0
  0
XRECORD
  5
5E9
102
{ACAD_REACTORS
330
5C7
102
}
330
5C7
100
AcDbXrecord
280
     1
 40
10.0
  0
XRECORD
  5
5EA
102
{ACAD_REACTORS
330
5C7
102
}
330
5C7
100
AcDbXrecord
280
     1
 40
10.0
  0
XRECORD
  5
5EB
102
{ACAD_REACTORS
330
5C7
102
}
330
5C7
100
AcDbXrecord
280
     1
 40
10.0
  0
XRECORD
  5
5EC
102
{ACAD_REACTORS
330
5C7
102
}
330
5C7
100
AcDbXrecord
280
     1
290
     0
  0
XRECORD
  5
5ED
102
{ACAD_REACTORS
330
5C7
102
}
330
5C7
100
AcDbXrecord
280
     1
 90
        1
  0
XRECORD
  5
5EE
102
{ACAD_REACTORS
330
5C7
102
}
330
5C7
100
AcDbXrecord
280
     1
 40
-127.7350877192983
  0
XRECORD
  5
5EF
102
{ACAD_REACTORS
330
5C7
102
}
330
5C7
100
AcDbXrecord
280
     1
 40
-107.95
  0
XRECORD
  5
5F0
102
{ACAD_REACTORS
330
5C7
102
}
330
5C7
100
AcDbXrecord
280
     1
1000
Landscape
  0
XRECORD
  5
5F1
102
{ACAD_REACTORS
330
5C7
102
}
330
5C7
100
AcDbXrecord
280
     1
 40
279.4
  0
XRECORD
  5
5F2
102
{ACAD_REACTORS
330
5C7
102
}
330
5C7
100
AcDbXrecord
280
     1
1000
ANSI A (Letter)
  0
XRECORD
  5
5F3
102
{ACAD_REACTORS
330
5C7
102
}
330
5C7
100
AcDbXrecord
280
     1
 40
215.9
  0
XRECORD
  5
5F4
102
{ACAD_REACTORS
330
5C7
102
}
330
5C7
100
AcDbXrecord
280
     1
1000
0.5
  0
XRECORD
  5
5F5
102
{ACAD_REACTORS
330
5C7
102
}
330
5C7
100
AcDbXrecord
280
     1
290
     1
  0
XRECORD
  5
5F6
102
{ACAD_REACTORS
330
5C7
102
}
330
5C7
100
AcDbXrecord
280
     1
1000
1:1
  0
XRECORD
  5
5F7
102
{ACAD_REACTORS
330
5C7
102
}
330
5C7
100
AcDbXrecord
280
     1
290
     1
  0
XRECORD
  5
5F8
102
{ACAD_REACTORS
330
5C7
102
}
330
5C7
100
AcDbXrecord
280
     1
290
     0
  0
XRECORD
  5
5F9
102
{ACAD_REACTORS
330
5C7
102
}
330
5C7
100
AcDbXrecord
280
     1
1000
Inside
  0
XRECORD
  5
5FA
102
{ACAD_REACTORS
330
5C7
102
}
330
5C7
100
AcDbXrecord
280
     1
1000
Arial,10,-1,5,50,0,0,0,0,0
  0
XRECORD
  5
5FB
102
{ACAD_REACTORS
330
5C7
102
}
330
5C7
100
AcDbXrecord
280
     1
1000
TopLeft
  0
XRECORD
  5
5FC
102
{ACAD_REACTORS
330
5C7
102
}
330
5C7
100
AcDbXrecord
280
     1
1000
3.28.2
  0
XRECORD
  5
5FD
102
{ACAD_REACTORS
330
5C7
102
}
330
5C7
100
AcDbXrecord
280
     1
 90
        1
  0
XRECORD
  5
5FE
102
{ACAD_REACTORS
330
5C7
102
}
330
5C7
100
AcDbXrecord
280
     1
 90
        4
  0
XRECORD
  5
5FF
102
{ACAD_REACTORS
330
5C7
102
}
330
5C7
100
AcDbXrecord
280
     1
  0
XRECORD
  5
600
102
{ACAD_REACTORS
330
5C7
102
}
330
5C7
100
AcDbXrecord
280
     1
 40
220.8976851851852
  0
XRECORD
  5
601
102
{ACAD_REACTORS
330
5C7
102
}
330
5C7
100
AcDbXrecord
280
     1
 40
365.8305555555555
  0
DICTIONARY
  5
63D
330
5C2
100
AcDbDictionary
280
     1
281
     1
  3
ACAD_ROUNDTRIP_2008_TABLESTYLE_CELLSTYLEMAP
360
63E
  0
CELLSTYLEMAP
  5
63E
102
{ACAD_REACTORS
330
63D
102
}
330
63D
100
AcDbCellStyleMap
 90
        3
300
CELLSTYLE
  1
TABLEFORMAT_BEGIN
 90
        5
170
     1
 91
        0
 92
    32768
 62
   257
 93
        1
300
CONTENTFORMAT
  1
CONTENTFORMAT_BEGIN
 90
        0
 91
        0
 92
        4
 93
        0
300

 40
0.0
140
1.0
 94
        5
 62
     0
340
57A
144
0.25
309
CONTENTFORMAT_END
171
     1
301
MARGIN
  1
CELLMARGIN_BEGIN
 40
0.06
 40
0.06
 40
0.06
 40
0.06
 40
0.06
 40
0.06
309
CELLMARGIN_END
 94
        6
 95
        1
302
GRIDFORMAT
  1
GRIDFORMAT_BEGIN
 90
        0
 91
        1
 62
     0
 92
       -2
340
57C
 93
        0
 40
0.045
309
GRIDFORMAT_END
 95
        2
302
GRIDFORMAT
  1
GRIDFORMAT_BEGIN
 90
        0
 91
        1
 62
     0
 92
       -2
340
57C
 93
        0
 40
0.045
309
GRIDFORMAT_END
 95
        4
302
GRIDFORMAT
  1
GRIDFORMAT_BEGIN
 90
        0
 91
        1
 62
     0
 92
       -2
340
57C
 93
        0
 40
0.045
309
GRIDFORMAT_END
 95
        8
302
GRIDFORMAT
  1
GRIDFORMAT_BEGIN
 90
        0
 91
        1
 62
     0
 92
       -2
340
57C
 93
        0
 40
0.045
309
GRIDFORMAT_END
 95
       16
302
GRIDFORMAT
  1
GRIDFORMAT_BEGIN
 90
        0
 91
        1
 62
     0
 92
       -2
340
57C
 93
        0
 40
0.045
309
GRIDFORMAT_END
 95
       32
302
GRIDFORMAT
  1
GRIDFORMAT_BEGIN
 90
        0
 91
        1
 62
     0
 92
       -2
340
57C
 93
        0
 40
0.045
309
GRIDFORMAT_END
309
TABLEFORMAT_END
  1
CELLSTYLE_BEGIN
 90
        1
 91
        1
300
_TITLE
309
CELLSTYLE_END
300
CELLSTYLE
  1
TABLEFORMAT_BEGIN
 90
        5
170
     1
 91
        0
 92
        0
 62
   257
 93
        1
300
CONTENTFORMAT
  1
CONTENTFORMAT_BEGIN
 90
        0
 91
        0
 92
        4
 93
        0
300

 40
0.0
140
1.0
 94
        5
 62
     0
340
57A
144
0.18
309
CONTENTFORMAT_END
171
     1
301
MARGIN
  1
CELLMARGIN_BEGIN
 40
0.06
 40
0.06
 40
0.06
 40
0.06
 40
0.06
 40
0.06
309
CELLMARGIN_END
 94
        6
 95
        1
302
GRIDFORMAT
  1
GRIDFORMAT_BEGIN
 90
        0
 91
        1
 62
     0
 92
       -2
340
57C
 93
        0
 40
0.045
309
GRIDFORMAT_END
 95
        2
302
GRIDFORMAT
  1
GRIDFORMAT_BEGIN
 90
        0
 91
        1
 62
     0
 92
       -2
340
57C
 93
        0
 40
0.045
309
GRIDFORMAT_END
 95
        4
302
GRIDFORMAT
  1
GRIDFORMAT_BEGIN
 90
        0
 91
        1
 62
     0
 92
       -2
340
57C
 93
        0
 40
0.045
309
GRIDFORMAT_END
 95
        8
302
GRIDFORMAT
  1
GRIDFORMAT_BEGIN
 90
        0
 91
        1
 62
     0
 92
       -2
340
57C
 93
        0
 40
0.045
309
GRIDFORMAT_END
 95
       16
302
GRIDFORMAT
  1
GRIDFORMAT_BEGIN
 90
        0
 91
        1
 62
     0
 92
       -2
340
57C
 93
        0
 40
0.045
309
GRIDFORMAT_END
 95
       32
302
GRIDFORMAT
  1
GRIDFORMAT_BEGIN
 90
        0
 91
        1
 62
     0
 92
       -2
340
57C
 93
        0
 40
0.045
309
GRIDFORMAT_END
309
TABLEFORMAT_END
  1
CELLSTYLE_BEGIN
 90
        2
 91
        1
300
_HEADER
309
CELLSTYLE_END
300
CELLSTYLE
  1
TABLEFORMAT_BEGIN
 90
        5
170
     1
 91
        0
 92
        0
 62
   257
 93
        1
300
CONTENTFORMAT
  1
CONTENTFORMAT_BEGIN
 90
        0
 91
        0
 92
        4
 93
        0
300

 40
0.0
140
1.0
 94
        2
 62
     0
340
57A
144
0.18
309
CONTENTFORMAT_END
171
     1
301
MARGIN
  1
CELLMARGIN_BEGIN
 40
0.06
 40
0.06
 40
0.06
 40
0.06
 40
0.06
 40
0.06
309
CELLMARGIN_END
 94
        6
 95
        1
302
GRIDFORMAT
  1
GRIDFORMAT_BEGIN
 90
        0
 91
        1
 62
     0
 92
       -2
340
57C
 93
        0
 40
0.045
309
GRIDFORMAT_END
 95
        2
302
GRIDFORMAT
  1
GRIDFORMAT_BEGIN
 90
        0
 91
        1
 62
     0
 92
       -2
340
57C
 93
        0
 40
0.045
309
GRIDFORMAT_END
 95
        4
302
GRIDFORMAT
  1
GRIDFORMAT_BEGIN
 90
        0
 91
        1
 62
     0
 92
       -2
340
57C
 93
        0
 40
0.045
309
GRIDFORMAT_END
 95
        8
302
GRIDFORMAT
  1
GRIDFORMAT_BEGIN
 90
        0
 91
        1
 62
     0
 92
       -2
340
57C
 93
        0
 40
0.045
309
GRIDFORMAT_END
 95
       16
302
GRIDFORMAT
  1
GRIDFORMAT_BEGIN
 90
        0
 91
        1
 62
     0
 92
       -2
340
57C
 93
        0
 40
0.045
309
GRIDFORMAT_END
 95
       32
302
GRIDFORMAT
  1
GRIDFORMAT_BEGIN
 90
        0
 91
        1
 62
     0
 92
       -2
340
57C
 93
        0
 40
0.045
309
GRIDFORMAT_END
309
TABLEFORMAT_END
  1
CELLSTYLE_BEGIN
 90
        3
 91
        2
300
_DATA
309
CELLSTYLE_END
  0
ENDSEC
  0
EOF
